,id,NumDots,SubdomainLevel,PathLevel,UrlLength,NumDash,NumDashInHostname,AtSymbol,TildeSymbol,NumUnderscore,NumPercent,NumQueryComponents,NumAmpersand,NumHash,NumNumericChars,NoHttps,RandomString,IpAddress,DomainInSubdomains,DomainInPaths,HttpsInHostname,HostnameLength,PathLength,QueryLength,DoubleSlashInPath,NumSensitiveWords,EmbeddedBrandName,PctExtHyperlinks,PctExtResourceUrls,ExtFavicon,InsecureForms,RelativeFormAction,ExtFormAction,AbnormalFormAction,PctNullSelfRedirectHyperlinks,FrequentDomainNameMismatch,FakeLinkInStatusBar,RightClickDisabled,PopUpWindow,SubmitInfoToEmail,IframeOrFrame,MissingTitle,ImagesOnlyInForm,SubdomainLevelRT,UrlLengthRT,PctExtResourceUrlsRT,AbnormalExtFormActionR,ExtMetaScriptLinkRT,PctExtNullSelfRedirectHyperlinksRT,CLASS_LABEL,predicted_column
0,5265.0,1.0,0.0,3.0,73.0,4.0,0.0,0.0,0.0,0.0,0.0,0.0,0.0,0.0,0.0,1.0,0.0,0.0,0.0,0.0,0.0,12.0,54.0,0.0,0.0,0.0,0.0,0.0810810811,0.1818181818,0.0,1.0,1.0,0.0,0.0,0.1351351351,0.0,0.0,0.0,0.0,0.0,0.0,0.0,0.0,1.0,0.0,0.0,1.0,1.0,1.0,0.0,0.0
1,1997.0,2.0,0.0,3.0,39.0,0.0,0.0,0.0,0.0,0.0,0.0,0.0,0.0,0.0,0.0,1.0,0.0,0.0,0.0,0.0,0.0,20.0,12.0,0.0,0.0,0.0,0.0,0.0,0.0,0.0,1.0,0.0,0.0,0.0,0.0,0.0,0.0,0.0,0.0,0.0,0.0,0.0,0.0,1.0,1.0,1.0,1.0,1.0,1.0,1.0,1.0
2,2282.0,2.0,0.0,2.0,48.0,0.0,0.0,0.0,0.0,0.0,0.0,0.0,0.0,0.0,0.0,1.0,1.0,0.0,0.0,0.0,0.0,27.0,14.0,0.0,0.0,0.0,0.0,0.9230769231,1.0,0.0,1.0,0.0,0.0,0.0,0.0,1.0,0.0,0.0,0.0,0.0,0.0,0.0,0.0,1.0,1.0,1.0,1.0,-1.0,-1.0,1.0,1.0
3,1988.0,2.0,0.0,1.0,37.0,0.0,0.0,0.0,0.0,0.0,0.0,0.0,0.0,0.0,0.0,1.0,0.0,0.0,0.0,0.0,0.0,20.0,10.0,0.0,0.0,0.0,0.0,0.0,0.0,0.0,1.0,1.0,0.0,0.0,0.0,1.0,0.0,0.0,0.0,0.0,0.0,0.0,0.0,1.0,1.0,1.0,1.0,1.0,1.0,1.0,1.0
4,2315.0,3.0,0.0,7.0,86.0,3.0,0.0,0.0,0.0,0.0,0.0,0.0,0.0,0.0,0.0,1.0,0.0,0.0,0.0,1.0,0.0,18.0,61.0,0.0,0.0,0.0,0.0,0.0,0.0,0.0,1.0,0.0,0.0,0.0,1.0,0.0,0.0,0.0,0.0,0.0,1.0,0.0,0.0,1.0,-1.0,1.0,1.0,1.0,-1.0,1.0,1.0
5,1854.0,3.0,0.0,2.0,47.0,1.0,0.0,0.0,0.0,0.0,0.0,0.0,0.0,0.0,0.0,1.0,1.0,0.0,0.0,0.0,0.0,21.0,19.0,0.0,0.0,0.0,0.0,0.0,0.7857142857,0.0,1.0,0.0,0.0,0.0,1.0,1.0,0.0,0.0,0.0,0.0,1.0,0.0,0.0,1.0,1.0,-1.0,1.0,1.0,-1.0,1.0,1.0
6,7592.0,2.0,1.0,4.0,91.0,4.0,0.0,0.0,0.0,0.0,0.0,0.0,0.0,0.0,0.0,1.0,0.0,0.0,0.0,0.0,0.0,30.0,54.0,0.0,0.0,0.0,0.0,0.1351351351,0.3939393939,0.0,1.0,1.0,0.0,1.0,0.1351351351,0.0,0.0,0.0,0.0,0.0,1.0,0.0,0.0,1.0,-1.0,1.0,-1.0,0.0,1.0,0.0,0.0
7,3484.0,2.0,1.0,5.0,50.0,0.0,0.0,0.0,0.0,0.0,0.0,0.0,0.0,0.0,0.0,1.0,0.0,0.0,0.0,1.0,0.0,25.0,18.0,0.0,0.0,0.0,0.0,0.0,0.7857142857,0.0,1.0,0.0,0.0,0.0,1.0,1.0,0.0,0.0,0.0,0.0,1.0,0.0,0.0,1.0,1.0,-1.0,1.0,1.0,-1.0,1.0,1.0
8,7048.0,1.0,0.0,5.0,118.0,10.0,0.0,0.0,0.0,0.0,0.0,0.0,0.0,0.0,8.0,1.0,1.0,0.0,0.0,1.0,0.0,16.0,95.0,0.0,0.0,0.0,0.0,0.2681992337,0.652173913,1.0,0.0,0.0,0.0,0.0,0.0114942529,0.0,0.0,0.0,0.0,0.0,1.0,0.0,0.0,1.0,-1.0,-1.0,1.0,0.0,1.0,0.0,0.0
9,4737.0,3.0,0.0,2.0,57.0,1.0,0.0,0.0,0.0,0.0,1.0,0.0,0.0,0.0,2.0,1.0,1.0,0.0,0.0,0.0,0.0,18.0,32.0,0.0,0.0,0.0,0.0,0.0,0.0714285714,1.0,1.0,0.0,0.0,0.0,1.0,0.0,0.0,0.0,0.0,0.0,1.0,0.0,0.0,1.0,0.0,1.0,1.0,1.0,-1.0,1.0,1.0
10,291.0,3.0,1.0,3.0,91.0,0.0,0.0,0.0,0.0,0.0,0.0,1.0,0.0,0.0,22.0,1.0,1.0,0.0,0.0,0.0,0.0,23.0,25.0,35.0,0.0,0.0,0.0,0.0,0.0,0.0,1.0,0.0,0.0,0.0,0.0,0.0,0.0,0.0,0.0,0.0,0.0,0.0,0.0,1.0,-1.0,1.0,1.0,1.0,1.0,1.0,1.0
11,2772.0,2.0,0.0,6.0,126.0,0.0,0.0,0.0,0.0,1.0,0.0,0.0,0.0,0.0,18.0,1.0,1.0,0.0,0.0,1.0,0.0,28.0,91.0,0.0,0.0,0.0,0.0,0.8823529412,0.9487179487,0.0,1.0,1.0,0.0,0.0,0.0117647059,1.0,0.0,0.0,0.0,0.0,0.0,0.0,0.0,1.0,-1.0,-1.0,1.0,-1.0,-1.0,1.0,1.0
12,2704.0,2.0,0.0,5.0,59.0,1.0,0.0,0.0,0.0,0.0,0.0,0.0,0.0,0.0,0.0,1.0,1.0,0.0,0.0,1.0,0.0,8.0,44.0,0.0,0.0,0.0,1.0,1.0,1.0,0.0,1.0,0.0,0.0,0.0,0.0,1.0,0.0,0.0,0.0,0.0,0.0,0.0,0.0,1.0,0.0,-1.0,1.0,-1.0,-1.0,1.0,1.0
13,7337.0,1.0,0.0,6.0,94.0,9.0,1.0,0.0,0.0,0.0,0.0,0.0,0.0,0.0,10.0,1.0,1.0,0.0,0.0,1.0,0.0,16.0,71.0,0.0,0.0,0.0,0.0,0.3098591549,0.5714285714,0.0,1.0,0.0,1.0,0.0,0.0,0.0,0.0,0.0,0.0,0.0,1.0,0.0,0.0,1.0,-1.0,-1.0,0.0,0.0,1.0,0.0,0.0
14,914.0,4.0,0.0,3.0,176.0,0.0,0.0,0.0,0.0,3.0,0.0,10.0,6.0,0.0,46.0,1.0,0.0,1.0,0.0,0.0,0.0,12.0,22.0,134.0,0.0,1.0,0.0,0.375,0.0,0.0,1.0,0.0,0.0,0.0,0.0,1.0,0.0,0.0,0.0,0.0,0.0,0.0,0.0,1.0,-1.0,1.0,1.0,0.0,0.0,1.0,1.0
15,2514.0,2.0,0.0,1.0,30.0,0.0,0.0,0.0,0.0,0.0,0.0,0.0,0.0,0.0,0.0,1.0,1.0,0.0,0.0,0.0,0.0,11.0,12.0,0.0,0.0,1.0,0.0,0.9230769231,1.0,0.0,1.0,0.0,0.0,0.0,0.0,1.0,0.0,0.0,0.0,0.0,0.0,0.0,0.0,1.0,1.0,1.0,1.0,-1.0,-1.0,1.0,1.0
16,359.0,2.0,0.0,2.0,34.0,0.0,0.0,0.0,0.0,0.0,0.0,0.0,0.0,0.0,0.0,1.0,1.0,0.0,0.0,0.0,0.0,10.0,17.0,0.0,0.0,0.0,0.0,1.0,1.0,0.0,1.0,0.0,0.0,0.0,0.0,1.0,0.0,0.0,0.0,0.0,0.0,0.0,0.0,1.0,1.0,-1.0,1.0,-1.0,-1.0,1.0,1.0
17,3384.0,3.0,1.0,1.0,37.0,0.0,0.0,0.0,0.0,0.0,0.0,0.0,0.0,0.0,1.0,1.0,1.0,0.0,0.0,0.0,0.0,19.0,11.0,0.0,0.0,1.0,0.0,0.0,0.0,0.0,1.0,0.0,0.0,0.0,1.0,0.0,0.0,0.0,0.0,0.0,0.0,0.0,0.0,1.0,1.0,1.0,1.0,1.0,-1.0,1.0,1.0
18,7686.0,3.0,1.0,2.0,125.0,0.0,0.0,0.0,0.0,1.0,8.0,1.0,0.0,0.0,8.0,1.0,0.0,0.0,0.0,1.0,0.0,17.0,18.0,82.0,0.0,1.0,0.0,0.0084745763,0.0322580645,0.0,1.0,0.0,0.0,0.0,0.0,0.0,0.0,0.0,0.0,0.0,0.0,0.0,0.0,1.0,-1.0,1.0,1.0,1.0,1.0,0.0,0.0
19,6798.0,1.0,0.0,5.0,134.0,8.0,0.0,0.0,0.0,0.0,0.0,0.0,0.0,0.0,0.0,1.0,1.0,0.0,0.0,1.0,0.0,31.0,96.0,0.0,0.0,0.0,0.0,0.0987654321,0.1395348837,0.0,1.0,0.0,0.0,0.0,0.0617283951,0.0,0.0,0.0,0.0,0.0,1.0,0.0,0.0,1.0,-1.0,1.0,1.0,0.0,1.0,0.0,0.0
20,4678.0,3.0,0.0,3.0,58.0,0.0,0.0,0.0,0.0,0.0,0.0,0.0,0.0,0.0,0.0,1.0,0.0,0.0,0.0,1.0,0.0,24.0,27.0,0.0,0.0,0.0,0.0,0.0,0.0,0.0,1.0,1.0,0.0,0.0,0.0,0.0,0.0,0.0,0.0,0.0,0.0,1.0,0.0,1.0,0.0,1.0,1.0,1.0,1.0,1.0,1.0
21,7871.0,1.0,0.0,3.0,84.0,11.0,0.0,0.0,0.0,0.0,0.0,0.0,0.0,0.0,9.0,1.0,1.0,0.0,0.0,1.0,0.0,9.0,68.0,0.0,0.0,0.0,0.0,0.0952380952,0.2553191489,0.0,1.0,0.0,1.0,0.0,0.0529100529,0.0,0.0,0.0,0.0,0.0,0.0,0.0,0.0,1.0,-1.0,1.0,0.0,0.0,1.0,0.0,0.0
22,6031.0,2.0,0.0,1.0,57.0,3.0,0.0,0.0,0.0,0.0,0.0,0.0,0.0,0.0,4.0,1.0,1.0,0.0,0.0,1.0,0.0,19.0,31.0,0.0,0.0,0.0,0.0,0.0789473684,0.8421052632,0.0,0.0,0.0,0.0,0.0,0.0263157895,0.0,0.0,0.0,0.0,0.0,0.0,0.0,0.0,1.0,0.0,-1.0,1.0,0.0,1.0,0.0,0.0
23,6129.0,3.0,1.0,2.0,65.0,0.0,0.0,0.0,0.0,0.0,0.0,2.0,1.0,0.0,6.0,1.0,1.0,0.0,0.0,1.0,0.0,18.0,21.0,18.0,0.0,0.0,0.0,0.0379746835,0.0476190476,0.0,1.0,0.0,0.0,0.0,0.0,0.0,0.0,0.0,0.0,0.0,1.0,0.0,0.0,1.0,0.0,1.0,1.0,1.0,1.0,0.0,0.0
24,9667.0,3.0,1.0,1.0,59.0,3.0,0.0,0.0,0.0,0.0,0.0,2.0,1.0,0.0,10.0,1.0,1.0,0.0,0.0,0.0,0.0,13.0,24.0,14.0,0.0,0.0,0.0,0.0505050505,0.6470588235,0.0,1.0,1.0,0.0,1.0,0.0,0.0,0.0,0.0,0.0,0.0,1.0,0.0,0.0,1.0,0.0,-1.0,-1.0,0.0,1.0,0.0,0.0
25,6961.0,3.0,1.0,1.0,159.0,0.0,0.0,0.0,0.0,1.0,0.0,7.0,6.0,0.0,26.0,1.0,0.0,0.0,0.0,0.0,0.0,19.0,15.0,117.0,0.0,0.0,0.0,0.0384615385,0.137254902,0.0,1.0,0.0,0.0,0.0,0.0,0.0,1.0,0.0,0.0,1.0,1.0,0.0,0.0,1.0,-1.0,1.0,1.0,0.0,1.0,0.0,0.0
26,5284.0,1.0,0.0,5.0,123.0,6.0,0.0,0.0,0.0,2.0,0.0,3.0,2.0,0.0,17.0,1.0,1.0,0.0,0.0,1.0,0.0,21.0,50.0,44.0,0.0,0.0,0.0,0.5696202532,1.0,1.0,1.0,1.0,0.0,0.0,0.0,0.0,0.0,0.0,0.0,0.0,1.0,0.0,0.0,1.0,-1.0,-1.0,1.0,0.0,0.0,0.0,0.0
27,8841.0,1.0,0.0,0.0,49.0,0.0,0.0,0.0,0.0,3.0,0.0,1.0,0.0,0.0,0.0,1.0,0.0,0.0,0.0,0.0,0.0,16.0,1.0,24.0,0.0,0.0,0.0,0.1875,0.1666666667,0.0,0.0,0.0,0.0,0.0,0.0,0.0,0.0,0.0,0.0,1.0,0.0,0.0,0.0,1.0,1.0,1.0,1.0,1.0,1.0,0.0,0.0
28,7725.0,1.0,0.0,3.0,61.0,0.0,0.0,0.0,0.0,0.0,0.0,1.0,0.0,0.0,0.0,1.0,0.0,0.0,0.0,1.0,0.0,21.0,23.0,9.0,0.0,0.0,0.0,0.1111111111,0.9827586207,0.0,1.0,0.0,0.0,0.0,0.0,0.0,0.0,0.0,0.0,0.0,1.0,0.0,0.0,1.0,0.0,-1.0,1.0,0.0,1.0,0.0,0.0
29,6107.0,3.0,1.0,3.0,77.0,5.0,0.0,0.0,0.0,0.0,0.0,0.0,0.0,0.0,7.0,1.0,1.0,0.0,0.0,1.0,0.0,22.0,48.0,0.0,0.0,0.0,0.0,0.0568561873,0.0980392157,0.0,0.0,0.0,0.0,0.0,0.0,0.0,0.0,0.0,0.0,0.0,0.0,0.0,0.0,1.0,-1.0,1.0,1.0,0.0,1.0,0.0,0.0
30,2694.0,4.0,0.0,3.0,63.0,1.0,0.0,0.0,0.0,0.0,0.0,0.0,0.0,0.0,3.0,1.0,1.0,0.0,0.0,1.0,0.0,22.0,34.0,0.0,0.0,0.0,1.0,1.0,0.9166666667,1.0,1.0,1.0,0.0,0.0,0.0,1.0,0.0,0.0,0.0,0.0,1.0,0.0,0.0,1.0,0.0,-1.0,1.0,-1.0,-1.0,1.0,1.0
31,1250.0,2.0,0.0,3.0,43.0,0.0,0.0,0.0,0.0,0.0,0.0,0.0,0.0,0.0,0.0,1.0,0.0,0.0,0.0,0.0,0.0,14.0,22.0,0.0,0.0,0.0,0.0,1.0,0.0,0.0,1.0,0.0,0.0,0.0,0.0,0.0,0.0,0.0,0.0,0.0,0.0,0.0,0.0,1.0,1.0,1.0,1.0,1.0,-1.0,1.0,1.0
32,8737.0,1.0,0.0,5.0,55.0,2.0,0.0,0.0,0.0,0.0,0.0,0.0,0.0,0.0,1.0,1.0,0.0,0.0,0.0,1.0,0.0,11.0,37.0,0.0,0.0,0.0,0.0,0.0083333333,0.0357142857,0.0,1.0,0.0,0.0,0.0,0.0,0.0,0.0,0.0,0.0,0.0,0.0,0.0,0.0,1.0,0.0,1.0,1.0,1.0,1.0,0.0,0.0
33,8181.0,3.0,1.0,2.0,118.0,6.0,0.0,0.0,0.0,0.0,0.0,3.0,2.0,0.0,5.0,1.0,0.0,0.0,0.0,0.0,0.0,29.0,16.0,65.0,0.0,0.0,0.0,0.1627906977,0.9411764706,0.0,1.0,1.0,0.0,0.0,0.0,0.0,0.0,0.0,0.0,0.0,0.0,0.0,0.0,1.0,-1.0,-1.0,1.0,-1.0,1.0,0.0,0.0
34,6045.0,2.0,1.0,3.0,84.0,3.0,0.0,0.0,0.0,0.0,0.0,1.0,0.0,0.0,0.0,1.0,0.0,0.0,0.0,1.0,0.0,24.0,38.0,14.0,0.0,0.0,0.0,0.1784037559,0.9677419355,1.0,1.0,0.0,0.0,0.0,0.0046948357,0.0,0.0,0.0,0.0,1.0,1.0,0.0,0.0,1.0,-1.0,-1.0,1.0,-1.0,1.0,0.0,0.0
35,4340.0,3.0,1.0,6.0,76.0,1.0,0.0,0.0,0.0,0.0,0.0,0.0,0.0,0.0,1.0,1.0,0.0,0.0,0.0,1.0,0.0,25.0,44.0,0.0,0.0,0.0,1.0,1.0,1.0,0.0,1.0,0.0,0.0,0.0,0.0,1.0,0.0,0.0,0.0,0.0,1.0,0.0,0.0,1.0,-1.0,-1.0,1.0,-1.0,-1.0,1.0,1.0
36,5869.0,4.0,1.0,4.0,108.0,7.0,1.0,0.0,0.0,1.0,0.0,0.0,0.0,0.0,0.0,1.0,0.0,0.0,1.0,1.0,0.0,14.0,87.0,0.0,0.0,0.0,0.0,0.0,1.0,0.0,0.0,0.0,0.0,0.0,0.0,1.0,0.0,0.0,0.0,0.0,0.0,1.0,0.0,1.0,-1.0,1.0,1.0,-1.0,1.0,0.0,0.0
37,1804.0,1.0,0.0,3.0,61.0,0.0,0.0,0.0,0.0,0.0,0.0,0.0,0.0,0.0,19.0,1.0,1.0,0.0,0.0,0.0,0.0,16.0,38.0,0.0,0.0,0.0,0.0,0.0,0.0,0.0,1.0,0.0,0.0,0.0,0.0,0.0,0.0,0.0,0.0,0.0,0.0,0.0,0.0,1.0,0.0,1.0,1.0,1.0,1.0,1.0,1.0
38,6939.0,2.0,1.0,4.0,72.0,0.0,0.0,0.0,0.0,2.0,0.0,1.0,0.0,0.0,7.0,1.0,1.0,0.0,0.0,0.0,0.0,25.0,31.0,8.0,0.0,0.0,0.0,0.2608695652,0.4285714286,0.0,1.0,0.0,0.0,0.0,0.0,0.0,0.0,0.0,0.0,1.0,1.0,0.0,0.0,1.0,0.0,0.0,1.0,0.0,1.0,0.0,0.0
39,9750.0,2.0,1.0,2.0,33.0,0.0,0.0,0.0,0.0,0.0,0.0,0.0,0.0,0.0,0.0,1.0,1.0,0.0,0.0,0.0,0.0,12.0,14.0,0.0,0.0,0.0,0.0,0.0482758621,0.4,0.0,1.0,0.0,0.0,0.0,0.0896551724,0.0,0.0,0.0,0.0,0.0,0.0,0.0,0.0,1.0,1.0,1.0,1.0,0.0,1.0,0.0,0.0
40,7414.0,2.0,0.0,3.0,61.0,1.0,0.0,0.0,0.0,0.0,0.0,0.0,0.0,0.0,6.0,1.0,1.0,0.0,0.0,0.0,0.0,18.0,36.0,0.0,0.0,0.0,0.0,0.0434782609,0.2222222222,0.0,1.0,1.0,0.0,1.0,0.049689441,0.0,0.0,0.0,0.0,0.0,0.0,0.0,0.0,1.0,0.0,1.0,-1.0,0.0,1.0,0.0,0.0
41,9993.0,3.0,1.0,2.0,49.0,0.0,0.0,0.0,0.0,0.0,0.0,0.0,0.0,0.0,1.0,1.0,1.0,0.0,0.0,0.0,0.0,19.0,23.0,0.0,0.0,0.0,0.0,0.1428571429,0.4545454545,0.0,0.0,0.0,0.0,0.0,0.0,0.0,0.0,0.0,0.0,0.0,0.0,0.0,0.0,1.0,1.0,1.0,1.0,0.0,1.0,0.0,0.0
42,2069.0,1.0,0.0,6.0,102.0,3.0,0.0,0.0,0.0,0.0,0.0,0.0,0.0,0.0,27.0,1.0,1.0,0.0,0.0,1.0,0.0,22.0,73.0,0.0,0.0,0.0,0.0,0.0,0.7857142857,0.0,1.0,0.0,0.0,0.0,1.0,1.0,0.0,0.0,0.0,0.0,1.0,0.0,0.0,1.0,-1.0,-1.0,1.0,1.0,-1.0,1.0,1.0
43,2903.0,2.0,0.0,4.0,62.0,1.0,0.0,0.0,0.0,0.0,0.0,0.0,0.0,0.0,0.0,1.0,1.0,0.0,0.0,0.0,0.0,16.0,39.0,0.0,0.0,0.0,0.0,0.5,0.0,0.0,1.0,0.0,0.0,0.0,0.5,0.0,0.0,0.0,0.0,0.0,1.0,0.0,0.0,1.0,0.0,1.0,1.0,1.0,-1.0,1.0,1.0
44,5598.0,5.0,2.0,4.0,196.0,2.0,0.0,0.0,0.0,0.0,2.0,8.0,0.0,0.0,53.0,1.0,0.0,0.0,0.0,0.0,0.0,24.0,30.0,134.0,0.0,0.0,0.0,0.0,0.0857142857,0.0,0.0,0.0,0.0,0.0,0.0,0.0,0.0,0.0,0.0,0.0,1.0,0.0,0.0,0.0,-1.0,1.0,1.0,0.0,1.0,0.0,0.0
45,3543.0,2.0,1.0,5.0,51.0,0.0,0.0,0.0,0.0,0.0,0.0,0.0,0.0,0.0,0.0,1.0,1.0,0.0,0.0,0.0,0.0,21.0,23.0,0.0,0.0,0.0,0.0,0.0,0.0,0.0,1.0,0.0,0.0,0.0,0.0,0.0,0.0,0.0,0.0,0.0,0.0,0.0,0.0,1.0,1.0,1.0,1.0,1.0,1.0,1.0,1.0
46,3557.0,3.0,1.0,5.0,64.0,1.0,0.0,0.0,0.0,0.0,0.0,0.0,0.0,0.0,0.0,1.0,1.0,0.0,0.0,0.0,0.0,24.0,33.0,0.0,0.0,0.0,0.0,0.0,0.0,0.0,1.0,0.0,0.0,0.0,0.0,0.0,0.0,0.0,0.0,0.0,0.0,0.0,0.0,1.0,0.0,1.0,1.0,1.0,1.0,1.0,1.0
47,6558.0,1.0,0.0,5.0,70.0,6.0,0.0,0.0,0.0,0.0,0.0,0.0,0.0,0.0,4.0,1.0,1.0,0.0,0.0,1.0,0.0,13.0,50.0,0.0,0.0,0.0,0.0,0.12,0.1025641026,0.0,1.0,0.0,0.0,0.0,0.0133333333,0.0,0.0,0.0,0.0,0.0,1.0,0.0,0.0,1.0,0.0,1.0,1.0,0.0,1.0,0.0,0.0
48,8971.0,1.0,0.0,2.0,49.0,0.0,0.0,0.0,0.0,0.0,1.0,1.0,0.0,0.0,2.0,1.0,1.0,0.0,0.0,0.0,0.0,14.0,9.0,18.0,0.0,0.0,0.0,0.0,0.1052631579,0.0,1.0,1.0,0.0,0.0,0.0,0.0,0.0,0.0,0.0,0.0,0.0,0.0,0.0,1.0,1.0,0.0,1.0,1.0,1.0,0.0,0.0
49,9755.0,3.0,1.0,4.0,51.0,0.0,0.0,0.0,0.0,0.0,0.0,0.0,0.0,0.0,4.0,1.0,1.0,0.0,0.0,1.0,0.0,21.0,23.0,0.0,0.0,0.0,0.0,0.0253164557,0.8461538462,0.0,0.0,0.0,0.0,0.0,0.0632911392,0.0,0.0,0.0,0.0,1.0,1.0,0.0,0.0,1.0,1.0,-1.0,1.0,-1.0,1.0,0.0,0.0
50,2557.0,3.0,0.0,4.0,66.0,0.0,0.0,0.0,0.0,0.0,0.0,0.0,0.0,0.0,0.0,1.0,1.0,0.0,0.0,1.0,0.0,18.0,41.0,0.0,0.0,0.0,0.0,0.0,0.0,0.0,1.0,0.0,0.0,0.0,0.0,0.0,0.0,0.0,0.0,0.0,0.0,0.0,0.0,1.0,0.0,1.0,1.0,1.0,1.0,1.0,1.0
51,8362.0,2.0,1.0,2.0,43.0,1.0,0.0,0.0,0.0,0.0,0.0,0.0,0.0,0.0,0.0,1.0,0.0,0.0,0.0,0.0,0.0,19.0,17.0,0.0,0.0,0.0,0.0,0.1879699248,0.5882352941,0.0,1.0,0.0,0.0,0.0,0.007518797,0.0,0.0,0.0,0.0,0.0,1.0,0.0,0.0,1.0,1.0,-1.0,1.0,0.0,1.0,0.0,0.0
52,4150.0,2.0,0.0,3.0,44.0,0.0,0.0,0.0,0.0,0.0,0.0,0.0,0.0,0.0,0.0,1.0,0.0,0.0,0.0,0.0,0.0,19.0,18.0,0.0,0.0,1.0,0.0,0.0,1.0,0.0,1.0,0.0,0.0,0.0,0.0,0.0,0.0,0.0,0.0,0.0,0.0,0.0,0.0,1.0,1.0,-1.0,1.0,-1.0,1.0,1.0,1.0
53,4332.0,2.0,0.0,3.0,58.0,1.0,1.0,0.0,0.0,0.0,0.0,0.0,0.0,0.0,0.0,1.0,1.0,0.0,0.0,1.0,0.0,23.0,28.0,0.0,0.0,0.0,0.0,0.0,1.0,1.0,1.0,0.0,0.0,0.0,1.0,1.0,0.0,0.0,0.0,0.0,0.0,0.0,0.0,1.0,0.0,-1.0,1.0,-1.0,-1.0,1.0,1.0
54,3683.0,1.0,0.0,4.0,59.0,0.0,0.0,0.0,0.0,0.0,0.0,0.0,0.0,0.0,9.0,1.0,1.0,0.0,0.0,1.0,0.0,18.0,34.0,0.0,0.0,0.0,0.0,0.0,0.0,0.0,1.0,0.0,0.0,0.0,1.0,0.0,0.0,0.0,0.0,0.0,0.0,0.0,0.0,1.0,0.0,1.0,1.0,1.0,-1.0,1.0,1.0
55,683.0,2.0,0.0,2.0,52.0,0.0,0.0,0.0,0.0,0.0,0.0,0.0,0.0,0.0,0.0,1.0,0.0,0.0,0.0,0.0,0.0,25.0,20.0,0.0,0.0,0.0,0.0,0.9230769231,1.0,0.0,1.0,0.0,0.0,0.0,0.0,1.0,0.0,0.0,0.0,0.0,0.0,0.0,0.0,1.0,1.0,1.0,1.0,-1.0,-1.0,1.0,1.0
56,9893.0,2.0,1.0,0.0,32.0,0.0,0.0,0.0,0.0,0.0,0.0,1.0,0.0,0.0,6.0,1.0,0.0,0.0,0.0,0.0,0.0,14.0,1.0,9.0,0.0,0.0,0.0,0.0465116279,0.6842105263,0.0,1.0,1.0,0.0,1.0,0.0,0.0,0.0,0.0,0.0,1.0,1.0,0.0,0.0,1.0,1.0,-1.0,-1.0,0.0,1.0,0.0,0.0
57,6538.0,1.0,0.0,4.0,62.0,5.0,0.0,0.0,0.0,0.0,0.0,0.0,0.0,0.0,6.0,1.0,1.0,0.0,0.0,1.0,0.0,8.0,47.0,0.0,0.0,0.0,0.0,0.3775510204,0.9791666667,1.0,1.0,0.0,1.0,0.0,0.0204081633,0.0,0.0,0.0,0.0,0.0,0.0,0.0,0.0,1.0,0.0,-1.0,0.0,0.0,0.0,0.0,0.0
58,6584.0,1.0,0.0,3.0,68.0,6.0,0.0,0.0,0.0,0.0,0.0,0.0,0.0,0.0,1.0,1.0,1.0,0.0,0.0,1.0,0.0,11.0,50.0,0.0,0.0,0.0,0.0,0.206185567,0.3555555556,0.0,1.0,0.0,0.0,0.0,0.0515463918,0.0,0.0,0.0,0.0,1.0,0.0,0.0,0.0,1.0,0.0,1.0,1.0,0.0,1.0,0.0,0.0
59,9646.0,3.0,1.0,2.0,49.0,1.0,0.0,0.0,0.0,0.0,0.0,0.0,0.0,0.0,4.0,1.0,1.0,0.0,0.0,1.0,0.0,17.0,25.0,0.0,0.0,0.0,0.0,0.7107623318,0.3246753247,0.0,1.0,1.0,0.0,0.0,0.0403587444,0.0,0.0,0.0,0.0,1.0,1.0,0.0,0.0,1.0,1.0,1.0,1.0,0.0,-1.0,0.0,0.0
60,6839.0,3.0,1.0,5.0,141.0,7.0,0.0,0.0,0.0,0.0,0.0,0.0,0.0,0.0,5.0,1.0,1.0,0.0,0.0,1.0,0.0,22.0,112.0,0.0,0.0,0.0,0.0,0.0,0.3529411765,0.0,0.0,0.0,0.0,0.0,0.0,0.0,0.0,0.0,0.0,0.0,0.0,0.0,0.0,1.0,-1.0,1.0,1.0,0.0,1.0,0.0,0.0
61,4654.0,3.0,1.0,6.0,83.0,1.0,0.0,0.0,0.0,0.0,0.0,0.0,0.0,0.0,1.0,1.0,1.0,0.0,0.0,0.0,0.0,25.0,51.0,0.0,0.0,0.0,0.0,1.0,1.0,0.0,1.0,0.0,1.0,0.0,0.0,1.0,0.0,0.0,0.0,0.0,1.0,0.0,0.0,1.0,-1.0,-1.0,0.0,-1.0,-1.0,1.0,1.0
62,6053.0,1.0,0.0,3.0,66.0,5.0,0.0,0.0,0.0,0.0,0.0,0.0,0.0,0.0,4.0,1.0,1.0,0.0,0.0,1.0,0.0,13.0,46.0,0.0,0.0,0.0,0.0,0.1963746224,0.1330935252,0.0,1.0,0.0,0.0,0.0,0.0120845921,0.0,0.0,0.0,0.0,0.0,1.0,0.0,0.0,1.0,0.0,1.0,1.0,0.0,1.0,0.0,0.0
63,4008.0,3.0,1.0,5.0,62.0,0.0,0.0,0.0,0.0,0.0,0.0,0.0,0.0,0.0,0.0,1.0,1.0,0.0,0.0,0.0,0.0,29.0,26.0,0.0,0.0,0.0,0.0,0.0,0.0740740741,1.0,1.0,0.0,0.0,0.0,0.0,0.0,0.0,0.0,0.0,0.0,0.0,0.0,0.0,1.0,0.0,1.0,1.0,1.0,1.0,1.0,1.0
64,9290.0,2.0,1.0,3.0,50.0,2.0,0.0,0.0,0.0,0.0,0.0,0.0,0.0,0.0,8.0,1.0,1.0,0.0,0.0,0.0,0.0,22.0,21.0,0.0,0.0,0.0,0.0,0.0941176471,0.2777777778,0.0,1.0,0.0,1.0,0.0,0.0352941176,0.0,0.0,0.0,0.0,0.0,1.0,0.0,0.0,1.0,1.0,1.0,0.0,0.0,1.0,0.0,0.0
65,9608.0,3.0,1.0,1.0,57.0,2.0,0.0,0.0,0.0,0.0,0.0,0.0,0.0,0.0,5.0,1.0,1.0,0.0,0.0,0.0,0.0,28.0,22.0,0.0,0.0,0.0,0.0,0.0396475771,0.3714285714,0.0,1.0,0.0,0.0,0.0,0.0088105727,0.0,0.0,0.0,0.0,0.0,0.0,0.0,0.0,1.0,0.0,0.0,1.0,0.0,1.0,0.0,0.0
66,1227.0,3.0,1.0,5.0,74.0,1.0,0.0,0.0,0.0,0.0,0.0,0.0,0.0,0.0,0.0,1.0,1.0,0.0,0.0,1.0,0.0,21.0,46.0,0.0,0.0,0.0,0.0,1.0,1.0,0.0,1.0,0.0,0.0,0.0,0.0,1.0,0.0,0.0,0.0,0.0,0.0,0.0,0.0,1.0,0.0,-1.0,1.0,-1.0,-1.0,1.0,1.0
67,7.0,2.0,0.0,5.0,60.0,0.0,0.0,0.0,0.0,0.0,0.0,0.0,0.0,0.0,1.0,1.0,0.0,0.0,0.0,1.0,0.0,17.0,36.0,0.0,0.0,0.0,1.0,0.9090909091,1.0,0.0,1.0,0.0,0.0,0.0,0.0,1.0,0.0,0.0,0.0,0.0,0.0,0.0,0.0,1.0,0.0,1.0,1.0,-1.0,-1.0,1.0,1.0
68,3348.0,3.0,1.0,8.0,80.0,1.0,0.0,0.0,0.0,0.0,0.0,0.0,0.0,0.0,0.0,1.0,1.0,0.0,0.0,0.0,0.0,18.0,55.0,0.0,0.0,0.0,0.0,0.0,0.0,0.0,1.0,0.0,0.0,0.0,0.0,0.0,0.0,0.0,0.0,0.0,0.0,0.0,0.0,1.0,-1.0,1.0,1.0,1.0,1.0,1.0,1.0
69,5313.0,3.0,1.0,3.0,80.0,5.0,0.0,0.0,0.0,0.0,0.0,0.0,0.0,0.0,6.0,1.0,1.0,0.0,0.0,1.0,0.0,25.0,48.0,0.0,0.0,0.0,0.0,0.223880597,0.9655172414,0.0,0.0,0.0,0.0,0.0,0.0099502488,0.0,0.0,0.0,0.0,0.0,1.0,0.0,0.0,1.0,-1.0,-1.0,1.0,0.0,1.0,0.0,0.0
70,5010.0,2.0,1.0,0.0,25.0,0.0,0.0,0.0,0.0,0.0,0.0,0.0,0.0,0.0,0.0,0.0,0.0,0.0,0.0,0.0,0.0,16.0,1.0,0.0,0.0,0.0,0.0,0.0,1.0,1.0,0.0,0.0,0.0,0.0,0.0,0.0,0.0,0.0,0.0,0.0,0.0,0.0,0.0,1.0,1.0,-1.0,1.0,1.0,1.0,0.0,0.0
71,2414.0,2.0,1.0,3.0,60.0,1.0,1.0,0.0,0.0,0.0,0.0,0.0,0.0,0.0,0.0,0.0,1.0,0.0,0.0,0.0,0.0,41.0,11.0,0.0,0.0,0.0,0.0,0.0,0.0,0.0,0.0,1.0,0.0,0.0,1.0,0.0,0.0,0.0,0.0,0.0,0.0,0.0,0.0,1.0,0.0,1.0,1.0,1.0,-1.0,1.0,1.0
72,3741.0,3.0,1.0,2.0,44.0,0.0,0.0,0.0,0.0,0.0,0.0,0.0,0.0,0.0,0.0,1.0,0.0,0.0,0.0,0.0,0.0,23.0,14.0,0.0,0.0,0.0,0.0,0.8739837398,0.08,0.0,1.0,0.0,1.0,0.0,0.0081300813,1.0,0.0,0.0,0.0,0.0,1.0,0.0,0.0,1.0,1.0,1.0,0.0,0.0,-1.0,1.0,1.0
73,4355.0,6.0,1.0,3.0,63.0,0.0,0.0,0.0,0.0,0.0,0.0,0.0,0.0,0.0,0.0,1.0,0.0,0.0,0.0,1.0,0.0,22.0,34.0,0.0,0.0,0.0,0.0,0.0444444444,1.0,1.0,1.0,0.0,0.0,0.0,0.9555555556,0.0,0.0,0.0,0.0,0.0,0.0,0.0,0.0,1.0,0.0,-1.0,1.0,-1.0,-1.0,1.0,1.0
74,7770.0,4.0,0.0,6.0,87.0,0.0,0.0,0.0,0.0,1.0,0.0,0.0,0.0,0.0,3.0,1.0,0.0,0.0,0.0,1.0,0.0,16.0,64.0,0.0,0.0,0.0,0.0,0.2,0.5555555556,0.0,0.0,0.0,0.0,0.0,0.0,0.0,0.0,0.0,0.0,1.0,0.0,0.0,0.0,1.0,-1.0,1.0,1.0,0.0,1.0,0.0,0.0
75,5056.0,2.0,1.0,0.0,18.0,0.0,0.0,0.0,0.0,0.0,0.0,0.0,0.0,0.0,0.0,1.0,0.0,0.0,0.0,0.0,0.0,11.0,0.0,0.0,0.0,0.0,0.0,0.1162790698,0.9268292683,0.0,1.0,0.0,0.0,0.0,0.0084566596,0.0,0.0,0.0,0.0,0.0,1.0,0.0,0.0,1.0,1.0,-1.0,1.0,0.0,1.0,0.0,0.0
76,6157.0,2.0,0.0,2.0,60.0,0.0,0.0,0.0,0.0,0.0,0.0,2.0,1.0,0.0,5.0,1.0,0.0,0.0,0.0,1.0,0.0,15.0,12.0,25.0,0.0,0.0,0.0,0.0131004367,0.1666666667,0.0,1.0,0.0,0.0,0.0,0.0,0.0,0.0,0.0,0.0,1.0,1.0,0.0,0.0,1.0,0.0,1.0,1.0,0.0,1.0,0.0,0.0
77,9330.0,3.0,1.0,1.0,58.0,0.0,0.0,0.0,0.0,0.0,0.0,2.0,1.0,0.0,4.0,1.0,0.0,0.0,0.0,0.0,0.0,15.0,13.0,22.0,0.0,0.0,0.0,0.2015503876,0.4666666667,0.0,1.0,1.0,0.0,0.0,0.0,0.0,0.0,0.0,0.0,1.0,0.0,0.0,0.0,1.0,0.0,0.0,1.0,0.0,1.0,0.0,0.0
78,5710.0,3.0,1.0,3.0,191.0,2.0,0.0,0.0,0.0,4.0,4.0,3.0,2.0,0.0,7.0,1.0,0.0,0.0,0.0,0.0,0.0,22.0,41.0,120.0,0.0,0.0,0.0,0.1260504202,0.0625,0.0,1.0,1.0,0.0,0.0,0.0,0.0,0.0,0.0,0.0,0.0,0.0,0.0,0.0,1.0,-1.0,1.0,1.0,1.0,1.0,0.0,0.0
79,6417.0,3.0,1.0,3.0,61.0,2.0,0.0,0.0,0.0,0.0,0.0,0.0,0.0,0.0,11.0,1.0,1.0,0.0,0.0,0.0,0.0,18.0,36.0,0.0,0.0,0.0,1.0,0.0882352941,0.0,0.0,1.0,0.0,0.0,0.0,0.0588235294,0.0,0.0,0.0,0.0,1.0,0.0,0.0,0.0,1.0,0.0,1.0,1.0,1.0,1.0,0.0,0.0
80,217.0,3.0,0.0,5.0,62.0,0.0,0.0,0.0,0.0,0.0,0.0,0.0,0.0,0.0,0.0,1.0,1.0,0.0,0.0,0.0,0.0,17.0,38.0,0.0,0.0,0.0,0.0,0.0,0.0,0.0,1.0,0.0,0.0,0.0,0.0,0.0,0.0,0.0,0.0,0.0,0.0,0.0,0.0,1.0,0.0,1.0,1.0,1.0,1.0,1.0,1.0
81,3046.0,3.0,1.0,2.0,37.0,1.0,0.0,0.0,0.0,0.0,0.0,0.0,0.0,0.0,0.0,1.0,1.0,0.0,0.0,1.0,0.0,13.0,17.0,0.0,0.0,0.0,0.0,0.0,0.0,0.0,1.0,0.0,0.0,0.0,1.0,0.0,0.0,0.0,0.0,0.0,0.0,0.0,0.0,1.0,1.0,1.0,1.0,1.0,-1.0,1.0,1.0
82,965.0,2.0,0.0,1.0,42.0,0.0,0.0,0.0,0.0,0.0,0.0,0.0,0.0,0.0,0.0,1.0,0.0,0.0,0.0,0.0,0.0,22.0,13.0,0.0,0.0,0.0,0.0,0.6,1.0,1.0,1.0,0.0,0.0,0.0,0.0,1.0,0.0,0.0,0.0,0.0,1.0,0.0,0.0,1.0,1.0,-1.0,1.0,-1.0,0.0,1.0,1.0
83,4909.0,9.0,1.0,5.0,93.0,0.0,0.0,0.0,0.0,0.0,0.0,0.0,0.0,0.0,0.0,1.0,0.0,0.0,0.0,1.0,0.0,16.0,70.0,0.0,0.0,1.0,0.0,0.0,0.0,0.0,1.0,1.0,0.0,1.0,0.9714285714,0.0,0.0,0.0,0.0,0.0,0.0,0.0,0.0,1.0,-1.0,1.0,-1.0,1.0,-1.0,1.0,1.0
84,8205.0,4.0,1.0,2.0,141.0,0.0,0.0,0.0,0.0,0.0,8.0,1.0,0.0,0.0,14.0,1.0,0.0,0.0,0.0,0.0,0.0,25.0,14.0,94.0,0.0,1.0,0.0,0.0476190476,0.5769230769,0.0,0.0,0.0,0.0,0.0,0.0,0.0,0.0,0.0,0.0,0.0,1.0,0.0,0.0,1.0,-1.0,1.0,1.0,0.0,1.0,0.0,0.0
85,142.0,4.0,1.0,5.0,191.0,2.0,0.0,0.0,0.0,7.0,0.0,3.0,2.0,0.0,22.0,1.0,1.0,0.0,0.0,1.0,0.0,18.0,69.0,96.0,0.0,0.0,0.0,0.0,0.2,0.0,1.0,1.0,0.0,0.0,0.0,0.0,0.0,0.0,0.0,0.0,0.0,0.0,0.0,1.0,-1.0,1.0,1.0,0.0,1.0,1.0,1.0
86,2787.0,2.0,0.0,4.0,59.0,0.0,0.0,0.0,0.0,0.0,0.0,1.0,0.0,0.0,0.0,1.0,0.0,0.0,0.0,1.0,0.0,17.0,30.0,4.0,0.0,1.0,1.0,1.0,1.0,1.0,1.0,0.0,0.0,0.0,0.0,1.0,0.0,0.0,0.0,0.0,0.0,0.0,0.0,1.0,0.0,-1.0,1.0,-1.0,-1.0,1.0,1.0
87,7938.0,1.0,0.0,5.0,79.0,3.0,0.0,0.0,0.0,0.0,0.0,0.0,0.0,0.0,0.0,1.0,0.0,0.0,0.0,1.0,0.0,19.0,53.0,0.0,0.0,0.0,0.0,0.3921568627,0.2653061224,0.0,1.0,1.0,0.0,1.0,0.0065359477,0.0,0.0,0.0,0.0,0.0,1.0,0.0,0.0,1.0,-1.0,0.0,-1.0,0.0,0.0,0.0,0.0
88,4688.0,3.0,1.0,5.0,70.0,0.0,0.0,0.0,0.0,0.0,0.0,0.0,0.0,0.0,0.0,1.0,0.0,0.0,0.0,1.0,0.0,15.0,48.0,0.0,0.0,1.0,1.0,1.0,1.0,1.0,1.0,0.0,0.0,0.0,0.0,1.0,0.0,0.0,0.0,0.0,0.0,0.0,0.0,1.0,0.0,-1.0,1.0,-1.0,-1.0,1.0,1.0
89,6609.0,2.0,0.0,4.0,83.0,9.0,0.0,0.0,0.0,0.0,0.0,0.0,0.0,0.0,7.0,1.0,1.0,0.0,0.0,0.0,0.0,11.0,65.0,0.0,0.0,0.0,0.0,0.0242424242,1.0,1.0,1.0,1.0,0.0,1.0,0.0303030303,0.0,0.0,0.0,0.0,0.0,0.0,0.0,0.0,1.0,-1.0,-1.0,-1.0,-1.0,1.0,0.0,0.0
90,2043.0,5.0,0.0,5.0,66.0,1.0,0.0,0.0,1.0,0.0,0.0,0.0,0.0,0.0,9.0,1.0,0.0,1.0,0.0,1.0,0.0,12.0,47.0,0.0,0.0,0.0,1.0,1.0,1.0,0.0,1.0,0.0,0.0,0.0,0.0,1.0,0.0,0.0,0.0,0.0,0.0,0.0,0.0,1.0,0.0,-1.0,1.0,-1.0,-1.0,1.0,1.0
91,9000.0,1.0,0.0,1.0,30.0,1.0,0.0,0.0,0.0,0.0,0.0,0.0,0.0,0.0,6.0,1.0,1.0,0.0,0.0,0.0,0.0,15.0,8.0,0.0,0.0,0.0,0.0,0.0714285714,0.0727272727,0.0,1.0,0.0,0.0,0.0,0.0079365079,0.0,1.0,0.0,0.0,0.0,1.0,0.0,0.0,1.0,1.0,1.0,1.0,0.0,1.0,0.0,0.0
92,606.0,1.0,0.0,3.0,32.0,0.0,0.0,0.0,0.0,0.0,0.0,0.0,0.0,0.0,2.0,1.0,0.0,0.0,0.0,1.0,0.0,13.0,12.0,0.0,0.0,0.0,0.0,0.0,0.2857142857,0.0,1.0,0.0,0.0,0.0,0.0,0.0,0.0,0.0,0.0,0.0,0.0,0.0,0.0,1.0,1.0,1.0,1.0,-1.0,1.0,1.0,1.0
93,5612.0,2.0,1.0,8.0,82.0,0.0,0.0,0.0,0.0,0.0,0.0,0.0,0.0,0.0,12.0,1.0,1.0,0.0,0.0,1.0,0.0,22.0,53.0,0.0,0.0,0.0,0.0,0.0516431925,0.0588235294,0.0,0.0,0.0,0.0,0.0,0.0093896714,0.0,0.0,0.0,0.0,1.0,0.0,0.0,0.0,1.0,-1.0,1.0,1.0,1.0,1.0,0.0,0.0
94,889.0,1.0,0.0,3.0,58.0,2.0,2.0,0.0,0.0,1.0,0.0,0.0,0.0,0.0,0.0,1.0,0.0,0.0,0.0,0.0,0.0,29.0,22.0,0.0,0.0,0.0,0.0,0.9230769231,1.0,0.0,1.0,0.0,0.0,0.0,0.0,1.0,0.0,0.0,0.0,0.0,0.0,0.0,0.0,1.0,0.0,1.0,1.0,-1.0,-1.0,1.0,1.0
95,1493.0,1.0,0.0,3.0,36.0,0.0,0.0,0.0,0.0,0.0,0.0,0.0,0.0,0.0,0.0,1.0,0.0,0.0,0.0,1.0,0.0,19.0,10.0,0.0,0.0,0.0,0.0,0.0,0.7857142857,0.0,1.0,0.0,0.0,0.0,1.0,1.0,0.0,0.0,0.0,0.0,1.0,0.0,0.0,1.0,1.0,-1.0,1.0,1.0,-1.0,1.0,1.0
96,90.0,1.0,0.0,2.0,39.0,1.0,1.0,0.0,0.0,0.0,0.0,0.0,0.0,0.0,0.0,1.0,0.0,0.0,0.0,0.0,0.0,23.0,9.0,0.0,0.0,0.0,0.0,0.0,0.0,0.0,1.0,0.0,0.0,0.0,0.0,0.0,0.0,0.0,0.0,0.0,0.0,0.0,0.0,1.0,1.0,1.0,1.0,1.0,1.0,1.0,1.0
97,6123.0,3.0,1.0,1.0,79.0,0.0,0.0,0.0,0.0,0.0,2.0,3.0,0.0,0.0,6.0,1.0,1.0,0.0,0.0,0.0,0.0,21.0,10.0,40.0,0.0,0.0,0.0,0.0952380952,0.0,0.0,1.0,0.0,0.0,0.0,0.0,0.0,0.0,0.0,0.0,0.0,0.0,0.0,0.0,1.0,-1.0,1.0,1.0,1.0,1.0,0.0,0.0
98,3351.0,2.0,1.0,4.0,77.0,1.0,1.0,0.0,0.0,0.0,0.0,0.0,0.0,0.0,25.0,1.0,1.0,0.0,1.0,1.0,0.0,29.0,41.0,0.0,0.0,1.0,0.0,0.0909090909,0.3571428571,0.0,1.0,0.0,1.0,0.0,0.0,0.0,0.0,0.0,0.0,0.0,0.0,0.0,0.0,1.0,-1.0,1.0,0.0,0.0,1.0,1.0,1.0
99,9795.0,3.0,1.0,3.0,45.0,0.0,0.0,0.0,0.0,0.0,0.0,0.0,0.0,0.0,6.0,1.0,1.0,0.0,0.0,0.0,0.0,13.0,25.0,0.0,0.0,0.0,0.0,0.130952381,0.0769230769,0.0,1.0,0.0,0.0,0.0,0.0595238095,0.0,0.0,0.0,0.0,0.0,0.0,0.0,0.0,1.0,1.0,1.0,1.0,1.0,1.0,0.0,0.0
100,8274.0,5.0,2.0,7.0,85.0,2.0,0.0,0.0,0.0,1.0,0.0,0.0,0.0,0.0,21.0,1.0,1.0,0.0,0.0,1.0,0.0,18.0,60.0,0.0,0.0,0.0,0.0,0.0,0.0,0.0,0.0,0.0,0.0,0.0,0.0,0.0,0.0,0.0,0.0,0.0,0.0,0.0,0.0,0.0,-1.0,1.0,1.0,0.0,1.0,0.0,0.0
101,4475.0,3.0,1.0,2.0,55.0,0.0,0.0,0.0,0.0,0.0,0.0,0.0,0.0,0.0,0.0,1.0,0.0,0.0,0.0,0.0,0.0,26.0,22.0,0.0,0.0,0.0,0.0,1.0,1.0,0.0,1.0,0.0,0.0,0.0,0.0,1.0,0.0,0.0,0.0,0.0,0.0,0.0,0.0,1.0,0.0,-1.0,1.0,-1.0,-1.0,1.0,1.0
102,409.0,1.0,0.0,4.0,56.0,1.0,0.0,0.0,0.0,0.0,0.0,0.0,0.0,0.0,0.0,1.0,0.0,0.0,0.0,0.0,0.0,25.0,24.0,0.0,0.0,0.0,0.0,0.9230769231,1.0,0.0,1.0,0.0,0.0,0.0,0.0,1.0,0.0,0.0,0.0,0.0,0.0,0.0,0.0,1.0,0.0,1.0,1.0,-1.0,-1.0,1.0,1.0
103,1872.0,2.0,0.0,3.0,47.0,0.0,0.0,0.0,0.0,0.0,0.0,0.0,0.0,0.0,0.0,1.0,0.0,0.0,0.0,0.0,0.0,14.0,26.0,0.0,0.0,0.0,0.0,0.0,0.0,0.0,1.0,1.0,0.0,0.0,0.0,0.0,0.0,0.0,0.0,0.0,0.0,1.0,0.0,1.0,1.0,1.0,1.0,1.0,1.0,1.0,1.0
104,1533.0,1.0,0.0,4.0,79.0,1.0,0.0,0.0,0.0,0.0,0.0,0.0,0.0,0.0,28.0,1.0,1.0,0.0,0.0,0.0,0.0,13.0,59.0,0.0,0.0,0.0,0.0,0.0,0.0,0.0,1.0,0.0,0.0,0.0,0.0,0.0,0.0,0.0,0.0,0.0,0.0,0.0,0.0,1.0,-1.0,1.0,1.0,1.0,1.0,1.0,1.0
105,7539.0,2.0,1.0,2.0,67.0,5.0,0.0,0.0,0.0,0.0,0.0,0.0,0.0,0.0,0.0,1.0,1.0,0.0,0.0,1.0,0.0,22.0,38.0,0.0,0.0,0.0,0.0,0.2727272727,0.1666666667,0.0,1.0,0.0,0.0,0.0,0.1363636364,0.0,0.0,0.0,0.0,0.0,1.0,0.0,0.0,1.0,0.0,0.0,1.0,1.0,0.0,0.0,0.0
106,5148.0,2.0,1.0,6.0,91.0,2.0,0.0,0.0,0.0,0.0,0.0,0.0,0.0,0.0,0.0,1.0,0.0,0.0,0.0,1.0,0.0,32.0,52.0,0.0,0.0,0.0,0.0,0.2068965517,0.4545454545,0.0,0.0,0.0,0.0,0.0,0.1379310345,0.0,0.0,0.0,0.0,0.0,0.0,0.0,0.0,1.0,-1.0,0.0,1.0,0.0,0.0,0.0,0.0
107,1845.0,3.0,1.0,3.0,61.0,0.0,0.0,0.0,0.0,0.0,0.0,0.0,0.0,0.0,0.0,1.0,0.0,0.0,0.0,0.0,0.0,31.0,23.0,0.0,0.0,0.0,0.0,0.0,0.0,0.0,1.0,0.0,0.0,0.0,0.0,0.0,0.0,0.0,0.0,0.0,0.0,0.0,0.0,1.0,0.0,1.0,1.0,1.0,1.0,1.0,1.0
108,3014.0,2.0,1.0,6.0,98.0,4.0,4.0,0.0,0.0,0.0,0.0,0.0,0.0,0.0,0.0,1.0,0.0,0.0,1.0,1.0,0.0,53.0,38.0,0.0,0.0,2.0,0.0,0.0,0.0,0.0,1.0,0.0,0.0,0.0,0.0,0.0,0.0,0.0,0.0,0.0,0.0,0.0,0.0,1.0,-1.0,1.0,1.0,1.0,1.0,1.0,1.0
109,5351.0,3.0,1.0,3.0,77.0,5.0,1.0,0.0,0.0,0.0,0.0,0.0,0.0,0.0,6.0,1.0,1.0,0.0,0.0,1.0,0.0,20.0,50.0,0.0,0.0,0.0,0.0,0.3582089552,0.9259259259,0.0,0.0,0.0,0.0,0.0,0.0298507463,0.0,0.0,0.0,0.0,0.0,0.0,0.0,0.0,1.0,-1.0,-1.0,1.0,0.0,0.0,0.0,0.0
110,4482.0,2.0,0.0,2.0,52.0,1.0,1.0,0.0,0.0,0.0,0.0,0.0,0.0,0.0,0.0,1.0,0.0,0.0,0.0,0.0,0.0,27.0,18.0,0.0,0.0,0.0,0.0,1.0,1.0,0.0,1.0,0.0,0.0,0.0,0.0,1.0,0.0,0.0,0.0,0.0,0.0,0.0,0.0,1.0,1.0,-1.0,1.0,-1.0,-1.0,1.0,1.0
111,9892.0,3.0,1.0,1.0,58.0,0.0,0.0,0.0,0.0,0.0,0.0,2.0,1.0,0.0,8.0,1.0,0.0,0.0,0.0,0.0,0.0,17.0,13.0,20.0,0.0,0.0,0.0,0.0,0.9393939394,0.0,1.0,1.0,0.0,0.0,0.0,0.0,0.0,0.0,0.0,0.0,0.0,0.0,0.0,1.0,0.0,-1.0,1.0,0.0,1.0,0.0,0.0
112,2250.0,2.0,0.0,1.0,40.0,0.0,0.0,0.0,0.0,0.0,0.0,0.0,0.0,0.0,0.0,1.0,0.0,0.0,0.0,0.0,0.0,18.0,15.0,0.0,0.0,0.0,1.0,0.9230769231,1.0,0.0,1.0,0.0,1.0,0.0,0.0,1.0,0.0,0.0,0.0,0.0,0.0,0.0,0.0,1.0,1.0,1.0,0.0,-1.0,-1.0,1.0,1.0
113,7936.0,2.0,0.0,3.0,63.0,5.0,0.0,0.0,0.0,0.0,0.0,0.0,0.0,0.0,4.0,1.0,1.0,0.0,0.0,1.0,0.0,10.0,46.0,0.0,0.0,0.0,0.0,0.0107526882,0.1603773585,0.0,1.0,0.0,0.0,0.0,0.0430107527,0.0,0.0,0.0,0.0,0.0,1.0,0.0,0.0,1.0,0.0,1.0,1.0,0.0,1.0,0.0,0.0
114,1396.0,4.0,1.0,3.0,54.0,1.0,0.0,0.0,0.0,0.0,0.0,0.0,0.0,0.0,0.0,1.0,0.0,0.0,0.0,0.0,0.0,22.0,25.0,0.0,0.0,0.0,0.0,1.0,1.0,0.0,1.0,0.0,0.0,0.0,0.0,1.0,0.0,0.0,0.0,0.0,0.0,0.0,0.0,1.0,0.0,-1.0,1.0,-1.0,-1.0,1.0,1.0
115,6010.0,3.0,1.0,3.0,90.0,5.0,0.0,0.0,0.0,0.0,0.0,0.0,0.0,0.0,9.0,1.0,1.0,0.0,0.0,0.0,0.0,21.0,62.0,0.0,0.0,0.0,0.0,0.2340425532,0.3098591549,0.0,1.0,0.0,0.0,0.0,0.0159574468,0.0,0.0,0.0,0.0,0.0,1.0,0.0,0.0,1.0,-1.0,0.0,1.0,0.0,1.0,0.0,0.0
116,3144.0,2.0,1.0,7.0,100.0,2.0,1.0,0.0,0.0,0.0,0.0,0.0,0.0,0.0,21.0,1.0,1.0,0.0,0.0,0.0,0.0,15.0,78.0,0.0,0.0,0.0,1.0,0.8590604027,0.9811320755,0.0,1.0,0.0,0.0,0.0,0.0604026846,1.0,0.0,0.0,0.0,0.0,0.0,0.0,0.0,1.0,-1.0,-1.0,1.0,-1.0,-1.0,1.0,1.0
117,743.0,3.0,0.0,5.0,231.0,11.0,0.0,0.0,0.0,3.0,0.0,5.0,3.0,0.0,25.0,1.0,0.0,0.0,0.0,1.0,0.0,16.0,112.0,95.0,0.0,0.0,0.0,0.5,0.9375,0.0,1.0,0.0,0.0,0.0,0.0,1.0,0.0,0.0,0.0,0.0,1.0,0.0,0.0,1.0,-1.0,-1.0,1.0,-1.0,0.0,1.0,1.0
118,6106.0,4.0,1.0,2.0,63.0,3.0,0.0,0.0,0.0,0.0,0.0,0.0,0.0,0.0,7.0,1.0,0.0,0.0,0.0,0.0,0.0,20.0,18.0,17.0,0.0,0.0,0.0,0.1617647059,0.7619047619,0.0,1.0,0.0,0.0,0.0,0.0,0.0,0.0,0.0,0.0,0.0,0.0,0.0,0.0,1.0,0.0,-1.0,1.0,0.0,1.0,0.0,0.0
119,2534.0,2.0,0.0,3.0,44.0,0.0,0.0,0.0,0.0,0.0,0.0,0.0,0.0,0.0,0.0,1.0,1.0,0.0,0.0,1.0,0.0,11.0,26.0,0.0,0.0,0.0,0.0,0.0,1.0,0.0,1.0,0.0,0.0,0.0,0.0,1.0,0.0,0.0,0.0,0.0,0.0,0.0,0.0,1.0,1.0,-1.0,1.0,-1.0,1.0,1.0,1.0
120,4158.0,2.0,0.0,7.0,99.0,3.0,0.0,0.0,0.0,0.0,0.0,0.0,0.0,0.0,3.0,1.0,1.0,0.0,0.0,1.0,0.0,19.0,73.0,0.0,0.0,0.0,0.0,0.0,0.0,0.0,1.0,0.0,0.0,0.0,0.0,0.0,0.0,0.0,0.0,0.0,0.0,0.0,0.0,1.0,-1.0,1.0,1.0,1.0,1.0,1.0,1.0
121,3002.0,6.0,4.0,4.0,61.0,0.0,0.0,0.0,0.0,0.0,0.0,0.0,0.0,0.0,0.0,1.0,0.0,0.0,1.0,1.0,0.0,27.0,27.0,0.0,0.0,2.0,0.0,0.7857142857,0.0588235294,0.0,1.0,0.0,0.0,0.0,0.0,0.0,0.0,0.0,0.0,0.0,0.0,0.0,0.0,-1.0,0.0,1.0,1.0,0.0,-1.0,1.0,1.0
122,6449.0,2.0,1.0,3.0,74.0,2.0,0.0,0.0,0.0,0.0,0.0,1.0,0.0,0.0,7.0,1.0,1.0,0.0,0.0,0.0,0.0,18.0,37.0,11.0,0.0,0.0,0.0,0.0714285714,0.7894736842,0.0,1.0,1.0,0.0,1.0,0.0,0.0,0.0,0.0,0.0,0.0,0.0,0.0,0.0,1.0,0.0,1.0,-1.0,0.0,1.0,0.0,0.0
123,2958.0,2.0,1.0,3.0,68.0,0.0,0.0,0.0,0.0,0.0,0.0,0.0,0.0,0.0,16.0,1.0,1.0,0.0,0.0,0.0,0.0,20.0,41.0,0.0,0.0,0.0,0.0,0.0,0.1428571429,1.0,1.0,0.0,0.0,0.0,1.0,0.0,0.0,0.0,0.0,0.0,0.0,0.0,0.0,1.0,0.0,1.0,1.0,0.0,-1.0,1.0,1.0
124,2244.0,2.0,0.0,2.0,44.0,0.0,0.0,0.0,0.0,0.0,0.0,0.0,0.0,0.0,1.0,1.0,0.0,0.0,0.0,1.0,0.0,21.0,16.0,0.0,0.0,0.0,0.0,0.0,0.0,0.0,1.0,1.0,0.0,0.0,0.0,0.0,0.0,0.0,0.0,0.0,0.0,0.0,0.0,1.0,1.0,1.0,1.0,1.0,1.0,1.0,1.0
125,2611.0,3.0,0.0,4.0,53.0,1.0,0.0,0.0,0.0,0.0,0.0,0.0,0.0,0.0,0.0,1.0,1.0,0.0,0.0,0.0,0.0,11.0,35.0,0.0,0.0,0.0,0.0,1.0,0.6724137931,0.0,1.0,0.0,1.0,0.0,0.0,1.0,0.0,0.0,0.0,0.0,1.0,0.0,0.0,1.0,1.0,-1.0,0.0,0.0,-1.0,1.0,1.0
126,9410.0,2.0,1.0,0.0,28.0,0.0,0.0,0.0,0.0,0.0,0.0,0.0,0.0,0.0,0.0,1.0,0.0,0.0,0.0,0.0,0.0,20.0,1.0,0.0,0.0,0.0,0.0,0.0705128205,0.320754717,0.0,1.0,0.0,0.0,0.0,0.0128205128,0.0,0.0,0.0,0.0,0.0,0.0,0.0,0.0,1.0,1.0,1.0,1.0,0.0,1.0,0.0,0.0
127,1761.0,3.0,1.0,3.0,48.0,1.0,1.0,0.0,0.0,0.0,0.0,0.0,0.0,0.0,0.0,1.0,1.0,0.0,0.0,0.0,0.0,19.0,22.0,0.0,0.0,0.0,0.0,0.0,0.0,0.0,1.0,1.0,0.0,0.0,0.0,1.0,0.0,0.0,0.0,0.0,0.0,0.0,0.0,1.0,1.0,1.0,1.0,1.0,1.0,1.0,1.0
128,5815.0,3.0,1.0,3.0,72.0,5.0,0.0,0.0,0.0,0.0,0.0,0.0,0.0,0.0,6.0,1.0,1.0,0.0,0.0,1.0,0.0,18.0,47.0,0.0,0.0,0.0,0.0,0.12,0.9803921569,0.0,0.0,0.0,1.0,0.0,0.012,0.0,0.0,0.0,0.0,0.0,0.0,0.0,0.0,1.0,0.0,-1.0,0.0,0.0,1.0,0.0,0.0
129,3991.0,2.0,0.0,3.0,42.0,0.0,0.0,0.0,0.0,0.0,0.0,0.0,0.0,0.0,0.0,1.0,0.0,0.0,0.0,1.0,0.0,7.0,28.0,0.0,0.0,0.0,0.0,0.9230769231,1.0,0.0,1.0,0.0,0.0,0.0,0.0,1.0,0.0,0.0,0.0,0.0,0.0,0.0,0.0,1.0,1.0,1.0,1.0,-1.0,-1.0,1.0,1.0
130,6011.0,4.0,1.0,3.0,61.0,0.0,0.0,0.0,0.0,0.0,0.0,0.0,0.0,0.0,3.0,1.0,1.0,0.0,0.0,0.0,0.0,17.0,37.0,0.0,0.0,0.0,0.0,0.1153846154,0.0769230769,0.0,1.0,0.0,0.0,0.0,0.1538461538,0.0,0.0,0.0,0.0,0.0,0.0,0.0,0.0,1.0,0.0,1.0,1.0,0.0,1.0,0.0,0.0
131,3931.0,3.0,0.0,5.0,71.0,0.0,0.0,0.0,0.0,0.0,0.0,0.0,0.0,0.0,0.0,1.0,1.0,0.0,0.0,0.0,0.0,26.0,38.0,0.0,0.0,0.0,0.0,0.4814814815,0.0,0.0,1.0,1.0,0.0,0.0,0.0,0.0,0.0,0.0,0.0,1.0,0.0,0.0,0.0,1.0,0.0,1.0,1.0,1.0,0.0,1.0,1.0
132,1544.0,3.0,1.0,3.0,53.0,1.0,0.0,0.0,0.0,0.0,0.0,0.0,0.0,0.0,0.0,1.0,0.0,0.0,0.0,1.0,0.0,22.0,24.0,0.0,0.0,0.0,0.0,1.0,1.0,0.0,1.0,0.0,1.0,0.0,0.0,1.0,0.0,0.0,0.0,0.0,1.0,0.0,0.0,1.0,1.0,-1.0,0.0,-1.0,-1.0,1.0,1.0
133,2138.0,4.0,0.0,4.0,97.0,0.0,0.0,0.0,0.0,0.0,0.0,1.0,0.0,0.0,1.0,1.0,0.0,0.0,0.0,1.0,0.0,22.0,43.0,24.0,0.0,1.0,1.0,0.9230769231,1.0,0.0,0.0,0.0,1.0,0.0,0.0,1.0,0.0,0.0,0.0,0.0,0.0,0.0,0.0,1.0,-1.0,1.0,0.0,-1.0,-1.0,1.0,1.0
134,6557.0,2.0,0.0,3.0,92.0,6.0,0.0,0.0,0.0,0.0,0.0,0.0,0.0,0.0,7.0,1.0,1.0,0.0,0.0,1.0,0.0,17.0,68.0,0.0,0.0,0.0,0.0,0.0496183206,0.3392857143,0.0,1.0,1.0,0.0,1.0,0.0229007634,0.0,0.0,0.0,0.0,0.0,1.0,0.0,0.0,1.0,-1.0,1.0,-1.0,0.0,1.0,0.0,0.0
135,558.0,4.0,0.0,4.0,67.0,0.0,0.0,0.0,0.0,0.0,0.0,0.0,0.0,0.0,21.0,1.0,1.0,1.0,0.0,0.0,0.0,13.0,47.0,0.0,0.0,1.0,0.0,0.0,0.0357142857,1.0,1.0,0.0,0.0,0.0,1.0,1.0,0.0,0.0,0.0,0.0,1.0,0.0,0.0,1.0,0.0,1.0,1.0,1.0,-1.0,1.0,1.0
136,4555.0,4.0,0.0,2.0,45.0,1.0,0.0,0.0,0.0,0.0,0.0,0.0,0.0,0.0,11.0,1.0,0.0,1.0,0.0,0.0,0.0,14.0,24.0,0.0,0.0,0.0,0.0,0.1130434783,0.2380952381,0.0,1.0,1.0,0.0,0.0,0.6173913043,1.0,0.0,0.0,0.0,0.0,0.0,0.0,0.0,1.0,1.0,0.0,1.0,1.0,-1.0,1.0,1.0
137,8468.0,3.0,1.0,2.0,58.0,5.0,0.0,0.0,0.0,0.0,0.0,0.0,0.0,0.0,8.0,1.0,1.0,0.0,0.0,0.0,0.0,10.0,41.0,0.0,0.0,0.0,0.0,0.0571428571,0.4761904762,0.0,1.0,0.0,1.0,0.0,0.0142857143,0.0,0.0,0.0,0.0,0.0,1.0,0.0,0.0,1.0,0.0,1.0,0.0,0.0,1.0,0.0,0.0
138,6652.0,1.0,0.0,5.0,97.0,12.0,1.0,0.0,0.0,0.0,0.0,0.0,0.0,0.0,8.0,1.0,1.0,0.0,0.0,1.0,0.0,15.0,75.0,0.0,0.0,0.0,0.0,0.1751824818,0.7634408602,0.0,1.0,1.0,1.0,0.0,0.0145985401,0.0,0.0,0.0,0.0,1.0,0.0,0.0,0.0,1.0,-1.0,-1.0,0.0,0.0,1.0,0.0,0.0
139,5279.0,1.0,0.0,4.0,63.0,3.0,0.0,0.0,0.0,0.0,0.0,0.0,0.0,0.0,7.0,1.0,1.0,0.0,0.0,0.0,0.0,26.0,30.0,0.0,0.0,1.0,0.0,0.0853658537,0.7105263158,0.0,1.0,0.0,1.0,0.0,0.0203252033,0.0,0.0,0.0,0.0,0.0,1.0,0.0,0.0,1.0,0.0,-1.0,0.0,0.0,1.0,0.0,0.0
140,8938.0,2.0,0.0,5.0,57.0,0.0,0.0,0.0,0.0,0.0,0.0,0.0,0.0,0.0,3.0,1.0,1.0,0.0,0.0,0.0,0.0,15.0,35.0,0.0,0.0,0.0,0.0,0.1666666667,0.0,0.0,1.0,0.0,0.0,0.0,0.0,0.0,0.0,0.0,0.0,1.0,0.0,0.0,0.0,1.0,0.0,1.0,1.0,1.0,1.0,0.0,0.0
141,8042.0,3.0,1.0,5.0,85.0,1.0,0.0,0.0,0.0,4.0,0.0,0.0,0.0,0.0,6.0,1.0,1.0,0.0,0.0,1.0,0.0,16.0,62.0,0.0,0.0,0.0,0.0,0.0485436893,0.1538461538,0.0,1.0,0.0,0.0,0.0,0.0291262136,0.0,0.0,0.0,0.0,0.0,1.0,0.0,0.0,1.0,-1.0,1.0,1.0,0.0,1.0,0.0,0.0
142,1376.0,3.0,0.0,5.0,48.0,0.0,0.0,0.0,1.0,0.0,0.0,0.0,0.0,0.0,9.0,1.0,0.0,1.0,0.0,0.0,0.0,12.0,29.0,0.0,0.0,0.0,0.0,0.0,0.7857142857,0.0,1.0,0.0,0.0,0.0,1.0,1.0,0.0,0.0,0.0,0.0,1.0,0.0,0.0,1.0,1.0,-1.0,1.0,1.0,-1.0,1.0,1.0
143,305.0,3.0,1.0,8.0,54.0,1.0,1.0,0.0,0.0,0.0,0.0,0.0,0.0,0.0,2.0,1.0,0.0,0.0,0.0,0.0,0.0,16.0,31.0,0.0,0.0,0.0,0.0,1.0,0.1428571429,1.0,1.0,0.0,0.0,0.0,0.0,0.0,0.0,0.0,0.0,0.0,1.0,0.0,0.0,1.0,0.0,1.0,1.0,0.0,-1.0,1.0,1.0
144,7557.0,2.0,1.0,2.0,82.0,7.0,0.0,0.0,0.0,0.0,0.0,0.0,0.0,0.0,0.0,1.0,0.0,0.0,0.0,1.0,0.0,23.0,52.0,0.0,0.0,0.0,0.0,0.4529411765,0.8080808081,0.0,1.0,0.0,0.0,0.0,0.1588235294,0.0,0.0,1.0,0.0,1.0,1.0,0.0,0.0,1.0,-1.0,-1.0,1.0,0.0,0.0,0.0,0.0
145,4726.0,2.0,0.0,2.0,83.0,1.0,0.0,0.0,0.0,2.0,0.0,0.0,0.0,0.0,0.0,1.0,0.0,0.0,0.0,1.0,0.0,21.0,55.0,0.0,0.0,0.0,1.0,1.0,0.9333333333,0.0,1.0,0.0,0.0,0.0,0.0,1.0,0.0,0.0,0.0,0.0,1.0,0.0,0.0,1.0,-1.0,-1.0,1.0,1.0,-1.0,1.0,1.0
146,1681.0,2.0,1.0,4.0,76.0,0.0,0.0,0.0,1.0,0.0,0.0,0.0,0.0,0.0,29.0,0.0,1.0,0.0,0.0,0.0,0.0,23.0,45.0,0.0,0.0,0.0,0.0,0.0,0.0,0.0,0.0,0.0,0.0,0.0,0.0,0.0,0.0,0.0,0.0,0.0,0.0,0.0,0.0,1.0,-1.0,1.0,1.0,1.0,1.0,1.0,1.0
147,1476.0,2.0,0.0,3.0,66.0,0.0,0.0,0.0,1.0,0.0,0.0,0.0,0.0,0.0,0.0,1.0,1.0,0.0,0.0,0.0,0.0,14.0,45.0,0.0,0.0,0.0,0.0,0.0,0.0,0.0,1.0,0.0,0.0,0.0,0.0,0.0,0.0,0.0,0.0,0.0,0.0,0.0,0.0,1.0,0.0,1.0,1.0,1.0,1.0,1.0,1.0
148,9936.0,2.0,1.0,2.0,53.0,1.0,0.0,0.0,0.0,0.0,0.0,0.0,0.0,0.0,0.0,1.0,0.0,0.0,0.0,0.0,0.0,19.0,27.0,0.0,0.0,0.0,0.0,0.1374045802,0.2321428571,0.0,1.0,1.0,0.0,0.0,0.0,0.0,0.0,0.0,0.0,0.0,0.0,0.0,0.0,1.0,1.0,1.0,1.0,0.0,1.0,0.0,0.0
149,6459.0,1.0,0.0,8.0,104.0,5.0,0.0,0.0,0.0,0.0,0.0,0.0,0.0,0.0,11.0,1.0,1.0,0.0,0.0,1.0,0.0,18.0,79.0,0.0,0.0,0.0,0.0,0.2328767123,0.6511627907,0.0,1.0,1.0,0.0,0.0,0.0273972603,0.0,0.0,0.0,0.0,1.0,1.0,0.0,0.0,1.0,-1.0,0.0,1.0,0.0,1.0,0.0,0.0
150,2438.0,3.0,1.0,13.0,72.0,0.0,0.0,0.0,0.0,0.0,0.0,0.0,0.0,0.0,0.0,1.0,0.0,0.0,0.0,1.0,0.0,13.0,52.0,0.0,0.0,0.0,0.0,0.0,0.0,0.0,1.0,0.0,0.0,0.0,1.0,0.0,0.0,0.0,0.0,0.0,0.0,0.0,1.0,1.0,0.0,1.0,1.0,1.0,-1.0,1.0,1.0
151,7056.0,2.0,1.0,2.0,146.0,2.0,0.0,0.0,0.0,2.0,3.0,7.0,6.0,0.0,15.0,1.0,0.0,0.0,0.0,0.0,0.0,14.0,13.0,111.0,0.0,0.0,0.0,0.0476190476,0.0454545455,0.0,0.0,0.0,0.0,0.0,0.0,0.0,0.0,0.0,0.0,0.0,0.0,0.0,0.0,1.0,-1.0,1.0,1.0,1.0,1.0,0.0,0.0
152,7529.0,3.0,1.0,3.0,74.0,5.0,0.0,0.0,0.0,0.0,0.0,0.0,0.0,0.0,7.0,1.0,1.0,0.0,0.0,1.0,0.0,22.0,45.0,0.0,0.0,0.0,0.0,0.2727272727,0.9830508475,0.0,0.0,0.0,0.0,0.0,0.1188811189,0.0,0.0,0.0,0.0,0.0,1.0,0.0,0.0,1.0,0.0,-1.0,1.0,0.0,0.0,0.0,0.0
153,5152.0,2.0,0.0,4.0,75.0,0.0,0.0,0.0,0.0,4.0,0.0,0.0,0.0,0.0,5.0,1.0,1.0,0.0,0.0,0.0,0.0,14.0,54.0,0.0,0.0,0.0,0.0,0.0340136054,0.25,0.0,1.0,0.0,1.0,0.0,0.0136054422,0.0,0.0,0.0,0.0,0.0,0.0,0.0,0.0,1.0,0.0,0.0,0.0,1.0,1.0,0.0,0.0
154,9115.0,1.0,0.0,2.0,28.0,0.0,0.0,0.0,0.0,0.0,0.0,0.0,0.0,0.0,0.0,1.0,1.0,0.0,0.0,0.0,0.0,9.0,12.0,0.0,0.0,0.0,0.0,0.0947368421,0.625,0.0,0.0,0.0,0.0,0.0,0.0526315789,0.0,0.0,0.0,0.0,0.0,1.0,0.0,0.0,1.0,1.0,0.0,1.0,0.0,1.0,0.0,0.0
155,758.0,2.0,0.0,2.0,30.0,0.0,0.0,0.0,0.0,0.0,0.0,0.0,0.0,0.0,0.0,1.0,0.0,0.0,0.0,0.0,0.0,15.0,8.0,0.0,0.0,0.0,0.0,1.0,1.0,0.0,1.0,0.0,0.0,0.0,0.0,1.0,0.0,0.0,0.0,0.0,0.0,0.0,0.0,1.0,1.0,-1.0,1.0,-1.0,-1.0,1.0,1.0
156,1074.0,1.0,0.0,4.0,69.0,0.0,0.0,0.0,0.0,0.0,0.0,0.0,0.0,0.0,20.0,1.0,1.0,0.0,0.0,0.0,0.0,21.0,41.0,0.0,0.0,0.0,0.0,0.3076923077,1.0,0.0,1.0,0.0,0.0,0.0,0.0,0.0,0.0,0.0,0.0,0.0,0.0,0.0,0.0,1.0,0.0,1.0,1.0,-1.0,1.0,1.0,1.0
157,5243.0,3.0,1.0,5.0,62.0,0.0,0.0,0.0,0.0,0.0,0.0,0.0,0.0,0.0,0.0,1.0,1.0,0.0,0.0,1.0,0.0,27.0,28.0,0.0,0.0,0.0,0.0,0.7222222222,0.2647058824,0.0,1.0,0.0,0.0,0.0,0.0,0.0,0.0,0.0,0.0,1.0,1.0,0.0,1.0,1.0,0.0,1.0,1.0,0.0,-1.0,0.0,0.0
158,5968.0,2.0,1.0,2.0,37.0,1.0,0.0,0.0,0.0,0.0,0.0,0.0,0.0,0.0,0.0,1.0,0.0,0.0,0.0,0.0,0.0,13.0,17.0,0.0,0.0,0.0,0.0,0.0666666667,1.0,1.0,1.0,0.0,0.0,0.0,0.0,1.0,0.0,0.0,0.0,0.0,0.0,0.0,0.0,1.0,1.0,-1.0,1.0,-1.0,1.0,0.0,0.0
159,8236.0,1.0,0.0,3.0,90.0,10.0,0.0,0.0,0.0,0.0,0.0,0.0,0.0,0.0,8.0,1.0,1.0,0.0,0.0,1.0,0.0,16.0,67.0,0.0,0.0,0.0,0.0,0.247706422,0.9791666667,1.0,1.0,1.0,0.0,0.0,0.0091743119,0.0,0.0,0.0,0.0,0.0,1.0,0.0,0.0,1.0,-1.0,-1.0,1.0,-1.0,1.0,0.0,0.0
160,5142.0,2.0,0.0,4.0,105.0,4.0,0.0,0.0,0.0,1.0,0.0,0.0,0.0,0.0,17.0,1.0,1.0,0.0,0.0,1.0,0.0,11.0,87.0,0.0,0.0,0.0,0.0,0.2253521127,0.202020202,0.0,1.0,1.0,0.0,1.0,0.0246478873,0.0,0.0,0.0,0.0,1.0,1.0,0.0,0.0,1.0,-1.0,1.0,-1.0,0.0,1.0,0.0,0.0
161,4116.0,3.0,1.0,4.0,60.0,0.0,0.0,0.0,0.0,0.0,0.0,0.0,0.0,0.0,0.0,1.0,0.0,0.0,0.0,1.0,0.0,21.0,32.0,0.0,0.0,1.0,1.0,1.0,1.0,1.0,1.0,0.0,0.0,0.0,0.0,1.0,0.0,0.0,0.0,0.0,0.0,0.0,0.0,1.0,0.0,-1.0,1.0,-1.0,-1.0,1.0,1.0
162,8522.0,2.0,0.0,2.0,53.0,0.0,0.0,0.0,0.0,0.0,0.0,0.0,0.0,0.0,0.0,1.0,1.0,0.0,0.0,1.0,0.0,27.0,19.0,0.0,0.0,0.0,0.0,0.0740740741,0.1111111111,0.0,0.0,0.0,0.0,0.0,0.0,0.0,0.0,0.0,0.0,0.0,0.0,0.0,0.0,1.0,1.0,1.0,1.0,0.0,1.0,0.0,0.0
163,3139.0,2.0,1.0,3.0,68.0,1.0,1.0,0.0,0.0,0.0,0.0,0.0,0.0,0.0,15.0,1.0,1.0,0.0,0.0,1.0,0.0,21.0,40.0,0.0,0.0,0.0,0.0,0.0555555556,0.0909090909,0.0,1.0,1.0,0.0,0.0,0.9444444444,0.0,0.0,1.0,0.0,0.0,1.0,0.0,0.0,1.0,0.0,1.0,1.0,1.0,-1.0,1.0,1.0
164,6782.0,1.0,0.0,2.0,67.0,5.0,0.0,0.0,0.0,0.0,0.0,0.0,0.0,0.0,0.0,1.0,0.0,0.0,0.0,0.0,0.0,15.0,45.0,0.0,0.0,0.0,0.0,0.6746031746,0.7363636364,0.0,1.0,0.0,0.0,0.0,0.0555555556,0.0,0.0,0.0,0.0,1.0,1.0,0.0,0.0,1.0,0.0,-1.0,1.0,0.0,-1.0,0.0,0.0
165,8621.0,2.0,0.0,1.0,41.0,0.0,0.0,0.0,0.0,0.0,0.0,0.0,0.0,0.0,0.0,1.0,0.0,0.0,0.0,1.0,0.0,11.0,23.0,0.0,0.0,0.0,0.0,0.4848484848,0.5333333333,0.0,1.0,0.0,0.0,0.0,0.0303030303,0.0,0.0,0.0,0.0,0.0,1.0,0.0,0.0,1.0,1.0,0.0,1.0,0.0,0.0,0.0,0.0
166,8659.0,2.0,1.0,1.0,41.0,0.0,0.0,0.0,0.0,0.0,0.0,0.0,0.0,0.0,0.0,1.0,1.0,0.0,0.0,0.0,0.0,23.0,11.0,0.0,0.0,0.0,0.0,0.0256410256,0.1846153846,0.0,1.0,0.0,0.0,0.0,0.0256410256,0.0,0.0,0.0,0.0,0.0,1.0,0.0,0.0,1.0,1.0,1.0,1.0,0.0,1.0,0.0,0.0
167,2921.0,2.0,1.0,4.0,51.0,1.0,0.0,0.0,0.0,0.0,0.0,0.0,0.0,0.0,0.0,1.0,1.0,0.0,0.0,0.0,0.0,20.0,24.0,0.0,0.0,0.0,0.0,0.5,0.0,0.0,1.0,0.0,0.0,0.0,0.5,0.0,0.0,0.0,0.0,0.0,1.0,0.0,0.0,1.0,1.0,1.0,1.0,1.0,-1.0,1.0,1.0
168,5302.0,1.0,0.0,3.0,111.0,11.0,1.0,0.0,0.0,0.0,0.0,0.0,0.0,0.0,5.0,1.0,1.0,0.0,0.0,0.0,0.0,16.0,88.0,0.0,0.0,0.0,0.0,0.1732283465,0.2881355932,0.0,1.0,0.0,0.0,0.0,0.0078740157,0.0,0.0,0.0,0.0,1.0,1.0,0.0,0.0,1.0,-1.0,1.0,1.0,0.0,1.0,0.0,0.0
169,2226.0,2.0,0.0,3.0,202.0,3.0,0.0,0.0,0.0,6.0,0.0,6.0,5.0,0.0,5.0,1.0,0.0,0.0,0.0,1.0,0.0,14.0,34.0,146.0,0.0,1.0,0.0,0.0405405405,0.1785714286,0.0,1.0,0.0,1.0,0.0,0.0,0.0,0.0,0.0,0.0,0.0,0.0,0.0,0.0,1.0,-1.0,1.0,0.0,0.0,1.0,1.0,1.0
170,3021.0,2.0,1.0,3.0,42.0,0.0,0.0,0.0,0.0,0.0,0.0,0.0,0.0,0.0,0.0,1.0,0.0,0.0,0.0,0.0,0.0,21.0,14.0,0.0,0.0,0.0,0.0,0.0,0.0,0.0,1.0,0.0,0.0,0.0,0.0,0.0,0.0,0.0,0.0,0.0,0.0,0.0,0.0,1.0,1.0,1.0,1.0,1.0,1.0,1.0,1.0
171,2617.0,3.0,0.0,3.0,56.0,0.0,0.0,0.0,0.0,0.0,0.0,0.0,0.0,0.0,0.0,1.0,1.0,0.0,0.0,1.0,0.0,17.0,32.0,0.0,0.0,1.0,0.0,0.9090909091,0.2857142857,1.0,1.0,0.0,0.0,0.0,0.0909090909,0.0,0.0,0.0,0.0,0.0,1.0,0.0,0.0,1.0,0.0,1.0,1.0,0.0,-1.0,1.0,1.0
172,7746.0,3.0,1.0,5.0,139.0,16.0,0.0,0.0,0.0,0.0,0.0,0.0,0.0,0.0,8.0,1.0,1.0,0.0,0.0,1.0,0.0,17.0,115.0,0.0,0.0,0.0,0.0,0.045045045,0.025,0.0,1.0,1.0,0.0,0.0,0.0,0.0,0.0,0.0,0.0,0.0,0.0,0.0,0.0,1.0,-1.0,1.0,1.0,1.0,1.0,0.0,0.0
173,1706.0,3.0,1.0,7.0,93.0,1.0,0.0,0.0,0.0,0.0,0.0,0.0,0.0,0.0,21.0,1.0,1.0,0.0,0.0,1.0,0.0,22.0,64.0,0.0,0.0,0.0,0.0,0.0,0.125,0.0,1.0,1.0,0.0,0.0,0.9230769231,0.0,0.0,0.0,0.0,0.0,0.0,0.0,0.0,1.0,-1.0,1.0,1.0,1.0,-1.0,1.0,1.0
174,1293.0,3.0,1.0,3.0,39.0,0.0,0.0,0.0,0.0,0.0,0.0,0.0,0.0,0.0,0.0,1.0,1.0,0.0,0.0,0.0,0.0,12.0,20.0,0.0,0.0,0.0,0.0,0.0,0.0,0.0,1.0,0.0,0.0,0.0,0.0,0.0,0.0,0.0,0.0,0.0,0.0,0.0,0.0,1.0,1.0,1.0,1.0,1.0,1.0,1.0,1.0
175,3453.0,3.0,2.0,5.0,121.0,5.0,4.0,0.0,0.0,0.0,0.0,0.0,0.0,0.0,20.0,1.0,1.0,0.0,1.0,1.0,0.0,66.0,48.0,0.0,0.0,0.0,0.0,0.0555555556,0.0909090909,0.0,1.0,1.0,0.0,0.0,0.9444444444,0.0,0.0,1.0,0.0,0.0,1.0,0.0,0.0,0.0,-1.0,1.0,1.0,1.0,-1.0,1.0,1.0
176,7667.0,1.0,0.0,2.0,90.0,14.0,1.0,0.0,0.0,0.0,0.0,0.0,0.0,0.0,8.0,1.0,1.0,0.0,0.0,1.0,0.0,17.0,66.0,0.0,0.0,0.0,0.0,0.358490566,0.1666666667,0.0,1.0,0.0,0.0,0.0,0.0,0.0,0.0,0.0,0.0,0.0,1.0,0.0,0.0,1.0,-1.0,1.0,1.0,1.0,0.0,0.0,0.0
177,27.0,2.0,0.0,3.0,43.0,0.0,0.0,0.0,0.0,0.0,0.0,0.0,0.0,0.0,0.0,1.0,0.0,0.0,0.0,1.0,0.0,14.0,22.0,0.0,0.0,0.0,0.0,0.0,0.7857142857,0.0,1.0,0.0,0.0,0.0,1.0,1.0,0.0,0.0,0.0,0.0,1.0,0.0,0.0,1.0,1.0,-1.0,1.0,1.0,-1.0,1.0,1.0
178,1932.0,3.0,0.0,4.0,57.0,0.0,0.0,0.0,0.0,0.0,0.0,0.0,0.0,0.0,0.0,1.0,0.0,0.0,0.0,0.0,0.0,15.0,35.0,0.0,0.0,0.0,0.0,0.0,0.0,0.0,1.0,0.0,0.0,0.0,0.0,0.0,0.0,0.0,0.0,0.0,0.0,0.0,0.0,1.0,0.0,1.0,1.0,1.0,1.0,1.0,1.0
179,8665.0,2.0,0.0,1.0,45.0,0.0,0.0,0.0,0.0,0.0,0.0,0.0,0.0,0.0,0.0,1.0,1.0,0.0,0.0,0.0,0.0,19.0,19.0,0.0,0.0,0.0,0.0,0.0,0.0,0.0,0.0,0.0,0.0,0.0,0.0434782609,0.0,0.0,0.0,0.0,1.0,0.0,0.0,0.0,1.0,1.0,1.0,1.0,1.0,1.0,0.0,0.0
180,9495.0,2.0,1.0,2.0,32.0,0.0,0.0,0.0,0.0,0.0,0.0,0.0,0.0,0.0,0.0,1.0,0.0,0.0,0.0,0.0,0.0,15.0,10.0,0.0,0.0,0.0,0.0,0.0895522388,0.2162162162,0.0,1.0,1.0,0.0,1.0,0.0074626866,0.0,0.0,0.0,0.0,0.0,1.0,0.0,0.0,1.0,1.0,1.0,-1.0,0.0,1.0,0.0,0.0
181,8180.0,1.0,0.0,5.0,72.0,7.0,0.0,0.0,0.0,0.0,0.0,0.0,0.0,0.0,8.0,1.0,1.0,0.0,0.0,0.0,0.0,11.0,54.0,0.0,0.0,0.0,0.0,0.3905579399,1.0,1.0,1.0,1.0,0.0,0.0,0.1201716738,0.0,0.0,0.0,1.0,0.0,1.0,0.0,0.0,1.0,0.0,-1.0,1.0,-1.0,0.0,0.0,0.0
182,817.0,4.0,1.0,2.0,42.0,0.0,0.0,0.0,0.0,0.0,0.0,0.0,0.0,0.0,0.0,1.0,0.0,0.0,0.0,1.0,0.0,20.0,15.0,0.0,0.0,0.0,0.0,1.0,0.0952380952,0.0,1.0,0.0,0.0,0.0,0.0,0.0,0.0,0.0,0.0,0.0,1.0,0.0,0.0,1.0,1.0,1.0,1.0,1.0,-1.0,1.0,1.0
183,1528.0,2.0,1.0,0.0,30.0,0.0,0.0,0.0,0.0,0.0,0.0,0.0,0.0,0.0,3.0,1.0,0.0,0.0,0.0,0.0,0.0,22.0,1.0,0.0,0.0,0.0,0.0,0.0,0.0869565217,0.0,1.0,0.0,0.0,0.0,0.7,0.0,0.0,0.0,0.0,1.0,0.0,1.0,0.0,1.0,1.0,1.0,1.0,1.0,-1.0,1.0,1.0
184,5099.0,2.0,1.0,0.0,30.0,0.0,0.0,0.0,0.0,0.0,0.0,0.0,0.0,0.0,0.0,0.0,0.0,0.0,0.0,0.0,0.0,21.0,1.0,0.0,0.0,0.0,0.0,0.1375,0.1111111111,0.0,0.0,1.0,0.0,1.0,0.0125,0.0,0.0,0.0,0.0,0.0,0.0,0.0,0.0,1.0,1.0,1.0,-1.0,1.0,1.0,0.0,0.0
185,6216.0,4.0,1.0,2.0,91.0,0.0,0.0,0.0,0.0,0.0,0.0,2.0,1.0,0.0,2.0,1.0,1.0,0.0,0.0,0.0,0.0,15.0,25.0,43.0,0.0,0.0,0.0,0.0540540541,0.25,0.0,0.0,0.0,0.0,0.0,0.0,0.0,0.0,0.0,0.0,1.0,0.0,0.0,0.0,1.0,-1.0,1.0,1.0,0.0,1.0,0.0,0.0
186,4573.0,3.0,0.0,5.0,62.0,0.0,0.0,0.0,0.0,0.0,0.0,0.0,0.0,0.0,0.0,1.0,1.0,0.0,0.0,1.0,0.0,15.0,40.0,0.0,0.0,0.0,0.0,0.0,0.0,0.0,1.0,1.0,0.0,0.0,0.0,0.0,0.0,0.0,0.0,0.0,0.0,0.0,0.0,1.0,0.0,1.0,1.0,1.0,1.0,1.0,1.0
187,9107.0,1.0,0.0,2.0,54.0,2.0,0.0,0.0,0.0,0.0,0.0,0.0,0.0,0.0,6.0,1.0,1.0,0.0,0.0,0.0,0.0,13.0,34.0,0.0,0.0,0.0,0.0,0.1363636364,0.6,0.0,1.0,0.0,1.0,0.0,0.1363636364,0.0,0.0,0.0,0.0,0.0,1.0,0.0,0.0,1.0,0.0,0.0,0.0,0.0,1.0,0.0,0.0
188,5631.0,2.0,1.0,2.0,63.0,1.0,1.0,0.0,0.0,1.0,0.0,1.0,0.0,0.0,0.0,1.0,0.0,0.0,0.0,0.0,0.0,17.0,29.0,9.0,0.0,0.0,0.0,0.014084507,0.0,0.0,1.0,1.0,0.0,0.0,0.0,0.0,0.0,0.0,0.0,0.0,0.0,0.0,0.0,1.0,0.0,1.0,1.0,1.0,1.0,0.0,0.0
189,5971.0,1.0,0.0,2.0,79.0,8.0,0.0,0.0,0.0,0.0,0.0,0.0,0.0,0.0,1.0,1.0,0.0,0.0,0.0,1.0,0.0,10.0,62.0,0.0,0.0,0.0,0.0,0.1727272727,0.3943661972,0.0,1.0,1.0,1.0,0.0,0.0727272727,0.0,0.0,0.0,0.0,0.0,1.0,0.0,0.0,1.0,-1.0,1.0,0.0,0.0,1.0,0.0,0.0
190,1776.0,2.0,1.0,3.0,39.0,0.0,0.0,0.0,0.0,0.0,0.0,0.0,0.0,0.0,0.0,1.0,0.0,0.0,0.0,0.0,0.0,18.0,14.0,0.0,0.0,0.0,0.0,0.0,0.7857142857,0.0,1.0,0.0,0.0,0.0,1.0,1.0,0.0,0.0,0.0,0.0,1.0,0.0,0.0,1.0,1.0,-1.0,1.0,1.0,-1.0,1.0,1.0
191,1338.0,2.0,1.0,4.0,61.0,0.0,0.0,0.0,0.0,0.0,0.0,0.0,0.0,0.0,10.0,1.0,1.0,0.0,0.0,0.0,0.0,29.0,25.0,0.0,0.0,0.0,0.0,0.0,0.7857142857,0.0,1.0,0.0,0.0,0.0,1.0,1.0,0.0,0.0,0.0,0.0,1.0,0.0,0.0,1.0,0.0,-1.0,1.0,1.0,-1.0,1.0,1.0
192,5766.0,2.0,0.0,2.0,90.0,12.0,0.0,0.0,0.0,0.0,0.0,0.0,0.0,0.0,8.0,1.0,1.0,0.0,0.0,0.0,0.0,17.0,66.0,0.0,0.0,0.0,0.0,0.1008064516,0.0363636364,0.0,1.0,1.0,0.0,0.0,0.0080645161,0.0,0.0,0.0,0.0,0.0,0.0,0.0,0.0,1.0,-1.0,1.0,1.0,1.0,1.0,0.0,0.0
193,5731.0,2.0,1.0,3.0,78.0,4.0,0.0,0.0,0.0,0.0,0.0,0.0,0.0,0.0,17.0,1.0,1.0,0.0,0.0,0.0,0.0,23.0,48.0,0.0,0.0,0.0,0.0,0.1911764706,0.9777777778,1.0,1.0,0.0,1.0,0.0,0.0294117647,1.0,0.0,0.0,0.0,0.0,1.0,0.0,0.0,1.0,-1.0,-1.0,0.0,0.0,1.0,0.0,0.0
194,3367.0,2.0,1.0,4.0,62.0,1.0,0.0,0.0,0.0,0.0,0.0,0.0,0.0,0.0,0.0,1.0,0.0,0.0,0.0,0.0,0.0,32.0,23.0,0.0,0.0,0.0,0.0,0.0,0.0,0.0,1.0,0.0,0.0,0.0,0.0,0.0,0.0,0.0,0.0,0.0,0.0,0.0,0.0,1.0,0.0,1.0,1.0,1.0,1.0,1.0,1.0
195,4695.0,3.0,1.0,5.0,66.0,1.0,0.0,0.0,0.0,0.0,0.0,0.0,0.0,0.0,0.0,1.0,0.0,0.0,0.0,0.0,0.0,20.0,39.0,0.0,0.0,0.0,1.0,0.8666666667,1.0,0.0,1.0,0.0,0.0,0.0,0.0,1.0,0.0,0.0,0.0,0.0,0.0,0.0,0.0,1.0,0.0,-1.0,1.0,-1.0,-1.0,1.0,1.0
196,5123.0,1.0,0.0,5.0,117.0,17.0,0.0,0.0,0.0,0.0,0.0,0.0,0.0,0.0,12.0,1.0,1.0,0.0,0.0,1.0,0.0,11.0,99.0,0.0,0.0,0.0,0.0,0.3194444444,1.0,1.0,1.0,1.0,0.0,0.0,0.0833333333,0.0,0.0,0.0,0.0,0.0,0.0,0.0,0.0,1.0,-1.0,-1.0,1.0,-1.0,0.0,0.0,0.0
197,1141.0,1.0,0.0,4.0,45.0,0.0,0.0,0.0,0.0,0.0,0.0,0.0,0.0,0.0,0.0,1.0,0.0,0.0,0.0,0.0,0.0,19.0,19.0,0.0,0.0,0.0,0.0,0.0,0.0,0.0,1.0,0.0,0.0,0.0,0.0,0.0,0.0,0.0,0.0,0.0,0.0,0.0,0.0,1.0,1.0,1.0,1.0,1.0,1.0,1.0,1.0
198,2283.0,4.0,1.0,5.0,80.0,0.0,0.0,0.0,0.0,1.0,0.0,0.0,0.0,0.0,0.0,1.0,0.0,0.0,0.0,0.0,0.0,33.0,40.0,0.0,0.0,0.0,0.0,0.0,0.0,0.0,1.0,0.0,0.0,0.0,0.0,0.0,0.0,0.0,0.0,0.0,0.0,0.0,0.0,1.0,-1.0,1.0,1.0,1.0,1.0,1.0,1.0
199,554.0,3.0,1.0,1.0,36.0,0.0,0.0,0.0,0.0,0.0,0.0,0.0,0.0,0.0,0.0,1.0,0.0,0.0,0.0,0.0,0.0,20.0,9.0,0.0,0.0,0.0,0.0,0.0,1.0,0.0,1.0,1.0,0.0,0.0,0.0,1.0,0.0,0.0,0.0,0.0,0.0,0.0,0.0,1.0,1.0,-1.0,1.0,-1.0,1.0,1.0,1.0
200,4161.0,2.0,0.0,4.0,191.0,2.0,0.0,0.0,0.0,7.0,0.0,2.0,2.0,0.0,24.0,1.0,1.0,0.0,0.0,0.0,0.0,24.0,64.0,95.0,0.0,0.0,0.0,0.0,0.2,0.0,1.0,1.0,0.0,0.0,0.0,0.0,0.0,0.0,0.0,0.0,0.0,0.0,0.0,1.0,-1.0,1.0,1.0,0.0,1.0,1.0,1.0
201,9633.0,3.0,1.0,2.0,42.0,0.0,0.0,0.0,0.0,0.0,0.0,0.0,0.0,0.0,0.0,1.0,1.0,0.0,0.0,0.0,0.0,20.0,15.0,0.0,0.0,0.0,0.0,0.2549019608,0.2962962963,0.0,0.0,0.0,0.0,0.0,0.0784313725,0.0,0.0,0.0,0.0,0.0,0.0,0.0,0.0,1.0,1.0,1.0,1.0,0.0,0.0,0.0,0.0
202,7687.0,2.0,1.0,4.0,89.0,6.0,0.0,0.0,0.0,0.0,0.0,0.0,0.0,0.0,3.0,1.0,1.0,0.0,0.0,0.0,0.0,21.0,61.0,0.0,0.0,0.0,0.0,0.072519084,0.5892857143,0.0,1.0,0.0,0.0,0.0,0.1335877863,0.0,0.0,0.0,0.0,0.0,1.0,0.0,0.0,1.0,-1.0,1.0,1.0,0.0,1.0,0.0,0.0
203,6152.0,1.0,0.0,2.0,94.0,8.0,0.0,0.0,0.0,0.0,0.0,0.0,0.0,0.0,3.0,1.0,0.0,0.0,0.0,0.0,0.0,13.0,74.0,0.0,0.0,0.0,0.0,0.201754386,0.9230769231,1.0,1.0,0.0,0.0,0.0,0.0877192982,0.0,0.0,0.0,0.0,0.0,1.0,0.0,0.0,1.0,-1.0,-1.0,1.0,-1.0,1.0,0.0,0.0
204,9479.0,3.0,1.0,3.0,59.0,3.0,0.0,0.0,0.0,0.0,0.0,0.0,0.0,0.0,1.0,1.0,1.0,0.0,0.0,1.0,0.0,15.0,37.0,0.0,0.0,0.0,0.0,0.0416666667,0.4,0.0,1.0,1.0,0.0,0.0,0.0208333333,0.0,0.0,0.0,0.0,0.0,1.0,0.0,0.0,1.0,0.0,1.0,1.0,0.0,1.0,0.0,0.0
205,9158.0,2.0,0.0,1.0,40.0,0.0,0.0,0.0,0.0,1.0,0.0,1.0,0.0,0.0,5.0,1.0,1.0,0.0,0.0,0.0,0.0,9.0,10.0,13.0,0.0,0.0,0.0,0.3048780488,0.3103448276,0.0,1.0,0.0,0.0,0.0,0.0,0.0,0.0,0.0,0.0,0.0,0.0,0.0,0.0,1.0,1.0,1.0,1.0,0.0,1.0,0.0,0.0
206,1676.0,2.0,0.0,4.0,54.0,1.0,0.0,0.0,0.0,0.0,0.0,0.0,0.0,0.0,0.0,1.0,0.0,0.0,0.0,0.0,0.0,20.0,27.0,0.0,0.0,0.0,0.0,0.0,1.0,1.0,1.0,0.0,0.0,0.0,0.0,1.0,1.0,0.0,0.0,0.0,0.0,0.0,0.0,1.0,0.0,-1.0,1.0,-1.0,1.0,1.0,1.0
207,1028.0,4.0,0.0,3.0,65.0,0.0,0.0,0.0,0.0,1.0,0.0,4.0,4.0,0.0,11.0,1.0,0.0,1.0,0.0,0.0,0.0,12.0,22.0,23.0,0.0,0.0,0.0,0.375,0.0,0.0,1.0,0.0,0.0,0.0,0.0,1.0,0.0,0.0,0.0,0.0,0.0,0.0,0.0,1.0,0.0,1.0,1.0,0.0,0.0,1.0,1.0
208,3493.0,2.0,1.0,3.0,71.0,0.0,0.0,0.0,0.0,0.0,0.0,0.0,0.0,0.0,17.0,1.0,1.0,0.0,0.0,1.0,0.0,27.0,37.0,0.0,0.0,0.0,0.0,0.0,0.7857142857,0.0,1.0,0.0,0.0,0.0,1.0,1.0,0.0,0.0,0.0,0.0,1.0,0.0,0.0,1.0,0.0,-1.0,1.0,1.0,-1.0,1.0,1.0
209,2155.0,2.0,0.0,2.0,47.0,0.0,0.0,0.0,0.0,0.0,0.0,0.0,0.0,0.0,0.0,1.0,0.0,0.0,0.0,0.0,0.0,17.0,23.0,0.0,0.0,0.0,0.0,0.0,0.0,0.0,1.0,1.0,0.0,0.0,0.0,0.0,0.0,0.0,0.0,0.0,0.0,1.0,0.0,1.0,1.0,1.0,1.0,1.0,1.0,1.0,1.0
210,8072.0,3.0,1.0,16.0,105.0,0.0,0.0,0.0,0.0,0.0,0.0,0.0,0.0,0.0,22.0,1.0,1.0,0.0,0.0,1.0,0.0,19.0,79.0,0.0,0.0,0.0,0.0,0.0882352941,0.0508474576,0.0,1.0,0.0,0.0,0.0,0.0661764706,0.0,0.0,0.0,0.0,0.0,1.0,0.0,0.0,1.0,-1.0,1.0,1.0,1.0,1.0,0.0,0.0
211,7751.0,2.0,1.0,3.0,113.0,11.0,0.0,0.0,0.0,0.0,0.0,0.0,0.0,0.0,3.0,1.0,1.0,0.0,0.0,1.0,0.0,24.0,82.0,0.0,0.0,0.0,0.0,0.0614886731,0.2,0.0,1.0,1.0,1.0,1.0,0.0,0.0,0.0,0.0,0.0,0.0,1.0,0.0,0.0,1.0,-1.0,1.0,0.0,0.0,1.0,0.0,0.0
212,4109.0,2.0,0.0,3.0,46.0,0.0,0.0,0.0,0.0,0.0,0.0,0.0,0.0,0.0,0.0,1.0,0.0,0.0,0.0,1.0,0.0,19.0,20.0,0.0,0.0,0.0,0.0,1.0,1.0,0.0,1.0,0.0,0.0,0.0,0.0,1.0,0.0,0.0,0.0,0.0,0.0,0.0,0.0,1.0,1.0,-1.0,1.0,-1.0,-1.0,1.0,1.0
213,2285.0,3.0,1.0,3.0,55.0,1.0,0.0,0.0,0.0,0.0,0.0,0.0,0.0,0.0,0.0,1.0,0.0,0.0,0.0,0.0,0.0,20.0,28.0,0.0,0.0,0.0,0.0,1.0,1.0,0.0,1.0,0.0,1.0,0.0,0.0,1.0,0.0,0.0,0.0,0.0,1.0,0.0,0.0,1.0,0.0,-1.0,0.0,-1.0,-1.0,1.0,1.0
214,4189.0,3.0,1.0,2.0,66.0,4.0,4.0,0.0,0.0,0.0,0.0,0.0,0.0,0.0,1.0,1.0,1.0,0.0,0.0,0.0,0.0,37.0,22.0,0.0,0.0,0.0,0.0,0.9230769231,1.0,0.0,1.0,0.0,0.0,0.0,0.0,1.0,0.0,0.0,0.0,0.0,0.0,0.0,0.0,1.0,0.0,1.0,1.0,-1.0,-1.0,1.0,1.0
215,9249.0,2.0,1.0,1.0,50.0,5.0,0.0,0.0,0.0,0.0,0.0,0.0,0.0,0.0,0.0,1.0,0.0,0.0,0.0,0.0,0.0,23.0,20.0,0.0,0.0,0.0,0.0,0.0516717325,0.2317073171,0.0,1.0,1.0,0.0,0.0,0.009118541,0.0,0.0,0.0,0.0,1.0,1.0,0.0,0.0,1.0,1.0,1.0,1.0,0.0,1.0,0.0,0.0
216,3590.0,2.0,1.0,6.0,107.0,1.0,0.0,0.0,0.0,0.0,0.0,0.0,0.0,0.0,23.0,1.0,1.0,0.0,0.0,1.0,0.0,34.0,66.0,0.0,0.0,0.0,0.0,0.0,0.7857142857,0.0,1.0,0.0,0.0,0.0,1.0,1.0,0.0,0.0,0.0,0.0,1.0,0.0,0.0,1.0,-1.0,-1.0,1.0,1.0,-1.0,1.0,1.0
217,3253.0,2.0,1.0,3.0,41.0,0.0,0.0,0.0,0.0,0.0,0.0,0.0,0.0,0.0,0.0,1.0,1.0,0.0,0.0,0.0,0.0,19.0,15.0,0.0,0.0,0.0,0.0,0.0,0.7857142857,0.0,1.0,0.0,0.0,0.0,1.0,1.0,0.0,0.0,0.0,0.0,1.0,0.0,0.0,1.0,1.0,-1.0,1.0,1.0,-1.0,1.0,1.0
218,8820.0,1.0,0.0,3.0,49.0,1.0,0.0,0.0,0.0,0.0,0.0,0.0,0.0,0.0,0.0,1.0,0.0,0.0,0.0,0.0,0.0,20.0,22.0,0.0,0.0,0.0,0.0,0.0,0.5,0.0,0.0,0.0,0.0,0.0,0.0,0.0,0.0,0.0,0.0,0.0,0.0,0.0,0.0,1.0,1.0,1.0,1.0,0.0,1.0,0.0,0.0
219,1359.0,1.0,0.0,6.0,59.0,1.0,0.0,0.0,0.0,0.0,0.0,0.0,0.0,0.0,0.0,1.0,1.0,0.0,0.0,1.0,0.0,15.0,37.0,0.0,0.0,0.0,0.0,0.0,0.0,0.0,1.0,1.0,0.0,0.0,1.0,0.0,0.0,0.0,0.0,0.0,0.0,0.0,0.0,1.0,0.0,1.0,1.0,1.0,-1.0,1.0,1.0
220,8123.0,2.0,0.0,2.0,74.0,5.0,0.0,0.0,0.0,0.0,0.0,0.0,0.0,0.0,7.0,1.0,1.0,0.0,0.0,0.0,0.0,14.0,53.0,0.0,0.0,0.0,0.0,0.2093023256,0.328125,0.0,1.0,0.0,0.0,0.0,0.0813953488,0.0,0.0,0.0,0.0,0.0,1.0,0.0,0.0,1.0,0.0,1.0,1.0,0.0,1.0,0.0,0.0
221,944.0,2.0,0.0,5.0,75.0,0.0,0.0,0.0,0.0,0.0,0.0,1.0,0.0,0.0,3.0,1.0,0.0,0.0,0.0,0.0,0.0,12.0,36.0,19.0,0.0,0.0,0.0,0.0,0.8823529412,1.0,1.0,1.0,0.0,0.0,0.0,0.0,0.0,0.0,0.0,0.0,0.0,0.0,0.0,1.0,0.0,-1.0,1.0,-1.0,1.0,1.0,1.0
222,7883.0,1.0,0.0,5.0,99.0,0.0,0.0,0.0,0.0,2.0,0.0,0.0,0.0,0.0,7.0,1.0,1.0,0.0,0.0,1.0,0.0,33.0,59.0,0.0,0.0,0.0,0.0,0.03125,0.75,0.0,1.0,0.0,0.0,0.0,0.003125,0.0,0.0,0.0,0.0,1.0,0.0,0.0,0.0,1.0,-1.0,-1.0,1.0,0.0,1.0,0.0,0.0
223,1745.0,1.0,0.0,3.0,35.0,0.0,0.0,0.0,0.0,0.0,0.0,0.0,0.0,0.0,0.0,1.0,0.0,0.0,0.0,0.0,0.0,9.0,19.0,0.0,0.0,0.0,0.0,1.0,0.1428571429,1.0,1.0,0.0,0.0,0.0,0.0,0.0,0.0,0.0,0.0,0.0,1.0,0.0,0.0,1.0,1.0,1.0,1.0,0.0,-1.0,1.0,1.0
224,2290.0,2.0,0.0,3.0,45.0,0.0,0.0,0.0,0.0,0.0,0.0,0.0,0.0,0.0,4.0,1.0,1.0,0.0,0.0,0.0,0.0,11.0,27.0,0.0,0.0,0.0,0.0,0.0,0.0,0.0,1.0,1.0,0.0,0.0,1.0,0.0,0.0,0.0,0.0,0.0,0.0,0.0,0.0,1.0,1.0,1.0,1.0,1.0,-1.0,1.0,1.0
225,6300.0,3.0,1.0,3.0,75.0,6.0,0.0,0.0,0.0,0.0,0.0,0.0,0.0,0.0,6.0,1.0,1.0,0.0,0.0,1.0,0.0,20.0,48.0,0.0,0.0,0.0,0.0,0.2206303725,0.9701492537,0.0,1.0,0.0,1.0,0.0,0.0085959885,0.0,0.0,0.0,0.0,1.0,1.0,0.0,0.0,1.0,0.0,-1.0,0.0,-1.0,1.0,0.0,0.0
226,4684.0,3.0,0.0,6.0,73.0,1.0,0.0,0.0,0.0,0.0,0.0,0.0,0.0,0.0,0.0,1.0,0.0,0.0,0.0,0.0,0.0,14.0,52.0,0.0,0.0,0.0,0.0,0.0,0.0,0.0,1.0,0.0,0.0,0.0,0.0,0.0,0.0,0.0,0.0,0.0,0.0,0.0,0.0,1.0,0.0,1.0,1.0,1.0,1.0,1.0,1.0
227,3821.0,4.0,1.0,9.0,135.0,1.0,0.0,0.0,1.0,0.0,0.0,0.0,0.0,0.0,23.0,1.0,1.0,0.0,0.0,1.0,0.0,18.0,110.0,0.0,0.0,1.0,0.0,0.0,0.0,0.0,1.0,0.0,0.0,0.0,0.0,0.0,0.0,0.0,0.0,0.0,0.0,0.0,0.0,1.0,-1.0,1.0,1.0,1.0,1.0,1.0,1.0
228,282.0,1.0,0.0,5.0,62.0,1.0,0.0,0.0,0.0,0.0,0.0,0.0,0.0,0.0,0.0,1.0,1.0,0.0,0.0,0.0,0.0,18.0,37.0,0.0,0.0,0.0,0.0,0.9230769231,1.0,0.0,1.0,0.0,0.0,0.0,0.0,1.0,0.0,0.0,0.0,0.0,0.0,0.0,0.0,1.0,0.0,1.0,1.0,-1.0,-1.0,1.0,1.0
229,99.0,3.0,1.0,5.0,70.0,0.0,0.0,0.0,0.0,0.0,0.0,0.0,0.0,0.0,0.0,1.0,0.0,0.0,0.0,0.0,0.0,26.0,37.0,0.0,0.0,0.0,0.0,0.0,0.0,0.0,1.0,1.0,0.0,1.0,0.0,0.0,0.0,0.0,0.0,0.0,0.0,0.0,0.0,1.0,0.0,1.0,-1.0,1.0,1.0,1.0,1.0
230,2511.0,3.0,0.0,3.0,51.0,0.0,0.0,0.0,0.0,0.0,0.0,0.0,0.0,0.0,4.0,1.0,1.0,0.0,0.0,0.0,0.0,16.0,28.0,0.0,0.0,0.0,0.0,0.0,0.0,0.0,1.0,1.0,0.0,0.0,1.0,0.0,0.0,0.0,0.0,0.0,0.0,0.0,0.0,1.0,1.0,1.0,1.0,1.0,-1.0,1.0,1.0
231,5961.0,3.0,1.0,4.0,80.0,1.0,0.0,0.0,0.0,0.0,0.0,0.0,0.0,0.0,1.0,1.0,0.0,0.0,0.0,0.0,0.0,15.0,58.0,0.0,0.0,0.0,0.0,0.1224489796,0.6764705882,0.0,1.0,0.0,0.0,0.0,0.1020408163,0.0,0.0,0.0,0.0,0.0,0.0,0.0,0.0,1.0,-1.0,0.0,1.0,0.0,1.0,0.0,0.0
232,2494.0,2.0,0.0,6.0,60.0,0.0,0.0,0.0,0.0,0.0,0.0,0.0,0.0,0.0,0.0,1.0,1.0,0.0,0.0,0.0,0.0,12.0,41.0,0.0,0.0,0.0,0.0,0.0,0.0,0.0,1.0,0.0,0.0,0.0,0.0,0.0,0.0,0.0,0.0,0.0,0.0,0.0,0.0,1.0,0.0,1.0,1.0,1.0,1.0,1.0,1.0
233,1732.0,1.0,0.0,3.0,64.0,0.0,0.0,0.0,0.0,0.0,0.0,0.0,0.0,0.0,20.0,1.0,1.0,0.0,0.0,0.0,0.0,19.0,38.0,0.0,0.0,0.0,0.0,0.0,0.0,0.0,1.0,0.0,0.0,0.0,0.0,0.0,0.0,0.0,0.0,0.0,0.0,0.0,0.0,1.0,0.0,1.0,1.0,1.0,1.0,1.0,1.0
234,6236.0,2.0,1.0,4.0,93.0,6.0,0.0,0.0,0.0,0.0,0.0,0.0,0.0,0.0,0.0,1.0,1.0,0.0,0.0,1.0,0.0,29.0,57.0,0.0,0.0,0.0,0.0,0.1359649123,0.7796610169,0.0,1.0,1.0,0.0,1.0,0.0394736842,0.0,0.0,0.0,0.0,0.0,1.0,0.0,0.0,1.0,-1.0,0.0,-1.0,-1.0,1.0,0.0,0.0
235,3144.0,2.0,1.0,7.0,100.0,2.0,1.0,0.0,0.0,0.0,0.0,0.0,0.0,0.0,21.0,1.0,1.0,0.0,0.0,0.0,0.0,15.0,78.0,0.0,0.0,0.0,1.0,0.8590604027,0.9811320755,0.0,1.0,0.0,0.0,0.0,0.0604026846,1.0,0.0,0.0,0.0,0.0,0.0,0.0,0.0,1.0,-1.0,-1.0,1.0,-1.0,-1.0,1.0,1.0
236,3851.0,3.0,0.0,7.0,110.0,0.0,0.0,0.0,0.0,2.0,0.0,3.0,2.0,0.0,0.0,1.0,0.0,0.0,0.0,1.0,0.0,18.0,33.0,51.0,0.0,0.0,0.0,0.6721311475,0.9574468085,0.0,1.0,1.0,0.0,1.0,0.0,1.0,0.0,0.0,0.0,0.0,1.0,0.0,0.0,1.0,-1.0,-1.0,-1.0,-1.0,-1.0,1.0,1.0
237,7810.0,2.0,0.0,6.0,67.0,3.0,0.0,0.0,0.0,0.0,0.0,0.0,0.0,0.0,8.0,1.0,1.0,0.0,0.0,0.0,0.0,13.0,47.0,0.0,0.0,0.0,0.0,0.5677966102,0.6486486486,0.0,1.0,0.0,0.0,0.0,0.0508474576,0.0,0.0,0.0,0.0,0.0,1.0,0.0,0.0,1.0,0.0,-1.0,1.0,0.0,0.0,0.0,0.0
238,8113.0,4.0,1.0,3.0,106.0,2.0,0.0,0.0,0.0,5.0,0.0,0.0,0.0,0.0,7.0,1.0,1.0,0.0,0.0,1.0,0.0,24.0,75.0,0.0,0.0,0.0,0.0,0.0898876404,1.0,1.0,1.0,0.0,0.0,0.0,0.0,0.0,0.0,0.0,0.0,1.0,0.0,0.0,0.0,1.0,-1.0,-1.0,1.0,-1.0,1.0,0.0,0.0
239,5711.0,2.0,1.0,4.0,62.0,1.0,0.0,0.0,0.0,0.0,0.0,0.0,0.0,0.0,2.0,1.0,0.0,0.0,0.0,0.0,0.0,23.0,32.0,0.0,0.0,0.0,0.0,0.2469135802,0.1764705882,0.0,1.0,0.0,0.0,0.0,0.012345679,0.0,0.0,0.0,0.0,0.0,1.0,0.0,0.0,1.0,0.0,1.0,1.0,0.0,1.0,0.0,0.0
240,7820.0,1.0,0.0,1.0,73.0,3.0,0.0,0.0,0.0,0.0,0.0,3.0,2.0,0.0,16.0,1.0,1.0,0.0,0.0,1.0,0.0,17.0,24.0,24.0,0.0,0.0,0.0,0.2357142857,0.4230769231,0.0,1.0,0.0,0.0,0.0,0.0,0.0,0.0,0.0,0.0,0.0,1.0,0.0,0.0,1.0,0.0,0.0,1.0,0.0,1.0,0.0,0.0
241,3901.0,1.0,0.0,3.0,30.0,0.0,0.0,0.0,0.0,0.0,0.0,0.0,0.0,0.0,0.0,1.0,0.0,0.0,0.0,0.0,0.0,14.0,9.0,0.0,0.0,0.0,0.0,0.3333333333,0.1818181818,1.0,1.0,0.0,0.0,0.0,0.6666666667,0.0,0.0,0.0,0.0,0.0,0.0,0.0,0.0,1.0,1.0,1.0,1.0,0.0,-1.0,1.0,1.0
242,6422.0,1.0,0.0,7.0,89.0,3.0,0.0,0.0,0.0,1.0,0.0,0.0,0.0,0.0,6.0,1.0,1.0,0.0,0.0,1.0,0.0,7.0,75.0,0.0,0.0,0.0,0.0,0.0357142857,0.1666666667,0.0,1.0,1.0,0.0,0.0,0.0357142857,0.0,0.0,0.0,0.0,1.0,0.0,0.0,0.0,1.0,-1.0,1.0,1.0,0.0,1.0,0.0,0.0
243,3246.0,1.0,0.0,3.0,34.0,0.0,0.0,0.0,0.0,0.0,0.0,0.0,0.0,0.0,0.0,1.0,0.0,0.0,0.0,1.0,0.0,14.0,13.0,0.0,0.0,0.0,0.0,0.6,0.0555555556,1.0,1.0,0.0,0.0,0.0,0.4,0.0,0.0,0.0,0.0,0.0,1.0,0.0,0.0,1.0,1.0,1.0,1.0,0.0,-1.0,1.0,1.0
244,9739.0,2.0,1.0,3.0,52.0,1.0,1.0,0.0,0.0,0.0,0.0,0.0,0.0,0.0,0.0,1.0,0.0,0.0,0.0,1.0,0.0,28.0,17.0,0.0,0.0,0.0,0.0,0.1688311688,0.4210526316,0.0,1.0,1.0,0.0,0.0,0.0519480519,0.0,0.0,0.0,0.0,0.0,1.0,0.0,0.0,1.0,1.0,0.0,1.0,0.0,1.0,0.0,0.0
245,3744.0,6.0,1.0,4.0,71.0,1.0,0.0,0.0,0.0,0.0,0.0,0.0,0.0,0.0,0.0,1.0,0.0,0.0,0.0,1.0,0.0,16.0,48.0,0.0,0.0,1.0,1.0,1.0,0.9,1.0,1.0,0.0,0.0,0.0,0.0,1.0,0.0,0.0,0.0,0.0,0.0,0.0,0.0,1.0,0.0,-1.0,1.0,-1.0,-1.0,1.0,1.0
246,903.0,4.0,1.0,6.0,75.0,0.0,0.0,0.0,0.0,0.0,0.0,0.0,0.0,0.0,0.0,1.0,0.0,0.0,0.0,0.0,0.0,31.0,37.0,0.0,0.0,0.0,0.0,0.0,0.0,0.0,1.0,0.0,0.0,0.0,0.0,0.0,0.0,0.0,0.0,0.0,0.0,0.0,0.0,1.0,0.0,1.0,1.0,1.0,1.0,1.0,1.0
247,8789.0,1.0,0.0,3.0,47.0,2.0,0.0,0.0,0.0,1.0,0.0,0.0,0.0,0.0,9.0,1.0,1.0,0.0,0.0,1.0,0.0,19.0,21.0,0.0,0.0,0.0,0.0,0.0,0.0,0.0,1.0,0.0,0.0,0.0,0.0,0.0,0.0,0.0,0.0,0.0,0.0,0.0,0.0,1.0,1.0,1.0,1.0,1.0,1.0,0.0,0.0
248,8995.0,1.0,0.0,4.0,32.0,0.0,0.0,0.0,0.0,0.0,0.0,0.0,0.0,0.0,3.0,1.0,0.0,0.0,0.0,1.0,0.0,12.0,13.0,0.0,0.0,0.0,0.0,0.075,0.1470588235,0.0,1.0,0.0,0.0,0.0,0.175,0.0,0.0,0.0,0.0,0.0,0.0,0.0,0.0,1.0,1.0,1.0,1.0,1.0,1.0,0.0,0.0
249,6739.0,1.0,0.0,2.0,86.0,4.0,0.0,0.0,0.0,1.0,0.0,1.0,0.0,0.0,2.0,1.0,0.0,0.0,0.0,0.0,0.0,17.0,48.0,13.0,0.0,0.0,0.0,0.5,0.7125,0.0,1.0,1.0,0.0,0.0,0.0,0.0,0.0,0.0,0.0,0.0,1.0,0.0,0.0,1.0,-1.0,0.0,1.0,0.0,0.0,0.0,0.0
250,6551.0,2.0,0.0,4.0,119.0,0.0,0.0,0.0,0.0,0.0,0.0,4.0,3.0,0.0,7.0,1.0,0.0,0.0,0.0,0.0,0.0,21.0,44.0,46.0,0.0,0.0,0.0,0.0761904762,0.1162790698,0.0,1.0,1.0,0.0,0.0,0.0,0.0,0.0,0.0,0.0,0.0,1.0,0.0,0.0,1.0,-1.0,1.0,1.0,0.0,1.0,0.0,0.0
251,7134.0,1.0,0.0,4.0,71.0,4.0,0.0,0.0,0.0,0.0,0.0,0.0,0.0,0.0,0.0,1.0,0.0,0.0,0.0,1.0,0.0,13.0,51.0,0.0,0.0,0.0,0.0,0.0776699029,0.1,0.0,0.0,0.0,0.0,0.0,0.0,0.0,0.0,0.0,0.0,0.0,1.0,0.0,0.0,1.0,0.0,1.0,1.0,1.0,1.0,0.0,0.0
252,1209.0,1.0,0.0,4.0,64.0,0.0,0.0,0.0,0.0,0.0,0.0,0.0,0.0,0.0,19.0,1.0,1.0,0.0,0.0,0.0,0.0,14.0,43.0,0.0,0.0,0.0,0.0,0.0,0.0,0.0,1.0,1.0,0.0,0.0,1.0,0.0,0.0,0.0,0.0,0.0,0.0,0.0,0.0,1.0,0.0,1.0,1.0,1.0,-1.0,1.0,1.0
253,8720.0,1.0,0.0,3.0,42.0,0.0,0.0,0.0,0.0,0.0,0.0,0.0,0.0,0.0,5.0,1.0,1.0,0.0,0.0,1.0,0.0,15.0,20.0,0.0,0.0,0.0,0.0,0.4275862069,0.2,0.0,1.0,0.0,0.0,0.0,0.0206896552,0.0,0.0,0.0,0.0,0.0,0.0,0.0,0.0,1.0,1.0,1.0,1.0,0.0,0.0,0.0,0.0
254,8167.0,3.0,1.0,3.0,79.0,0.0,0.0,0.0,0.0,1.0,0.0,0.0,0.0,0.0,10.0,1.0,1.0,0.0,0.0,0.0,0.0,20.0,52.0,0.0,0.0,0.0,0.0,0.1897590361,0.3157894737,0.0,1.0,0.0,1.0,0.0,0.015060241,0.0,0.0,0.0,0.0,0.0,1.0,0.0,0.0,1.0,-1.0,1.0,0.0,0.0,1.0,0.0,0.0
255,6195.0,3.0,1.0,1.0,90.0,6.0,0.0,0.0,0.0,0.0,0.0,0.0,0.0,0.0,13.0,1.0,1.0,0.0,0.0,1.0,0.0,26.0,57.0,0.0,0.0,0.0,0.0,0.3043478261,0.9090909091,1.0,0.0,0.0,0.0,0.0,0.0,0.0,0.0,0.0,0.0,0.0,1.0,0.0,0.0,1.0,-1.0,-1.0,1.0,0.0,1.0,0.0,0.0
256,3307.0,2.0,1.0,2.0,48.0,0.0,0.0,0.0,0.0,0.0,0.0,0.0,0.0,0.0,0.0,1.0,0.0,0.0,0.0,0.0,0.0,31.0,10.0,0.0,0.0,0.0,0.0,0.0,0.7857142857,0.0,1.0,0.0,0.0,0.0,1.0,1.0,0.0,0.0,0.0,0.0,1.0,0.0,0.0,1.0,1.0,-1.0,1.0,1.0,-1.0,1.0,1.0
257,5175.0,2.0,0.0,3.0,105.0,5.0,0.0,0.0,0.0,0.0,0.0,0.0,0.0,0.0,13.0,1.0,1.0,0.0,0.0,1.0,0.0,17.0,81.0,0.0,0.0,0.0,0.0,0.28125,0.0743243243,0.0,1.0,0.0,0.0,0.0,0.0208333333,0.0,0.0,0.0,0.0,0.0,0.0,0.0,0.0,1.0,-1.0,1.0,1.0,0.0,1.0,0.0,0.0
258,5384.0,2.0,0.0,2.0,71.0,3.0,0.0,0.0,0.0,1.0,0.0,2.0,1.0,0.0,8.0,1.0,0.0,0.0,0.0,1.0,0.0,12.0,27.0,24.0,0.0,0.0,0.0,0.0491803279,0.2456140351,0.0,1.0,0.0,0.0,0.0,0.0,0.0,0.0,0.0,0.0,0.0,0.0,0.0,0.0,1.0,0.0,1.0,1.0,0.0,1.0,0.0,0.0
259,191.0,4.0,2.0,1.0,50.0,0.0,0.0,0.0,0.0,0.0,0.0,0.0,0.0,0.0,0.0,1.0,0.0,0.0,0.0,0.0,0.0,28.0,15.0,0.0,0.0,0.0,0.0,1.0,1.0,0.0,1.0,0.0,0.0,0.0,0.0,1.0,0.0,0.0,0.0,0.0,1.0,0.0,0.0,0.0,1.0,-1.0,1.0,1.0,-1.0,1.0,1.0
260,9491.0,3.0,1.0,2.0,50.0,0.0,0.0,0.0,0.0,0.0,0.0,1.0,0.0,0.0,1.0,1.0,1.0,0.0,0.0,1.0,0.0,19.0,20.0,3.0,0.0,0.0,0.0,0.0434782609,0.8837209302,1.0,1.0,1.0,0.0,0.0,0.0,0.0,0.0,0.0,0.0,1.0,1.0,0.0,0.0,1.0,1.0,-1.0,1.0,0.0,1.0,0.0,0.0
261,3254.0,2.0,1.0,3.0,36.0,0.0,0.0,0.0,0.0,0.0,0.0,0.0,0.0,0.0,0.0,1.0,1.0,0.0,0.0,0.0,0.0,19.0,10.0,0.0,0.0,0.0,0.0,0.0,0.7857142857,0.0,1.0,0.0,0.0,0.0,1.0,1.0,0.0,0.0,0.0,0.0,1.0,0.0,0.0,1.0,1.0,-1.0,1.0,1.0,-1.0,1.0,1.0
262,3276.0,2.0,1.0,4.0,43.0,0.0,0.0,0.0,0.0,0.0,0.0,0.0,0.0,0.0,0.0,1.0,0.0,0.0,0.0,0.0,0.0,13.0,23.0,0.0,0.0,0.0,0.0,0.0,0.0,0.0,1.0,0.0,0.0,0.0,0.0,0.0,0.0,0.0,0.0,0.0,0.0,0.0,0.0,1.0,1.0,1.0,1.0,1.0,1.0,1.0,1.0
263,9039.0,1.0,0.0,3.0,43.0,1.0,0.0,0.0,0.0,0.0,0.0,0.0,0.0,0.0,0.0,1.0,0.0,0.0,0.0,0.0,0.0,14.0,22.0,0.0,0.0,0.0,0.0,0.1168831169,0.1,0.0,1.0,1.0,0.0,1.0,0.025974026,0.0,0.0,0.0,0.0,0.0,0.0,0.0,0.0,1.0,1.0,1.0,-1.0,0.0,1.0,0.0,0.0
264,212.0,4.0,1.0,3.0,71.0,1.0,0.0,0.0,0.0,0.0,0.0,0.0,0.0,0.0,1.0,1.0,0.0,0.0,0.0,0.0,0.0,30.0,34.0,0.0,0.0,0.0,0.0,1.0,1.0,0.0,1.0,0.0,0.0,0.0,0.0,1.0,0.0,0.0,0.0,0.0,1.0,1.0,0.0,1.0,0.0,-1.0,1.0,-1.0,-1.0,1.0,1.0
265,6692.0,2.0,1.0,3.0,154.0,18.0,0.0,0.0,0.0,0.0,0.0,0.0,0.0,0.0,15.0,1.0,1.0,0.0,0.0,1.0,0.0,17.0,130.0,0.0,0.0,0.0,0.0,0.1428571429,0.2068965517,0.0,1.0,1.0,0.0,0.0,0.0666666667,0.0,0.0,0.0,0.0,0.0,0.0,0.0,0.0,1.0,-1.0,1.0,1.0,0.0,1.0,0.0,0.0
266,4955.0,4.0,1.0,5.0,66.0,0.0,0.0,0.0,0.0,0.0,0.0,0.0,0.0,0.0,0.0,1.0,1.0,0.0,0.0,1.0,0.0,13.0,46.0,0.0,0.0,0.0,0.0,0.0,0.5833333333,0.0,1.0,0.0,0.0,0.0,0.8,0.0,0.0,0.0,0.0,0.0,1.0,0.0,1.0,1.0,0.0,1.0,1.0,-1.0,-1.0,1.0,1.0
267,666.0,3.0,0.0,4.0,54.0,1.0,1.0,0.0,0.0,0.0,0.0,0.0,0.0,0.0,0.0,1.0,1.0,0.0,0.0,1.0,0.0,17.0,30.0,0.0,0.0,0.0,0.0,0.0,0.0,0.0,1.0,0.0,0.0,0.0,0.0,0.0,0.0,0.0,0.0,0.0,0.0,0.0,0.0,1.0,0.0,1.0,1.0,1.0,1.0,1.0,1.0
268,9215.0,3.0,1.0,2.0,57.0,0.0,0.0,0.0,0.0,2.0,0.0,1.0,0.0,0.0,10.0,1.0,0.0,0.0,0.0,1.0,0.0,12.0,22.0,15.0,0.0,0.0,1.0,0.0882352941,0.2380952381,0.0,1.0,0.0,0.0,0.0,0.0,0.0,0.0,0.0,0.0,1.0,0.0,0.0,0.0,1.0,0.0,1.0,1.0,0.0,1.0,0.0,0.0
269,5415.0,3.0,1.0,2.0,122.0,0.0,0.0,0.0,0.0,1.0,0.0,5.0,4.0,0.0,9.0,1.0,0.0,0.0,0.0,0.0,0.0,17.0,24.0,73.0,0.0,0.0,0.0,0.0285714286,0.0606060606,0.0,1.0,1.0,0.0,0.0,0.0,0.0,0.0,0.0,0.0,1.0,1.0,0.0,0.0,1.0,-1.0,1.0,1.0,1.0,1.0,0.0,0.0
270,4809.0,2.0,0.0,4.0,55.0,1.0,0.0,0.0,0.0,0.0,0.0,0.0,0.0,0.0,0.0,1.0,0.0,0.0,0.0,1.0,0.0,15.0,33.0,0.0,0.0,0.0,0.0,0.0,0.0,0.0,1.0,0.0,0.0,0.0,0.0,0.0,0.0,0.0,0.0,0.0,0.0,0.0,0.0,1.0,0.0,1.0,1.0,1.0,1.0,1.0,1.0
271,3330.0,3.0,2.0,5.0,121.0,5.0,4.0,0.0,0.0,0.0,0.0,0.0,0.0,0.0,19.0,1.0,1.0,0.0,1.0,1.0,0.0,66.0,48.0,0.0,0.0,0.0,0.0,0.0555555556,0.0909090909,0.0,1.0,1.0,0.0,0.0,0.9444444444,0.0,0.0,1.0,0.0,0.0,1.0,0.0,0.0,0.0,-1.0,1.0,1.0,1.0,-1.0,1.0,1.0
272,5442.0,2.0,1.0,6.0,111.0,8.0,0.0,0.0,0.0,0.0,0.0,0.0,0.0,0.0,12.0,1.0,1.0,0.0,0.0,1.0,0.0,24.0,80.0,0.0,0.0,0.0,0.0,0.0917874396,0.1041666667,0.0,1.0,0.0,0.0,0.0,0.0676328502,0.0,0.0,0.0,0.0,1.0,1.0,0.0,0.0,1.0,-1.0,1.0,1.0,1.0,1.0,0.0,0.0
273,225.0,3.0,1.0,1.0,30.0,0.0,0.0,0.0,0.0,0.0,0.0,0.0,0.0,0.0,0.0,1.0,0.0,0.0,0.0,0.0,0.0,13.0,10.0,0.0,0.0,0.0,0.0,0.9230769231,1.0,0.0,1.0,0.0,0.0,0.0,0.0,1.0,0.0,0.0,0.0,0.0,0.0,0.0,0.0,1.0,1.0,1.0,1.0,-1.0,-1.0,1.0,1.0
274,8818.0,1.0,0.0,2.0,59.0,0.0,0.0,0.0,0.0,2.0,0.0,0.0,0.0,0.0,0.0,1.0,0.0,0.0,0.0,1.0,0.0,15.0,37.0,0.0,0.0,0.0,0.0,0.2619047619,0.0,0.0,0.0,0.0,0.0,0.0,0.0238095238,0.0,0.0,0.0,0.0,0.0,0.0,0.0,0.0,1.0,0.0,1.0,1.0,1.0,1.0,0.0,0.0
275,3664.0,4.0,1.0,3.0,92.0,0.0,0.0,0.0,0.0,0.0,0.0,0.0,0.0,0.0,21.0,1.0,1.0,0.0,0.0,1.0,0.0,33.0,52.0,0.0,0.0,0.0,0.0,0.0,0.08,0.0,1.0,1.0,0.0,1.0,0.9589041096,0.0,0.0,0.0,0.0,0.0,1.0,0.0,0.0,1.0,-1.0,1.0,-1.0,1.0,-1.0,1.0,1.0
276,3911.0,1.0,0.0,4.0,39.0,0.0,0.0,0.0,0.0,0.0,0.0,0.0,0.0,0.0,1.0,1.0,0.0,0.0,0.0,0.0,0.0,10.0,22.0,0.0,0.0,0.0,0.0,1.0,1.0,1.0,1.0,0.0,0.0,0.0,0.0,1.0,0.0,0.0,0.0,0.0,0.0,0.0,0.0,1.0,1.0,-1.0,1.0,-1.0,-1.0,1.0,1.0
277,1702.0,1.0,0.0,2.0,23.0,0.0,0.0,0.0,0.0,0.0,0.0,0.0,0.0,0.0,0.0,1.0,0.0,0.0,0.0,0.0,0.0,11.0,5.0,0.0,0.0,0.0,0.0,0.0,0.1538461538,0.0,1.0,0.0,0.0,0.0,0.0,0.0,0.0,0.0,0.0,0.0,0.0,0.0,0.0,1.0,1.0,1.0,1.0,1.0,1.0,1.0,1.0
278,5727.0,3.0,2.0,4.0,130.0,0.0,0.0,0.0,0.0,10.0,0.0,0.0,0.0,0.0,0.0,1.0,0.0,0.0,0.0,1.0,0.0,22.0,101.0,0.0,0.0,0.0,0.0,0.0136986301,0.2068965517,0.0,1.0,1.0,0.0,0.0,0.1369863014,0.0,0.0,0.0,0.0,0.0,0.0,0.0,0.0,0.0,-1.0,1.0,1.0,0.0,1.0,0.0,0.0
279,266.0,2.0,0.0,2.0,38.0,0.0,0.0,0.0,0.0,0.0,0.0,0.0,0.0,0.0,0.0,1.0,0.0,0.0,0.0,1.0,0.0,17.0,14.0,0.0,0.0,0.0,0.0,1.0,1.0,0.0,1.0,0.0,0.0,0.0,0.0,1.0,0.0,0.0,0.0,0.0,0.0,0.0,0.0,1.0,1.0,-1.0,1.0,-1.0,-1.0,1.0,1.0
280,5618.0,3.0,1.0,2.0,149.0,1.0,0.0,0.0,0.0,0.0,2.0,4.0,5.0,0.0,12.0,1.0,1.0,0.0,0.0,1.0,0.0,15.0,35.0,91.0,0.0,0.0,0.0,0.9821428571,0.3409090909,0.0,1.0,1.0,1.0,0.0,0.0,1.0,0.0,0.0,0.0,0.0,0.0,0.0,0.0,1.0,-1.0,1.0,0.0,0.0,-1.0,0.0,0.0
281,1349.0,2.0,0.0,4.0,73.0,1.0,0.0,0.0,0.0,0.0,0.0,0.0,0.0,0.0,24.0,1.0,1.0,0.0,0.0,0.0,0.0,13.0,53.0,0.0,0.0,0.0,1.0,1.0,1.0,0.0,1.0,0.0,0.0,0.0,0.0,1.0,0.0,0.0,0.0,0.0,1.0,0.0,0.0,1.0,0.0,-1.0,1.0,-1.0,-1.0,1.0,1.0
282,6781.0,2.0,1.0,3.0,76.0,7.0,0.0,0.0,0.0,0.0,0.0,0.0,0.0,0.0,0.0,1.0,0.0,0.0,0.0,1.0,0.0,13.0,56.0,0.0,0.0,0.0,0.0,0.0903954802,0.234375,0.0,1.0,0.0,0.0,0.0,0.0056497175,0.0,0.0,0.0,0.0,0.0,1.0,0.0,0.0,1.0,-1.0,1.0,1.0,0.0,1.0,0.0,0.0
283,2663.0,5.0,0.0,4.0,61.0,0.0,0.0,0.0,0.0,0.0,0.0,0.0,0.0,0.0,5.0,1.0,1.0,0.0,0.0,1.0,0.0,15.0,39.0,0.0,0.0,0.0,1.0,0.9230769231,1.0,0.0,1.0,0.0,0.0,0.0,0.0,1.0,0.0,0.0,0.0,0.0,0.0,0.0,0.0,1.0,0.0,1.0,1.0,-1.0,-1.0,1.0,1.0
284,9931.0,2.0,1.0,5.0,54.0,2.0,0.0,0.0,0.0,0.0,0.0,0.0,0.0,0.0,0.0,1.0,1.0,0.0,0.0,1.0,0.0,14.0,33.0,0.0,0.0,0.0,0.0,0.1587301587,0.25,0.0,1.0,0.0,0.0,0.0,0.1111111111,0.0,0.0,0.0,0.0,0.0,0.0,0.0,0.0,1.0,0.0,1.0,1.0,0.0,1.0,0.0,0.0
285,9122.0,1.0,0.0,3.0,37.0,1.0,0.0,0.0,0.0,0.0,0.0,0.0,0.0,0.0,0.0,1.0,1.0,0.0,0.0,0.0,0.0,8.0,22.0,0.0,0.0,0.0,0.0,0.1479289941,0.9864864865,1.0,1.0,1.0,0.0,0.0,0.0591715976,0.0,0.0,0.0,0.0,1.0,0.0,0.0,0.0,1.0,1.0,-1.0,1.0,-1.0,1.0,0.0,0.0
286,1114.0,1.0,0.0,2.0,33.0,1.0,1.0,0.0,0.0,0.0,0.0,0.0,0.0,0.0,0.0,1.0,0.0,0.0,0.0,0.0,0.0,14.0,12.0,0.0,0.0,0.0,0.0,0.0,0.0,0.0,1.0,0.0,0.0,0.0,0.0,0.0,0.0,0.0,0.0,0.0,0.0,0.0,0.0,1.0,1.0,1.0,1.0,1.0,1.0,1.0,1.0
287,9345.0,2.0,1.0,4.0,42.0,0.0,0.0,0.0,0.0,0.0,0.0,0.0,0.0,0.0,0.0,1.0,0.0,0.0,0.0,0.0,0.0,12.0,23.0,0.0,0.0,0.0,0.0,0.0245901639,0.125,0.0,1.0,0.0,0.0,0.0,0.0081967213,0.0,0.0,0.0,0.0,1.0,0.0,0.0,0.0,1.0,1.0,1.0,1.0,1.0,1.0,0.0,0.0
288,4201.0,3.0,1.0,1.0,37.0,0.0,0.0,0.0,0.0,0.0,0.0,0.0,0.0,0.0,0.0,1.0,0.0,0.0,0.0,0.0,0.0,18.0,12.0,0.0,0.0,0.0,0.0,0.0,1.0,1.0,1.0,0.0,1.0,0.0,0.0,1.0,0.0,0.0,0.0,0.0,0.0,0.0,0.0,1.0,1.0,-1.0,0.0,-1.0,1.0,1.0,1.0
289,9011.0,1.0,0.0,2.0,40.0,1.0,0.0,0.0,0.0,0.0,0.0,0.0,0.0,0.0,0.0,1.0,0.0,0.0,0.0,0.0,0.0,19.0,14.0,0.0,0.0,0.0,0.0,0.4626865672,0.95,1.0,0.0,0.0,1.0,0.0,0.0149253731,0.0,0.0,0.0,0.0,0.0,1.0,0.0,0.0,1.0,1.0,-1.0,0.0,0.0,0.0,0.0,0.0
290,1688.0,2.0,0.0,2.0,43.0,0.0,0.0,0.0,0.0,0.0,0.0,0.0,0.0,0.0,0.0,1.0,0.0,0.0,0.0,0.0,0.0,17.0,19.0,0.0,0.0,0.0,0.0,0.0,0.7857142857,0.0,1.0,0.0,0.0,0.0,1.0,1.0,0.0,0.0,0.0,0.0,1.0,0.0,0.0,1.0,1.0,-1.0,1.0,1.0,-1.0,1.0,1.0
291,7190.0,2.0,0.0,3.0,121.0,16.0,0.0,0.0,0.0,0.0,0.0,0.0,0.0,0.0,13.0,1.0,1.0,0.0,0.0,0.0,0.0,11.0,103.0,0.0,0.0,0.0,0.0,0.0325732899,0.1902173913,0.0,1.0,1.0,0.0,0.0,0.0293159609,0.0,0.0,0.0,0.0,0.0,0.0,0.0,0.0,1.0,-1.0,1.0,1.0,0.0,1.0,0.0,0.0
292,4244.0,3.0,1.0,3.0,49.0,0.0,0.0,0.0,0.0,0.0,0.0,0.0,0.0,0.0,0.0,1.0,0.0,0.0,0.0,0.0,0.0,23.0,19.0,0.0,0.0,0.0,0.0,1.0,0.0,0.0,1.0,0.0,0.0,0.0,0.0,0.0,0.0,0.0,0.0,0.0,0.0,0.0,0.0,1.0,1.0,1.0,1.0,1.0,-1.0,1.0,1.0
293,9974.0,2.0,1.0,5.0,55.0,2.0,0.0,0.0,0.0,0.0,0.0,0.0,0.0,0.0,2.0,1.0,0.0,0.0,0.0,1.0,0.0,16.0,32.0,0.0,0.0,0.0,0.0,0.0337078652,0.1707317073,0.0,0.0,0.0,0.0,0.0,0.0411985019,0.0,0.0,0.0,0.0,1.0,0.0,0.0,0.0,1.0,0.0,1.0,1.0,0.0,1.0,0.0,0.0
294,3875.0,7.0,1.0,3.0,111.0,0.0,0.0,0.0,0.0,0.0,0.0,2.0,1.0,0.0,0.0,1.0,1.0,0.0,0.0,0.0,0.0,13.0,24.0,66.0,0.0,2.0,0.0,1.0,0.5,1.0,1.0,0.0,0.0,0.0,0.0,1.0,0.0,0.0,0.0,0.0,0.0,0.0,0.0,1.0,-1.0,1.0,1.0,0.0,-1.0,1.0,1.0
295,4901.0,2.0,1.0,3.0,38.0,0.0,0.0,0.0,1.0,0.0,0.0,0.0,0.0,0.0,0.0,1.0,1.0,0.0,0.0,1.0,0.0,14.0,17.0,0.0,0.0,0.0,0.0,0.0,0.0,0.0,0.0,0.0,0.0,0.0,0.0,1.0,0.0,0.0,0.0,0.0,0.0,1.0,0.0,1.0,1.0,1.0,1.0,1.0,1.0,1.0,1.0
296,4017.0,3.0,1.0,8.0,211.0,7.0,1.0,0.0,0.0,3.0,0.0,1.0,0.0,0.0,22.0,1.0,1.0,0.0,0.0,1.0,0.0,15.0,99.0,89.0,0.0,0.0,0.0,0.0,0.1111111111,1.0,1.0,0.0,0.0,0.0,0.0,0.0,0.0,0.0,0.0,0.0,0.0,0.0,0.0,1.0,-1.0,1.0,1.0,0.0,1.0,1.0,1.0
297,2455.0,2.0,0.0,3.0,54.0,3.0,2.0,0.0,0.0,0.0,0.0,0.0,0.0,0.0,0.0,1.0,0.0,0.0,0.0,1.0,0.0,21.0,26.0,0.0,0.0,0.0,0.0,0.9230769231,1.0,0.0,1.0,0.0,0.0,0.0,0.0,1.0,0.0,0.0,0.0,0.0,0.0,0.0,0.0,1.0,0.0,1.0,1.0,-1.0,-1.0,1.0,1.0
298,926.0,6.0,0.0,5.0,56.0,0.0,0.0,0.0,0.0,0.0,0.0,0.0,0.0,0.0,10.0,1.0,0.0,1.0,0.0,0.0,0.0,13.0,36.0,0.0,0.0,0.0,0.0,0.0178571429,0.15,0.0,1.0,1.0,0.0,0.0,0.9464285714,1.0,0.0,0.0,0.0,0.0,1.0,0.0,0.0,1.0,0.0,0.0,1.0,1.0,-1.0,1.0,1.0
299,3552.0,2.0,1.0,7.0,113.0,2.0,0.0,0.0,0.0,0.0,0.0,0.0,0.0,0.0,20.0,1.0,1.0,0.0,0.0,1.0,0.0,25.0,81.0,0.0,0.0,1.0,0.0,0.0,0.1111111111,0.0,1.0,0.0,0.0,0.0,0.0,0.0,0.0,0.0,0.0,0.0,0.0,0.0,1.0,1.0,-1.0,1.0,1.0,0.0,1.0,1.0,1.0
300,9316.0,3.0,1.0,2.0,47.0,0.0,0.0,0.0,0.0,0.0,0.0,0.0,0.0,0.0,0.0,1.0,0.0,0.0,0.0,1.0,0.0,20.0,20.0,0.0,0.0,0.0,0.0,0.0303030303,0.1428571429,0.0,1.0,0.0,0.0,0.0,0.0,0.0,0.0,0.0,0.0,0.0,0.0,0.0,0.0,1.0,1.0,1.0,1.0,0.0,1.0,0.0,0.0
301,5377.0,2.0,0.0,2.0,61.0,0.0,0.0,0.0,0.0,0.0,0.0,2.0,1.0,0.0,5.0,1.0,1.0,0.0,0.0,0.0,0.0,13.0,21.0,19.0,0.0,0.0,0.0,0.1290322581,0.1666666667,0.0,1.0,0.0,0.0,0.0,0.0,0.0,0.0,0.0,0.0,0.0,0.0,0.0,0.0,1.0,0.0,1.0,1.0,0.0,1.0,0.0,0.0
302,4060.0,3.0,0.0,4.0,42.0,0.0,0.0,0.0,0.0,0.0,0.0,0.0,0.0,0.0,11.0,1.0,0.0,1.0,0.0,0.0,0.0,14.0,21.0,0.0,0.0,0.0,0.0,0.0,0.0,0.0,1.0,1.0,0.0,1.0,0.9714285714,1.0,0.0,0.0,0.0,0.0,0.0,0.0,0.0,1.0,1.0,1.0,-1.0,1.0,-1.0,1.0,1.0
303,6092.0,3.0,1.0,1.0,75.0,4.0,0.0,0.0,0.0,0.0,0.0,0.0,0.0,0.0,6.0,1.0,1.0,0.0,0.0,0.0,0.0,16.0,10.0,41.0,0.0,0.0,0.0,0.0,0.08,0.0,1.0,0.0,0.0,0.0,0.0,0.0,0.0,0.0,0.0,0.0,0.0,0.0,0.0,1.0,0.0,1.0,1.0,1.0,1.0,0.0,0.0
304,2424.0,2.0,0.0,7.0,101.0,1.0,1.0,0.0,0.0,1.0,0.0,1.0,0.0,0.0,13.0,1.0,1.0,0.0,0.0,1.0,0.0,26.0,58.0,9.0,0.0,2.0,0.0,0.0,0.3333333333,0.0,1.0,0.0,0.0,0.0,0.0,0.0,0.0,0.0,0.0,0.0,0.0,0.0,0.0,1.0,-1.0,1.0,1.0,0.0,1.0,1.0,1.0
305,6799.0,2.0,1.0,3.0,88.0,7.0,0.0,0.0,0.0,0.0,0.0,0.0,0.0,0.0,7.0,1.0,1.0,0.0,0.0,1.0,0.0,17.0,64.0,0.0,0.0,0.0,0.0,0.0680147059,1.0,1.0,1.0,1.0,0.0,1.0,0.0165441176,0.0,0.0,0.0,0.0,1.0,0.0,0.0,0.0,1.0,-1.0,-1.0,-1.0,-1.0,1.0,0.0,0.0
306,7566.0,2.0,1.0,4.0,67.0,4.0,0.0,0.0,0.0,0.0,0.0,0.0,0.0,0.0,0.0,1.0,0.0,0.0,0.0,1.0,0.0,21.0,39.0,0.0,0.0,0.0,0.0,0.0414746544,0.9705882353,0.0,1.0,1.0,0.0,0.0,0.0921658986,0.0,0.0,0.0,0.0,0.0,0.0,0.0,0.0,1.0,0.0,-1.0,1.0,0.0,1.0,0.0,0.0
307,9486.0,3.0,1.0,2.0,48.0,0.0,0.0,0.0,0.0,0.0,0.0,0.0,0.0,0.0,0.0,1.0,1.0,0.0,0.0,0.0,0.0,21.0,20.0,0.0,0.0,0.0,0.0,0.1538461538,0.0350877193,0.0,1.0,0.0,1.0,0.0,0.0,0.0,0.0,0.0,0.0,1.0,1.0,0.0,0.0,1.0,1.0,1.0,0.0,0.0,1.0,0.0,0.0
308,9519.0,2.0,1.0,3.0,50.0,0.0,0.0,0.0,0.0,0.0,0.0,0.0,0.0,0.0,5.0,1.0,1.0,0.0,0.0,0.0,0.0,24.0,19.0,0.0,0.0,0.0,0.0,0.2179487179,0.1,0.0,0.0,0.0,0.0,0.0,0.0128205128,0.0,0.0,0.0,0.0,1.0,0.0,0.0,0.0,1.0,1.0,0.0,1.0,1.0,1.0,0.0,0.0
309,3195.0,3.0,1.0,8.0,153.0,3.0,1.0,0.0,0.0,0.0,0.0,0.0,0.0,0.0,42.0,1.0,1.0,0.0,0.0,1.0,0.0,20.0,126.0,0.0,0.0,0.0,0.0,0.0,0.0416666667,1.0,1.0,0.0,0.0,0.0,0.0,0.0,0.0,0.0,0.0,0.0,0.0,0.0,0.0,1.0,-1.0,1.0,1.0,0.0,1.0,1.0,1.0
310,9079.0,2.0,1.0,2.0,55.0,2.0,0.0,0.0,0.0,0.0,0.0,1.0,0.0,0.0,0.0,1.0,0.0,0.0,0.0,1.0,0.0,12.0,25.0,10.0,0.0,0.0,0.0,0.0357142857,0.21875,0.0,1.0,0.0,0.0,0.0,0.0,0.0,0.0,0.0,0.0,0.0,0.0,0.0,0.0,1.0,0.0,1.0,1.0,0.0,1.0,0.0,0.0
311,7120.0,1.0,0.0,2.0,75.0,0.0,0.0,0.0,0.0,1.0,0.0,3.0,2.0,0.0,5.0,1.0,0.0,0.0,0.0,1.0,0.0,17.0,23.0,27.0,0.0,0.0,0.0,0.0533333333,0.3333333333,0.0,0.0,0.0,0.0,0.0,0.0,0.0,0.0,0.0,0.0,1.0,0.0,0.0,0.0,1.0,0.0,1.0,1.0,0.0,1.0,0.0,0.0
312,3239.0,2.0,1.0,3.0,34.0,0.0,0.0,0.0,0.0,1.0,0.0,0.0,0.0,0.0,0.0,1.0,0.0,0.0,0.0,0.0,0.0,16.0,11.0,0.0,0.0,0.0,0.0,0.0,0.0,0.0,1.0,0.0,0.0,0.0,0.0,0.0,0.0,0.0,0.0,0.0,0.0,0.0,0.0,1.0,1.0,1.0,1.0,1.0,1.0,1.0,1.0
313,4643.0,3.0,0.0,3.0,51.0,0.0,0.0,0.0,0.0,0.0,0.0,0.0,0.0,0.0,0.0,1.0,0.0,0.0,0.0,0.0,0.0,18.0,26.0,0.0,0.0,0.0,0.0,0.0,1.0,0.0,1.0,1.0,0.0,0.0,1.0,1.0,0.0,0.0,0.0,0.0,0.0,0.0,0.0,1.0,1.0,-1.0,1.0,-1.0,-1.0,1.0,1.0
314,6283.0,1.0,0.0,5.0,118.0,12.0,0.0,0.0,0.0,0.0,0.0,0.0,0.0,0.0,2.0,1.0,0.0,0.0,0.0,1.0,0.0,17.0,94.0,0.0,0.0,0.0,0.0,0.1125,0.5409836066,1.0,1.0,0.0,0.0,0.0,0.0375,0.0,0.0,0.0,0.0,0.0,1.0,0.0,0.0,1.0,-1.0,0.0,1.0,-1.0,1.0,0.0,0.0
315,423.0,1.0,0.0,3.0,60.0,0.0,0.0,0.0,0.0,1.0,0.0,0.0,0.0,0.0,26.0,1.0,1.0,0.0,0.0,0.0,0.0,7.0,46.0,0.0,0.0,0.0,0.0,0.0,0.0,0.0,1.0,0.0,0.0,0.0,1.0,0.0,0.0,0.0,0.0,0.0,0.0,0.0,1.0,1.0,0.0,1.0,1.0,1.0,-1.0,1.0,1.0
316,8241.0,1.0,0.0,5.0,81.0,6.0,0.0,0.0,0.0,0.0,0.0,0.0,0.0,0.0,8.0,1.0,1.0,0.0,0.0,1.0,0.0,19.0,55.0,0.0,0.0,0.0,0.0,0.4880952381,0.9852941176,1.0,1.0,0.0,0.0,0.0,0.1071428571,0.0,0.0,0.0,0.0,0.0,1.0,0.0,1.0,1.0,-1.0,-1.0,1.0,-1.0,0.0,0.0,0.0
317,9595.0,2.0,1.0,2.0,40.0,0.0,0.0,0.0,0.0,0.0,0.0,0.0,0.0,0.0,6.0,1.0,1.0,0.0,0.0,0.0,0.0,17.0,16.0,0.0,0.0,0.0,0.0,0.0705128205,0.5454545455,0.0,1.0,0.0,0.0,0.0,0.108974359,0.0,0.0,0.0,0.0,0.0,1.0,0.0,0.0,1.0,1.0,1.0,1.0,0.0,1.0,0.0,0.0
318,6746.0,1.0,0.0,3.0,93.0,12.0,0.0,0.0,0.0,0.0,0.0,0.0,0.0,0.0,0.0,1.0,1.0,0.0,0.0,1.0,0.0,15.0,71.0,0.0,0.0,0.0,0.0,0.0778443114,0.8709677419,1.0,0.0,0.0,0.0,0.0,0.0359281437,0.0,0.0,0.0,0.0,0.0,1.0,0.0,0.0,1.0,-1.0,-1.0,1.0,0.0,1.0,0.0,0.0
319,2116.0,2.0,0.0,3.0,47.0,1.0,0.0,0.0,0.0,0.0,0.0,0.0,0.0,0.0,0.0,1.0,0.0,0.0,0.0,0.0,0.0,16.0,24.0,0.0,0.0,0.0,0.0,0.9230769231,1.0,0.0,1.0,0.0,0.0,0.0,0.0,1.0,0.0,0.0,0.0,0.0,0.0,0.0,0.0,1.0,1.0,1.0,1.0,-1.0,-1.0,1.0,1.0
320,7114.0,2.0,0.0,1.0,99.0,10.0,0.0,0.0,0.0,0.0,0.0,1.0,1.0,0.0,11.0,1.0,1.0,0.0,0.0,0.0,0.0,12.0,15.0,64.0,0.0,0.0,0.0,0.0306122449,0.0703125,0.0,0.0,0.0,0.0,0.0,0.0,0.0,0.0,0.0,0.0,0.0,0.0,0.0,0.0,1.0,-1.0,1.0,1.0,0.0,1.0,0.0,0.0
321,5831.0,2.0,1.0,2.0,99.0,3.0,0.0,0.0,0.0,7.0,0.0,0.0,0.0,0.0,6.0,1.0,0.0,0.0,0.0,1.0,0.0,19.0,73.0,0.0,0.0,0.0,0.0,0.0707070707,0.48,0.0,1.0,0.0,0.0,0.0,0.0303030303,0.0,0.0,0.0,0.0,1.0,1.0,0.0,1.0,1.0,-1.0,1.0,1.0,0.0,1.0,0.0,0.0
322,8365.0,2.0,1.0,3.0,43.0,1.0,0.0,0.0,0.0,0.0,0.0,0.0,0.0,0.0,0.0,1.0,0.0,0.0,0.0,1.0,0.0,18.0,18.0,0.0,0.0,0.0,0.0,0.5153846154,0.5890410959,0.0,0.0,0.0,1.0,0.0,0.0,0.0,0.0,1.0,0.0,0.0,1.0,0.0,0.0,1.0,1.0,-1.0,0.0,0.0,0.0,0.0,0.0
323,1582.0,2.0,1.0,4.0,44.0,0.0,0.0,0.0,0.0,0.0,0.0,0.0,0.0,0.0,14.0,1.0,1.0,0.0,0.0,0.0,0.0,19.0,18.0,0.0,0.0,0.0,0.0,0.9411764706,0.8888888889,0.0,0.0,0.0,1.0,0.0,0.0,1.0,0.0,0.0,0.0,0.0,1.0,0.0,0.0,1.0,1.0,0.0,0.0,-1.0,-1.0,1.0,1.0
324,5499.0,3.0,1.0,1.0,135.0,11.0,0.0,0.0,0.0,0.0,0.0,0.0,0.0,0.0,6.0,1.0,1.0,0.0,0.0,0.0,0.0,32.0,15.0,80.0,0.0,0.0,0.0,0.1758241758,0.5,0.0,1.0,0.0,0.0,0.0,0.0,0.0,0.0,0.0,0.0,0.0,0.0,0.0,0.0,1.0,-1.0,1.0,1.0,0.0,1.0,0.0,0.0
325,6528.0,1.0,0.0,3.0,79.0,4.0,0.0,0.0,0.0,0.0,0.0,0.0,0.0,0.0,6.0,1.0,1.0,0.0,0.0,1.0,0.0,10.0,62.0,0.0,0.0,0.0,0.0,0.0497237569,0.693877551,0.0,1.0,1.0,0.0,0.0,0.0497237569,0.0,0.0,0.0,0.0,0.0,0.0,0.0,0.0,1.0,-1.0,-1.0,1.0,0.0,1.0,0.0,0.0
326,314.0,3.0,1.0,8.0,54.0,1.0,1.0,0.0,0.0,0.0,0.0,0.0,0.0,0.0,2.0,1.0,0.0,0.0,0.0,0.0,0.0,16.0,31.0,0.0,0.0,0.0,0.0,1.0,0.1428571429,1.0,1.0,0.0,0.0,0.0,0.0,0.0,0.0,0.0,0.0,0.0,1.0,0.0,0.0,1.0,0.0,1.0,1.0,0.0,-1.0,1.0,1.0
327,2799.0,2.0,0.0,3.0,52.0,1.0,0.0,0.0,0.0,0.0,0.0,0.0,0.0,0.0,0.0,1.0,0.0,0.0,0.0,0.0,0.0,14.0,31.0,0.0,0.0,0.0,0.0,0.0247524752,0.0256410256,1.0,1.0,1.0,0.0,0.0,0.9727722772,0.0,0.0,0.0,0.0,0.0,1.0,0.0,0.0,1.0,1.0,1.0,1.0,1.0,-1.0,1.0,1.0
328,2991.0,2.0,1.0,8.0,75.0,1.0,1.0,0.0,0.0,0.0,0.0,0.0,0.0,0.0,0.0,1.0,1.0,0.0,0.0,1.0,0.0,18.0,50.0,0.0,0.0,0.0,0.0,0.0,0.0,0.0,1.0,0.0,0.0,0.0,0.0,0.0,0.0,0.0,0.0,0.0,0.0,0.0,0.0,1.0,0.0,1.0,1.0,1.0,1.0,1.0,1.0
329,1223.0,2.0,0.0,5.0,199.0,0.0,0.0,0.0,0.0,3.0,0.0,3.0,2.0,0.0,54.0,1.0,1.0,0.0,0.0,1.0,0.0,14.0,81.0,96.0,0.0,1.0,0.0,0.0405405405,0.9655172414,1.0,1.0,0.0,1.0,0.0,0.0,0.0,0.0,0.0,0.0,0.0,0.0,0.0,0.0,1.0,-1.0,-1.0,0.0,-1.0,1.0,1.0,1.0
330,943.0,3.0,1.0,4.0,52.0,1.0,0.0,0.0,0.0,0.0,0.0,0.0,0.0,0.0,0.0,1.0,0.0,0.0,0.0,1.0,0.0,20.0,25.0,0.0,0.0,0.0,0.0,1.0,0.1666666667,0.0,1.0,0.0,0.0,0.0,0.0,1.0,0.0,0.0,0.0,0.0,1.0,0.0,0.0,1.0,1.0,1.0,1.0,1.0,-1.0,1.0,1.0
331,1741.0,3.0,1.0,5.0,64.0,1.0,0.0,0.0,0.0,0.0,0.0,0.0,0.0,0.0,4.0,1.0,1.0,0.0,0.0,0.0,0.0,20.0,37.0,0.0,0.0,0.0,0.0,0.0,0.0,0.0,1.0,0.0,0.0,0.0,1.0,0.0,0.0,0.0,0.0,0.0,0.0,0.0,1.0,1.0,0.0,1.0,1.0,1.0,-1.0,1.0,1.0
332,3844.0,3.0,1.0,6.0,80.0,1.0,0.0,0.0,0.0,0.0,0.0,0.0,0.0,0.0,0.0,1.0,0.0,0.0,0.0,0.0,0.0,19.0,54.0,0.0,0.0,1.0,0.0,0.0,0.0,0.0,1.0,1.0,0.0,0.0,0.75,0.0,0.0,0.0,0.0,0.0,0.0,0.0,0.0,1.0,-1.0,1.0,1.0,1.0,-1.0,1.0,1.0
333,6287.0,2.0,1.0,2.0,73.0,6.0,0.0,0.0,0.0,0.0,0.0,0.0,0.0,0.0,1.0,1.0,0.0,0.0,0.0,1.0,0.0,14.0,52.0,0.0,0.0,0.0,0.0,0.0444444444,0.0980392157,0.0,1.0,1.0,0.0,0.0,0.2222222222,0.0,0.0,0.0,0.0,1.0,1.0,0.0,0.0,1.0,0.0,1.0,1.0,1.0,1.0,0.0,0.0
334,9172.0,2.0,1.0,3.0,34.0,0.0,0.0,0.0,0.0,0.0,0.0,0.0,0.0,0.0,6.0,1.0,1.0,0.0,0.0,1.0,0.0,16.0,11.0,0.0,0.0,0.0,0.0,0.8634812287,0.6846153846,0.0,1.0,1.0,0.0,0.0,0.0170648464,1.0,0.0,0.0,0.0,1.0,1.0,0.0,0.0,1.0,1.0,-1.0,1.0,0.0,-1.0,0.0,0.0
335,2668.0,3.0,1.0,3.0,47.0,0.0,0.0,0.0,0.0,0.0,0.0,0.0,0.0,0.0,4.0,1.0,1.0,0.0,0.0,1.0,0.0,15.0,25.0,0.0,0.0,0.0,0.0,0.0,0.0,0.0,1.0,1.0,0.0,0.0,1.0,0.0,0.0,0.0,0.0,0.0,0.0,0.0,0.0,1.0,1.0,1.0,1.0,1.0,-1.0,1.0,1.0
336,799.0,3.0,1.0,2.0,60.0,2.0,0.0,0.0,0.0,0.0,0.0,0.0,0.0,0.0,0.0,1.0,0.0,0.0,0.0,0.0,0.0,26.0,27.0,0.0,0.0,0.0,0.0,0.0,0.1538461538,0.0,1.0,0.0,0.0,0.0,0.0,0.0,0.0,0.0,0.0,0.0,0.0,0.0,0.0,1.0,0.0,1.0,1.0,1.0,1.0,1.0,1.0
337,5587.0,3.0,2.0,10.0,86.0,0.0,0.0,0.0,0.0,0.0,0.0,0.0,0.0,0.0,11.0,1.0,1.0,0.0,0.0,1.0,0.0,19.0,60.0,0.0,0.0,0.0,0.0,0.0833333333,0.0298507463,0.0,0.0,0.0,0.0,0.0,0.0833333333,0.0,0.0,0.0,0.0,0.0,1.0,0.0,0.0,0.0,-1.0,1.0,1.0,1.0,1.0,0.0,0.0
338,1155.0,4.0,2.0,4.0,84.0,1.0,0.0,0.0,0.0,0.0,0.0,4.0,0.0,0.0,0.0,1.0,0.0,0.0,0.0,0.0,0.0,17.0,28.0,31.0,0.0,2.0,0.0,1.0,1.0,1.0,1.0,0.0,0.0,0.0,0.0,1.0,0.0,0.0,0.0,0.0,0.0,0.0,0.0,0.0,-1.0,-1.0,1.0,-1.0,-1.0,1.0,1.0
339,5735.0,2.0,0.0,1.0,60.0,0.0,0.0,0.0,0.0,0.0,0.0,2.0,1.0,0.0,6.0,1.0,0.0,0.0,0.0,0.0,0.0,23.0,13.0,16.0,0.0,0.0,0.0,0.0235294118,0.1666666667,0.0,0.0,0.0,0.0,0.0,0.0,0.0,0.0,0.0,0.0,0.0,0.0,0.0,0.0,1.0,0.0,1.0,1.0,0.0,1.0,0.0,0.0
340,9864.0,2.0,1.0,5.0,51.0,0.0,0.0,0.0,0.0,0.0,0.0,0.0,0.0,0.0,13.0,1.0,1.0,0.0,0.0,1.0,0.0,17.0,27.0,0.0,0.0,0.0,0.0,0.537037037,0.4680851064,0.0,1.0,1.0,0.0,0.0,0.0,0.0,0.0,0.0,0.0,0.0,0.0,0.0,0.0,1.0,1.0,1.0,1.0,0.0,0.0,0.0,0.0
341,3913.0,2.0,0.0,3.0,48.0,0.0,0.0,0.0,0.0,0.0,0.0,0.0,0.0,0.0,0.0,1.0,0.0,0.0,0.0,0.0,0.0,12.0,29.0,0.0,0.0,0.0,0.0,0.0,0.0,0.0,1.0,0.0,0.0,0.0,1.0,0.0,0.0,0.0,0.0,0.0,0.0,0.0,1.0,1.0,1.0,1.0,1.0,1.0,-1.0,1.0,1.0
342,5174.0,2.0,0.0,1.0,63.0,1.0,0.0,0.0,0.0,1.0,0.0,1.0,0.0,0.0,3.0,1.0,0.0,0.0,0.0,1.0,0.0,22.0,18.0,15.0,0.0,0.0,0.0,0.0588235294,0.5,0.0,1.0,0.0,0.0,0.0,0.0,0.0,0.0,0.0,0.0,0.0,0.0,0.0,0.0,1.0,0.0,1.0,1.0,0.0,1.0,0.0,0.0
343,4078.0,5.0,4.0,5.0,129.0,1.0,0.0,0.0,0.0,0.0,0.0,0.0,0.0,0.0,19.0,1.0,1.0,0.0,1.0,1.0,0.0,41.0,81.0,0.0,0.0,2.0,0.0,0.0,1.0,0.0,1.0,0.0,0.0,0.0,0.0,1.0,0.0,0.0,0.0,0.0,0.0,0.0,0.0,-1.0,-1.0,-1.0,1.0,-1.0,1.0,1.0,1.0
344,8443.0,1.0,0.0,3.0,41.0,0.0,0.0,0.0,0.0,0.0,0.0,0.0,0.0,0.0,0.0,1.0,0.0,0.0,0.0,0.0,0.0,10.0,24.0,0.0,0.0,0.0,0.0,0.0505617978,0.3076923077,0.0,1.0,0.0,0.0,0.0,0.0505617978,0.0,0.0,0.0,0.0,0.0,1.0,0.0,0.0,1.0,1.0,-1.0,1.0,0.0,1.0,0.0,0.0
345,5875.0,2.0,1.0,3.0,80.0,0.0,0.0,0.0,0.0,0.0,0.0,3.0,2.0,0.0,9.0,1.0,0.0,0.0,0.0,0.0,0.0,16.0,21.0,35.0,0.0,0.0,0.0,0.0740740741,0.6060606061,0.0,0.0,0.0,0.0,0.0,0.0,0.0,0.0,0.0,0.0,0.0,1.0,0.0,0.0,1.0,-1.0,-1.0,1.0,0.0,1.0,0.0,0.0
346,1420.0,3.0,0.0,4.0,58.0,2.0,1.0,0.0,0.0,0.0,0.0,0.0,0.0,0.0,0.0,1.0,0.0,0.0,0.0,0.0,0.0,11.0,40.0,0.0,0.0,1.0,0.0,0.8888888889,0.0,0.0,1.0,0.0,0.0,0.0,0.1111111111,0.0,0.0,0.0,0.0,0.0,0.0,0.0,1.0,1.0,0.0,1.0,1.0,1.0,-1.0,1.0,1.0
347,321.0,2.0,0.0,5.0,52.0,0.0,0.0,0.0,0.0,0.0,0.0,0.0,0.0,0.0,0.0,1.0,0.0,0.0,0.0,0.0,0.0,17.0,28.0,0.0,0.0,0.0,0.0,0.0,0.0,0.0,1.0,0.0,0.0,0.0,0.0,0.0,0.0,0.0,0.0,0.0,0.0,0.0,0.0,1.0,1.0,1.0,1.0,1.0,1.0,1.0,1.0
348,8941.0,1.0,0.0,4.0,46.0,0.0,0.0,0.0,0.0,0.0,0.0,0.0,0.0,0.0,6.0,1.0,1.0,0.0,0.0,0.0,0.0,10.0,29.0,0.0,0.0,0.0,0.0,0.0116959064,0.4482758621,0.0,1.0,0.0,0.0,0.0,0.0,0.0,0.0,0.0,0.0,0.0,0.0,0.0,0.0,1.0,1.0,1.0,1.0,0.0,1.0,0.0,0.0
349,4511.0,3.0,0.0,3.0,62.0,0.0,0.0,0.0,0.0,0.0,0.0,0.0,0.0,0.0,0.0,1.0,0.0,0.0,0.0,0.0,0.0,18.0,37.0,0.0,0.0,1.0,0.0,0.0,1.0,0.0,1.0,1.0,0.0,0.0,1.0,1.0,0.0,0.0,0.0,0.0,0.0,0.0,0.0,1.0,0.0,-1.0,1.0,-1.0,-1.0,1.0,1.0
350,573.0,3.0,1.0,3.0,82.0,4.0,0.0,0.0,1.0,0.0,0.0,0.0,0.0,0.0,9.0,1.0,0.0,0.0,0.0,0.0,0.0,14.0,12.0,48.0,0.0,0.0,0.0,1.0,0.2,0.0,1.0,1.0,0.0,0.0,0.0,0.0,0.0,0.0,0.0,0.0,0.0,0.0,0.0,1.0,-1.0,1.0,1.0,1.0,-1.0,1.0,1.0
351,9887.0,2.0,1.0,3.0,45.0,0.0,0.0,0.0,0.0,0.0,0.0,0.0,0.0,0.0,15.0,1.0,1.0,0.0,0.0,0.0,0.0,12.0,26.0,0.0,0.0,0.0,0.0,0.0726643599,0.8636363636,0.0,1.0,0.0,0.0,0.0,0.0173010381,0.0,0.0,0.0,0.0,1.0,1.0,0.0,0.0,1.0,1.0,-1.0,1.0,0.0,1.0,0.0,0.0
352,7101.0,3.0,1.0,3.0,146.0,0.0,0.0,0.0,0.0,0.0,0.0,4.0,3.0,0.0,6.0,1.0,1.0,0.0,0.0,0.0,0.0,16.0,55.0,67.0,0.0,0.0,0.0,0.18,0.25,0.0,1.0,0.0,0.0,0.0,0.0,0.0,0.0,0.0,0.0,0.0,0.0,0.0,0.0,1.0,-1.0,1.0,1.0,0.0,1.0,0.0,0.0
353,5135.0,2.0,0.0,1.0,112.0,0.0,0.0,0.0,0.0,2.0,0.0,7.0,6.0,0.0,8.0,1.0,0.0,0.0,0.0,0.0,0.0,13.0,10.0,81.0,0.0,0.0,0.0,0.1212121212,0.0,0.0,1.0,0.0,0.0,0.0,0.0,0.0,0.0,0.0,0.0,0.0,0.0,0.0,0.0,1.0,-1.0,1.0,1.0,1.0,1.0,0.0,0.0
354,6326.0,2.0,0.0,6.0,112.0,6.0,0.0,0.0,0.0,0.0,0.0,1.0,0.0,0.0,6.0,1.0,0.0,0.0,0.0,0.0,0.0,17.0,71.0,16.0,0.0,0.0,0.0,0.1688311688,0.1707317073,0.0,1.0,0.0,0.0,0.0,0.0,0.0,0.0,0.0,0.0,0.0,1.0,0.0,0.0,1.0,-1.0,1.0,1.0,0.0,1.0,0.0,0.0
355,7289.0,3.0,0.0,4.0,64.0,1.0,0.0,0.0,0.0,2.0,0.0,0.0,0.0,0.0,2.0,1.0,0.0,0.0,0.0,0.0,0.0,11.0,46.0,0.0,0.0,0.0,0.0,0.0,0.0,0.0,1.0,1.0,0.0,0.0,0.0091743119,0.0,0.0,0.0,0.0,0.0,0.0,0.0,0.0,1.0,0.0,1.0,1.0,1.0,1.0,0.0,0.0
356,5628.0,4.0,2.0,5.0,79.0,0.0,0.0,0.0,0.0,2.0,0.0,0.0,0.0,0.0,4.0,1.0,0.0,0.0,0.0,1.0,0.0,17.0,55.0,0.0,0.0,0.0,0.0,0.0,0.0,0.0,0.0,0.0,0.0,0.0,0.0,0.0,0.0,0.0,0.0,0.0,0.0,0.0,0.0,0.0,-1.0,1.0,1.0,1.0,1.0,0.0,0.0
357,9841.0,3.0,1.0,2.0,52.0,1.0,0.0,0.0,0.0,0.0,0.0,1.0,0.0,0.0,2.0,1.0,0.0,0.0,0.0,1.0,0.0,15.0,15.0,14.0,0.0,0.0,0.0,0.123655914,0.1923076923,0.0,1.0,0.0,0.0,0.0,0.0,0.0,0.0,0.0,0.0,1.0,0.0,0.0,0.0,1.0,1.0,1.0,1.0,0.0,1.0,0.0,0.0
358,2223.0,3.0,1.0,2.0,41.0,0.0,0.0,0.0,0.0,0.0,0.0,0.0,0.0,0.0,0.0,1.0,1.0,0.0,0.0,0.0,0.0,16.0,18.0,0.0,0.0,0.0,0.0,1.0,1.0,0.0,1.0,0.0,1.0,0.0,0.0,1.0,0.0,0.0,0.0,0.0,1.0,0.0,0.0,1.0,1.0,-1.0,0.0,1.0,-1.0,1.0,1.0
359,3697.0,3.0,1.0,6.0,63.0,0.0,0.0,0.0,0.0,0.0,0.0,0.0,0.0,0.0,0.0,1.0,1.0,0.0,0.0,0.0,0.0,14.0,42.0,0.0,0.0,0.0,0.0,0.0,0.0,0.0,1.0,0.0,1.0,0.0,0.0,0.0,0.0,0.0,0.0,0.0,0.0,0.0,0.0,1.0,0.0,1.0,0.0,1.0,1.0,1.0,1.0
360,3328.0,2.0,1.0,2.0,53.0,1.0,1.0,0.0,0.0,0.0,0.0,0.0,0.0,0.0,4.0,1.0,1.0,0.0,0.0,0.0,0.0,37.0,9.0,0.0,0.0,0.0,0.0,0.0,0.0,0.0,1.0,1.0,0.0,0.0,1.0,0.0,0.0,0.0,0.0,1.0,1.0,0.0,0.0,1.0,1.0,1.0,1.0,1.0,-1.0,1.0,1.0
361,8445.0,3.0,0.0,2.0,45.0,0.0,0.0,0.0,0.0,0.0,0.0,0.0,0.0,0.0,0.0,1.0,0.0,0.0,0.0,1.0,0.0,11.0,27.0,0.0,0.0,0.0,0.0,0.0142857143,1.0,0.0,1.0,0.0,0.0,0.0,0.0,0.0,0.0,0.0,0.0,0.0,0.0,0.0,0.0,1.0,1.0,-1.0,1.0,-1.0,1.0,0.0,0.0
362,1972.0,1.0,0.0,3.0,56.0,0.0,0.0,0.0,0.0,0.0,0.0,1.0,0.0,0.0,5.0,1.0,1.0,0.0,0.0,0.0,0.0,11.0,13.0,24.0,0.0,0.0,0.0,0.0,0.1538461538,0.0,1.0,0.0,0.0,0.0,0.0,0.0,0.0,0.0,0.0,0.0,0.0,0.0,0.0,1.0,0.0,1.0,1.0,1.0,1.0,1.0,1.0
363,5208.0,3.0,1.0,4.0,74.0,0.0,0.0,0.0,0.0,2.0,0.0,0.0,0.0,0.0,8.0,1.0,1.0,0.0,0.0,1.0,0.0,13.0,54.0,0.0,0.0,0.0,0.0,0.0775862069,0.3111111111,0.0,0.0,0.0,0.0,0.0,0.0043103448,0.0,0.0,0.0,0.0,1.0,0.0,0.0,0.0,1.0,0.0,1.0,1.0,0.0,1.0,0.0,0.0
364,8905.0,4.0,1.0,3.0,44.0,0.0,0.0,0.0,0.0,0.0,0.0,0.0,0.0,0.0,10.0,1.0,1.0,0.0,0.0,0.0,0.0,17.0,20.0,0.0,0.0,0.0,0.0,0.0769230769,0.1428571429,0.0,1.0,0.0,0.0,0.0,0.0512820513,0.0,0.0,0.0,0.0,0.0,0.0,0.0,0.0,1.0,1.0,1.0,1.0,0.0,1.0,0.0,0.0
365,6879.0,2.0,0.0,1.0,88.0,0.0,0.0,0.0,0.0,0.0,0.0,3.0,2.0,0.0,0.0,1.0,1.0,0.0,0.0,0.0,0.0,16.0,13.0,51.0,0.0,0.0,0.0,0.0211800303,0.023255814,0.0,1.0,1.0,0.0,0.0,0.0,0.0,0.0,0.0,0.0,0.0,0.0,0.0,0.0,1.0,-1.0,1.0,1.0,0.0,1.0,0.0,0.0
366,1740.0,3.0,1.0,7.0,93.0,1.0,0.0,0.0,0.0,0.0,0.0,0.0,0.0,0.0,21.0,1.0,1.0,0.0,0.0,1.0,0.0,22.0,64.0,0.0,0.0,0.0,0.0,0.0,0.125,0.0,1.0,1.0,0.0,0.0,0.9230769231,0.0,0.0,0.0,0.0,0.0,0.0,0.0,0.0,1.0,-1.0,1.0,1.0,1.0,-1.0,1.0,1.0
367,5760.0,2.0,0.0,2.0,67.0,0.0,0.0,0.0,0.0,0.0,0.0,2.0,1.0,0.0,3.0,1.0,0.0,0.0,0.0,0.0,0.0,10.0,33.0,16.0,0.0,0.0,1.0,0.1176470588,0.0,0.0,0.0,0.0,0.0,0.0,0.0,0.0,0.0,0.0,0.0,1.0,0.0,0.0,0.0,1.0,0.0,1.0,1.0,1.0,1.0,0.0,0.0
368,7618.0,3.0,1.0,2.0,122.0,4.0,0.0,0.0,0.0,0.0,2.0,2.0,1.0,0.0,20.0,1.0,0.0,0.0,0.0,0.0,0.0,13.0,20.0,81.0,0.0,0.0,0.0,0.1454545455,0.3870967742,0.0,1.0,1.0,0.0,0.0,0.0,0.0,0.0,0.0,0.0,1.0,0.0,0.0,0.0,1.0,-1.0,-1.0,1.0,0.0,1.0,0.0,0.0
369,1022.0,4.0,0.0,3.0,49.0,0.0,0.0,0.0,0.0,1.0,0.0,1.0,1.0,0.0,9.0,1.0,0.0,1.0,0.0,0.0,0.0,12.0,22.0,7.0,0.0,0.0,0.0,0.375,0.0,0.0,1.0,0.0,0.0,0.0,0.0,1.0,0.0,0.0,0.0,0.0,0.0,0.0,0.0,1.0,1.0,1.0,1.0,0.0,0.0,1.0,1.0
370,3836.0,4.0,1.0,9.0,213.0,2.0,0.0,0.0,1.0,0.0,0.0,1.0,0.0,0.0,64.0,1.0,1.0,0.0,0.0,1.0,0.0,18.0,110.0,77.0,0.0,1.0,0.0,0.0,0.0,0.0,1.0,0.0,0.0,0.0,0.0,0.0,0.0,0.0,0.0,0.0,0.0,0.0,0.0,1.0,-1.0,1.0,1.0,1.0,1.0,1.0,1.0
371,3492.0,2.0,1.0,2.0,32.0,0.0,0.0,0.0,0.0,0.0,0.0,0.0,0.0,0.0,0.0,1.0,0.0,0.0,0.0,1.0,0.0,20.0,5.0,0.0,0.0,0.0,0.0,0.0,0.7857142857,0.0,1.0,0.0,0.0,0.0,1.0,1.0,0.0,0.0,0.0,0.0,1.0,0.0,0.0,1.0,1.0,-1.0,1.0,1.0,-1.0,1.0,1.0
372,7245.0,2.0,0.0,3.0,61.0,0.0,0.0,0.0,0.0,0.0,0.0,0.0,0.0,0.0,4.0,1.0,1.0,0.0,0.0,0.0,0.0,10.0,44.0,0.0,0.0,0.0,0.0,0.0597014925,0.0967741935,0.0,0.0,0.0,0.0,0.0,0.07960199,0.0,0.0,0.0,0.0,0.0,0.0,0.0,0.0,1.0,0.0,1.0,1.0,1.0,1.0,0.0,0.0
373,1488.0,2.0,0.0,3.0,58.0,0.0,0.0,0.0,0.0,0.0,0.0,0.0,0.0,0.0,0.0,1.0,0.0,0.0,0.0,0.0,0.0,25.0,26.0,0.0,0.0,1.0,0.0,0.75,0.2222222222,1.0,1.0,0.0,0.0,0.0,0.125,0.0,0.0,0.0,0.0,0.0,0.0,0.0,0.0,1.0,0.0,1.0,1.0,0.0,-1.0,1.0,1.0
374,6375.0,1.0,0.0,5.0,99.0,1.0,0.0,0.0,0.0,2.0,0.0,3.0,2.0,0.0,17.0,1.0,1.0,0.0,0.0,1.0,0.0,24.0,23.0,44.0,0.0,0.0,0.0,0.375,1.0,1.0,1.0,1.0,0.0,0.0,0.0,0.0,0.0,0.0,0.0,0.0,1.0,0.0,0.0,1.0,-1.0,-1.0,1.0,0.0,0.0,0.0,0.0
375,3714.0,3.0,1.0,4.0,60.0,0.0,0.0,0.0,0.0,0.0,0.0,0.0,0.0,0.0,0.0,1.0,0.0,0.0,0.0,0.0,0.0,21.0,32.0,0.0,0.0,0.0,0.0,0.0,0.0,0.0,1.0,1.0,0.0,0.0,1.0,0.0,0.0,0.0,0.0,0.0,0.0,0.0,0.0,1.0,0.0,1.0,1.0,1.0,-1.0,1.0,1.0
376,1166.0,4.0,2.0,2.0,36.0,0.0,0.0,0.0,0.0,0.0,0.0,0.0,0.0,0.0,5.0,1.0,1.0,0.0,0.0,1.0,0.0,15.0,14.0,0.0,0.0,0.0,0.0,0.0,0.0714285714,1.0,1.0,0.0,0.0,0.0,0.0,0.0,0.0,0.0,0.0,0.0,0.0,0.0,0.0,0.0,1.0,1.0,1.0,1.0,1.0,1.0,1.0
377,4647.0,2.0,0.0,4.0,63.0,1.0,0.0,0.0,0.0,1.0,0.0,0.0,0.0,0.0,0.0,1.0,0.0,0.0,0.0,0.0,0.0,10.0,46.0,0.0,0.0,0.0,0.0,1.0,1.0,0.0,1.0,0.0,0.0,0.0,0.0,1.0,0.0,0.0,0.0,0.0,1.0,1.0,0.0,1.0,0.0,-1.0,1.0,1.0,-1.0,1.0,1.0
378,4071.0,2.0,1.0,2.0,39.0,0.0,0.0,0.0,0.0,0.0,0.0,0.0,0.0,0.0,0.0,1.0,1.0,0.0,0.0,1.0,0.0,24.0,8.0,0.0,0.0,0.0,0.0,1.0,1.0,0.0,1.0,0.0,0.0,0.0,0.0,1.0,0.0,0.0,0.0,0.0,1.0,0.0,0.0,1.0,1.0,-1.0,1.0,-1.0,-1.0,1.0,1.0
379,4614.0,3.0,1.0,4.0,47.0,0.0,0.0,0.0,0.0,0.0,0.0,0.0,0.0,0.0,0.0,1.0,0.0,0.0,0.0,0.0,0.0,17.0,23.0,0.0,0.0,0.0,0.0,0.962962963,0.0631578947,1.0,1.0,0.0,0.0,0.0,0.037037037,0.0,0.0,0.0,0.0,0.0,1.0,0.0,0.0,1.0,1.0,1.0,1.0,1.0,-1.0,1.0,1.0
380,9949.0,2.0,1.0,3.0,53.0,0.0,0.0,0.0,0.0,1.0,0.0,0.0,0.0,0.0,6.0,1.0,1.0,0.0,0.0,1.0,0.0,17.0,29.0,0.0,0.0,0.0,0.0,0.0212765957,0.0833333333,0.0,0.0,0.0,0.0,0.0,0.1489361702,0.0,0.0,0.0,0.0,0.0,0.0,0.0,0.0,1.0,1.0,1.0,1.0,1.0,1.0,0.0,0.0
381,6985.0,3.0,1.0,2.0,93.0,0.0,0.0,0.0,0.0,7.0,0.0,0.0,0.0,0.0,23.0,1.0,1.0,0.0,0.0,1.0,0.0,15.0,71.0,0.0,0.0,0.0,0.0,0.0678571429,0.2909090909,1.0,1.0,1.0,0.0,1.0,0.0,0.0,0.0,0.0,0.0,0.0,1.0,0.0,0.0,1.0,-1.0,1.0,-1.0,0.0,1.0,0.0,0.0
382,8664.0,1.0,0.0,2.0,52.0,0.0,0.0,0.0,0.0,0.0,0.0,2.0,1.0,0.0,3.0,1.0,0.0,0.0,0.0,0.0,0.0,13.0,10.0,21.0,0.0,0.0,0.0,0.1,0.0,0.0,0.0,0.0,0.0,0.0,0.0,0.0,0.0,0.0,0.0,0.0,0.0,0.0,0.0,1.0,1.0,1.0,1.0,1.0,1.0,0.0,0.0
383,1597.0,2.0,0.0,2.0,39.0,0.0,0.0,0.0,0.0,0.0,0.0,0.0,0.0,0.0,0.0,1.0,1.0,0.0,0.0,0.0,0.0,15.0,17.0,0.0,0.0,0.0,0.0,0.9230769231,1.0,0.0,1.0,0.0,0.0,0.0,0.0,1.0,0.0,0.0,0.0,0.0,0.0,0.0,0.0,1.0,1.0,1.0,1.0,-1.0,-1.0,1.0,1.0
384,9108.0,1.0,0.0,2.0,55.0,1.0,0.0,0.0,0.0,0.0,0.0,0.0,0.0,0.0,5.0,1.0,1.0,0.0,0.0,0.0,0.0,17.0,31.0,0.0,0.0,0.0,0.0,0.193877551,0.8,0.0,1.0,0.0,0.0,0.0,0.0,0.0,0.0,0.0,0.0,0.0,1.0,0.0,0.0,1.0,0.0,-1.0,1.0,0.0,1.0,0.0,0.0
385,2266.0,4.0,1.0,2.0,65.0,1.0,0.0,0.0,0.0,0.0,0.0,0.0,0.0,0.0,0.0,1.0,0.0,0.0,0.0,0.0,0.0,27.0,31.0,0.0,0.0,0.0,0.0,1.0,1.0,0.0,1.0,0.0,1.0,0.0,0.0,1.0,0.0,0.0,0.0,0.0,1.0,1.0,0.0,1.0,0.0,-1.0,0.0,1.0,-1.0,1.0,1.0
386,3726.0,4.0,1.0,5.0,68.0,0.0,0.0,0.0,0.0,1.0,0.0,0.0,0.0,0.0,1.0,1.0,0.0,0.0,0.0,1.0,0.0,17.0,44.0,0.0,0.0,0.0,0.0,0.0,0.0,0.0,1.0,0.0,0.0,0.0,0.0,0.0,0.0,0.0,0.0,0.0,0.0,0.0,0.0,1.0,0.0,1.0,1.0,1.0,1.0,1.0,1.0
387,3279.0,2.0,0.0,4.0,61.0,2.0,1.0,0.0,0.0,0.0,0.0,0.0,0.0,0.0,0.0,1.0,0.0,0.0,0.0,0.0,0.0,19.0,35.0,0.0,0.0,1.0,0.0,1.0,0.9,1.0,1.0,0.0,0.0,0.0,0.0,1.0,0.0,0.0,0.0,0.0,0.0,0.0,0.0,1.0,0.0,-1.0,1.0,-1.0,-1.0,1.0,1.0
388,939.0,4.0,1.0,2.0,67.0,0.0,0.0,0.0,0.0,0.0,0.0,0.0,0.0,0.0,0.0,1.0,1.0,0.0,0.0,0.0,0.0,27.0,33.0,0.0,0.0,1.0,0.0,0.8888888889,0.0,0.0,1.0,0.0,0.0,0.0,0.1111111111,0.0,0.0,0.0,0.0,0.0,0.0,0.0,1.0,1.0,0.0,1.0,1.0,1.0,-1.0,1.0,1.0
389,1539.0,4.0,0.0,3.0,146.0,0.0,0.0,0.0,0.0,3.0,0.0,10.0,6.0,0.0,27.0,1.0,0.0,1.0,0.0,0.0,0.0,12.0,22.0,104.0,0.0,1.0,0.0,0.375,0.0,0.0,1.0,0.0,0.0,0.0,0.0,1.0,0.0,0.0,0.0,0.0,0.0,0.0,0.0,1.0,-1.0,1.0,1.0,0.0,0.0,1.0,1.0
390,8032.0,1.0,0.0,4.0,62.0,3.0,0.0,0.0,0.0,0.0,0.0,0.0,0.0,0.0,3.0,1.0,1.0,0.0,0.0,1.0,0.0,8.0,47.0,0.0,0.0,0.0,0.0,0.0033806626,0.0079787234,0.0,1.0,1.0,0.0,0.0,0.0027045301,0.0,0.0,0.0,0.0,0.0,0.0,0.0,0.0,1.0,0.0,1.0,1.0,0.0,1.0,0.0,0.0
391,7052.0,1.0,0.0,5.0,89.0,7.0,0.0,0.0,0.0,0.0,0.0,0.0,0.0,0.0,8.0,1.0,1.0,0.0,0.0,0.0,0.0,15.0,67.0,0.0,0.0,0.0,0.0,0.2111801242,1.0,1.0,1.0,1.0,1.0,0.0,0.0279503106,0.0,0.0,0.0,0.0,0.0,1.0,0.0,0.0,1.0,-1.0,-1.0,0.0,-1.0,1.0,0.0,0.0
392,4164.0,2.0,0.0,2.0,43.0,0.0,0.0,0.0,0.0,0.0,0.0,0.0,0.0,0.0,1.0,1.0,1.0,0.0,0.0,0.0,0.0,20.0,16.0,0.0,0.0,0.0,0.0,1.0,1.0,0.0,1.0,0.0,0.0,0.0,0.0,1.0,0.0,0.0,0.0,0.0,1.0,0.0,0.0,1.0,1.0,-1.0,1.0,-1.0,-1.0,1.0,1.0
393,3979.0,2.0,0.0,2.0,46.0,0.0,0.0,0.0,0.0,0.0,0.0,0.0,0.0,0.0,0.0,1.0,1.0,0.0,0.0,0.0,0.0,20.0,19.0,0.0,0.0,0.0,0.0,1.0,1.0,0.0,1.0,0.0,0.0,0.0,0.0,1.0,0.0,0.0,0.0,0.0,1.0,0.0,0.0,1.0,1.0,-1.0,1.0,-1.0,-1.0,1.0,1.0
394,713.0,1.0,0.0,6.0,80.0,1.0,0.0,0.0,0.0,0.0,0.0,0.0,0.0,0.0,0.0,1.0,1.0,0.0,0.0,1.0,0.0,26.0,47.0,0.0,0.0,0.0,0.0,0.9333333333,1.0,0.0,1.0,0.0,0.0,0.0,0.0,1.0,0.0,0.0,0.0,0.0,0.0,0.0,0.0,1.0,-1.0,1.0,1.0,-1.0,-1.0,1.0,1.0
395,5126.0,3.0,1.0,4.0,62.0,0.0,0.0,0.0,0.0,0.0,0.0,0.0,0.0,0.0,8.0,1.0,1.0,0.0,0.0,0.0,0.0,13.0,42.0,0.0,0.0,0.0,0.0,0.0576923077,0.0277777778,0.0,1.0,1.0,0.0,0.0,0.0,0.0,0.0,0.0,0.0,1.0,0.0,0.0,0.0,1.0,0.0,1.0,1.0,1.0,1.0,0.0,0.0
396,2773.0,4.0,1.0,3.0,64.0,1.0,0.0,0.0,0.0,0.0,0.0,0.0,0.0,0.0,0.0,1.0,1.0,0.0,0.0,0.0,0.0,23.0,34.0,0.0,0.0,0.0,0.0,1.0,1.0,0.0,1.0,0.0,0.0,0.0,0.0,1.0,0.0,0.0,0.0,0.0,1.0,1.0,0.0,1.0,0.0,-1.0,1.0,-1.0,-1.0,1.0,1.0
397,3569.0,5.0,1.0,9.0,103.0,0.0,0.0,0.0,0.0,0.0,0.0,0.0,0.0,0.0,28.0,1.0,1.0,0.0,0.0,1.0,0.0,15.0,81.0,0.0,0.0,0.0,0.0,0.0,0.5,0.0,1.0,0.0,0.0,0.0,0.0,0.0,0.0,0.0,0.0,0.0,0.0,0.0,0.0,1.0,-1.0,1.0,1.0,0.0,1.0,1.0,1.0
398,5064.0,2.0,1.0,0.0,19.0,0.0,0.0,0.0,0.0,0.0,0.0,0.0,0.0,0.0,0.0,1.0,1.0,0.0,0.0,0.0,0.0,11.0,1.0,0.0,0.0,0.0,0.0,0.0,0.8823529412,0.0,0.0,0.0,0.0,0.0,0.0,0.0,0.0,0.0,0.0,0.0,0.0,0.0,0.0,1.0,1.0,-1.0,1.0,0.0,1.0,0.0,0.0
399,4293.0,4.0,1.0,4.0,57.0,0.0,0.0,0.0,0.0,0.0,0.0,0.0,0.0,0.0,0.0,1.0,1.0,0.0,0.0,0.0,0.0,23.0,27.0,0.0,0.0,0.0,0.0,0.0,0.0,0.0,1.0,1.0,0.0,0.0,0.0,0.0,0.0,0.0,0.0,0.0,0.0,0.0,0.0,1.0,0.0,1.0,1.0,1.0,1.0,1.0,1.0
400,749.0,1.0,0.0,4.0,82.0,2.0,2.0,0.0,0.0,0.0,0.0,0.0,0.0,0.0,22.0,1.0,1.0,0.0,0.0,0.0,0.0,24.0,51.0,0.0,0.0,0.0,1.0,0.6666666667,0.9545454545,1.0,1.0,0.0,0.0,0.0,0.1666666667,1.0,0.0,0.0,0.0,0.0,0.0,0.0,0.0,1.0,-1.0,-1.0,1.0,-1.0,-1.0,1.0,1.0
401,8272.0,3.0,1.0,2.0,77.0,0.0,0.0,0.0,0.0,1.0,0.0,3.0,2.0,0.0,6.0,1.0,0.0,0.0,0.0,0.0,0.0,16.0,15.0,38.0,0.0,0.0,0.0,0.0454545455,0.2,0.0,1.0,0.0,0.0,0.0,0.0,0.0,0.0,0.0,0.0,0.0,0.0,0.0,0.0,1.0,-1.0,0.0,1.0,1.0,1.0,0.0,0.0
402,4738.0,3.0,0.0,2.0,63.0,1.0,0.0,0.0,0.0,0.0,1.0,0.0,0.0,0.0,2.0,1.0,1.0,0.0,0.0,0.0,0.0,18.0,38.0,0.0,0.0,0.0,0.0,0.0,0.0714285714,1.0,1.0,0.0,0.0,0.0,1.0,0.0,0.0,0.0,0.0,0.0,1.0,0.0,0.0,1.0,0.0,1.0,1.0,1.0,-1.0,1.0,1.0
403,9317.0,2.0,1.0,2.0,54.0,0.0,0.0,0.0,0.0,2.0,0.0,0.0,0.0,0.0,0.0,1.0,0.0,0.0,0.0,0.0,0.0,18.0,29.0,0.0,0.0,0.0,0.0,0.0129032258,0.0657894737,0.0,1.0,1.0,0.0,0.0,0.0129032258,0.0,0.0,0.0,0.0,1.0,0.0,0.0,0.0,1.0,0.0,1.0,1.0,0.0,1.0,0.0,0.0
404,5266.0,2.0,1.0,8.0,79.0,0.0,0.0,0.0,0.0,0.0,0.0,0.0,0.0,0.0,4.0,1.0,1.0,0.0,0.0,1.0,0.0,22.0,50.0,0.0,0.0,0.0,0.0,0.0085470085,0.012345679,0.0,0.0,0.0,0.0,0.0,0.0,0.0,0.0,0.0,0.0,0.0,0.0,0.0,0.0,1.0,-1.0,1.0,1.0,1.0,1.0,0.0,0.0
405,4837.0,3.0,1.0,2.0,52.0,0.0,0.0,0.0,0.0,0.0,0.0,0.0,0.0,0.0,0.0,1.0,0.0,0.0,0.0,0.0,0.0,28.0,17.0,0.0,0.0,0.0,1.0,0.0,0.0,0.0,1.0,0.0,0.0,0.0,1.0,0.0,0.0,0.0,0.0,0.0,0.0,0.0,1.0,1.0,1.0,1.0,1.0,1.0,-1.0,1.0,1.0
406,3100.0,2.0,1.0,3.0,72.0,0.0,0.0,0.0,0.0,0.0,0.0,0.0,0.0,0.0,0.0,1.0,1.0,0.0,0.0,0.0,0.0,22.0,43.0,0.0,0.0,0.0,0.0,0.0,0.0,0.0,1.0,0.0,0.0,0.0,1.0,0.0,0.0,0.0,0.0,0.0,0.0,0.0,0.0,1.0,0.0,1.0,1.0,1.0,-1.0,1.0,1.0
407,262.0,2.0,0.0,4.0,60.0,0.0,0.0,0.0,0.0,0.0,0.0,0.0,0.0,0.0,0.0,1.0,0.0,0.0,0.0,0.0,0.0,16.0,37.0,0.0,0.0,0.0,0.0,0.7857142857,0.0909090909,1.0,1.0,0.0,0.0,0.0,0.2142857143,0.0,0.0,0.0,0.0,0.0,0.0,0.0,0.0,1.0,0.0,1.0,1.0,0.0,-1.0,1.0,1.0
408,4132.0,2.0,0.0,3.0,49.0,0.0,0.0,0.0,0.0,0.0,0.0,0.0,0.0,0.0,0.0,1.0,0.0,0.0,0.0,0.0,0.0,17.0,25.0,0.0,0.0,0.0,0.0,0.0,0.0,0.0,1.0,0.0,0.0,0.0,0.0,0.0,0.0,0.0,0.0,0.0,0.0,0.0,0.0,1.0,1.0,1.0,1.0,1.0,1.0,1.0,1.0
409,897.0,2.0,1.0,2.0,66.0,1.0,1.0,0.0,0.0,0.0,0.0,0.0,0.0,0.0,0.0,0.0,1.0,0.0,0.0,0.0,0.0,37.0,21.0,0.0,0.0,0.0,0.0,0.0,0.0,0.0,0.0,1.0,0.0,0.0,1.0,0.0,0.0,0.0,0.0,0.0,0.0,0.0,0.0,1.0,0.0,1.0,1.0,1.0,-1.0,1.0,1.0
410,6526.0,3.0,1.0,4.0,73.0,1.0,1.0,0.0,0.0,0.0,0.0,0.0,0.0,0.0,9.0,1.0,1.0,0.0,0.0,1.0,0.0,26.0,40.0,0.0,0.0,0.0,0.0,0.0,0.6,0.0,0.0,0.0,0.0,0.0,0.0,0.0,0.0,0.0,0.0,0.0,0.0,0.0,0.0,1.0,0.0,1.0,1.0,0.0,1.0,0.0,0.0
411,5346.0,2.0,1.0,5.0,105.0,8.0,0.0,0.0,0.0,0.0,0.0,0.0,0.0,0.0,8.0,1.0,1.0,0.0,0.0,0.0,0.0,20.0,78.0,0.0,0.0,0.0,1.0,0.3205128205,0.0869565217,0.0,1.0,0.0,0.0,0.0,0.0641025641,0.0,0.0,0.0,0.0,1.0,0.0,0.0,0.0,1.0,-1.0,1.0,1.0,1.0,0.0,0.0,0.0
412,6134.0,3.0,1.0,1.0,62.0,0.0,0.0,0.0,0.0,0.0,0.0,3.0,2.0,0.0,8.0,1.0,0.0,0.0,0.0,0.0,0.0,19.0,10.0,25.0,0.0,0.0,0.0,0.064,0.0952380952,0.0,1.0,0.0,0.0,0.0,0.0,0.0,0.0,0.0,0.0,0.0,0.0,0.0,0.0,1.0,0.0,1.0,1.0,1.0,1.0,0.0,0.0
413,9364.0,2.0,1.0,1.0,39.0,0.0,0.0,0.0,0.0,0.0,0.0,0.0,0.0,0.0,0.0,1.0,0.0,0.0,0.0,0.0,0.0,18.0,14.0,0.0,0.0,0.0,0.0,0.1062992126,1.0,1.0,0.0,0.0,0.0,0.0,0.0236220472,0.0,0.0,0.0,0.0,0.0,0.0,0.0,0.0,1.0,1.0,-1.0,1.0,-1.0,1.0,0.0,0.0
414,9940.0,3.0,1.0,3.0,51.0,0.0,0.0,0.0,0.0,0.0,0.0,0.0,0.0,0.0,4.0,1.0,1.0,0.0,0.0,0.0,0.0,18.0,26.0,0.0,0.0,0.0,0.0,0.0287356322,0.5283018868,0.0,1.0,0.0,0.0,0.0,0.0032840722,0.0,0.0,0.0,0.0,0.0,1.0,0.0,0.0,1.0,1.0,1.0,1.0,0.0,1.0,0.0,0.0
415,5635.0,7.0,1.0,5.0,87.0,1.0,0.0,0.0,0.0,0.0,0.0,0.0,0.0,0.0,4.0,1.0,1.0,0.0,0.0,0.0,0.0,14.0,66.0,0.0,0.0,0.0,1.0,0.04,0.0,0.0,0.0,0.0,0.0,0.0,0.0,0.0,0.0,0.0,0.0,0.0,0.0,0.0,0.0,1.0,-1.0,1.0,1.0,1.0,1.0,0.0,0.0
416,3706.0,5.0,3.0,3.0,61.0,3.0,3.0,0.0,0.0,0.0,0.0,0.0,0.0,0.0,0.0,1.0,0.0,0.0,1.0,0.0,0.0,37.0,17.0,0.0,0.0,0.0,0.0,0.0,0.0,0.0,1.0,0.0,0.0,0.0,0.0,0.0,0.0,0.0,0.0,0.0,0.0,0.0,0.0,0.0,0.0,1.0,1.0,1.0,1.0,1.0,1.0
417,5431.0,3.0,1.0,2.0,87.0,0.0,0.0,0.0,0.0,5.0,0.0,4.0,3.0,0.0,5.0,1.0,0.0,0.0,0.0,1.0,0.0,15.0,28.0,36.0,0.0,0.0,1.0,0.125,0.1428571429,0.0,1.0,0.0,0.0,0.0,0.0,0.0,0.0,0.0,0.0,0.0,0.0,0.0,0.0,1.0,-1.0,1.0,1.0,0.0,1.0,0.0,0.0
418,2759.0,3.0,0.0,2.0,45.0,0.0,0.0,0.0,0.0,0.0,0.0,0.0,0.0,0.0,0.0,1.0,0.0,0.0,0.0,1.0,0.0,17.0,21.0,0.0,0.0,0.0,0.0,0.75,0.6756756757,0.0,1.0,0.0,0.0,0.0,0.0,1.0,0.0,0.0,0.0,0.0,1.0,0.0,0.0,1.0,1.0,0.0,1.0,0.0,-1.0,1.0,1.0
419,4167.0,2.0,0.0,7.0,79.0,1.0,0.0,0.0,0.0,0.0,0.0,0.0,0.0,0.0,0.0,1.0,0.0,0.0,0.0,1.0,0.0,17.0,55.0,0.0,0.0,0.0,0.0,0.9230769231,1.0,0.0,1.0,1.0,0.0,0.0,0.0,1.0,0.0,0.0,0.0,0.0,0.0,0.0,0.0,1.0,-1.0,1.0,1.0,-1.0,-1.0,1.0,1.0
420,1045.0,1.0,0.0,3.0,43.0,0.0,0.0,0.0,0.0,0.0,0.0,0.0,0.0,0.0,0.0,1.0,1.0,0.0,0.0,0.0,0.0,6.0,30.0,0.0,0.0,0.0,0.0,0.9230769231,1.0,0.0,1.0,0.0,0.0,0.0,0.0,1.0,0.0,0.0,0.0,0.0,0.0,0.0,0.0,1.0,1.0,1.0,1.0,-1.0,-1.0,1.0,1.0
421,1153.0,2.0,0.0,2.0,48.0,1.0,0.0,0.0,0.0,0.0,0.0,0.0,0.0,0.0,0.0,1.0,0.0,0.0,0.0,0.0,0.0,21.0,20.0,0.0,0.0,0.0,0.0,0.3333333333,0.25,0.0,1.0,0.0,0.0,0.0,0.0,0.0,0.0,0.0,0.0,0.0,0.0,0.0,0.0,1.0,1.0,1.0,1.0,0.0,0.0,1.0,1.0
422,5454.0,3.0,1.0,3.0,59.0,1.0,0.0,0.0,0.0,0.0,0.0,0.0,0.0,0.0,6.0,1.0,1.0,0.0,0.0,0.0,0.0,26.0,26.0,0.0,0.0,0.0,0.0,0.9333333333,0.985915493,0.0,0.0,0.0,0.0,0.0,0.0095238095,1.0,0.0,0.0,0.0,0.0,1.0,0.0,0.0,1.0,0.0,-1.0,1.0,-1.0,-1.0,0.0,0.0
423,3850.0,2.0,0.0,1.0,29.0,0.0,0.0,0.0,0.0,0.0,0.0,0.0,0.0,0.0,0.0,1.0,0.0,0.0,0.0,1.0,0.0,13.0,9.0,0.0,0.0,0.0,0.0,0.875,1.0,0.0,1.0,0.0,0.0,0.0,0.125,1.0,0.0,0.0,0.0,0.0,0.0,0.0,0.0,1.0,1.0,-1.0,1.0,-1.0,-1.0,1.0,1.0
424,5748.0,1.0,0.0,5.0,87.0,7.0,0.0,0.0,0.0,0.0,0.0,0.0,0.0,0.0,8.0,1.0,1.0,0.0,0.0,1.0,0.0,18.0,62.0,0.0,0.0,0.0,0.0,0.0080645161,0.1568627451,0.0,1.0,0.0,0.0,0.0,0.0161290323,0.0,0.0,0.0,0.0,0.0,1.0,0.0,0.0,1.0,-1.0,1.0,1.0,0.0,1.0,0.0,0.0
425,1546.0,3.0,1.0,3.0,54.0,1.0,0.0,0.0,0.0,0.0,0.0,0.0,0.0,0.0,0.0,1.0,1.0,0.0,0.0,0.0,0.0,20.0,27.0,0.0,0.0,0.0,0.0,0.0,0.0,0.0,1.0,1.0,0.0,0.0,1.0,0.0,0.0,0.0,0.0,0.0,0.0,0.0,0.0,1.0,0.0,1.0,1.0,1.0,-1.0,1.0,1.0
426,877.0,3.0,0.0,3.0,52.0,1.0,0.0,0.0,0.0,0.0,0.0,0.0,0.0,0.0,0.0,1.0,0.0,0.0,0.0,1.0,0.0,17.0,28.0,0.0,0.0,0.0,0.0,0.0,0.75,0.0,1.0,0.0,0.0,0.0,0.0,1.0,0.0,0.0,0.0,0.0,0.0,0.0,0.0,1.0,1.0,0.0,1.0,-1.0,1.0,1.0,1.0
427,6802.0,2.0,1.0,3.0,151.0,1.0,0.0,0.0,0.0,11.0,0.0,1.0,0.0,0.0,4.0,1.0,1.0,0.0,0.0,1.0,0.0,32.0,99.0,12.0,0.0,0.0,0.0,0.1121495327,0.0697674419,0.0,1.0,0.0,0.0,0.0,0.0,0.0,0.0,0.0,0.0,0.0,0.0,0.0,0.0,1.0,-1.0,1.0,1.0,0.0,1.0,0.0,0.0
428,959.0,2.0,0.0,6.0,72.0,1.0,0.0,0.0,0.0,1.0,0.0,0.0,0.0,0.0,2.0,1.0,0.0,0.0,0.0,1.0,0.0,13.0,52.0,0.0,0.0,0.0,0.0,0.9,1.0,1.0,1.0,0.0,0.0,0.0,0.1,1.0,0.0,0.0,0.0,0.0,1.0,0.0,0.0,1.0,0.0,-1.0,1.0,-1.0,-1.0,1.0,1.0
429,9525.0,3.0,1.0,2.0,35.0,1.0,0.0,0.0,0.0,0.0,0.0,0.0,0.0,0.0,0.0,1.0,0.0,0.0,0.0,1.0,0.0,17.0,11.0,0.0,0.0,0.0,0.0,0.0,0.625,0.0,1.0,1.0,0.0,1.0,0.0098039216,0.0,0.0,0.0,0.0,0.0,0.0,0.0,0.0,1.0,1.0,-1.0,-1.0,0.0,1.0,0.0,0.0
430,7826.0,2.0,1.0,3.0,73.0,0.0,0.0,0.0,0.0,4.0,0.0,0.0,0.0,0.0,0.0,1.0,0.0,0.0,0.0,1.0,0.0,33.0,33.0,0.0,0.0,0.0,0.0,0.5555555556,0.625,0.0,1.0,0.0,1.0,0.0,0.0,0.0,0.0,0.0,0.0,0.0,0.0,0.0,0.0,1.0,0.0,1.0,0.0,0.0,0.0,0.0,0.0
431,7285.0,2.0,0.0,5.0,80.0,0.0,0.0,0.0,0.0,5.0,0.0,0.0,0.0,0.0,6.0,1.0,1.0,0.0,0.0,1.0,0.0,9.0,64.0,0.0,0.0,0.0,0.0,0.2612612613,0.6842105263,0.0,1.0,1.0,0.0,1.0,0.0630630631,0.0,0.0,0.0,0.0,1.0,0.0,0.0,0.0,1.0,-1.0,1.0,-1.0,0.0,0.0,0.0,0.0
432,3521.0,3.0,2.0,4.0,109.0,5.0,4.0,0.0,0.0,0.0,0.0,0.0,0.0,0.0,22.0,1.0,1.0,0.0,1.0,1.0,0.0,57.0,45.0,0.0,0.0,0.0,0.0,0.0555555556,0.0909090909,0.0,1.0,1.0,0.0,0.0,0.9444444444,0.0,0.0,1.0,0.0,0.0,1.0,0.0,0.0,0.0,-1.0,1.0,1.0,1.0,-1.0,1.0,1.0
433,2171.0,2.0,0.0,3.0,45.0,1.0,0.0,0.0,0.0,0.0,0.0,0.0,0.0,0.0,0.0,1.0,0.0,0.0,0.0,1.0,0.0,16.0,22.0,0.0,0.0,0.0,0.0,0.9230769231,1.0,0.0,1.0,0.0,0.0,0.0,0.0,1.0,0.0,0.0,0.0,0.0,0.0,0.0,0.0,1.0,1.0,1.0,1.0,-1.0,-1.0,1.0,1.0
434,3680.0,5.0,3.0,3.0,84.0,0.0,0.0,0.0,0.0,0.0,0.0,0.0,0.0,0.0,4.0,1.0,1.0,0.0,1.0,0.0,0.0,33.0,44.0,0.0,0.0,2.0,0.0,0.5555555556,0.0,0.0,1.0,1.0,0.0,0.0,0.1111111111,0.0,0.0,0.0,0.0,0.0,0.0,0.0,0.0,-1.0,-1.0,1.0,1.0,1.0,0.0,1.0,1.0
435,1353.0,4.0,0.0,5.0,97.0,0.0,0.0,0.0,0.0,0.0,0.0,1.0,0.0,0.0,12.0,1.0,0.0,0.0,0.0,1.0,0.0,16.0,40.0,33.0,0.0,0.0,0.0,0.0,0.6153846154,1.0,1.0,0.0,0.0,0.0,0.0,0.0,0.0,0.0,0.0,0.0,0.0,0.0,0.0,1.0,-1.0,-1.0,1.0,0.0,1.0,1.0,1.0
436,7919.0,2.0,1.0,3.0,82.0,0.0,0.0,0.0,0.0,0.0,0.0,0.0,3.0,0.0,11.0,1.0,1.0,0.0,0.0,1.0,0.0,24.0,51.0,0.0,0.0,0.0,0.0,0.023255814,0.40625,0.0,0.0,0.0,0.0,0.0,0.007751938,0.0,0.0,0.0,0.0,0.0,0.0,0.0,0.0,1.0,-1.0,-1.0,1.0,1.0,1.0,0.0,0.0
437,6912.0,1.0,0.0,5.0,80.0,6.0,0.0,0.0,0.0,0.0,0.0,0.0,0.0,0.0,10.0,1.0,1.0,0.0,0.0,1.0,0.0,17.0,56.0,0.0,0.0,0.0,0.0,0.1666666667,0.25,0.0,1.0,0.0,0.0,0.0,0.1666666667,0.0,0.0,0.0,0.0,0.0,0.0,0.0,0.0,1.0,-1.0,0.0,1.0,0.0,0.0,0.0,0.0
438,1407.0,3.0,0.0,3.0,47.0,0.0,0.0,0.0,0.0,0.0,0.0,0.0,0.0,0.0,0.0,1.0,1.0,0.0,0.0,0.0,0.0,17.0,23.0,0.0,0.0,0.0,0.0,0.0,1.0,0.0,1.0,1.0,0.0,0.0,1.0,1.0,0.0,0.0,0.0,0.0,0.0,0.0,0.0,1.0,1.0,-1.0,1.0,-1.0,-1.0,1.0,1.0
439,7793.0,3.0,1.0,3.0,65.0,0.0,0.0,0.0,0.0,0.0,0.0,0.0,0.0,0.0,0.0,1.0,0.0,0.0,0.0,1.0,0.0,16.0,42.0,0.0,0.0,0.0,0.0,0.2745098039,0.037037037,0.0,1.0,0.0,0.0,0.0,0.0,0.0,0.0,0.0,0.0,1.0,0.0,0.0,0.0,1.0,0.0,1.0,1.0,1.0,1.0,0.0,0.0
440,8940.0,1.0,0.0,3.0,36.0,0.0,0.0,0.0,0.0,0.0,0.0,0.0,0.0,0.0,0.0,1.0,0.0,0.0,0.0,1.0,0.0,14.0,15.0,0.0,0.0,0.0,0.0,0.0199004975,0.9619047619,0.0,0.0,0.0,0.0,0.0,0.0149253731,0.0,0.0,0.0,0.0,0.0,1.0,0.0,0.0,1.0,1.0,-1.0,1.0,0.0,1.0,0.0,0.0
441,2343.0,2.0,0.0,5.0,88.0,1.0,0.0,0.0,0.0,0.0,0.0,0.0,0.0,0.0,21.0,1.0,1.0,0.0,0.0,0.0,0.0,23.0,58.0,0.0,0.0,0.0,0.0,0.0,0.0,0.0,1.0,0.0,0.0,0.0,1.0,0.0,0.0,0.0,0.0,0.0,0.0,0.0,1.0,1.0,-1.0,1.0,1.0,1.0,-1.0,1.0,1.0
442,3443.0,3.0,1.0,2.0,63.0,0.0,0.0,0.0,0.0,0.0,0.0,0.0,0.0,0.0,0.0,1.0,0.0,0.0,0.0,0.0,0.0,30.0,26.0,0.0,0.0,1.0,0.0,1.0,0.9090909091,0.0,1.0,0.0,0.0,0.0,0.0,1.0,0.0,0.0,0.0,0.0,0.0,0.0,0.0,1.0,0.0,-1.0,1.0,-1.0,-1.0,1.0,1.0
443,7076.0,1.0,0.0,4.0,99.0,14.0,2.0,0.0,0.0,0.0,0.0,0.0,0.0,0.0,6.0,1.0,1.0,0.0,0.0,1.0,0.0,17.0,75.0,0.0,0.0,0.0,0.0,0.0371517028,0.21875,0.0,1.0,1.0,0.0,0.0,0.0464396285,0.0,0.0,0.0,0.0,0.0,1.0,0.0,1.0,1.0,-1.0,1.0,1.0,0.0,1.0,0.0,0.0
444,3661.0,3.0,1.0,5.0,69.0,0.0,0.0,0.0,0.0,0.0,0.0,0.0,0.0,0.0,8.0,1.0,1.0,0.0,0.0,1.0,0.0,20.0,42.0,0.0,0.0,0.0,0.0,0.0,0.0,0.0,1.0,0.0,0.0,0.0,1.0,0.0,0.0,0.0,0.0,0.0,0.0,0.0,0.0,1.0,0.0,1.0,1.0,1.0,-1.0,1.0,1.0
445,5713.0,1.0,0.0,6.0,90.0,6.0,0.0,0.0,0.0,0.0,0.0,0.0,0.0,0.0,6.0,1.0,1.0,0.0,0.0,1.0,0.0,17.0,66.0,0.0,0.0,0.0,0.0,0.3866666667,0.9911504425,1.0,1.0,0.0,0.0,0.0,0.0,0.0,0.0,0.0,0.0,1.0,1.0,0.0,0.0,1.0,-1.0,-1.0,1.0,-1.0,0.0,0.0,0.0
446,697.0,4.0,0.0,3.0,92.0,0.0,0.0,0.0,0.0,1.0,0.0,6.0,6.0,0.0,25.0,1.0,0.0,1.0,0.0,0.0,0.0,12.0,22.0,50.0,0.0,0.0,0.0,0.375,0.0,0.0,1.0,0.0,0.0,0.0,0.0,1.0,0.0,0.0,0.0,0.0,0.0,0.0,0.0,1.0,-1.0,1.0,1.0,0.0,0.0,1.0,1.0
447,9752.0,2.0,1.0,0.0,40.0,0.0,0.0,0.0,0.0,0.0,0.0,1.0,0.0,0.0,0.0,1.0,0.0,0.0,0.0,0.0,0.0,16.0,1.0,15.0,0.0,0.0,0.0,0.0,0.1666666667,0.0,1.0,1.0,0.0,0.0,0.0,0.0,0.0,0.0,0.0,0.0,0.0,0.0,0.0,1.0,1.0,1.0,1.0,0.0,1.0,0.0,0.0
448,1721.0,2.0,1.0,0.0,22.0,0.0,0.0,0.0,0.0,0.0,0.0,0.0,0.0,0.0,0.0,1.0,0.0,0.0,0.0,0.0,0.0,14.0,1.0,0.0,0.0,0.0,0.0,0.0,0.6666666667,1.0,1.0,1.0,0.0,0.0,0.0,0.0,0.0,0.0,0.0,0.0,0.0,0.0,0.0,1.0,1.0,0.0,1.0,0.0,1.0,1.0,1.0
449,4432.0,2.0,0.0,2.0,42.0,0.0,0.0,0.0,0.0,0.0,0.0,0.0,0.0,0.0,0.0,1.0,1.0,0.0,0.0,0.0,0.0,18.0,17.0,0.0,0.0,0.0,0.0,0.2,0.037037037,1.0,1.0,0.0,0.0,0.0,0.8,0.0,0.0,0.0,0.0,0.0,1.0,0.0,0.0,1.0,1.0,1.0,1.0,1.0,-1.0,1.0,1.0
450,1274.0,6.0,1.0,5.0,83.0,0.0,0.0,0.0,0.0,1.0,0.0,0.0,0.0,0.0,0.0,1.0,1.0,0.0,0.0,1.0,0.0,19.0,57.0,0.0,0.0,1.0,0.0,1.0,0.0,0.0,1.0,0.0,0.0,0.0,0.0,0.0,0.0,0.0,0.0,0.0,0.0,0.0,0.0,1.0,-1.0,1.0,1.0,1.0,-1.0,1.0,1.0
451,7091.0,3.0,1.0,1.0,63.0,0.0,0.0,0.0,0.0,0.0,0.0,2.0,1.0,0.0,11.0,1.0,0.0,0.0,0.0,0.0,0.0,17.0,9.0,29.0,0.0,0.0,0.0,0.0454545455,0.6,0.0,1.0,0.0,0.0,0.0,0.0,0.0,0.0,0.0,0.0,0.0,1.0,0.0,0.0,1.0,0.0,1.0,1.0,0.0,1.0,0.0,0.0
452,2795.0,3.0,0.0,7.0,114.0,1.0,0.0,0.0,0.0,0.0,0.0,0.0,0.0,0.0,0.0,1.0,1.0,0.0,0.0,1.0,0.0,22.0,85.0,0.0,0.0,0.0,0.0,1.0,0.1428571429,1.0,1.0,0.0,0.0,0.0,0.0,0.0,0.0,0.0,0.0,0.0,1.0,0.0,0.0,1.0,-1.0,1.0,1.0,0.0,-1.0,1.0,1.0
453,4447.0,3.0,0.0,6.0,69.0,1.0,0.0,0.0,0.0,0.0,0.0,0.0,0.0,0.0,6.0,1.0,1.0,0.0,0.0,0.0,0.0,13.0,49.0,0.0,0.0,0.0,1.0,1.0,1.0,0.0,1.0,0.0,0.0,0.0,0.0,1.0,0.0,0.0,0.0,0.0,0.0,0.0,0.0,1.0,0.0,-1.0,1.0,-1.0,-1.0,1.0,1.0
454,3994.0,1.0,0.0,4.0,60.0,2.0,0.0,0.0,0.0,0.0,0.0,0.0,0.0,0.0,0.0,1.0,0.0,0.0,0.0,0.0,0.0,21.0,32.0,0.0,0.0,0.0,1.0,0.0,0.421875,0.0,1.0,1.0,0.0,1.0,1.0,0.0,0.0,0.0,0.0,0.0,1.0,0.0,0.0,1.0,0.0,0.0,-1.0,0.0,-1.0,1.0,1.0
455,9264.0,2.0,1.0,3.0,39.0,0.0,0.0,0.0,0.0,0.0,0.0,0.0,0.0,0.0,4.0,1.0,1.0,0.0,0.0,0.0,0.0,13.0,19.0,0.0,0.0,0.0,0.0,0.2093023256,0.5,0.0,1.0,1.0,1.0,0.0,0.023255814,0.0,0.0,0.0,0.0,0.0,1.0,0.0,0.0,1.0,1.0,0.0,0.0,0.0,1.0,0.0,0.0
456,1869.0,2.0,0.0,3.0,48.0,0.0,0.0,0.0,0.0,0.0,0.0,0.0,0.0,0.0,0.0,1.0,1.0,0.0,0.0,0.0,0.0,14.0,27.0,0.0,0.0,0.0,0.0,0.0,0.0,0.0,1.0,1.0,0.0,0.0,0.0,0.0,0.0,0.0,0.0,0.0,0.0,1.0,0.0,1.0,1.0,1.0,1.0,1.0,1.0,1.0,1.0
457,4457.0,4.0,2.0,5.0,98.0,4.0,4.0,0.0,0.0,0.0,0.0,0.0,0.0,0.0,10.0,1.0,0.0,0.0,0.0,0.0,0.0,36.0,55.0,0.0,0.0,1.0,0.0,0.8571428571,1.0,1.0,1.0,0.0,0.0,0.0,0.1428571429,1.0,0.0,0.0,0.0,0.0,1.0,0.0,0.0,0.0,-1.0,-1.0,1.0,-1.0,-1.0,1.0,1.0
458,2417.0,3.0,1.0,4.0,54.0,1.0,0.0,0.0,0.0,0.0,0.0,0.0,0.0,0.0,0.0,1.0,0.0,0.0,0.0,1.0,0.0,10.0,37.0,0.0,0.0,0.0,0.0,0.0405405405,0.1785714286,0.0,1.0,0.0,1.0,0.0,0.0810810811,0.0,0.0,0.0,0.0,0.0,0.0,0.0,0.0,1.0,0.0,1.0,0.0,0.0,1.0,1.0,1.0
459,6750.0,2.0,1.0,3.0,103.0,9.0,0.0,0.0,0.0,0.0,0.0,0.0,0.0,0.0,2.0,1.0,1.0,0.0,0.0,1.0,0.0,16.0,80.0,0.0,0.0,0.0,0.0,0.2619047619,0.3684210526,0.0,0.0,0.0,0.0,0.0,0.0238095238,0.0,0.0,0.0,0.0,1.0,0.0,1.0,0.0,1.0,-1.0,1.0,1.0,0.0,1.0,0.0,0.0
460,3804.0,2.0,1.0,3.0,48.0,0.0,0.0,0.0,0.0,0.0,0.0,0.0,0.0,0.0,0.0,1.0,0.0,0.0,0.0,0.0,0.0,24.0,17.0,0.0,0.0,0.0,0.0,0.0,0.0,0.0,1.0,0.0,0.0,0.0,0.0,0.0,0.0,0.0,0.0,0.0,0.0,0.0,0.0,1.0,1.0,1.0,1.0,1.0,1.0,1.0,1.0
461,3604.0,3.0,2.0,4.0,109.0,5.0,4.0,0.0,0.0,0.0,0.0,0.0,0.0,0.0,23.0,1.0,1.0,0.0,1.0,1.0,0.0,57.0,45.0,0.0,0.0,0.0,0.0,0.0555555556,0.0909090909,0.0,1.0,1.0,0.0,0.0,0.9444444444,0.0,0.0,1.0,0.0,0.0,1.0,0.0,0.0,0.0,-1.0,1.0,1.0,1.0,-1.0,1.0,1.0
462,9564.0,3.0,1.0,2.0,56.0,0.0,0.0,0.0,0.0,0.0,0.0,1.0,0.0,0.0,5.0,1.0,1.0,0.0,0.0,0.0,0.0,19.0,22.0,7.0,0.0,0.0,0.0,0.2068965517,0.0158102767,0.0,0.0,0.0,0.0,0.0,0.0,0.0,0.0,0.0,0.0,1.0,0.0,0.0,0.0,1.0,0.0,1.0,1.0,0.0,1.0,0.0,0.0
463,1422.0,3.0,1.0,3.0,51.0,2.0,1.0,0.0,0.0,0.0,0.0,0.0,0.0,0.0,0.0,1.0,0.0,0.0,0.0,0.0,0.0,20.0,24.0,0.0,0.0,0.0,0.0,1.0,1.0,0.0,1.0,0.0,1.0,0.0,0.0,1.0,0.0,0.0,0.0,0.0,1.0,0.0,0.0,1.0,1.0,-1.0,0.0,-1.0,-1.0,1.0,1.0
464,9400.0,2.0,1.0,3.0,55.0,2.0,0.0,0.0,0.0,0.0,0.0,0.0,0.0,0.0,0.0,1.0,1.0,0.0,0.0,1.0,0.0,20.0,28.0,0.0,0.0,0.0,0.0,0.0,0.1071428571,0.0,1.0,0.0,0.0,0.0,0.0057471264,0.0,0.0,0.0,0.0,0.0,0.0,0.0,0.0,1.0,0.0,0.0,1.0,1.0,1.0,0.0,0.0
465,9477.0,3.0,1.0,3.0,55.0,0.0,0.0,0.0,0.0,0.0,0.0,0.0,0.0,0.0,5.0,1.0,1.0,0.0,0.0,1.0,0.0,13.0,35.0,0.0,0.0,0.0,0.0,0.028708134,0.3636363636,0.0,0.0,0.0,1.0,0.0,0.004784689,0.0,0.0,0.0,0.0,1.0,0.0,0.0,0.0,1.0,0.0,1.0,0.0,0.0,1.0,0.0,0.0
466,2687.0,3.0,0.0,3.0,57.0,0.0,0.0,0.0,0.0,0.0,0.0,0.0,0.0,0.0,0.0,1.0,1.0,0.0,0.0,1.0,0.0,17.0,33.0,0.0,0.0,1.0,0.0,0.9090909091,0.2857142857,1.0,1.0,0.0,0.0,0.0,0.0909090909,0.0,0.0,0.0,0.0,0.0,1.0,0.0,0.0,1.0,0.0,1.0,1.0,0.0,-1.0,1.0,1.0
467,9898.0,2.0,1.0,3.0,49.0,1.0,0.0,0.0,0.0,0.0,0.0,0.0,0.0,0.0,3.0,1.0,0.0,0.0,0.0,0.0,0.0,12.0,30.0,0.0,0.0,0.0,0.0,0.0774647887,0.0769230769,0.0,0.0,0.0,1.0,0.0,0.0281690141,0.0,0.0,0.0,0.0,0.0,0.0,0.0,0.0,1.0,1.0,1.0,0.0,1.0,1.0,0.0,0.0
468,3581.0,2.0,1.0,2.0,42.0,0.0,0.0,0.0,0.0,0.0,0.0,0.0,0.0,0.0,0.0,1.0,0.0,0.0,0.0,1.0,0.0,27.0,8.0,0.0,0.0,0.0,0.0,0.0,0.0740740741,1.0,1.0,0.0,0.0,0.0,0.0,0.0,0.0,0.0,0.0,0.0,0.0,0.0,0.0,1.0,1.0,1.0,1.0,1.0,1.0,1.0,1.0
469,4713.0,2.0,1.0,2.0,30.0,0.0,0.0,0.0,0.0,0.0,0.0,0.0,0.0,0.0,0.0,0.0,1.0,0.0,0.0,0.0,0.0,18.0,4.0,0.0,0.0,0.0,0.0,1.0,0.0,0.0,0.0,0.0,0.0,0.0,0.0,1.0,0.0,0.0,0.0,0.0,0.0,0.0,0.0,1.0,1.0,1.0,1.0,0.0,-1.0,1.0,1.0
470,1165.0,1.0,0.0,2.0,22.0,0.0,0.0,0.0,0.0,0.0,0.0,0.0,0.0,0.0,0.0,1.0,0.0,0.0,0.0,0.0,0.0,11.0,4.0,0.0,0.0,0.0,0.0,0.0,0.7857142857,0.0,1.0,0.0,0.0,0.0,1.0,1.0,0.0,0.0,0.0,0.0,1.0,0.0,0.0,1.0,1.0,-1.0,1.0,1.0,-1.0,1.0,1.0
471,1443.0,2.0,1.0,4.0,52.0,0.0,0.0,0.0,0.0,0.0,0.0,0.0,0.0,0.0,0.0,1.0,0.0,0.0,0.0,1.0,0.0,15.0,30.0,0.0,0.0,0.0,1.0,0.9230769231,1.0,0.0,1.0,0.0,0.0,0.0,0.0,1.0,0.0,0.0,0.0,0.0,0.0,0.0,0.0,1.0,1.0,1.0,1.0,-1.0,-1.0,1.0,1.0
472,9748.0,2.0,1.0,2.0,46.0,1.0,1.0,0.0,0.0,0.0,0.0,1.0,0.0,0.0,1.0,1.0,0.0,0.0,0.0,0.0,0.0,17.0,15.0,6.0,0.0,0.0,0.0,0.1428571429,0.5205479452,0.0,1.0,1.0,0.0,0.0,0.0,0.0,0.0,0.0,0.0,1.0,1.0,0.0,0.0,1.0,1.0,1.0,1.0,0.0,1.0,0.0,0.0
473,6069.0,2.0,0.0,3.0,79.0,7.0,0.0,0.0,0.0,0.0,0.0,0.0,0.0,0.0,6.0,1.0,1.0,0.0,0.0,1.0,0.0,19.0,53.0,0.0,0.0,0.0,0.0,0.09375,0.2698412698,0.0,1.0,0.0,0.0,0.0,0.0,0.0,0.0,0.0,0.0,1.0,1.0,0.0,0.0,1.0,-1.0,0.0,1.0,0.0,1.0,0.0,0.0
474,6490.0,2.0,0.0,5.0,96.0,1.0,0.0,0.0,0.0,1.0,0.0,1.0,0.0,0.0,17.0,1.0,1.0,0.0,0.0,0.0,0.0,21.0,49.0,18.0,0.0,0.0,0.0,0.0,0.0,0.0,0.0,0.0,0.0,0.0,0.0,0.0,0.0,0.0,0.0,0.0,0.0,1.0,0.0,1.0,-1.0,1.0,1.0,1.0,1.0,0.0,0.0
475,9631.0,2.0,1.0,3.0,56.0,1.0,0.0,0.0,0.0,1.0,0.0,1.0,0.0,0.0,6.0,1.0,0.0,0.0,0.0,1.0,0.0,15.0,22.0,11.0,0.0,0.0,0.0,0.0903225806,0.8444444444,1.0,0.0,0.0,0.0,0.0,0.0,0.0,0.0,0.0,0.0,0.0,1.0,0.0,0.0,1.0,0.0,-1.0,1.0,0.0,1.0,0.0,0.0
476,9999.0,3.0,1.0,1.0,49.0,0.0,0.0,0.0,0.0,0.0,0.0,1.0,0.0,0.0,3.0,1.0,0.0,0.0,0.0,0.0,0.0,15.0,13.0,13.0,0.0,0.0,0.0,0.1666666667,0.4285714286,0.0,1.0,1.0,0.0,0.0,0.0,0.0,0.0,0.0,0.0,0.0,1.0,0.0,0.0,1.0,1.0,0.0,1.0,0.0,1.0,0.0,0.0
477,2982.0,3.0,1.0,8.0,153.0,3.0,1.0,0.0,0.0,0.0,0.0,0.0,0.0,0.0,45.0,1.0,1.0,0.0,0.0,1.0,0.0,20.0,126.0,0.0,0.0,0.0,0.0,0.0,0.0416666667,1.0,1.0,0.0,0.0,0.0,0.0,0.0,0.0,0.0,0.0,0.0,0.0,0.0,0.0,1.0,-1.0,1.0,1.0,0.0,1.0,1.0,1.0
478,4713.0,2.0,1.0,2.0,30.0,0.0,0.0,0.0,0.0,0.0,0.0,0.0,0.0,0.0,0.0,0.0,1.0,0.0,0.0,0.0,0.0,18.0,4.0,0.0,0.0,0.0,0.0,1.0,0.0,0.0,0.0,0.0,0.0,0.0,0.0,1.0,0.0,0.0,0.0,0.0,0.0,0.0,0.0,1.0,1.0,1.0,1.0,0.0,-1.0,1.0,1.0
479,4706.0,3.0,1.0,8.0,106.0,2.0,0.0,0.0,0.0,0.0,0.0,0.0,0.0,0.0,0.0,1.0,1.0,0.0,0.0,0.0,0.0,25.0,74.0,0.0,0.0,0.0,0.0,0.875,0.3333333333,0.0,1.0,0.0,1.0,0.0,0.125,1.0,0.0,0.0,0.0,0.0,0.0,0.0,0.0,1.0,-1.0,-1.0,0.0,1.0,-1.0,1.0,1.0
480,733.0,4.0,0.0,3.0,47.0,1.0,0.0,0.0,0.0,0.0,0.0,0.0,0.0,0.0,12.0,1.0,0.0,1.0,0.0,1.0,0.0,12.0,28.0,0.0,0.0,0.0,0.0,0.0,0.0,0.0,1.0,0.0,0.0,0.0,1.0,1.0,0.0,0.0,0.0,0.0,0.0,0.0,0.0,1.0,1.0,1.0,1.0,1.0,-1.0,1.0,1.0
481,1903.0,2.0,0.0,6.0,60.0,0.0,0.0,0.0,0.0,0.0,0.0,0.0,0.0,0.0,0.0,1.0,0.0,0.0,0.0,1.0,0.0,17.0,36.0,0.0,0.0,1.0,1.0,1.0,1.0,1.0,1.0,0.0,0.0,0.0,0.0,1.0,0.0,0.0,0.0,0.0,0.0,0.0,0.0,1.0,0.0,-1.0,1.0,-1.0,-1.0,1.0,1.0
482,7391.0,2.0,0.0,4.0,67.0,0.0,0.0,0.0,0.0,3.0,0.0,0.0,0.0,0.0,7.0,1.0,1.0,0.0,0.0,1.0,0.0,11.0,49.0,0.0,0.0,0.0,0.0,0.5,0.6904761905,0.0,1.0,0.0,1.0,0.0,0.0666666667,0.0,0.0,0.0,0.0,1.0,1.0,0.0,0.0,1.0,0.0,1.0,0.0,-1.0,0.0,0.0,0.0
483,7067.0,3.0,1.0,4.0,95.0,4.0,0.0,0.0,0.0,0.0,0.0,0.0,0.0,0.0,1.0,1.0,1.0,0.0,0.0,1.0,0.0,24.0,64.0,0.0,0.0,0.0,0.0,0.2051282051,1.0,1.0,1.0,0.0,1.0,0.0,0.0085470085,0.0,0.0,0.0,0.0,0.0,1.0,0.0,0.0,1.0,-1.0,-1.0,0.0,-1.0,1.0,0.0,0.0
484,6984.0,2.0,1.0,2.0,83.0,4.0,0.0,0.0,0.0,0.0,0.0,1.0,0.0,0.0,16.0,1.0,1.0,0.0,0.0,0.0,0.0,19.0,46.0,10.0,0.0,0.0,0.0,0.0202020202,0.023890785,0.0,0.0,0.0,0.0,0.0,0.0,0.0,0.0,0.0,0.0,0.0,0.0,0.0,0.0,1.0,-1.0,1.0,1.0,0.0,1.0,0.0,0.0
485,4942.0,2.0,1.0,6.0,95.0,1.0,0.0,0.0,0.0,0.0,0.0,0.0,0.0,0.0,21.0,1.0,1.0,0.0,0.0,0.0,0.0,35.0,53.0,0.0,0.0,0.0,0.0,0.0,0.0714285714,0.0,1.0,0.0,0.0,0.0,1.0,0.0,0.0,0.0,0.0,0.0,1.0,0.0,0.0,1.0,-1.0,1.0,1.0,1.0,-1.0,1.0,1.0
486,6672.0,3.0,1.0,6.0,100.0,0.0,0.0,0.0,0.0,4.0,0.0,0.0,0.0,0.0,0.0,1.0,1.0,0.0,0.0,1.0,0.0,12.0,81.0,0.0,0.0,0.0,0.0,0.0392156863,0.0,0.0,0.0,0.0,0.0,0.0,0.0196078431,0.0,0.0,0.0,0.0,1.0,0.0,0.0,0.0,1.0,-1.0,1.0,1.0,1.0,1.0,0.0,0.0
487,6373.0,1.0,0.0,2.0,60.0,7.0,0.0,0.0,0.0,0.0,0.0,0.0,0.0,0.0,0.0,1.0,1.0,0.0,0.0,1.0,0.0,8.0,45.0,0.0,0.0,0.0,0.0,0.1621621622,0.988372093,1.0,1.0,1.0,0.0,0.0,0.0990990991,0.0,0.0,0.0,0.0,1.0,0.0,0.0,0.0,1.0,0.0,-1.0,1.0,-1.0,1.0,0.0,0.0
488,535.0,3.0,1.0,3.0,61.0,1.0,0.0,0.0,0.0,0.0,0.0,0.0,0.0,0.0,0.0,1.0,0.0,0.0,0.0,0.0,0.0,28.0,26.0,0.0,0.0,0.0,0.0,1.0,1.0,0.0,1.0,0.0,1.0,0.0,0.0,1.0,0.0,0.0,0.0,0.0,1.0,0.0,0.0,1.0,0.0,-1.0,0.0,1.0,-1.0,1.0,1.0
489,2913.0,2.0,1.0,4.0,40.0,0.0,0.0,0.0,0.0,0.0,0.0,0.0,0.0,0.0,0.0,1.0,0.0,0.0,0.0,1.0,0.0,15.0,18.0,0.0,0.0,0.0,0.0,0.0,0.0,0.0,1.0,0.0,0.0,0.0,0.0,0.0,0.0,0.0,0.0,0.0,0.0,0.0,0.0,1.0,1.0,1.0,1.0,1.0,1.0,1.0,1.0
490,1651.0,3.0,1.0,7.0,93.0,1.0,0.0,0.0,0.0,0.0,0.0,0.0,0.0,0.0,21.0,1.0,1.0,0.0,0.0,1.0,0.0,22.0,64.0,0.0,0.0,0.0,0.0,0.0,0.125,0.0,1.0,1.0,0.0,0.0,0.9230769231,0.0,0.0,0.0,0.0,0.0,0.0,0.0,0.0,1.0,-1.0,1.0,1.0,1.0,-1.0,1.0,1.0
491,4211.0,4.0,2.0,4.0,77.0,4.0,4.0,0.0,0.0,4.0,0.0,0.0,0.0,0.0,9.0,1.0,0.0,0.0,0.0,0.0,0.0,35.0,35.0,0.0,0.0,1.0,0.0,0.9230769231,1.0,1.0,1.0,0.0,0.0,0.0,0.0,1.0,0.0,0.0,0.0,0.0,0.0,0.0,0.0,0.0,-1.0,1.0,1.0,-1.0,-1.0,1.0,1.0
492,6869.0,1.0,0.0,3.0,66.0,5.0,0.0,0.0,0.0,0.0,0.0,0.0,0.0,0.0,1.0,1.0,1.0,0.0,0.0,1.0,0.0,15.0,44.0,0.0,0.0,0.0,0.0,0.4745762712,0.4698795181,0.0,1.0,1.0,0.0,0.0,0.0338983051,0.0,0.0,0.0,0.0,1.0,1.0,0.0,0.0,1.0,0.0,1.0,1.0,0.0,0.0,0.0,0.0
493,5422.0,2.0,0.0,1.0,119.0,8.0,0.0,0.0,0.0,1.0,0.0,2.0,1.0,0.0,6.0,1.0,1.0,0.0,0.0,1.0,0.0,19.0,23.0,69.0,0.0,0.0,0.0,0.0909090909,0.1818181818,0.0,0.0,0.0,0.0,0.0,0.0,0.0,0.0,0.0,0.0,1.0,0.0,0.0,0.0,1.0,-1.0,1.0,1.0,0.0,1.0,0.0,0.0
494,9450.0,4.0,2.0,2.0,54.0,2.0,0.0,0.0,0.0,0.0,0.0,0.0,0.0,0.0,3.0,1.0,0.0,0.0,0.0,0.0,0.0,27.0,20.0,0.0,0.0,0.0,0.0,0.2,0.1538461538,0.0,0.0,0.0,0.0,0.0,0.0166666667,0.0,0.0,0.0,0.0,0.0,0.0,0.0,0.0,1.0,0.0,1.0,1.0,0.0,1.0,0.0,0.0
495,9184.0,3.0,1.0,2.0,54.0,0.0,0.0,0.0,0.0,0.0,0.0,1.0,0.0,0.0,5.0,1.0,0.0,0.0,0.0,0.0,0.0,20.0,16.0,10.0,0.0,0.0,0.0,0.0853658537,0.3017751479,0.0,1.0,0.0,0.0,0.0,0.0,0.0,0.0,0.0,0.0,0.0,1.0,0.0,0.0,1.0,0.0,0.0,1.0,0.0,1.0,0.0,0.0
496,467.0,2.0,0.0,1.0,44.0,0.0,0.0,0.0,0.0,0.0,0.0,0.0,0.0,0.0,0.0,1.0,1.0,0.0,0.0,0.0,0.0,23.0,14.0,0.0,0.0,0.0,0.0,0.9230769231,1.0,0.0,1.0,0.0,0.0,0.0,0.0,1.0,0.0,0.0,0.0,0.0,0.0,0.0,0.0,1.0,1.0,1.0,1.0,-1.0,-1.0,1.0,1.0
497,5264.0,5.0,0.0,3.0,71.0,0.0,0.0,0.0,0.0,0.0,0.0,0.0,0.0,0.0,18.0,1.0,1.0,0.0,0.0,0.0,0.0,16.0,48.0,0.0,0.0,0.0,0.0,0.1578947368,0.0,0.0,0.0,0.0,0.0,0.0,0.0526315789,0.0,0.0,0.0,0.0,1.0,0.0,0.0,0.0,1.0,0.0,1.0,1.0,1.0,1.0,0.0,0.0
498,708.0,3.0,1.0,1.0,92.0,2.0,2.0,0.0,0.0,0.0,0.0,0.0,0.0,0.0,9.0,1.0,1.0,0.0,1.0,0.0,0.0,75.0,10.0,0.0,0.0,1.0,0.0,0.0,0.0,0.0,1.0,0.0,0.0,0.0,1.0,0.0,0.0,0.0,0.0,0.0,0.0,0.0,0.0,1.0,-1.0,1.0,1.0,1.0,-1.0,1.0,1.0
499,1588.0,14.0,0.0,3.0,245.0,1.0,0.0,0.0,0.0,0.0,0.0,6.0,12.0,1.0,74.0,1.0,0.0,0.0,0.0,1.0,0.0,14.0,24.0,174.0,0.0,0.0,0.0,0.0,0.6428571429,1.0,1.0,0.0,0.0,0.0,0.0,0.0,0.0,0.0,0.0,0.0,0.0,0.0,0.0,1.0,-1.0,-1.0,1.0,0.0,1.0,1.0,1.0
500,5246.0,1.0,0.0,1.0,96.0,9.0,0.0,0.0,0.0,0.0,0.0,1.0,0.0,0.0,4.0,1.0,0.0,0.0,0.0,1.0,0.0,22.0,58.0,8.0,0.0,0.0,0.0,0.0185185185,0.05,0.0,1.0,0.0,0.0,0.0,0.0,0.0,0.0,0.0,0.0,0.0,0.0,0.0,0.0,1.0,-1.0,1.0,1.0,1.0,1.0,0.0,0.0
501,2964.0,3.0,1.0,8.0,153.0,3.0,1.0,0.0,0.0,0.0,0.0,0.0,0.0,0.0,41.0,1.0,1.0,0.0,0.0,1.0,0.0,20.0,126.0,0.0,0.0,0.0,0.0,0.0,0.0416666667,1.0,1.0,0.0,0.0,0.0,0.0,0.0,0.0,0.0,0.0,0.0,0.0,0.0,0.0,1.0,-1.0,1.0,1.0,0.0,1.0,1.0,1.0
502,1881.0,2.0,0.0,3.0,43.0,0.0,0.0,0.0,0.0,0.0,0.0,0.0,0.0,0.0,0.0,1.0,0.0,0.0,0.0,0.0,0.0,15.0,21.0,0.0,0.0,0.0,0.0,0.0,0.0,0.0,1.0,1.0,0.0,0.0,1.0,0.0,0.0,0.0,0.0,0.0,0.0,0.0,0.0,1.0,1.0,1.0,1.0,1.0,-1.0,1.0,1.0
503,1853.0,3.0,0.0,2.0,44.0,0.0,0.0,0.0,0.0,0.0,0.0,0.0,0.0,0.0,0.0,1.0,0.0,0.0,0.0,0.0,0.0,19.0,18.0,0.0,0.0,0.0,0.0,0.0,0.0,0.0,1.0,1.0,0.0,0.0,1.0,0.0,0.0,0.0,0.0,0.0,0.0,0.0,0.0,1.0,1.0,1.0,1.0,1.0,-1.0,1.0,1.0
504,632.0,1.0,0.0,3.0,33.0,0.0,0.0,0.0,0.0,0.0,0.0,0.0,0.0,0.0,4.0,1.0,0.0,0.0,0.0,0.0,0.0,15.0,11.0,0.0,0.0,0.0,0.0,1.0,0.0,0.0,1.0,0.0,0.0,0.0,0.0,0.0,0.0,0.0,0.0,0.0,1.0,0.0,0.0,1.0,1.0,1.0,1.0,1.0,-1.0,1.0,1.0
505,3177.0,3.0,1.0,2.0,38.0,0.0,0.0,0.0,0.0,0.0,0.0,0.0,0.0,0.0,1.0,1.0,0.0,0.0,0.0,0.0,0.0,18.0,13.0,0.0,0.0,0.0,0.0,1.0,1.0,0.0,1.0,0.0,1.0,0.0,0.0,1.0,0.0,0.0,0.0,0.0,0.0,0.0,0.0,1.0,1.0,-1.0,0.0,-1.0,-1.0,1.0,1.0
506,6873.0,2.0,0.0,1.0,130.0,1.0,0.0,0.0,0.0,1.0,2.0,6.0,5.0,0.0,14.0,1.0,0.0,0.0,0.0,0.0,0.0,9.0,10.0,103.0,0.0,0.0,0.0,0.696969697,1.0,1.0,1.0,0.0,1.0,0.0,0.0,1.0,0.0,0.0,0.0,0.0,1.0,0.0,0.0,1.0,-1.0,-1.0,0.0,-1.0,-1.0,0.0,0.0
507,8364.0,2.0,1.0,3.0,50.0,2.0,0.0,0.0,0.0,0.0,0.0,0.0,0.0,0.0,4.0,1.0,1.0,0.0,0.0,0.0,0.0,21.0,22.0,0.0,0.0,0.0,0.0,0.07,0.5294117647,0.0,1.0,0.0,0.0,0.0,0.065,0.0,0.0,0.0,0.0,0.0,1.0,0.0,0.0,1.0,1.0,0.0,1.0,0.0,1.0,0.0,0.0
508,2337.0,4.0,0.0,7.0,65.0,0.0,0.0,0.0,0.0,0.0,0.0,0.0,0.0,0.0,16.0,1.0,1.0,1.0,0.0,0.0,0.0,13.0,45.0,0.0,0.0,0.0,0.0,1.0,0.1428571429,1.0,1.0,0.0,0.0,0.0,0.0,1.0,0.0,0.0,0.0,0.0,1.0,0.0,0.0,1.0,0.0,1.0,1.0,0.0,-1.0,1.0,1.0
509,7804.0,3.0,1.0,2.0,72.0,4.0,0.0,0.0,0.0,0.0,0.0,0.0,0.0,0.0,0.0,1.0,0.0,0.0,0.0,1.0,0.0,24.0,41.0,0.0,0.0,0.0,0.0,0.0,0.1428571429,0.0,1.0,1.0,0.0,0.0,0.0206896552,0.0,0.0,0.0,0.0,0.0,0.0,0.0,0.0,1.0,0.0,1.0,1.0,1.0,1.0,0.0,0.0
510,4392.0,3.0,1.0,5.0,65.0,0.0,0.0,0.0,0.0,0.0,0.0,0.0,0.0,0.0,0.0,1.0,0.0,0.0,0.0,0.0,0.0,26.0,32.0,0.0,0.0,0.0,0.0,0.0,0.0,0.0,1.0,0.0,0.0,0.0,0.0,0.0,0.0,0.0,0.0,0.0,0.0,0.0,0.0,1.0,0.0,1.0,1.0,1.0,1.0,1.0,1.0
511,1924.0,2.0,0.0,4.0,43.0,0.0,0.0,0.0,0.0,0.0,0.0,0.0,0.0,0.0,0.0,1.0,1.0,0.0,0.0,1.0,0.0,17.0,19.0,0.0,0.0,0.0,0.0,0.0,0.0,0.0,1.0,1.0,0.0,0.0,1.0,0.0,0.0,0.0,0.0,0.0,0.0,0.0,0.0,1.0,1.0,1.0,1.0,1.0,-1.0,1.0,1.0
512,2821.0,3.0,0.0,2.0,38.0,0.0,0.0,0.0,0.0,0.0,0.0,0.0,0.0,0.0,0.0,1.0,0.0,0.0,0.0,0.0,0.0,14.0,17.0,0.0,0.0,0.0,0.0,1.0,0.1666666667,0.0,1.0,0.0,0.0,0.0,0.0,0.0,0.0,0.0,0.0,0.0,1.0,0.0,0.0,1.0,1.0,1.0,1.0,1.0,-1.0,1.0,1.0
513,9324.0,2.0,1.0,2.0,40.0,0.0,0.0,0.0,0.0,0.0,0.0,0.0,0.0,0.0,0.0,1.0,1.0,0.0,0.0,0.0,0.0,20.0,13.0,0.0,0.0,0.0,0.0,0.1020408163,0.6382978723,0.0,1.0,0.0,0.0,0.0,0.0816326531,0.0,0.0,0.0,0.0,0.0,1.0,0.0,0.0,1.0,1.0,-1.0,1.0,0.0,1.0,0.0,0.0
514,1163.0,2.0,1.0,2.0,36.0,0.0,0.0,0.0,0.0,0.0,0.0,0.0,0.0,0.0,0.0,1.0,0.0,0.0,0.0,0.0,0.0,19.0,10.0,0.0,0.0,0.0,0.0,0.0,0.3333333333,1.0,1.0,0.0,0.0,0.0,0.0,0.0,0.0,0.0,0.0,0.0,0.0,0.0,0.0,1.0,1.0,1.0,1.0,0.0,1.0,1.0,1.0
515,2857.0,3.0,1.0,4.0,50.0,0.0,0.0,0.0,0.0,0.0,0.0,0.0,0.0,0.0,0.0,1.0,1.0,0.0,0.0,1.0,0.0,21.0,22.0,0.0,0.0,0.0,0.0,0.0,0.0,0.0,1.0,1.0,0.0,0.0,1.0,0.0,0.0,0.0,0.0,0.0,0.0,0.0,0.0,1.0,1.0,1.0,1.0,1.0,-1.0,1.0,1.0
516,9534.0,2.0,1.0,2.0,58.0,3.0,0.0,0.0,0.0,0.0,0.0,0.0,0.0,0.0,0.0,1.0,0.0,0.0,0.0,1.0,0.0,12.0,39.0,0.0,0.0,0.0,0.0,0.1268292683,0.36,0.0,0.0,0.0,1.0,0.0,0.0,0.0,0.0,0.0,0.0,0.0,0.0,0.0,0.0,1.0,0.0,1.0,0.0,0.0,1.0,0.0,0.0
517,3169.0,3.0,1.0,6.0,147.0,2.0,0.0,0.0,0.0,0.0,0.0,0.0,0.0,0.0,23.0,1.0,1.0,0.0,0.0,1.0,0.0,11.0,129.0,0.0,0.0,0.0,0.0,0.0,0.0416666667,1.0,1.0,0.0,0.0,0.0,0.0,0.0,0.0,0.0,0.0,0.0,0.0,0.0,0.0,1.0,-1.0,1.0,1.0,0.0,1.0,1.0,1.0
518,7383.0,1.0,0.0,2.0,85.0,7.0,0.0,0.0,0.0,0.0,0.0,0.0,0.0,0.0,0.0,1.0,0.0,0.0,0.0,1.0,0.0,19.0,59.0,0.0,0.0,0.0,0.0,0.3157894737,0.75,0.0,0.0,0.0,0.0,0.0,0.0657894737,0.0,0.0,0.0,0.0,1.0,0.0,0.0,0.0,1.0,-1.0,-1.0,1.0,0.0,0.0,0.0,0.0
519,2370.0,2.0,0.0,3.0,45.0,0.0,0.0,0.0,0.0,0.0,0.0,0.0,0.0,0.0,0.0,1.0,0.0,0.0,0.0,0.0,0.0,17.0,21.0,0.0,0.0,0.0,0.0,0.0,1.0,0.0,1.0,1.0,0.0,0.0,1.0,1.0,0.0,0.0,0.0,0.0,0.0,0.0,0.0,1.0,1.0,-1.0,1.0,-1.0,-1.0,1.0,1.0
520,2005.0,2.0,0.0,3.0,42.0,0.0,0.0,0.0,0.0,0.0,0.0,0.0,0.0,0.0,0.0,1.0,1.0,0.0,0.0,0.0,0.0,13.0,22.0,0.0,0.0,0.0,0.0,0.0,0.0,0.0,1.0,1.0,0.0,0.0,0.0,1.0,0.0,0.0,0.0,0.0,0.0,0.0,0.0,1.0,1.0,1.0,1.0,1.0,1.0,1.0,1.0
521,3579.0,3.0,1.0,3.0,105.0,2.0,1.0,0.0,0.0,2.0,0.0,0.0,4.0,0.0,8.0,1.0,1.0,0.0,0.0,1.0,0.0,16.0,82.0,0.0,0.0,0.0,0.0,1.0,1.0,0.0,1.0,0.0,0.0,0.0,0.0,1.0,0.0,0.0,0.0,0.0,1.0,1.0,0.0,1.0,-1.0,-1.0,1.0,1.0,-1.0,1.0,1.0
522,2722.0,2.0,0.0,3.0,69.0,4.0,1.0,0.0,0.0,0.0,0.0,0.0,0.0,0.0,3.0,1.0,1.0,0.0,0.0,1.0,0.0,22.0,40.0,0.0,0.0,0.0,0.0,0.3333333333,0.2340425532,0.0,1.0,0.0,0.0,0.0,0.6666666667,0.0,0.0,0.0,0.0,1.0,0.0,0.0,0.0,1.0,0.0,-1.0,1.0,0.0,-1.0,1.0,1.0
523,9119.0,3.0,1.0,2.0,42.0,0.0,0.0,0.0,0.0,0.0,0.0,0.0,0.0,0.0,3.0,1.0,0.0,0.0,0.0,0.0,0.0,30.0,5.0,0.0,0.0,0.0,0.0,0.16,0.1666666667,0.0,1.0,0.0,0.0,0.0,0.16,0.0,0.0,0.0,0.0,0.0,0.0,0.0,0.0,1.0,1.0,1.0,1.0,1.0,0.0,0.0,0.0
524,2721.0,1.0,0.0,4.0,54.0,1.0,0.0,0.0,0.0,0.0,0.0,0.0,0.0,0.0,15.0,1.0,1.0,0.0,0.0,1.0,0.0,18.0,29.0,0.0,0.0,0.0,0.0,0.0,0.0,0.0,1.0,0.0,0.0,0.0,1.0,0.0,0.0,0.0,0.0,0.0,0.0,0.0,0.0,1.0,0.0,1.0,1.0,1.0,-1.0,1.0,1.0
525,2957.0,2.0,1.0,4.0,73.0,0.0,0.0,0.0,0.0,0.0,0.0,0.0,0.0,0.0,26.0,1.0,1.0,0.0,0.0,0.0,0.0,18.0,48.0,0.0,0.0,0.0,0.0,1.0,1.0,0.0,1.0,0.0,0.0,0.0,0.0,1.0,0.0,0.0,0.0,0.0,0.0,0.0,0.0,1.0,0.0,-1.0,1.0,-1.0,-1.0,1.0,1.0
526,1019.0,4.0,0.0,3.0,133.0,0.0,0.0,0.0,0.0,3.0,0.0,9.0,5.0,0.0,21.0,1.0,0.0,1.0,0.0,0.0,0.0,12.0,22.0,91.0,0.0,1.0,0.0,0.375,0.0,0.0,1.0,0.0,0.0,0.0,0.0,1.0,0.0,0.0,0.0,0.0,0.0,0.0,0.0,1.0,-1.0,1.0,1.0,0.0,0.0,1.0,1.0
527,3479.0,3.0,1.0,4.0,69.0,0.0,0.0,0.0,0.0,0.0,0.0,0.0,0.0,0.0,0.0,1.0,1.0,0.0,0.0,1.0,0.0,22.0,40.0,0.0,0.0,0.0,1.0,0.9375,0.0769230769,1.0,1.0,1.0,1.0,1.0,0.0,1.0,0.0,0.0,0.0,0.0,0.0,0.0,0.0,1.0,0.0,1.0,0.0,0.0,-1.0,1.0,1.0
528,9897.0,2.0,1.0,2.0,57.0,3.0,0.0,0.0,0.0,0.0,0.0,0.0,0.0,0.0,0.0,1.0,0.0,0.0,0.0,1.0,0.0,18.0,32.0,0.0,0.0,0.0,0.0,0.0080357143,0.1153846154,0.0,1.0,1.0,0.0,0.0,0.0026785714,0.0,0.0,0.0,0.0,0.0,1.0,0.0,0.0,1.0,0.0,1.0,1.0,0.0,1.0,0.0,0.0
529,4727.0,4.0,1.0,4.0,140.0,0.0,0.0,0.0,0.0,1.0,0.0,1.0,0.0,0.0,27.0,1.0,1.0,0.0,0.0,0.0,0.0,19.0,32.0,81.0,0.0,1.0,0.0,0.0,0.0,0.0,1.0,0.0,0.0,0.0,0.0,0.0,0.0,0.0,0.0,0.0,0.0,0.0,0.0,1.0,-1.0,1.0,1.0,1.0,1.0,1.0,1.0
530,3238.0,2.0,1.0,3.0,57.0,0.0,0.0,0.0,0.0,0.0,0.0,0.0,0.0,0.0,23.0,1.0,1.0,0.0,0.0,0.0,0.0,14.0,36.0,0.0,0.0,0.0,0.0,0.0,0.0,0.0,1.0,0.0,0.0,0.0,0.0,0.0,0.0,0.0,0.0,0.0,0.0,0.0,0.0,1.0,0.0,1.0,1.0,1.0,1.0,1.0,1.0
531,4111.0,3.0,0.0,3.0,56.0,0.0,0.0,0.0,0.0,0.0,0.0,0.0,0.0,0.0,0.0,1.0,0.0,0.0,0.0,0.0,0.0,25.0,24.0,0.0,0.0,0.0,1.0,0.8666666667,1.0,0.0,1.0,0.0,0.0,0.0,0.0,1.0,0.0,0.0,0.0,0.0,0.0,0.0,0.0,1.0,0.0,-1.0,1.0,-1.0,-1.0,1.0,1.0
532,9412.0,2.0,1.0,2.0,51.0,1.0,0.0,0.0,0.0,1.0,0.0,0.0,0.0,0.0,0.0,1.0,0.0,0.0,0.0,1.0,0.0,23.0,21.0,0.0,0.0,0.0,0.0,0.1153846154,0.2222222222,0.0,1.0,1.0,0.0,0.0,0.0288461538,0.0,0.0,0.0,0.0,0.0,1.0,0.0,0.0,1.0,1.0,1.0,1.0,0.0,1.0,0.0,0.0
533,2017.0,3.0,0.0,3.0,49.0,0.0,0.0,0.0,0.0,0.0,0.0,0.0,0.0,0.0,0.0,1.0,1.0,0.0,0.0,0.0,0.0,20.0,22.0,0.0,0.0,0.0,0.0,0.0,0.0,0.0,1.0,1.0,0.0,0.0,0.0,1.0,0.0,0.0,0.0,0.0,0.0,0.0,0.0,1.0,1.0,1.0,1.0,1.0,1.0,1.0,1.0
534,5282.0,3.0,1.0,5.0,77.0,0.0,0.0,0.0,0.0,2.0,0.0,0.0,0.0,0.0,0.0,1.0,0.0,0.0,0.0,0.0,0.0,28.0,42.0,0.0,0.0,0.0,0.0,0.018134715,0.1694915254,0.0,1.0,0.0,0.0,0.0,0.0336787565,0.0,1.0,0.0,0.0,0.0,1.0,0.0,0.0,1.0,-1.0,1.0,1.0,0.0,1.0,0.0,0.0
535,6654.0,1.0,0.0,5.0,79.0,7.0,1.0,0.0,0.0,0.0,0.0,0.0,0.0,0.0,8.0,1.0,1.0,0.0,0.0,1.0,0.0,18.0,54.0,0.0,0.0,0.0,0.0,0.0819672131,0.4390243902,1.0,1.0,0.0,0.0,0.0,0.0163934426,0.0,0.0,0.0,0.0,0.0,1.0,0.0,0.0,1.0,-1.0,-1.0,1.0,0.0,1.0,0.0,0.0
536,9096.0,1.0,0.0,3.0,53.0,2.0,0.0,0.0,0.0,0.0,0.0,0.0,0.0,0.0,7.0,1.0,1.0,0.0,0.0,1.0,0.0,13.0,33.0,0.0,0.0,0.0,0.0,0.2013422819,1.0,0.0,0.0,0.0,0.0,0.0,0.0234899329,0.0,0.0,0.0,0.0,1.0,1.0,0.0,0.0,1.0,1.0,-1.0,1.0,0.0,1.0,0.0,0.0
537,5974.0,1.0,0.0,2.0,69.0,0.0,0.0,0.0,0.0,2.0,0.0,2.0,1.0,0.0,20.0,1.0,0.0,0.0,0.0,0.0,0.0,11.0,9.0,41.0,0.0,0.0,0.0,0.2325581395,0.1219512195,0.0,0.0,0.0,0.0,0.0,0.0,0.0,0.0,0.0,0.0,0.0,1.0,0.0,0.0,1.0,0.0,1.0,1.0,0.0,1.0,0.0,0.0
538,4605.0,2.0,0.0,3.0,46.0,0.0,0.0,0.0,0.0,0.0,0.0,0.0,0.0,0.0,0.0,1.0,0.0,0.0,0.0,0.0,0.0,17.0,22.0,0.0,0.0,0.0,0.0,0.0,0.0,0.0,1.0,0.0,0.0,0.0,0.0,0.0,0.0,0.0,0.0,0.0,0.0,0.0,0.0,1.0,1.0,1.0,1.0,1.0,1.0,1.0,1.0
539,687.0,4.0,0.0,2.0,63.0,1.0,0.0,0.0,0.0,0.0,0.0,0.0,0.0,0.0,0.0,1.0,1.0,0.0,0.0,1.0,0.0,24.0,32.0,0.0,0.0,1.0,1.0,0.4716981132,0.976744186,0.0,1.0,0.0,0.0,0.0,0.0377358491,1.0,0.0,0.0,0.0,0.0,0.0,0.0,0.0,1.0,0.0,-1.0,1.0,-1.0,0.0,1.0,1.0
540,9391.0,3.0,1.0,1.0,55.0,1.0,0.0,0.0,0.0,0.0,0.0,1.0,0.0,0.0,2.0,1.0,1.0,0.0,0.0,0.0,0.0,20.0,20.0,7.0,0.0,0.0,0.0,0.0289855072,0.1549295775,0.0,1.0,1.0,0.0,0.0,0.0,0.0,0.0,0.0,0.0,0.0,0.0,0.0,0.0,1.0,0.0,1.0,1.0,0.0,1.0,0.0,0.0
541,9965.0,2.0,1.0,2.0,31.0,1.0,1.0,0.0,0.0,0.0,0.0,0.0,0.0,0.0,0.0,1.0,0.0,0.0,0.0,0.0,0.0,16.0,8.0,0.0,0.0,0.0,0.0,0.12,0.0,0.0,1.0,0.0,0.0,0.0,0.1466666667,0.0,0.0,0.0,0.0,1.0,0.0,0.0,0.0,1.0,1.0,1.0,1.0,1.0,1.0,0.0,0.0
542,3631.0,3.0,1.0,4.0,86.0,1.0,0.0,0.0,0.0,2.0,0.0,0.0,0.0,0.0,0.0,1.0,0.0,0.0,0.0,1.0,0.0,21.0,58.0,0.0,0.0,1.0,1.0,1.0,0.8888888889,1.0,1.0,0.0,0.0,0.0,0.0,1.0,0.0,0.0,0.0,0.0,0.0,0.0,0.0,1.0,-1.0,0.0,1.0,-1.0,-1.0,1.0,1.0
543,3402.0,4.0,1.0,3.0,69.0,3.0,0.0,0.0,0.0,0.0,0.0,0.0,0.0,0.0,0.0,1.0,0.0,0.0,0.0,1.0,0.0,21.0,41.0,0.0,0.0,0.0,0.0,0.0,0.0,0.0,1.0,0.0,0.0,0.0,0.0,0.0,0.0,0.0,0.0,0.0,0.0,0.0,0.0,1.0,0.0,1.0,1.0,1.0,1.0,1.0,1.0
544,8804.0,2.0,1.0,3.0,45.0,0.0,0.0,0.0,0.0,0.0,0.0,0.0,0.0,0.0,4.0,1.0,1.0,0.0,0.0,0.0,0.0,10.0,28.0,0.0,0.0,0.0,1.0,0.1304347826,0.2105263158,0.0,0.0,0.0,0.0,0.0,0.0869565217,0.0,0.0,0.0,0.0,0.0,0.0,0.0,0.0,1.0,1.0,1.0,1.0,0.0,1.0,0.0,0.0
545,9094.0,1.0,0.0,3.0,31.0,0.0,0.0,0.0,0.0,0.0,0.0,0.0,0.0,0.0,9.0,1.0,1.0,0.0,0.0,0.0,0.0,8.0,16.0,0.0,0.0,0.0,1.0,0.25,0.0228571429,0.0,1.0,0.0,0.0,0.0,0.0,0.0,0.0,0.0,0.0,1.0,0.0,0.0,0.0,1.0,1.0,1.0,1.0,1.0,1.0,0.0,0.0
546,7584.0,1.0,0.0,4.0,102.0,8.0,0.0,0.0,0.0,0.0,0.0,0.0,0.0,0.0,6.0,1.0,1.0,0.0,0.0,1.0,0.0,14.0,81.0,0.0,0.0,0.0,0.0,0.1515151515,0.1052631579,0.0,1.0,1.0,0.0,1.0,0.1212121212,0.0,0.0,0.0,0.0,1.0,0.0,0.0,0.0,1.0,-1.0,1.0,-1.0,1.0,1.0,0.0,0.0
547,3485.0,3.0,1.0,2.0,28.0,0.0,0.0,0.0,0.0,0.0,0.0,0.0,0.0,0.0,0.0,1.0,0.0,0.0,0.0,0.0,0.0,16.0,5.0,0.0,0.0,0.0,0.0,0.7777777778,0.2222222222,0.0,1.0,0.0,0.0,0.0,0.2222222222,0.0,0.0,0.0,0.0,0.0,1.0,0.0,0.0,1.0,1.0,1.0,1.0,0.0,-1.0,1.0,1.0
548,6373.0,1.0,0.0,2.0,60.0,7.0,0.0,0.0,0.0,0.0,0.0,0.0,0.0,0.0,0.0,1.0,1.0,0.0,0.0,1.0,0.0,8.0,45.0,0.0,0.0,0.0,0.0,0.1621621622,0.988372093,1.0,1.0,1.0,0.0,0.0,0.0990990991,0.0,0.0,0.0,0.0,1.0,0.0,0.0,0.0,1.0,0.0,-1.0,1.0,-1.0,1.0,0.0,0.0
549,9187.0,2.0,1.0,2.0,46.0,0.0,0.0,0.0,0.0,0.0,0.0,0.0,0.0,0.0,0.0,1.0,0.0,0.0,0.0,0.0,0.0,17.0,22.0,0.0,0.0,0.0,0.0,0.3,0.6666666667,0.0,0.0,0.0,0.0,0.0,0.05,0.0,0.0,0.0,0.0,0.0,0.0,0.0,0.0,1.0,1.0,0.0,1.0,0.0,0.0,0.0,0.0
550,9853.0,3.0,1.0,2.0,54.0,0.0,0.0,0.0,0.0,0.0,0.0,1.0,0.0,0.0,5.0,1.0,1.0,0.0,0.0,1.0,0.0,18.0,21.0,7.0,0.0,0.0,0.0,0.0115606936,0.3076923077,0.0,1.0,0.0,0.0,0.0,0.0,0.0,0.0,0.0,0.0,1.0,0.0,0.0,0.0,1.0,0.0,0.0,1.0,0.0,1.0,0.0,0.0
551,7008.0,4.0,1.0,3.0,88.0,1.0,0.0,0.0,0.0,0.0,0.0,1.0,0.0,0.0,28.0,1.0,1.0,0.0,0.0,0.0,0.0,14.0,32.0,34.0,0.0,0.0,0.0,0.0,0.0,0.0,0.0,0.0,0.0,0.0,0.0,0.0,0.0,0.0,0.0,0.0,0.0,0.0,0.0,1.0,-1.0,1.0,1.0,1.0,1.0,0.0,0.0
552,3441.0,3.0,2.0,5.0,121.0,5.0,4.0,0.0,0.0,0.0,0.0,0.0,0.0,0.0,20.0,1.0,1.0,0.0,1.0,1.0,0.0,66.0,48.0,0.0,0.0,0.0,0.0,0.0555555556,0.0909090909,0.0,1.0,1.0,0.0,0.0,0.9444444444,0.0,0.0,1.0,0.0,0.0,1.0,0.0,0.0,0.0,-1.0,1.0,1.0,1.0,-1.0,1.0,1.0
553,8750.0,2.0,0.0,1.0,36.0,0.0,0.0,0.0,0.0,0.0,0.0,0.0,0.0,0.0,10.0,1.0,1.0,0.0,0.0,0.0,0.0,9.0,20.0,0.0,0.0,0.0,0.0,0.0074626866,0.0975609756,0.0,1.0,1.0,0.0,0.0,0.0223880597,0.0,0.0,0.0,0.0,0.0,1.0,0.0,0.0,1.0,1.0,1.0,1.0,0.0,1.0,0.0,0.0
554,9325.0,2.0,1.0,5.0,50.0,0.0,0.0,0.0,0.0,0.0,0.0,0.0,0.0,0.0,4.0,1.0,1.0,0.0,0.0,1.0,0.0,17.0,26.0,0.0,0.0,0.0,0.0,0.0203045685,0.5833333333,0.0,1.0,0.0,0.0,0.0,0.0659898477,0.0,0.0,0.0,0.0,0.0,1.0,0.0,0.0,1.0,1.0,0.0,1.0,0.0,1.0,0.0,0.0
555,9145.0,2.0,0.0,1.0,51.0,1.0,0.0,0.0,0.0,0.0,0.0,1.0,0.0,0.0,0.0,1.0,1.0,0.0,0.0,0.0,0.0,11.0,10.0,22.0,0.0,0.0,0.0,0.1538461538,0.1818181818,0.0,1.0,1.0,0.0,1.0,0.0,0.0,0.0,0.0,0.0,0.0,0.0,0.0,0.0,1.0,1.0,1.0,-1.0,1.0,1.0,0.0,0.0
556,9169.0,4.0,1.0,2.0,53.0,0.0,0.0,0.0,0.0,2.0,0.0,0.0,0.0,0.0,1.0,1.0,1.0,0.0,0.0,1.0,0.0,16.0,30.0,0.0,0.0,0.0,0.0,0.3684210526,0.7575757576,0.0,1.0,0.0,0.0,0.0,0.0350877193,0.0,0.0,0.0,0.0,0.0,0.0,0.0,0.0,1.0,1.0,-1.0,1.0,0.0,0.0,0.0,0.0
557,6056.0,2.0,0.0,2.0,95.0,0.0,0.0,0.0,0.0,0.0,1.0,4.0,3.0,0.0,14.0,1.0,0.0,0.0,0.0,0.0,0.0,8.0,32.0,47.0,0.0,0.0,0.0,0.075,0.0,0.0,0.0,0.0,1.0,0.0,0.0,0.0,0.0,0.0,0.0,0.0,0.0,0.0,0.0,1.0,-1.0,1.0,0.0,1.0,1.0,0.0,0.0
558,1.0,3.0,1.0,5.0,72.0,0.0,0.0,0.0,0.0,0.0,0.0,0.0,0.0,0.0,0.0,1.0,0.0,0.0,0.0,0.0,0.0,21.0,44.0,0.0,0.0,0.0,0.0,0.0,0.25,1.0,1.0,0.0,0.0,0.0,0.0,0.0,0.0,0.0,0.0,0.0,0.0,0.0,1.0,1.0,0.0,1.0,1.0,-1.0,1.0,1.0,1.0
559,5093.0,3.0,1.0,0.0,25.0,0.0,0.0,0.0,0.0,0.0,0.0,0.0,0.0,0.0,0.0,1.0,0.0,0.0,0.0,0.0,0.0,17.0,1.0,0.0,0.0,0.0,0.0,0.2941176471,0.3333333333,0.0,0.0,0.0,0.0,0.0,0.0,0.0,0.0,0.0,0.0,0.0,0.0,0.0,1.0,1.0,1.0,1.0,1.0,0.0,1.0,0.0,0.0
560,5102.0,1.0,0.0,2.0,85.0,10.0,0.0,0.0,0.0,0.0,0.0,0.0,0.0,0.0,4.0,1.0,1.0,0.0,0.0,1.0,0.0,15.0,63.0,0.0,0.0,0.0,0.0,0.185840708,0.9777777778,1.0,1.0,1.0,0.0,0.0,0.0973451327,0.0,0.0,0.0,0.0,1.0,1.0,0.0,0.0,1.0,-1.0,-1.0,1.0,-1.0,1.0,0.0,0.0
561,6440.0,2.0,1.0,3.0,94.0,1.0,0.0,0.0,0.0,0.0,2.0,2.0,1.0,0.0,11.0,1.0,0.0,0.0,0.0,1.0,0.0,19.0,27.0,40.0,0.0,0.0,0.0,0.0,0.8125,0.0,1.0,1.0,0.0,1.0,0.0,0.0,0.0,0.0,0.0,0.0,1.0,0.0,0.0,1.0,-1.0,-1.0,-1.0,0.0,1.0,0.0,0.0
562,5646.0,3.0,1.0,8.0,111.0,0.0,0.0,0.0,0.0,3.0,0.0,0.0,0.0,0.0,4.0,1.0,1.0,0.0,0.0,0.0,0.0,10.0,94.0,0.0,0.0,0.0,0.0,0.0,0.0,0.0,0.0,0.0,0.0,0.0,0.0,0.0,0.0,0.0,0.0,0.0,0.0,0.0,0.0,1.0,-1.0,1.0,1.0,1.0,1.0,0.0,0.0
563,8177.0,1.0,0.0,3.0,67.0,3.0,0.0,0.0,0.0,0.0,0.0,0.0,0.0,0.0,0.0,1.0,0.0,0.0,0.0,1.0,0.0,24.0,36.0,0.0,0.0,0.0,0.0,0.2021276596,0.1764705882,0.0,1.0,0.0,1.0,0.0,0.0638297872,0.0,0.0,0.0,0.0,0.0,1.0,0.0,0.0,1.0,0.0,1.0,0.0,1.0,1.0,0.0,0.0
564,264.0,2.0,0.0,4.0,57.0,0.0,0.0,0.0,0.0,0.0,0.0,0.0,0.0,0.0,0.0,1.0,0.0,0.0,0.0,0.0,0.0,16.0,34.0,0.0,0.0,0.0,0.0,0.0,0.0,0.0,1.0,0.0,0.0,0.0,0.0,0.0,0.0,0.0,0.0,0.0,0.0,0.0,0.0,1.0,0.0,1.0,1.0,1.0,1.0,1.0,1.0
565,7896.0,3.0,1.0,1.0,169.0,0.0,0.0,0.0,0.0,0.0,1.0,2.0,1.0,0.0,4.0,1.0,0.0,0.0,0.0,0.0,0.0,25.0,14.0,122.0,0.0,0.0,0.0,0.7209302326,0.3111111111,1.0,0.0,0.0,0.0,0.0,0.0,0.0,0.0,0.0,0.0,0.0,1.0,0.0,0.0,1.0,-1.0,1.0,1.0,0.0,-1.0,0.0,0.0
566,1644.0,3.0,0.0,5.0,175.0,1.0,0.0,0.0,0.0,0.0,0.0,2.0,9.0,0.0,23.0,1.0,0.0,1.0,0.0,1.0,0.0,11.0,31.0,125.0,0.0,1.0,0.0,0.1875,0.0,0.0,1.0,0.0,0.0,0.0,0.0,1.0,0.0,0.0,0.0,0.0,0.0,0.0,0.0,1.0,-1.0,1.0,1.0,1.0,1.0,1.0,1.0
567,8629.0,1.0,0.0,6.0,59.0,0.0,0.0,0.0,0.0,0.0,0.0,0.0,0.0,0.0,3.0,1.0,0.0,0.0,0.0,1.0,0.0,15.0,37.0,0.0,0.0,0.0,0.0,0.0652173913,0.0909090909,0.0,0.0,0.0,0.0,0.0,0.0217391304,0.0,0.0,0.0,0.0,1.0,0.0,0.0,0.0,1.0,0.0,1.0,1.0,1.0,1.0,0.0,0.0
568,4207.0,2.0,1.0,2.0,56.0,1.0,1.0,0.0,0.0,0.0,0.0,0.0,0.0,0.0,0.0,1.0,1.0,0.0,0.0,0.0,0.0,43.0,6.0,0.0,0.0,0.0,0.0,0.0,0.0,0.0,1.0,1.0,0.0,0.0,1.0,0.0,0.0,0.0,0.0,0.0,0.0,0.0,0.0,1.0,0.0,1.0,1.0,1.0,-1.0,1.0,1.0
569,7163.0,1.0,0.0,4.0,61.0,4.0,0.0,0.0,0.0,0.0,0.0,0.0,0.0,0.0,6.0,1.0,1.0,0.0,0.0,1.0,0.0,8.0,46.0,0.0,0.0,0.0,0.0,0.1714285714,0.9893617021,1.0,1.0,1.0,0.0,0.0,0.1047619048,0.0,0.0,0.0,0.0,1.0,0.0,0.0,0.0,1.0,0.0,-1.0,1.0,-1.0,1.0,0.0,0.0
570,663.0,3.0,0.0,4.0,77.0,0.0,0.0,0.0,0.0,1.0,1.0,0.0,0.0,0.0,5.0,1.0,1.0,0.0,0.0,0.0,0.0,29.0,41.0,0.0,0.0,1.0,1.0,0.9230769231,1.0,0.0,1.0,0.0,0.0,0.0,0.0,1.0,0.0,0.0,0.0,0.0,0.0,0.0,0.0,1.0,-1.0,1.0,1.0,-1.0,-1.0,1.0,1.0
571,5049.0,2.0,1.0,0.0,21.0,0.0,0.0,0.0,0.0,0.0,0.0,0.0,0.0,0.0,0.0,1.0,0.0,0.0,0.0,0.0,0.0,13.0,1.0,0.0,0.0,0.0,0.0,0.025,0.8194444444,0.0,1.0,0.0,0.0,0.0,0.1375,0.0,0.0,0.0,0.0,0.0,1.0,0.0,0.0,1.0,1.0,-1.0,1.0,0.0,1.0,0.0,0.0
572,7600.0,3.0,1.0,1.0,93.0,0.0,0.0,0.0,0.0,9.0,0.0,0.0,0.0,0.0,7.0,1.0,1.0,0.0,0.0,1.0,0.0,21.0,65.0,0.0,0.0,0.0,0.0,0.1258278146,0.7794117647,0.0,1.0,0.0,0.0,0.0,0.0463576159,0.0,0.0,0.0,0.0,1.0,0.0,0.0,0.0,1.0,-1.0,-1.0,1.0,0.0,1.0,0.0,0.0
573,2902.0,2.0,1.0,2.0,39.0,1.0,0.0,0.0,0.0,0.0,0.0,0.0,0.0,0.0,0.0,0.0,0.0,0.0,0.0,0.0,0.0,15.0,16.0,0.0,0.0,0.0,0.0,0.0,0.0,0.0,0.0,0.0,0.0,0.0,0.0,0.0,0.0,0.0,0.0,0.0,0.0,0.0,0.0,1.0,1.0,1.0,1.0,1.0,1.0,1.0,1.0
574,1032.0,1.0,0.0,2.0,32.0,0.0,0.0,0.0,0.0,0.0,0.0,0.0,0.0,0.0,0.0,1.0,1.0,0.0,0.0,0.0,0.0,14.0,11.0,0.0,0.0,0.0,0.0,0.9230769231,1.0,0.0,1.0,0.0,0.0,0.0,0.0,1.0,0.0,0.0,0.0,0.0,0.0,0.0,0.0,1.0,1.0,1.0,1.0,-1.0,-1.0,1.0,1.0
575,5981.0,2.0,1.0,1.0,129.0,0.0,0.0,0.0,0.0,2.0,1.0,7.0,6.0,0.0,5.0,1.0,0.0,0.0,0.0,0.0,0.0,16.0,7.0,98.0,0.0,0.0,0.0,0.0357142857,0.0357142857,0.0,1.0,0.0,0.0,0.0,0.0,0.0,0.0,0.0,0.0,0.0,0.0,0.0,0.0,1.0,-1.0,1.0,1.0,1.0,1.0,0.0,0.0
576,7926.0,3.0,1.0,3.0,65.0,2.0,0.0,0.0,0.0,0.0,0.0,1.0,0.0,0.0,5.0,1.0,0.0,0.0,0.0,1.0,0.0,29.0,22.0,6.0,0.0,0.0,0.0,0.0,0.2857142857,0.0,0.0,0.0,0.0,0.0,0.0,0.0,0.0,0.0,0.0,0.0,0.0,0.0,0.0,1.0,0.0,1.0,1.0,0.0,1.0,0.0,0.0
577,8447.0,1.0,0.0,5.0,43.0,2.0,1.0,0.0,0.0,0.0,0.0,0.0,0.0,0.0,8.0,1.0,1.0,0.0,0.0,0.0,0.0,14.0,22.0,0.0,0.0,0.0,0.0,0.425,0.5319148936,0.0,1.0,0.0,0.0,0.0,0.025,0.0,0.0,0.0,0.0,0.0,1.0,0.0,0.0,1.0,1.0,0.0,1.0,0.0,0.0,0.0,0.0
578,4698.0,2.0,0.0,3.0,42.0,0.0,0.0,0.0,0.0,0.0,0.0,0.0,0.0,0.0,0.0,1.0,1.0,0.0,0.0,0.0,0.0,8.0,27.0,0.0,0.0,0.0,0.0,1.0,0.1052631579,0.0,1.0,0.0,0.0,0.0,0.0,0.0,0.0,0.0,0.0,0.0,0.0,0.0,0.0,1.0,1.0,1.0,1.0,1.0,-1.0,1.0,1.0
579,2386.0,4.0,1.0,3.0,61.0,1.0,0.0,0.0,0.0,0.0,0.0,0.0,0.0,0.0,0.0,1.0,0.0,0.0,0.0,0.0,0.0,20.0,34.0,0.0,0.0,0.0,0.0,1.0,1.0,0.0,1.0,0.0,1.0,0.0,0.0,1.0,0.0,0.0,0.0,0.0,1.0,0.0,0.0,1.0,0.0,-1.0,0.0,-1.0,-1.0,1.0,1.0
580,4503.0,3.0,0.0,4.0,79.0,1.0,0.0,0.0,0.0,0.0,0.0,2.0,0.0,0.0,24.0,1.0,0.0,0.0,0.0,0.0,0.0,10.0,29.0,32.0,0.0,0.0,0.0,0.0,0.1666666667,0.0,1.0,1.0,0.0,1.0,0.0,0.0,0.0,0.0,0.0,0.0,0.0,0.0,1.0,1.0,-1.0,1.0,-1.0,0.0,1.0,1.0,1.0
581,9373.0,3.0,1.0,2.0,55.0,2.0,0.0,0.0,0.0,0.0,0.0,0.0,0.0,0.0,5.0,1.0,1.0,0.0,0.0,0.0,0.0,16.0,32.0,0.0,0.0,0.0,0.0,0.1692307692,0.3333333333,0.0,0.0,0.0,0.0,0.0,0.0153846154,0.0,0.0,0.0,0.0,0.0,0.0,0.0,0.0,1.0,0.0,0.0,1.0,0.0,1.0,0.0,0.0
582,5113.0,3.0,1.0,1.0,65.0,0.0,0.0,0.0,0.0,0.0,0.0,0.0,0.0,0.0,7.0,1.0,1.0,0.0,0.0,0.0,0.0,21.0,8.0,0.0,0.0,0.0,0.0,0.4,0.0,0.0,0.0,0.0,0.0,0.0,0.0,0.0,0.0,0.0,0.0,0.0,1.0,0.0,0.0,1.0,0.0,1.0,1.0,1.0,0.0,0.0,0.0
583,6582.0,1.0,0.0,5.0,87.0,0.0,0.0,0.0,1.0,2.0,0.0,0.0,0.0,0.0,22.0,1.0,1.0,0.0,0.0,1.0,0.0,12.0,68.0,0.0,0.0,0.0,0.0,0.0118343195,0.0789473684,0.0,1.0,0.0,0.0,0.0,0.0295857988,0.0,0.0,0.0,0.0,0.0,0.0,0.0,0.0,1.0,-1.0,1.0,1.0,1.0,1.0,0.0,0.0
584,1236.0,2.0,0.0,3.0,50.0,0.0,0.0,0.0,0.0,0.0,0.0,0.0,0.0,0.0,0.0,1.0,0.0,0.0,0.0,1.0,0.0,20.0,23.0,0.0,0.0,0.0,0.0,0.0,0.7857142857,0.0,1.0,0.0,0.0,0.0,1.0,1.0,0.0,0.0,0.0,0.0,1.0,0.0,0.0,1.0,1.0,-1.0,1.0,1.0,-1.0,1.0,1.0
585,5939.0,2.0,0.0,2.0,65.0,5.0,0.0,0.0,0.0,0.0,0.0,0.0,0.0,0.0,0.0,1.0,1.0,0.0,0.0,1.0,0.0,18.0,40.0,0.0,0.0,0.0,0.0,0.2619047619,0.8378378378,0.0,1.0,0.0,0.0,0.0,0.0,0.0,0.0,0.0,0.0,0.0,0.0,0.0,0.0,1.0,0.0,-1.0,1.0,0.0,1.0,0.0,0.0
586,8663.0,1.0,0.0,4.0,37.0,0.0,0.0,0.0,0.0,0.0,0.0,0.0,0.0,0.0,8.0,1.0,1.0,0.0,0.0,0.0,0.0,18.0,12.0,0.0,0.0,0.0,0.0,0.2892156863,0.9615384615,1.0,1.0,1.0,0.0,0.0,0.0098039216,0.0,0.0,0.0,0.0,0.0,1.0,0.0,0.0,1.0,1.0,-1.0,1.0,-1.0,1.0,0.0,0.0
587,1308.0,2.0,0.0,3.0,45.0,0.0,0.0,0.0,0.0,0.0,0.0,0.0,0.0,0.0,0.0,1.0,0.0,0.0,0.0,0.0,0.0,16.0,22.0,0.0,0.0,0.0,0.0,1.0,0.0833333333,1.0,1.0,1.0,0.0,1.0,0.0,1.0,0.0,0.0,0.0,0.0,0.0,0.0,0.0,1.0,1.0,1.0,-1.0,1.0,-1.0,1.0,1.0
588,1541.0,3.0,0.0,4.0,48.0,0.0,0.0,0.0,0.0,0.0,0.0,0.0,0.0,0.0,4.0,1.0,1.0,0.0,0.0,1.0,0.0,15.0,26.0,0.0,0.0,0.0,0.0,0.0,0.6428571429,1.0,1.0,0.0,0.0,0.0,1.0,0.0,0.0,0.0,0.0,0.0,0.0,0.0,0.0,1.0,1.0,-1.0,1.0,0.0,-1.0,1.0,1.0
589,8958.0,3.0,1.0,1.0,37.0,0.0,0.0,0.0,0.0,0.0,0.0,0.0,0.0,0.0,0.0,1.0,0.0,0.0,0.0,1.0,0.0,14.0,16.0,0.0,0.0,0.0,0.0,0.5862068966,0.0434782609,0.0,1.0,0.0,0.0,0.0,0.0344827586,0.0,0.0,0.0,0.0,1.0,0.0,0.0,0.0,1.0,1.0,1.0,1.0,1.0,0.0,0.0,0.0
590,4307.0,3.0,0.0,4.0,53.0,0.0,0.0,0.0,0.0,0.0,0.0,0.0,0.0,0.0,0.0,1.0,1.0,0.0,0.0,0.0,0.0,19.0,27.0,0.0,0.0,0.0,0.0,0.0,0.0,0.0,1.0,1.0,0.0,0.0,0.0,0.0,0.0,0.0,0.0,0.0,0.0,0.0,0.0,1.0,1.0,1.0,1.0,1.0,1.0,1.0,1.0
591,5346.0,2.0,1.0,5.0,105.0,8.0,0.0,0.0,0.0,0.0,0.0,0.0,0.0,0.0,8.0,1.0,1.0,0.0,0.0,0.0,0.0,20.0,78.0,0.0,0.0,0.0,1.0,0.3205128205,0.0869565217,0.0,1.0,0.0,0.0,0.0,0.0641025641,0.0,0.0,0.0,0.0,1.0,0.0,0.0,0.0,1.0,-1.0,1.0,1.0,1.0,0.0,0.0,0.0
592,3860.0,2.0,0.0,3.0,47.0,0.0,0.0,0.0,0.0,0.0,0.0,0.0,0.0,0.0,0.0,1.0,0.0,0.0,0.0,1.0,0.0,14.0,26.0,0.0,0.0,0.0,0.0,0.8823529412,0.1481481481,1.0,1.0,0.0,0.0,0.0,0.0,0.0,0.0,0.0,0.0,1.0,1.0,0.0,0.0,1.0,1.0,1.0,1.0,0.0,-1.0,1.0,1.0
593,3718.0,4.0,1.0,1.0,43.0,0.0,0.0,0.0,0.0,0.0,0.0,0.0,0.0,0.0,0.0,1.0,0.0,0.0,0.0,0.0,0.0,24.0,12.0,0.0,0.0,0.0,0.0,1.0,1.0,0.0,1.0,0.0,1.0,0.0,0.0,1.0,0.0,0.0,0.0,0.0,1.0,1.0,0.0,1.0,1.0,-1.0,0.0,1.0,-1.0,1.0,1.0
594,2179.0,4.0,1.0,2.0,54.0,0.0,0.0,0.0,0.0,0.0,0.0,2.0,0.0,0.0,8.0,1.0,0.0,0.0,0.0,1.0,0.0,14.0,17.0,15.0,0.0,0.0,0.0,0.0,0.0,0.0,1.0,0.0,0.0,0.0,0.0,0.0,0.0,0.0,0.0,0.0,0.0,0.0,0.0,1.0,0.0,1.0,1.0,1.0,1.0,1.0,1.0
595,2621.0,2.0,0.0,2.0,44.0,0.0,0.0,0.0,0.0,0.0,0.0,0.0,0.0,0.0,0.0,1.0,1.0,0.0,0.0,0.0,0.0,9.0,28.0,0.0,0.0,0.0,1.0,1.0,1.0,0.0,1.0,0.0,0.0,0.0,0.0,1.0,0.0,0.0,0.0,0.0,1.0,0.0,0.0,1.0,1.0,-1.0,1.0,-1.0,-1.0,1.0,1.0
596,6839.0,3.0,1.0,5.0,141.0,7.0,0.0,0.0,0.0,0.0,0.0,0.0,0.0,0.0,5.0,1.0,1.0,0.0,0.0,1.0,0.0,22.0,112.0,0.0,0.0,0.0,0.0,0.0,0.3529411765,0.0,0.0,0.0,0.0,0.0,0.0,0.0,0.0,0.0,0.0,0.0,0.0,0.0,0.0,1.0,-1.0,1.0,1.0,0.0,1.0,0.0,0.0
597,2143.0,2.0,0.0,2.0,43.0,0.0,0.0,0.0,0.0,0.0,0.0,0.0,0.0,0.0,0.0,1.0,0.0,0.0,0.0,0.0,0.0,21.0,15.0,0.0,0.0,0.0,0.0,0.0,0.0,0.0,1.0,1.0,0.0,0.0,1.0,0.0,0.0,0.0,0.0,0.0,0.0,0.0,0.0,1.0,1.0,1.0,1.0,1.0,-1.0,1.0,1.0
598,7204.0,1.0,0.0,3.0,79.0,0.0,0.0,0.0,0.0,0.0,1.0,2.0,1.0,0.0,4.0,1.0,1.0,0.0,0.0,0.0,0.0,16.0,18.0,37.0,0.0,0.0,0.0,0.0909090909,0.2,0.0,1.0,0.0,0.0,0.0,0.0,0.0,0.0,0.0,0.0,0.0,0.0,0.0,0.0,1.0,-1.0,0.0,1.0,0.0,1.0,0.0,0.0
599,3675.0,3.0,1.0,3.0,42.0,0.0,0.0,0.0,0.0,0.0,0.0,0.0,0.0,0.0,1.0,1.0,1.0,0.0,0.0,1.0,0.0,16.0,19.0,0.0,0.0,0.0,0.0,1.0,1.0,0.0,1.0,0.0,1.0,0.0,0.0,1.0,0.0,0.0,0.0,0.0,1.0,0.0,0.0,1.0,1.0,-1.0,0.0,1.0,-1.0,1.0,1.0
600,5717.0,2.0,0.0,2.0,90.0,0.0,0.0,0.0,0.0,0.0,5.0,0.0,0.0,0.0,10.0,1.0,1.0,0.0,0.0,0.0,0.0,25.0,58.0,0.0,0.0,0.0,0.0,0.72,0.25,0.0,0.0,0.0,0.0,0.0,0.0,1.0,0.0,0.0,0.0,1.0,0.0,0.0,0.0,1.0,-1.0,1.0,1.0,0.0,-1.0,0.0,0.0
601,2743.0,2.0,0.0,3.0,44.0,1.0,0.0,0.0,0.0,0.0,0.0,0.0,0.0,0.0,0.0,1.0,1.0,0.0,0.0,0.0,0.0,13.0,24.0,0.0,0.0,0.0,0.0,1.0,1.0,0.0,1.0,0.0,0.0,0.0,0.0,1.0,0.0,0.0,0.0,0.0,0.0,0.0,0.0,1.0,1.0,-1.0,1.0,-1.0,-1.0,1.0,1.0
602,7962.0,2.0,0.0,2.0,81.0,0.0,0.0,0.0,0.0,0.0,0.0,2.0,1.0,0.0,3.0,1.0,0.0,0.0,0.0,0.0,0.0,24.0,17.0,32.0,0.0,0.0,0.0,0.1176470588,0.0,0.0,1.0,1.0,0.0,0.0,0.0,0.0,0.0,0.0,0.0,0.0,0.0,0.0,0.0,1.0,-1.0,1.0,1.0,1.0,1.0,0.0,0.0
603,2731.0,2.0,0.0,4.0,48.0,0.0,0.0,0.0,0.0,0.0,0.0,0.0,0.0,0.0,0.0,1.0,0.0,0.0,0.0,0.0,0.0,16.0,25.0,0.0,0.0,0.0,0.0,1.0,0.1428571429,0.0,1.0,0.0,0.0,0.0,0.0,0.0,0.0,0.0,0.0,0.0,1.0,0.0,0.0,1.0,1.0,1.0,1.0,0.0,-1.0,1.0,1.0
604,8975.0,1.0,0.0,3.0,43.0,0.0,0.0,0.0,0.0,0.0,0.0,0.0,0.0,0.0,0.0,1.0,0.0,0.0,0.0,0.0,0.0,19.0,17.0,0.0,0.0,0.0,0.0,0.0887096774,0.1612903226,0.0,0.0,0.0,0.0,0.0,0.0887096774,0.0,0.0,0.0,0.0,1.0,0.0,0.0,0.0,1.0,1.0,1.0,1.0,0.0,1.0,0.0,0.0
605,3691.0,2.0,1.0,5.0,147.0,0.0,0.0,0.0,0.0,0.0,0.0,0.0,0.0,0.0,69.0,1.0,1.0,0.0,0.0,0.0,0.0,17.0,123.0,0.0,0.0,0.0,0.0,0.9574468085,0.064516129,1.0,1.0,0.0,1.0,0.0,0.0,1.0,0.0,0.0,0.0,0.0,0.0,0.0,0.0,1.0,-1.0,1.0,0.0,0.0,-1.0,1.0,1.0
606,4443.0,3.0,1.0,5.0,63.0,0.0,0.0,0.0,0.0,0.0,0.0,0.0,0.0,0.0,1.0,1.0,0.0,0.0,0.0,0.0,0.0,21.0,35.0,0.0,0.0,0.0,0.0,0.0,0.0,0.0,1.0,1.0,0.0,0.0,1.0,0.0,0.0,0.0,0.0,0.0,0.0,0.0,0.0,1.0,0.0,1.0,1.0,1.0,-1.0,1.0,1.0
607,9103.0,2.0,0.0,2.0,39.0,1.0,0.0,0.0,0.0,0.0,0.0,0.0,0.0,0.0,0.0,1.0,0.0,0.0,0.0,1.0,0.0,8.0,24.0,0.0,0.0,0.0,0.0,0.0425531915,0.3541666667,0.0,1.0,0.0,0.0,0.0,0.029787234,0.0,0.0,1.0,0.0,0.0,1.0,0.0,0.0,1.0,1.0,1.0,1.0,0.0,1.0,0.0,0.0
608,7881.0,2.0,1.0,3.0,98.0,8.0,1.0,0.0,0.0,0.0,0.0,0.0,0.0,0.0,6.0,1.0,1.0,0.0,0.0,1.0,0.0,28.0,63.0,0.0,0.0,0.0,0.0,0.128440367,0.1063829787,0.0,0.0,0.0,0.0,0.0,0.0,0.0,0.0,0.0,0.0,0.0,1.0,0.0,0.0,1.0,-1.0,1.0,1.0,0.0,1.0,0.0,0.0
609,389.0,7.0,0.0,6.0,91.0,0.0,0.0,0.0,0.0,0.0,0.0,0.0,0.0,0.0,0.0,1.0,0.0,0.0,0.0,1.0,0.0,19.0,65.0,0.0,0.0,0.0,0.0,0.8333333333,0.2352941176,1.0,1.0,0.0,0.0,0.0,0.0,0.0,0.0,0.0,0.0,0.0,1.0,0.0,0.0,1.0,-1.0,1.0,1.0,0.0,-1.0,1.0,1.0
610,1619.0,2.0,0.0,3.0,43.0,0.0,0.0,0.0,0.0,0.0,0.0,0.0,0.0,0.0,0.0,1.0,0.0,0.0,0.0,1.0,0.0,17.0,19.0,0.0,0.0,0.0,0.0,0.0,0.0,0.0,1.0,0.0,0.0,0.0,1.0,0.0,0.0,0.0,0.0,0.0,0.0,0.0,1.0,1.0,1.0,1.0,1.0,1.0,-1.0,1.0,1.0
611,902.0,5.0,0.0,3.0,131.0,0.0,0.0,0.0,0.0,0.0,0.0,2.0,0.0,0.0,30.0,1.0,0.0,0.0,0.0,1.0,0.0,18.0,32.0,73.0,0.0,1.0,0.0,0.9523809524,0.0405405405,0.0,1.0,0.0,0.0,0.0,0.0,0.0,0.0,0.0,0.0,0.0,0.0,0.0,0.0,1.0,-1.0,1.0,1.0,1.0,-1.0,1.0,1.0
612,7878.0,1.0,0.0,4.0,70.0,2.0,0.0,0.0,0.0,0.0,0.0,0.0,0.0,0.0,6.0,1.0,1.0,0.0,0.0,0.0,0.0,19.0,44.0,0.0,0.0,0.0,0.0,0.1184210526,0.2162162162,0.0,1.0,0.0,0.0,0.0,0.1447368421,0.0,0.0,0.0,0.0,0.0,0.0,0.0,0.0,1.0,0.0,1.0,1.0,0.0,1.0,0.0,0.0
613,220.0,2.0,1.0,5.0,50.0,0.0,0.0,0.0,0.0,0.0,0.0,0.0,0.0,0.0,0.0,1.0,1.0,0.0,0.0,0.0,0.0,23.0,20.0,0.0,0.0,0.0,0.0,0.0,0.0,0.0,1.0,0.0,0.0,0.0,0.0,0.0,0.0,0.0,0.0,0.0,0.0,0.0,0.0,1.0,1.0,1.0,1.0,1.0,1.0,1.0,1.0
614,141.0,6.0,1.0,8.0,142.0,3.0,0.0,0.0,0.0,0.0,0.0,0.0,0.0,0.0,24.0,1.0,1.0,0.0,0.0,1.0,0.0,15.0,120.0,0.0,0.0,0.0,0.0,0.0027932961,0.0384615385,0.0,1.0,1.0,0.0,0.0,0.9525139665,0.0,0.0,1.0,0.0,0.0,1.0,0.0,0.0,1.0,-1.0,1.0,1.0,1.0,-1.0,1.0,1.0
615,1124.0,2.0,1.0,2.0,31.0,0.0,0.0,0.0,0.0,0.0,0.0,0.0,0.0,0.0,0.0,1.0,0.0,0.0,0.0,0.0,0.0,15.0,9.0,0.0,0.0,0.0,0.0,0.0,0.0,0.0,1.0,0.0,0.0,0.0,0.0,0.0,0.0,0.0,0.0,0.0,0.0,0.0,0.0,1.0,1.0,1.0,1.0,1.0,1.0,1.0,1.0
616,1128.0,1.0,0.0,4.0,36.0,0.0,0.0,0.0,0.0,0.0,0.0,0.0,0.0,0.0,0.0,1.0,0.0,0.0,0.0,0.0,0.0,14.0,15.0,0.0,0.0,0.0,0.0,0.0,0.3636363636,0.0,1.0,0.0,0.0,0.0,1.0,0.0,0.0,0.0,0.0,0.0,0.0,0.0,0.0,1.0,1.0,1.0,1.0,0.0,-1.0,1.0,1.0
617,9462.0,2.0,1.0,2.0,35.0,0.0,0.0,0.0,0.0,0.0,0.0,0.0,0.0,0.0,4.0,1.0,1.0,0.0,0.0,0.0,0.0,13.0,15.0,0.0,0.0,0.0,0.0,0.1666666667,0.4666666667,0.0,1.0,1.0,0.0,1.0,0.0666666667,0.0,0.0,0.0,0.0,0.0,0.0,0.0,0.0,1.0,1.0,1.0,-1.0,0.0,1.0,0.0,0.0
618,5209.0,4.0,2.0,4.0,97.0,2.0,1.0,0.0,0.0,0.0,0.0,0.0,0.0,0.0,3.0,1.0,0.0,0.0,0.0,0.0,0.0,27.0,63.0,0.0,0.0,0.0,0.0,0.1351351351,0.0,0.0,1.0,0.0,0.0,0.0,0.1081081081,0.0,0.0,0.0,0.0,0.0,0.0,0.0,0.0,0.0,-1.0,1.0,1.0,1.0,1.0,0.0,0.0
619,9342.0,2.0,1.0,2.0,59.0,7.0,0.0,0.0,0.0,0.0,0.0,0.0,0.0,0.0,0.0,1.0,0.0,0.0,0.0,1.0,0.0,17.0,35.0,0.0,0.0,0.0,0.0,0.15,0.1428571429,0.0,0.0,0.0,1.0,0.0,0.025,0.0,0.0,0.0,0.0,0.0,0.0,0.0,0.0,1.0,0.0,1.0,0.0,0.0,1.0,0.0,0.0
620,814.0,3.0,0.0,2.0,40.0,0.0,0.0,0.0,0.0,0.0,0.0,0.0,0.0,0.0,0.0,1.0,0.0,0.0,0.0,1.0,0.0,15.0,18.0,0.0,0.0,0.0,0.0,1.0,1.0,0.0,1.0,0.0,0.0,0.0,0.0,1.0,0.0,0.0,0.0,0.0,0.0,0.0,0.0,1.0,1.0,-1.0,1.0,-1.0,-1.0,1.0,1.0
621,7561.0,1.0,0.0,4.0,81.0,9.0,1.0,0.0,0.0,0.0,0.0,0.0,0.0,0.0,6.0,1.0,1.0,0.0,0.0,1.0,0.0,21.0,53.0,0.0,0.0,0.0,0.0,0.1978021978,0.6489361702,1.0,1.0,0.0,0.0,0.0,0.0549450549,0.0,0.0,0.0,1.0,1.0,0.0,0.0,0.0,1.0,-1.0,-1.0,1.0,0.0,1.0,0.0,0.0
622,4575.0,4.0,1.0,4.0,71.0,1.0,0.0,0.0,0.0,2.0,0.0,0.0,0.0,0.0,0.0,1.0,0.0,0.0,0.0,1.0,0.0,14.0,50.0,0.0,0.0,0.0,1.0,0.0,1.0,1.0,1.0,0.0,0.0,0.0,0.0,1.0,0.0,0.0,0.0,0.0,0.0,0.0,0.0,1.0,0.0,-1.0,1.0,-1.0,1.0,1.0,1.0
623,4864.0,2.0,0.0,4.0,61.0,0.0,0.0,0.0,0.0,0.0,0.0,0.0,0.0,0.0,0.0,1.0,1.0,0.0,0.0,0.0,0.0,23.0,31.0,0.0,0.0,0.0,0.0,0.0,0.7857142857,0.0,1.0,0.0,0.0,0.0,1.0,1.0,0.0,0.0,0.0,0.0,1.0,0.0,0.0,1.0,0.0,-1.0,1.0,1.0,-1.0,1.0,1.0
624,6214.0,1.0,0.0,5.0,109.0,3.0,0.0,0.0,0.0,2.0,0.0,3.0,2.0,0.0,14.0,1.0,1.0,0.0,0.0,1.0,0.0,21.0,36.0,44.0,0.0,0.0,0.0,0.2803030303,1.0,1.0,1.0,1.0,0.0,0.0,0.0,0.0,0.0,0.0,0.0,0.0,1.0,0.0,0.0,1.0,-1.0,-1.0,1.0,0.0,1.0,0.0,0.0
625,5501.0,3.0,1.0,5.0,134.0,1.0,0.0,0.0,0.0,1.0,0.0,5.0,4.0,0.0,7.0,1.0,1.0,0.0,0.0,1.0,0.0,28.0,44.0,54.0,0.0,0.0,0.0,0.00456621,0.5625,0.0,1.0,1.0,0.0,1.0,0.0,0.0,0.0,0.0,0.0,0.0,1.0,0.0,0.0,1.0,-1.0,0.0,-1.0,0.0,1.0,0.0,0.0
626,5110.0,1.0,0.0,5.0,74.0,6.0,0.0,0.0,0.0,0.0,0.0,0.0,0.0,0.0,17.0,1.0,1.0,0.0,0.0,1.0,0.0,19.0,48.0,0.0,0.0,0.0,0.0,0.1315789474,0.9791666667,1.0,1.0,1.0,0.0,1.0,0.0657894737,0.0,0.0,0.0,0.0,0.0,1.0,0.0,0.0,1.0,0.0,-1.0,-1.0,-1.0,1.0,0.0,0.0
627,419.0,2.0,0.0,3.0,44.0,1.0,0.0,0.0,0.0,0.0,0.0,0.0,0.0,0.0,0.0,1.0,0.0,0.0,0.0,0.0,0.0,13.0,24.0,0.0,0.0,0.0,0.0,1.0,0.0833333333,1.0,1.0,1.0,0.0,1.0,0.0,1.0,0.0,0.0,0.0,0.0,0.0,0.0,0.0,1.0,1.0,1.0,-1.0,1.0,-1.0,1.0,1.0
628,6515.0,1.0,0.0,6.0,115.0,8.0,0.0,0.0,0.0,0.0,0.0,0.0,0.0,0.0,8.0,1.0,1.0,0.0,0.0,1.0,0.0,19.0,89.0,0.0,0.0,0.0,0.0,0.0914285714,0.2771084337,0.0,1.0,1.0,0.0,0.0,0.0,0.0,0.0,0.0,0.0,0.0,1.0,0.0,1.0,1.0,-1.0,1.0,1.0,0.0,1.0,0.0,0.0
629,2051.0,2.0,0.0,4.0,53.0,1.0,0.0,0.0,0.0,0.0,0.0,0.0,0.0,0.0,0.0,1.0,1.0,0.0,0.0,0.0,0.0,16.0,30.0,0.0,0.0,0.0,0.0,0.0,0.0,0.0,1.0,0.0,0.0,0.0,0.0,0.0,0.0,0.0,0.0,0.0,0.0,0.0,0.0,1.0,1.0,1.0,1.0,1.0,1.0,1.0,1.0
630,1890.0,2.0,1.0,5.0,75.0,1.0,1.0,0.0,0.0,0.0,0.0,0.0,0.0,0.0,22.0,1.0,1.0,0.0,1.0,0.0,0.0,17.0,51.0,0.0,0.0,0.0,1.0,0.1929824561,1.0,1.0,1.0,1.0,0.0,0.0,0.0175438596,0.0,0.0,0.0,0.0,0.0,1.0,0.0,0.0,1.0,0.0,-1.0,1.0,-1.0,1.0,1.0,1.0
631,428.0,4.0,0.0,3.0,43.0,0.0,0.0,0.0,0.0,1.0,0.0,0.0,0.0,0.0,9.0,1.0,0.0,1.0,0.0,0.0,0.0,12.0,22.0,1.0,0.0,0.0,0.0,0.375,0.0,0.0,1.0,0.0,0.0,0.0,0.0,1.0,0.0,0.0,0.0,0.0,0.0,0.0,0.0,1.0,1.0,1.0,1.0,0.0,0.0,1.0,1.0
632,3372.0,2.0,1.0,4.0,50.0,1.0,0.0,0.0,0.0,0.0,0.0,0.0,0.0,0.0,0.0,1.0,0.0,0.0,0.0,0.0,0.0,21.0,22.0,0.0,0.0,0.0,0.0,0.0,0.0,0.0,1.0,0.0,0.0,0.0,0.0,0.0,0.0,0.0,0.0,0.0,0.0,0.0,0.0,1.0,1.0,1.0,1.0,1.0,1.0,1.0,1.0
633,7873.0,1.0,0.0,5.0,84.0,3.0,0.0,0.0,0.0,1.0,0.0,2.0,1.0,0.0,18.0,1.0,1.0,0.0,0.0,1.0,0.0,16.0,34.0,26.0,0.0,0.0,0.0,0.4090909091,0.96,1.0,0.0,0.0,1.0,0.0,0.0,0.0,0.0,0.0,0.0,0.0,1.0,0.0,0.0,1.0,-1.0,-1.0,0.0,-1.0,0.0,0.0,0.0
634,4936.0,4.0,1.0,8.0,109.0,0.0,0.0,0.0,0.0,0.0,0.0,0.0,0.0,0.0,21.0,1.0,1.0,0.0,0.0,0.0,0.0,21.0,81.0,0.0,0.0,1.0,0.0,0.6470588235,0.0,0.0,1.0,0.0,0.0,0.0,0.2352941176,0.0,0.0,0.0,0.0,0.0,0.0,0.0,0.0,1.0,-1.0,1.0,1.0,1.0,-1.0,1.0,1.0
635,3789.0,4.0,1.0,2.0,71.0,2.0,1.0,0.0,0.0,0.0,0.0,0.0,0.0,0.0,0.0,1.0,1.0,0.0,0.0,1.0,0.0,28.0,36.0,0.0,0.0,0.0,0.0,0.2,0.0,0.0,1.0,0.0,0.0,0.0,0.8,0.0,0.0,0.0,0.0,1.0,0.0,0.0,0.0,1.0,0.0,1.0,1.0,0.0,-1.0,1.0,1.0
636,5355.0,2.0,1.0,5.0,134.0,6.0,0.0,0.0,0.0,2.0,0.0,3.0,2.0,0.0,14.0,1.0,1.0,0.0,0.0,1.0,0.0,25.0,57.0,44.0,0.0,0.0,0.0,0.3376623377,0.8888888889,1.0,1.0,1.0,1.0,0.0,0.0,0.0,0.0,0.0,0.0,0.0,1.0,0.0,0.0,1.0,-1.0,-1.0,0.0,0.0,0.0,0.0,0.0
637,9266.0,3.0,1.0,1.0,54.0,1.0,0.0,0.0,0.0,0.0,0.0,0.0,0.0,0.0,0.0,1.0,0.0,0.0,0.0,1.0,0.0,23.0,24.0,0.0,0.0,0.0,0.0,0.4352941176,0.5833333333,0.0,1.0,0.0,1.0,0.0,0.0117647059,0.0,0.0,0.0,0.0,0.0,1.0,0.0,0.0,1.0,0.0,0.0,0.0,-1.0,0.0,0.0,0.0
638,1231.0,5.0,1.0,4.0,72.0,0.0,0.0,0.0,0.0,0.0,0.0,0.0,0.0,0.0,3.0,1.0,1.0,0.0,0.0,1.0,0.0,22.0,43.0,0.0,0.0,0.0,1.0,0.875,0.1333333333,0.0,1.0,0.0,0.0,0.0,0.0625,1.0,0.0,1.0,0.0,0.0,0.0,0.0,0.0,1.0,0.0,0.0,1.0,1.0,-1.0,1.0,1.0
639,1348.0,2.0,0.0,4.0,48.0,1.0,0.0,0.0,0.0,0.0,0.0,0.0,0.0,0.0,0.0,1.0,0.0,0.0,0.0,0.0,0.0,9.0,32.0,0.0,0.0,0.0,0.0,0.0,0.0,0.0,1.0,0.0,0.0,0.0,0.0,0.0,0.0,0.0,0.0,0.0,0.0,0.0,0.0,1.0,1.0,1.0,1.0,1.0,1.0,1.0,1.0
640,1857.0,4.0,1.0,3.0,47.0,0.0,0.0,0.0,0.0,0.0,0.0,0.0,0.0,0.0,0.0,1.0,0.0,0.0,0.0,0.0,0.0,22.0,18.0,0.0,0.0,0.0,0.0,0.0,0.0,0.0,1.0,0.0,0.0,0.0,0.0,0.0,0.0,0.0,0.0,0.0,0.0,0.0,0.0,1.0,1.0,1.0,1.0,1.0,1.0,1.0,1.0
641,6114.0,3.0,1.0,1.0,61.0,0.0,0.0,0.0,0.0,0.0,0.0,1.0,0.0,0.0,6.0,1.0,1.0,0.0,0.0,0.0,0.0,30.0,15.0,8.0,0.0,0.0,0.0,0.0363636364,0.1724137931,0.0,1.0,0.0,0.0,0.0,0.0,0.0,0.0,0.0,0.0,0.0,0.0,0.0,0.0,1.0,0.0,1.0,1.0,0.0,1.0,0.0,0.0
642,50.0,3.0,0.0,2.0,39.0,0.0,0.0,0.0,0.0,0.0,0.0,0.0,0.0,0.0,0.0,1.0,0.0,0.0,0.0,0.0,0.0,18.0,14.0,0.0,0.0,0.0,0.0,1.0,1.0,0.0,1.0,0.0,0.0,0.0,0.0,1.0,0.0,0.0,0.0,0.0,0.0,0.0,0.0,1.0,1.0,-1.0,1.0,-1.0,-1.0,1.0,1.0
643,2805.0,5.0,2.0,3.0,58.0,1.0,0.0,0.0,0.0,0.0,0.0,0.0,0.0,0.0,8.0,1.0,1.0,0.0,0.0,1.0,0.0,15.0,36.0,0.0,0.0,1.0,0.0,0.8181818182,0.1538461538,1.0,1.0,0.0,0.0,0.0,0.0909090909,0.0,0.0,0.0,0.0,0.0,1.0,0.0,0.0,0.0,0.0,0.0,1.0,0.0,-1.0,1.0,1.0
644,8043.0,1.0,0.0,3.0,64.0,5.0,0.0,0.0,0.0,0.0,0.0,0.0,0.0,0.0,2.0,1.0,0.0,0.0,0.0,1.0,0.0,11.0,46.0,0.0,0.0,0.0,0.0,0.1205673759,0.7183098592,0.0,1.0,0.0,0.0,0.0,0.0212765957,0.0,0.0,0.0,0.0,0.0,0.0,0.0,0.0,1.0,0.0,-1.0,1.0,0.0,1.0,0.0,0.0
645,9413.0,2.0,1.0,0.0,49.0,0.0,0.0,0.0,0.0,0.0,0.0,1.0,0.0,0.0,9.0,1.0,0.0,0.0,0.0,0.0,0.0,20.0,1.0,20.0,0.0,0.0,0.0,0.0,0.0,0.0,0.0,0.0,0.0,0.0,0.0,0.0,0.0,0.0,0.0,0.0,0.0,0.0,0.0,1.0,1.0,1.0,1.0,1.0,1.0,0.0,0.0
646,9620.0,3.0,1.0,2.0,56.0,0.0,0.0,0.0,0.0,0.0,0.0,1.0,0.0,0.0,7.0,1.0,0.0,0.0,0.0,1.0,0.0,19.0,20.0,9.0,0.0,0.0,0.0,0.0343137255,0.0230769231,0.0,1.0,0.0,0.0,0.0,0.0,0.0,0.0,0.0,0.0,0.0,1.0,0.0,0.0,1.0,0.0,1.0,1.0,0.0,1.0,0.0,0.0
647,4155.0,2.0,1.0,2.0,53.0,1.0,1.0,0.0,0.0,0.0,0.0,0.0,0.0,0.0,5.0,1.0,1.0,0.0,0.0,0.0,0.0,37.0,9.0,0.0,0.0,0.0,0.0,0.0,0.0,0.0,1.0,1.0,0.0,0.0,1.0,0.0,0.0,0.0,0.0,1.0,1.0,0.0,0.0,1.0,1.0,1.0,1.0,1.0,-1.0,1.0,1.0
648,3335.0,5.0,1.0,3.0,60.0,1.0,0.0,0.0,0.0,0.0,0.0,0.0,0.0,0.0,0.0,1.0,0.0,0.0,0.0,0.0,0.0,18.0,35.0,0.0,0.0,1.0,0.0,0.8888888889,0.0,0.0,1.0,0.0,0.0,0.0,0.1111111111,0.0,0.0,0.0,0.0,0.0,0.0,0.0,1.0,1.0,0.0,1.0,1.0,1.0,-1.0,1.0,1.0
649,1930.0,2.0,0.0,3.0,37.0,0.0,0.0,0.0,0.0,0.0,0.0,0.0,0.0,0.0,0.0,1.0,0.0,0.0,0.0,1.0,0.0,11.0,19.0,0.0,0.0,0.0,0.0,0.0,0.0,0.0,1.0,1.0,0.0,0.0,0.0,0.0,0.0,0.0,0.0,0.0,0.0,0.0,0.0,1.0,1.0,1.0,1.0,1.0,1.0,1.0,1.0
650,2660.0,2.0,0.0,4.0,61.0,0.0,0.0,0.0,0.0,0.0,0.0,0.0,0.0,0.0,0.0,1.0,0.0,0.0,0.0,1.0,0.0,17.0,33.0,3.0,0.0,1.0,1.0,1.0,1.0,1.0,1.0,0.0,0.0,0.0,0.0,1.0,0.0,0.0,0.0,0.0,0.0,0.0,0.0,1.0,0.0,-1.0,1.0,-1.0,-1.0,1.0,1.0
651,1415.0,3.0,1.0,1.0,42.0,0.0,0.0,0.0,0.0,0.0,0.0,0.0,0.0,0.0,0.0,1.0,1.0,0.0,0.0,0.0,0.0,25.0,10.0,0.0,0.0,0.0,0.0,0.2,0.5714285714,0.0,1.0,1.0,0.0,0.0,0.8,0.0,0.0,0.0,0.0,0.0,0.0,1.0,0.0,1.0,1.0,-1.0,1.0,0.0,-1.0,1.0,1.0
652,5387.0,3.0,1.0,3.0,68.0,3.0,1.0,0.0,0.0,0.0,0.0,0.0,0.0,0.0,6.0,1.0,1.0,0.0,0.0,0.0,0.0,26.0,35.0,0.0,0.0,0.0,0.0,0.1161290323,0.9666666667,0.0,0.0,0.0,0.0,0.0,0.0064516129,0.0,0.0,0.0,0.0,0.0,1.0,0.0,0.0,1.0,0.0,-1.0,1.0,-1.0,1.0,0.0,0.0
653,6717.0,2.0,1.0,3.0,88.0,7.0,1.0,0.0,0.0,2.0,0.0,0.0,0.0,0.0,17.0,1.0,1.0,0.0,0.0,1.0,0.0,24.0,57.0,0.0,0.0,0.0,0.0,0.0588235294,0.64,0.0,1.0,0.0,0.0,0.0,0.1764705882,0.0,0.0,0.0,0.0,0.0,1.0,0.0,0.0,1.0,-1.0,1.0,1.0,0.0,1.0,0.0,0.0
654,5747.0,3.0,1.0,3.0,111.0,7.0,0.0,0.0,0.0,0.0,0.0,0.0,0.0,0.0,3.0,1.0,1.0,0.0,0.0,1.0,0.0,22.0,82.0,0.0,0.0,0.0,0.0,0.2,1.0,1.0,1.0,0.0,1.0,0.0,0.0173913043,0.0,0.0,0.0,0.0,0.0,1.0,0.0,0.0,1.0,-1.0,-1.0,0.0,-1.0,1.0,0.0,0.0
655,5147.0,1.0,0.0,5.0,91.0,10.0,1.0,0.0,0.0,0.0,0.0,0.0,0.0,0.0,12.0,1.0,1.0,0.0,0.0,1.0,0.0,23.0,61.0,0.0,0.0,0.0,0.0,0.0084745763,0.3488372093,0.0,1.0,1.0,0.0,0.0,0.0338983051,0.0,0.0,0.0,0.0,0.0,0.0,0.0,0.0,1.0,-1.0,1.0,1.0,0.0,1.0,0.0,0.0
656,8996.0,1.0,0.0,2.0,47.0,2.0,0.0,0.0,0.0,0.0,0.0,0.0,0.0,0.0,1.0,1.0,0.0,0.0,0.0,1.0,0.0,16.0,24.0,0.0,0.0,0.0,0.0,0.0769230769,0.9705882353,0.0,1.0,0.0,0.0,0.0,0.0461538462,0.0,0.0,0.0,0.0,0.0,1.0,0.0,0.0,1.0,1.0,-1.0,1.0,-1.0,1.0,0.0,0.0
657,980.0,4.0,0.0,5.0,115.0,1.0,0.0,0.0,0.0,3.0,0.0,2.0,1.0,0.0,11.0,1.0,1.0,1.0,0.0,1.0,0.0,13.0,46.0,48.0,0.0,0.0,0.0,0.0,0.0,0.0,1.0,1.0,0.0,0.0,0.0,1.0,0.0,0.0,0.0,0.0,0.0,0.0,0.0,1.0,-1.0,1.0,1.0,1.0,1.0,1.0,1.0
658,6015.0,4.0,2.0,3.0,68.0,1.0,1.0,0.0,0.0,0.0,0.0,0.0,0.0,0.0,4.0,1.0,0.0,0.0,0.0,0.0,0.0,23.0,38.0,0.0,0.0,0.0,0.0,0.0361445783,0.2352941176,0.0,0.0,0.0,0.0,0.0,0.0481927711,0.0,0.0,0.0,0.0,0.0,0.0,0.0,0.0,0.0,0.0,1.0,1.0,0.0,1.0,0.0,0.0
659,2112.0,2.0,0.0,3.0,47.0,1.0,0.0,0.0,0.0,0.0,0.0,0.0,0.0,0.0,0.0,1.0,0.0,0.0,0.0,1.0,0.0,16.0,24.0,0.0,0.0,0.0,0.0,0.9230769231,1.0,0.0,1.0,0.0,0.0,0.0,0.0,1.0,0.0,0.0,0.0,0.0,0.0,0.0,0.0,1.0,1.0,1.0,1.0,-1.0,-1.0,1.0,1.0
660,342.0,3.0,0.0,5.0,216.0,0.0,0.0,0.0,0.0,0.0,0.0,0.0,0.0,0.0,31.0,1.0,1.0,0.0,0.0,1.0,0.0,28.0,46.0,134.0,0.0,0.0,0.0,0.0,0.0,0.0,1.0,0.0,0.0,0.0,0.0,0.0,0.0,0.0,0.0,0.0,0.0,0.0,0.0,1.0,-1.0,1.0,1.0,1.0,1.0,1.0,1.0
661,5083.0,2.0,1.0,0.0,23.0,0.0,0.0,0.0,0.0,0.0,0.0,0.0,0.0,0.0,0.0,1.0,0.0,0.0,0.0,0.0,0.0,15.0,1.0,0.0,0.0,0.0,0.0,0.0254237288,0.9333333333,1.0,1.0,1.0,1.0,0.0,0.2245762712,0.0,0.0,0.0,0.0,0.0,1.0,0.0,0.0,1.0,1.0,-1.0,0.0,0.0,1.0,0.0,0.0
662,7025.0,2.0,1.0,3.0,123.0,11.0,0.0,0.0,0.0,0.0,0.0,0.0,0.0,0.0,7.0,1.0,1.0,0.0,0.0,1.0,0.0,16.0,100.0,0.0,0.0,0.0,0.0,0.1711229947,0.4230769231,0.0,0.0,0.0,0.0,0.0,0.0,0.0,0.0,0.0,0.0,1.0,1.0,0.0,0.0,1.0,-1.0,1.0,1.0,0.0,1.0,0.0,0.0
663,7495.0,1.0,0.0,4.0,64.0,0.0,0.0,0.0,0.0,0.0,0.0,1.0,0.0,0.0,5.0,1.0,0.0,0.0,0.0,0.0,0.0,7.0,37.0,12.0,0.0,0.0,0.0,0.2,0.5333333333,0.0,1.0,0.0,0.0,0.0,0.0,0.0,0.0,0.0,0.0,0.0,0.0,0.0,0.0,1.0,0.0,0.0,1.0,0.0,1.0,0.0,0.0
664,3886.0,2.0,0.0,2.0,38.0,0.0,0.0,0.0,0.0,0.0,0.0,0.0,0.0,0.0,0.0,1.0,0.0,0.0,0.0,0.0,0.0,8.0,23.0,0.0,0.0,0.0,0.0,0.0,0.0,0.0,1.0,0.0,0.0,0.0,0.0,0.0,0.0,0.0,0.0,0.0,0.0,0.0,0.0,1.0,1.0,1.0,1.0,1.0,1.0,1.0,1.0
665,5132.0,4.0,0.0,4.0,76.0,0.0,0.0,1.0,0.0,0.0,1.0,0.0,0.0,0.0,15.0,1.0,1.0,0.0,0.0,0.0,0.0,10.0,59.0,0.0,0.0,0.0,1.0,0.0779220779,0.3333333333,1.0,1.0,0.0,0.0,0.0,0.0,0.0,0.0,0.0,0.0,0.0,0.0,0.0,0.0,1.0,-1.0,-1.0,1.0,1.0,1.0,0.0,0.0
666,2640.0,3.0,0.0,3.0,79.0,1.0,0.0,0.0,0.0,0.0,0.0,4.0,0.0,0.0,1.0,1.0,0.0,0.0,0.0,1.0,0.0,15.0,25.0,31.0,0.0,1.0,1.0,1.0,1.0,1.0,1.0,0.0,0.0,0.0,0.0,1.0,0.0,0.0,0.0,0.0,0.0,0.0,0.0,1.0,-1.0,-1.0,1.0,-1.0,-1.0,1.0,1.0
667,5171.0,5.0,0.0,2.0,165.0,1.0,1.0,0.0,0.0,5.0,5.0,4.0,3.0,0.0,15.0,1.0,0.0,0.0,0.0,1.0,0.0,18.0,17.0,122.0,0.0,1.0,0.0,0.1428571429,0.0,0.0,1.0,0.0,0.0,0.0,0.0,0.0,0.0,0.0,0.0,0.0,0.0,0.0,0.0,1.0,-1.0,1.0,1.0,1.0,1.0,0.0,0.0
668,3970.0,1.0,0.0,9.0,60.0,0.0,0.0,0.0,0.0,0.0,0.0,0.0,0.0,0.0,0.0,1.0,1.0,0.0,0.0,1.0,0.0,17.0,36.0,0.0,0.0,0.0,0.0,0.0,0.0,0.0,1.0,0.0,0.0,0.0,0.0,0.0,0.0,0.0,0.0,0.0,0.0,0.0,0.0,1.0,0.0,1.0,1.0,1.0,1.0,1.0,1.0
669,2178.0,2.0,0.0,2.0,40.0,0.0,0.0,0.0,0.0,0.0,0.0,0.0,0.0,0.0,0.0,1.0,0.0,0.0,0.0,0.0,0.0,15.0,18.0,0.0,0.0,0.0,0.0,0.0,0.0,0.0,1.0,0.0,0.0,0.0,0.0,0.0,0.0,0.0,0.0,0.0,0.0,0.0,0.0,1.0,1.0,1.0,1.0,1.0,1.0,1.0,1.0
670,5601.0,2.0,1.0,10.0,86.0,0.0,0.0,0.0,0.0,0.0,0.0,0.0,0.0,0.0,3.0,1.0,1.0,0.0,0.0,1.0,0.0,17.0,62.0,0.0,0.0,0.0,0.0,0.003257329,0.0056179775,0.0,0.0,0.0,0.0,0.0,0.0,0.0,0.0,0.0,0.0,1.0,0.0,0.0,0.0,1.0,-1.0,1.0,1.0,1.0,1.0,0.0,0.0
671,9096.0,1.0,0.0,3.0,53.0,2.0,0.0,0.0,0.0,0.0,0.0,0.0,0.0,0.0,7.0,1.0,1.0,0.0,0.0,1.0,0.0,13.0,33.0,0.0,0.0,0.0,0.0,0.2013422819,1.0,0.0,0.0,0.0,0.0,0.0,0.0234899329,0.0,0.0,0.0,0.0,1.0,1.0,0.0,0.0,1.0,1.0,-1.0,1.0,0.0,1.0,0.0,0.0
672,6658.0,2.0,1.0,5.0,78.0,6.0,0.0,0.0,0.0,0.0,0.0,0.0,0.0,0.0,8.0,1.0,1.0,0.0,0.0,1.0,0.0,20.0,51.0,0.0,0.0,0.0,0.0,0.1111111111,0.2857142857,0.0,1.0,0.0,1.0,0.0,0.0308641975,0.0,0.0,0.0,0.0,0.0,1.0,0.0,0.0,1.0,-1.0,1.0,0.0,0.0,1.0,0.0,0.0
673,3126.0,3.0,1.0,8.0,191.0,4.0,1.0,0.0,0.0,0.0,0.0,1.0,0.0,0.0,58.0,1.0,1.0,0.0,0.0,1.0,0.0,20.0,126.0,37.0,0.0,0.0,0.0,0.0,0.0416666667,1.0,1.0,0.0,0.0,0.0,0.0,0.0,0.0,0.0,0.0,0.0,0.0,0.0,0.0,1.0,-1.0,1.0,1.0,0.0,1.0,1.0,1.0
674,3096.0,2.0,1.0,3.0,52.0,0.0,0.0,0.0,0.0,0.0,0.0,0.0,0.0,0.0,1.0,1.0,1.0,0.0,0.0,0.0,0.0,22.0,23.0,0.0,0.0,0.0,0.0,0.0,0.0,0.0,1.0,0.0,0.0,0.0,1.0,0.0,0.0,0.0,0.0,0.0,0.0,0.0,0.0,1.0,1.0,1.0,1.0,1.0,-1.0,1.0,1.0
675,328.0,4.0,1.0,5.0,94.0,1.0,0.0,0.0,0.0,1.0,0.0,0.0,0.0,0.0,17.0,1.0,1.0,0.0,0.0,1.0,0.0,18.0,69.0,0.0,0.0,0.0,0.0,0.0,0.2,0.0,1.0,1.0,0.0,0.0,0.0,0.0,0.0,0.0,0.0,0.0,0.0,0.0,0.0,1.0,-1.0,1.0,1.0,0.0,1.0,1.0,1.0
676,679.0,3.0,1.0,8.0,79.0,1.0,0.0,0.0,0.0,0.0,0.0,0.0,0.0,0.0,6.0,1.0,1.0,0.0,0.0,1.0,0.0,19.0,53.0,0.0,0.0,0.0,0.0,0.9230769231,1.0,0.0,1.0,0.0,0.0,0.0,0.0,1.0,0.0,0.0,0.0,0.0,0.0,0.0,0.0,1.0,-1.0,1.0,1.0,-1.0,-1.0,1.0,1.0
677,554.0,3.0,1.0,1.0,36.0,0.0,0.0,0.0,0.0,0.0,0.0,0.0,0.0,0.0,0.0,1.0,0.0,0.0,0.0,0.0,0.0,20.0,9.0,0.0,0.0,0.0,0.0,0.0,1.0,0.0,1.0,1.0,0.0,0.0,0.0,1.0,0.0,0.0,0.0,0.0,0.0,0.0,0.0,1.0,1.0,-1.0,1.0,-1.0,1.0,1.0,1.0
678,8896.0,3.0,1.0,2.0,38.0,0.0,0.0,0.0,0.0,0.0,0.0,0.0,0.0,0.0,2.0,1.0,1.0,0.0,0.0,0.0,0.0,14.0,17.0,0.0,0.0,0.0,0.0,0.0,0.0,0.0,0.0,0.0,0.0,0.0,0.0,0.0,0.0,0.0,0.0,0.0,0.0,0.0,0.0,1.0,1.0,1.0,1.0,1.0,1.0,0.0,0.0
679,9843.0,2.0,1.0,3.0,57.0,4.0,0.0,0.0,0.0,0.0,0.0,0.0,0.0,0.0,4.0,1.0,1.0,0.0,0.0,1.0,0.0,15.0,35.0,0.0,0.0,0.0,0.0,0.1340206186,0.2407407407,0.0,1.0,0.0,0.0,0.0,0.1134020619,0.0,0.0,0.0,0.0,1.0,0.0,0.0,0.0,1.0,0.0,1.0,1.0,0.0,1.0,0.0,0.0
680,865.0,4.0,0.0,3.0,57.0,0.0,0.0,0.0,0.0,1.0,0.0,1.0,1.0,0.0,9.0,1.0,0.0,1.0,0.0,0.0,0.0,12.0,22.0,15.0,0.0,0.0,0.0,0.375,0.0,0.0,1.0,0.0,0.0,0.0,0.0,1.0,0.0,0.0,0.0,0.0,0.0,0.0,0.0,1.0,0.0,1.0,1.0,0.0,0.0,1.0,1.0
681,1847.0,3.0,1.0,3.0,60.0,0.0,0.0,0.0,0.0,0.0,0.0,0.0,0.0,0.0,0.0,1.0,0.0,0.0,0.0,0.0,0.0,30.0,23.0,0.0,0.0,0.0,0.0,0.0,0.0,0.0,1.0,0.0,0.0,0.0,0.0,0.0,0.0,0.0,0.0,0.0,0.0,0.0,0.0,1.0,0.0,1.0,1.0,1.0,1.0,1.0,1.0
682,7830.0,2.0,1.0,7.0,71.0,2.0,0.0,0.0,0.0,0.0,0.0,0.0,0.0,0.0,11.0,1.0,1.0,0.0,0.0,0.0,0.0,15.0,49.0,0.0,0.0,0.0,0.0,0.0380952381,0.8965517241,1.0,0.0,0.0,0.0,0.0,0.0095238095,0.0,0.0,0.0,0.0,0.0,1.0,0.0,0.0,1.0,0.0,-1.0,1.0,-1.0,1.0,0.0,0.0
683,8297.0,2.0,0.0,2.0,59.0,0.0,0.0,0.0,0.0,2.0,0.0,1.0,0.0,0.0,4.0,1.0,0.0,0.0,0.0,1.0,0.0,13.0,22.0,16.0,0.0,0.0,0.0,0.0322580645,0.0,0.0,1.0,0.0,0.0,0.0,0.0,0.0,0.0,0.0,0.0,0.0,0.0,0.0,0.0,1.0,0.0,1.0,1.0,1.0,1.0,0.0,0.0
684,6192.0,1.0,0.0,5.0,77.0,1.0,0.0,0.0,0.0,2.0,0.0,1.0,0.0,0.0,7.0,1.0,1.0,0.0,0.0,0.0,0.0,13.0,48.0,8.0,0.0,0.0,0.0,0.2676399027,0.5,0.0,1.0,0.0,0.0,0.0,0.0,0.0,0.0,0.0,0.0,0.0,1.0,0.0,0.0,1.0,-1.0,0.0,1.0,0.0,1.0,0.0,0.0
685,7919.0,2.0,1.0,3.0,82.0,0.0,0.0,0.0,0.0,0.0,0.0,0.0,3.0,0.0,11.0,1.0,1.0,0.0,0.0,1.0,0.0,24.0,51.0,0.0,0.0,0.0,0.0,0.023255814,0.40625,0.0,0.0,0.0,0.0,0.0,0.007751938,0.0,0.0,0.0,0.0,0.0,0.0,0.0,0.0,1.0,-1.0,-1.0,1.0,1.0,1.0,0.0,0.0
686,1467.0,3.0,1.0,6.0,78.0,1.0,0.0,0.0,0.0,0.0,0.0,0.0,0.0,0.0,0.0,1.0,1.0,0.0,0.0,1.0,0.0,19.0,52.0,0.0,0.0,0.0,0.0,0.0,0.0,0.0,1.0,1.0,0.0,0.0,1.0,0.0,0.0,0.0,0.0,0.0,0.0,0.0,0.0,1.0,-1.0,1.0,1.0,1.0,-1.0,1.0,1.0
687,5466.0,1.0,0.0,2.0,103.0,13.0,0.0,0.0,0.0,0.0,0.0,0.0,0.0,0.0,4.0,1.0,1.0,0.0,0.0,1.0,0.0,18.0,78.0,0.0,0.0,0.0,0.0,0.2910447761,0.5819672131,0.0,1.0,1.0,0.0,0.0,0.0746268657,0.0,0.0,0.0,0.0,1.0,1.0,0.0,0.0,1.0,-1.0,-1.0,1.0,0.0,0.0,0.0,0.0
688,2476.0,3.0,0.0,2.0,51.0,0.0,0.0,0.0,0.0,0.0,0.0,0.0,0.0,0.0,0.0,1.0,0.0,0.0,0.0,1.0,0.0,25.0,19.0,0.0,0.0,1.0,0.0,1.0,0.0769230769,0.0,1.0,1.0,0.0,0.0,0.0,0.0,0.0,0.0,0.0,0.0,0.0,0.0,0.0,1.0,1.0,1.0,1.0,0.0,-1.0,1.0,1.0
689,4245.0,3.0,0.0,9.0,104.0,2.0,1.0,0.0,0.0,2.0,0.0,0.0,0.0,0.0,0.0,1.0,0.0,0.0,0.0,0.0,0.0,17.0,80.0,0.0,0.0,1.0,0.0,0.0,0.125,1.0,1.0,0.0,0.0,0.0,0.0,0.0,0.0,0.0,0.0,0.0,0.0,0.0,0.0,1.0,-1.0,1.0,1.0,1.0,1.0,1.0,1.0
690,4382.0,4.0,1.0,4.0,57.0,1.0,0.0,0.0,0.0,0.0,0.0,0.0,0.0,0.0,0.0,1.0,0.0,0.0,0.0,0.0,0.0,20.0,30.0,0.0,0.0,0.0,1.0,1.0,1.0,1.0,1.0,0.0,0.0,0.0,0.0,1.0,0.0,0.0,0.0,0.0,0.0,0.0,0.0,1.0,0.0,-1.0,1.0,-1.0,-1.0,1.0,1.0
691,896.0,2.0,0.0,6.0,70.0,0.0,0.0,0.0,0.0,0.0,0.0,0.0,0.0,0.0,0.0,1.0,0.0,0.0,0.0,0.0,0.0,24.0,39.0,0.0,0.0,0.0,0.0,0.0666666667,0.0769230769,0.0,1.0,1.0,0.0,0.0,0.8666666667,0.0,0.0,0.0,0.0,0.0,0.0,0.0,0.0,1.0,0.0,1.0,1.0,1.0,-1.0,1.0,1.0
692,3271.0,2.0,1.0,3.0,72.0,0.0,0.0,0.0,0.0,0.0,0.0,0.0,0.0,0.0,25.0,1.0,1.0,0.0,0.0,0.0,0.0,27.0,38.0,0.0,0.0,0.0,0.0,0.0,0.7857142857,0.0,1.0,0.0,0.0,0.0,1.0,1.0,0.0,0.0,0.0,0.0,1.0,0.0,0.0,1.0,0.0,-1.0,1.0,1.0,-1.0,1.0,1.0
693,6350.0,1.0,0.0,2.0,101.0,12.0,0.0,0.0,0.0,0.0,0.0,0.0,0.0,0.0,0.0,1.0,1.0,0.0,0.0,1.0,0.0,8.0,86.0,0.0,0.0,0.0,0.0,0.1810344828,0.9880952381,0.0,1.0,1.0,0.0,0.0,0.0948275862,0.0,0.0,0.0,0.0,1.0,0.0,0.0,0.0,1.0,-1.0,-1.0,1.0,-1.0,1.0,0.0,0.0
694,3240.0,2.0,1.0,3.0,57.0,0.0,0.0,0.0,0.0,0.0,0.0,0.0,0.0,0.0,24.0,1.0,1.0,0.0,0.0,0.0,0.0,14.0,36.0,0.0,0.0,0.0,0.0,0.0,0.0,0.0,1.0,0.0,0.0,0.0,0.0,0.0,0.0,0.0,0.0,0.0,0.0,0.0,0.0,1.0,0.0,1.0,1.0,1.0,1.0,1.0,1.0
695,3053.0,4.0,1.0,3.0,57.0,0.0,0.0,0.0,0.0,0.0,0.0,0.0,0.0,0.0,0.0,1.0,0.0,0.0,0.0,1.0,0.0,26.0,24.0,0.0,0.0,0.0,0.0,0.9090909091,0.3157894737,1.0,1.0,0.0,0.0,0.0,0.0909090909,0.0,0.0,0.0,0.0,0.0,1.0,0.0,0.0,1.0,0.0,0.0,1.0,0.0,-1.0,1.0,1.0
696,7723.0,1.0,0.0,2.0,120.0,14.0,0.0,0.0,0.0,0.0,0.0,0.0,0.0,0.0,0.0,1.0,0.0,0.0,0.0,1.0,0.0,12.0,101.0,0.0,0.0,0.0,0.0,0.1238095238,0.3703703704,0.0,1.0,1.0,1.0,1.0,0.0095238095,0.0,0.0,0.0,0.0,0.0,1.0,0.0,0.0,1.0,-1.0,1.0,-1.0,0.0,1.0,0.0,0.0
697,2355.0,5.0,0.0,4.0,71.0,1.0,0.0,0.0,0.0,0.0,0.0,0.0,0.0,0.0,4.0,1.0,1.0,0.0,0.0,1.0,0.0,16.0,48.0,0.0,0.0,0.0,1.0,0.9230769231,1.0,0.0,1.0,0.0,0.0,0.0,0.0,1.0,0.0,0.0,0.0,0.0,0.0,0.0,0.0,1.0,0.0,1.0,1.0,-1.0,-1.0,1.0,1.0
698,6849.0,2.0,0.0,3.0,114.0,0.0,0.0,0.0,0.0,3.0,0.0,4.0,3.0,0.0,17.0,1.0,0.0,0.0,0.0,0.0,0.0,22.0,33.0,51.0,0.0,0.0,0.0,0.9655172414,1.0,0.0,0.0,0.0,0.0,0.0,0.0,1.0,0.0,0.0,0.0,0.0,0.0,0.0,0.0,1.0,-1.0,-1.0,1.0,-1.0,-1.0,0.0,0.0
699,6597.0,2.0,1.0,7.0,115.0,7.0,0.0,0.0,0.0,0.0,0.0,0.0,0.0,0.0,14.0,1.0,1.0,0.0,0.0,1.0,0.0,12.0,96.0,0.0,0.0,0.0,0.0,0.0931677019,0.2432432432,0.0,1.0,0.0,0.0,0.0,0.0124223602,0.0,0.0,0.0,0.0,1.0,1.0,0.0,0.0,1.0,-1.0,1.0,1.0,0.0,1.0,0.0,0.0
700,4056.0,4.0,1.0,4.0,56.0,0.0,0.0,0.0,0.0,0.0,0.0,0.0,0.0,0.0,0.0,1.0,1.0,0.0,0.0,0.0,0.0,22.0,27.0,0.0,0.0,0.0,0.0,0.0,0.0,0.0,1.0,1.0,0.0,0.0,0.0,0.0,0.0,0.0,0.0,0.0,0.0,0.0,0.0,1.0,0.0,1.0,1.0,1.0,1.0,1.0,1.0
701,9660.0,2.0,1.0,2.0,46.0,1.0,0.0,0.0,0.0,0.0,0.0,0.0,0.0,0.0,0.0,1.0,0.0,0.0,0.0,1.0,0.0,17.0,22.0,0.0,0.0,0.0,0.0,0.0507614213,0.6774193548,0.0,0.0,0.0,0.0,0.0,0.0050761421,0.0,0.0,0.0,0.0,0.0,1.0,0.0,0.0,1.0,1.0,-1.0,1.0,0.0,1.0,0.0,0.0
702,5482.0,1.0,0.0,4.0,83.0,0.0,0.0,0.0,0.0,0.0,0.0,4.0,3.0,0.0,3.0,1.0,0.0,0.0,0.0,1.0,0.0,14.0,27.0,34.0,0.0,0.0,0.0,0.0275229358,0.0280373832,0.0,1.0,0.0,0.0,0.0,0.0,0.0,0.0,0.0,0.0,0.0,1.0,0.0,0.0,1.0,-1.0,1.0,1.0,1.0,1.0,0.0,0.0
703,7069.0,1.0,0.0,6.0,103.0,10.0,0.0,0.0,0.0,0.0,0.0,0.0,0.0,0.0,6.0,1.0,1.0,0.0,0.0,1.0,0.0,9.0,87.0,0.0,0.0,0.0,0.0,0.2109375,0.9696969697,0.0,1.0,1.0,0.0,0.0,0.0703125,0.0,0.0,0.0,0.0,1.0,0.0,0.0,0.0,1.0,-1.0,-1.0,1.0,-1.0,1.0,0.0,0.0
704,7703.0,2.0,1.0,3.0,83.0,5.0,0.0,0.0,0.0,0.0,0.0,0.0,0.0,0.0,15.0,1.0,1.0,0.0,0.0,1.0,0.0,25.0,51.0,0.0,0.0,0.0,0.0,0.0731707317,0.0933333333,0.0,1.0,0.0,0.0,0.0,0.0243902439,0.0,0.0,0.0,0.0,0.0,0.0,0.0,0.0,1.0,-1.0,1.0,1.0,0.0,1.0,0.0,0.0
705,4883.0,3.0,1.0,3.0,53.0,0.0,0.0,0.0,0.0,0.0,0.0,0.0,0.0,0.0,0.0,1.0,0.0,0.0,0.0,1.0,0.0,24.0,22.0,0.0,0.0,0.0,0.0,0.0391304348,1.0,0.0,1.0,0.0,0.0,0.0,0.947826087,0.0,0.0,0.0,0.0,0.0,1.0,0.0,0.0,1.0,1.0,-1.0,1.0,-1.0,-1.0,1.0,1.0
706,5462.0,1.0,0.0,4.0,93.0,1.0,0.0,0.0,0.0,0.0,0.0,2.0,1.0,0.0,1.0,1.0,0.0,0.0,0.0,0.0,0.0,19.0,42.0,24.0,0.0,0.0,0.0,0.0208333333,0.1369863014,0.0,1.0,0.0,0.0,0.0,0.0,0.0,0.0,0.0,0.0,0.0,0.0,0.0,0.0,1.0,-1.0,1.0,1.0,-1.0,1.0,0.0,0.0
707,1808.0,1.0,0.0,3.0,61.0,0.0,0.0,0.0,0.0,0.0,0.0,0.0,0.0,0.0,25.0,1.0,1.0,0.0,0.0,0.0,0.0,16.0,38.0,0.0,0.0,0.0,0.0,0.0,0.0,0.0,1.0,0.0,0.0,0.0,0.0,0.0,0.0,0.0,0.0,0.0,0.0,0.0,0.0,1.0,0.0,1.0,1.0,1.0,1.0,1.0,1.0
708,3470.0,2.0,1.0,3.0,36.0,0.0,0.0,0.0,0.0,0.0,0.0,0.0,0.0,0.0,0.0,1.0,0.0,0.0,0.0,0.0,0.0,16.0,13.0,0.0,0.0,0.0,0.0,0.0,0.0,0.0,1.0,0.0,0.0,0.0,0.0,0.0,0.0,0.0,0.0,0.0,0.0,1.0,0.0,1.0,1.0,1.0,1.0,1.0,1.0,1.0,1.0
709,6074.0,2.0,0.0,2.0,80.0,0.0,0.0,0.0,0.0,0.0,0.0,2.0,0.0,0.0,0.0,1.0,0.0,0.0,0.0,0.0,0.0,17.0,10.0,45.0,0.0,0.0,0.0,0.0510204082,0.0909090909,0.0,1.0,0.0,0.0,0.0,0.0,0.0,0.0,0.0,0.0,0.0,0.0,0.0,0.0,1.0,-1.0,1.0,1.0,1.0,1.0,0.0,0.0
710,3975.0,1.0,0.0,3.0,40.0,0.0,0.0,0.0,0.0,0.0,0.0,0.0,0.0,0.0,0.0,1.0,0.0,0.0,0.0,0.0,0.0,17.0,16.0,0.0,0.0,0.0,0.0,0.0,0.0,0.0,1.0,0.0,0.0,0.0,0.0,0.0,0.0,0.0,0.0,0.0,0.0,0.0,0.0,1.0,1.0,1.0,1.0,1.0,1.0,1.0,1.0
711,4106.0,1.0,0.0,3.0,43.0,0.0,0.0,0.0,0.0,0.0,0.0,0.0,0.0,0.0,0.0,1.0,1.0,0.0,0.0,0.0,0.0,22.0,14.0,0.0,0.0,0.0,0.0,0.0,0.7857142857,0.0,1.0,0.0,0.0,0.0,1.0,1.0,0.0,0.0,0.0,0.0,1.0,0.0,0.0,1.0,1.0,-1.0,1.0,1.0,-1.0,1.0,1.0
712,5496.0,2.0,1.0,2.0,83.0,6.0,0.0,0.0,0.0,0.0,0.0,0.0,0.0,0.0,3.0,1.0,0.0,0.0,0.0,1.0,0.0,32.0,44.0,0.0,0.0,0.0,0.0,0.0975609756,0.0277777778,0.0,1.0,1.0,0.0,1.0,0.0,0.0,0.0,0.0,0.0,0.0,0.0,0.0,0.0,1.0,-1.0,1.0,-1.0,1.0,1.0,0.0,0.0
713,7820.0,1.0,0.0,1.0,73.0,3.0,0.0,0.0,0.0,0.0,0.0,3.0,2.0,0.0,16.0,1.0,1.0,0.0,0.0,1.0,0.0,17.0,24.0,24.0,0.0,0.0,0.0,0.2357142857,0.4230769231,0.0,1.0,0.0,0.0,0.0,0.0,0.0,0.0,0.0,0.0,0.0,1.0,0.0,0.0,1.0,0.0,0.0,1.0,0.0,1.0,0.0,0.0
714,8338.0,1.0,0.0,1.0,34.0,1.0,0.0,0.0,0.0,0.0,0.0,0.0,0.0,0.0,0.0,1.0,1.0,0.0,0.0,0.0,0.0,11.0,16.0,0.0,0.0,0.0,0.0,0.0566037736,0.5,0.0,1.0,1.0,0.0,0.0,0.0377358491,0.0,0.0,0.0,0.0,0.0,0.0,0.0,0.0,1.0,1.0,1.0,1.0,0.0,1.0,0.0,0.0
715,3130.0,2.0,1.0,6.0,84.0,0.0,0.0,0.0,0.0,3.0,0.0,0.0,0.0,0.0,0.0,1.0,1.0,0.0,0.0,1.0,0.0,20.0,57.0,0.0,0.0,0.0,0.0,0.0,0.0,0.0,1.0,1.0,0.0,0.0,0.6666666667,0.0,0.0,0.0,0.0,0.0,0.0,1.0,0.0,1.0,-1.0,1.0,1.0,1.0,0.0,1.0,1.0
716,465.0,4.0,0.0,4.0,101.0,2.0,0.0,0.0,0.0,0.0,0.0,0.0,0.0,0.0,31.0,1.0,1.0,1.0,0.0,0.0,0.0,13.0,47.0,33.0,0.0,2.0,0.0,0.0,0.0357142857,1.0,1.0,0.0,0.0,0.0,0.0,1.0,0.0,0.0,0.0,0.0,1.0,0.0,0.0,1.0,-1.0,1.0,1.0,1.0,1.0,1.0,1.0
717,7616.0,5.0,3.0,1.0,84.0,5.0,1.0,0.0,0.0,0.0,0.0,0.0,0.0,0.0,8.0,1.0,1.0,0.0,0.0,1.0,0.0,39.0,38.0,0.0,0.0,0.0,0.0,0.0612244898,0.6222222222,0.0,1.0,0.0,0.0,0.0,0.1224489796,0.0,0.0,0.0,0.0,0.0,1.0,0.0,0.0,-1.0,-1.0,1.0,1.0,0.0,1.0,0.0,0.0
718,213.0,1.0,0.0,3.0,38.0,0.0,0.0,0.0,0.0,0.0,0.0,0.0,0.0,0.0,0.0,1.0,0.0,0.0,0.0,0.0,0.0,15.0,16.0,0.0,0.0,0.0,0.0,0.0,0.0714285714,0.0,1.0,0.0,0.0,0.0,1.0,0.0,0.0,0.0,0.0,0.0,1.0,0.0,0.0,1.0,1.0,1.0,1.0,1.0,-1.0,1.0,1.0
719,5273.0,1.0,0.0,5.0,106.0,8.0,0.0,0.0,0.0,0.0,0.0,0.0,0.0,0.0,3.0,1.0,1.0,0.0,0.0,1.0,0.0,15.0,84.0,0.0,0.0,0.0,0.0,0.2553191489,0.25,0.0,1.0,1.0,0.0,0.0,0.0,0.0,0.0,0.0,0.0,1.0,0.0,0.0,1.0,1.0,-1.0,1.0,1.0,0.0,1.0,0.0,0.0
720,9899.0,2.0,1.0,3.0,29.0,0.0,0.0,0.0,0.0,0.0,0.0,0.0,0.0,0.0,0.0,1.0,0.0,0.0,0.0,1.0,0.0,13.0,9.0,0.0,0.0,0.0,0.0,0.0476190476,0.1707317073,0.0,1.0,1.0,0.0,1.0,0.1125541126,0.0,0.0,0.0,0.0,0.0,0.0,0.0,0.0,1.0,1.0,1.0,-1.0,1.0,1.0,0.0,0.0
721,7291.0,1.0,0.0,3.0,78.0,2.0,0.0,0.0,0.0,0.0,0.0,0.0,0.0,0.0,0.0,1.0,1.0,0.0,0.0,0.0,0.0,17.0,54.0,0.0,0.0,0.0,0.0,0.1153846154,0.5,0.0,0.0,0.0,0.0,0.0,0.0769230769,0.0,0.0,0.0,0.0,0.0,0.0,0.0,0.0,1.0,-1.0,0.0,1.0,0.0,1.0,0.0,0.0
722,2120.0,3.0,1.0,4.0,65.0,0.0,0.0,0.0,0.0,1.0,0.0,0.0,0.0,0.0,0.0,1.0,0.0,0.0,0.0,0.0,0.0,15.0,43.0,0.0,0.0,1.0,0.0,1.0,1.0,0.0,1.0,0.0,0.0,0.0,0.0,1.0,0.0,0.0,0.0,0.0,1.0,0.0,0.0,1.0,0.0,-1.0,1.0,-1.0,-1.0,1.0,1.0
723,460.0,2.0,0.0,3.0,43.0,0.0,0.0,0.0,0.0,0.0,0.0,0.0,0.0,0.0,0.0,1.0,0.0,0.0,0.0,0.0,0.0,10.0,26.0,0.0,0.0,0.0,0.0,1.0,0.1428571429,1.0,1.0,0.0,0.0,0.0,0.0,0.0,0.0,0.0,0.0,0.0,1.0,0.0,0.0,1.0,1.0,1.0,1.0,0.0,-1.0,1.0,1.0
724,9075.0,2.0,0.0,1.0,49.0,1.0,1.0,0.0,0.0,0.0,0.0,2.0,1.0,0.0,5.0,1.0,0.0,0.0,0.0,0.0,0.0,14.0,12.0,15.0,0.0,0.0,0.0,0.004784689,0.063583815,0.0,1.0,1.0,0.0,1.0,0.0,0.0,0.0,0.0,0.0,0.0,1.0,0.0,0.0,1.0,1.0,1.0,-1.0,1.0,1.0,0.0,0.0
725,3077.0,2.0,1.0,3.0,48.0,0.0,0.0,0.0,0.0,0.0,0.0,0.0,0.0,0.0,2.0,1.0,1.0,0.0,0.0,0.0,0.0,22.0,19.0,0.0,0.0,0.0,0.0,0.0,0.2,1.0,1.0,1.0,0.0,1.0,0.0,0.0,0.0,0.0,0.0,0.0,0.0,0.0,1.0,1.0,1.0,1.0,-1.0,0.0,1.0,1.0,1.0
726,5754.0,1.0,0.0,2.0,76.0,9.0,0.0,0.0,0.0,0.0,0.0,0.0,0.0,0.0,3.0,1.0,1.0,0.0,0.0,1.0,0.0,7.0,62.0,0.0,0.0,0.0,0.0,0.2287581699,0.53125,1.0,1.0,1.0,0.0,0.0,0.0718954248,0.0,0.0,0.0,0.0,1.0,1.0,0.0,0.0,1.0,-1.0,-1.0,1.0,0.0,1.0,0.0,0.0
727,5997.0,2.0,0.0,1.0,76.0,0.0,0.0,0.0,0.0,3.0,0.0,2.0,1.0,0.0,6.0,1.0,0.0,0.0,0.0,1.0,0.0,15.0,17.0,36.0,0.0,0.0,0.0,0.012345679,0.0,0.0,1.0,0.0,0.0,0.0,0.0,0.0,0.0,0.0,0.0,0.0,0.0,0.0,0.0,1.0,-1.0,1.0,1.0,1.0,1.0,0.0,0.0
728,685.0,4.0,1.0,5.0,73.0,2.0,0.0,0.0,0.0,0.0,0.0,0.0,0.0,0.0,0.0,1.0,1.0,0.0,0.0,1.0,0.0,20.0,46.0,0.0,0.0,0.0,0.0,0.0,0.0,0.0,0.0,0.0,0.0,0.0,0.6666666667,0.0,0.0,0.0,0.0,0.0,0.0,0.0,0.0,1.0,0.0,1.0,1.0,1.0,0.0,1.0,1.0
729,7217.0,4.0,1.0,3.0,76.0,0.0,0.0,0.0,0.0,0.0,0.0,0.0,0.0,0.0,10.0,1.0,1.0,0.0,0.0,1.0,0.0,13.0,56.0,0.0,0.0,0.0,0.0,0.1714285714,0.1176470588,0.0,1.0,0.0,0.0,0.0,0.1142857143,0.0,0.0,0.0,0.0,0.0,0.0,0.0,0.0,1.0,-1.0,1.0,1.0,0.0,1.0,0.0,0.0
730,2372.0,3.0,1.0,2.0,52.0,0.0,0.0,0.0,0.0,0.0,0.0,0.0,0.0,0.0,1.0,1.0,0.0,0.0,0.0,1.0,0.0,29.0,16.0,0.0,0.0,0.0,0.0,1.0,1.0,0.0,1.0,0.0,0.0,0.0,0.0,1.0,0.0,0.0,0.0,0.0,1.0,0.0,0.0,1.0,1.0,-1.0,1.0,1.0,-1.0,1.0,1.0
731,2872.0,5.0,0.0,2.0,56.0,0.0,0.0,0.0,0.0,0.0,0.0,0.0,0.0,0.0,0.0,1.0,0.0,0.0,0.0,0.0,0.0,13.0,36.0,0.0,0.0,0.0,0.0,0.0,0.0,0.0,1.0,1.0,0.0,0.0,0.0,0.0,0.0,0.0,0.0,0.0,0.0,1.0,0.0,1.0,0.0,1.0,1.0,1.0,1.0,1.0,1.0
732,2652.0,3.0,0.0,4.0,53.0,1.0,0.0,0.0,0.0,0.0,0.0,0.0,0.0,0.0,0.0,1.0,0.0,0.0,0.0,0.0,0.0,16.0,30.0,0.0,0.0,0.0,0.0,1.0,1.0,0.0,1.0,0.0,1.0,0.0,0.0,1.0,0.0,0.0,0.0,0.0,1.0,0.0,0.0,1.0,1.0,-1.0,0.0,1.0,-1.0,1.0,1.0
733,3260.0,5.0,1.0,3.0,54.0,1.0,0.0,0.0,0.0,0.0,0.0,0.0,0.0,0.0,0.0,1.0,0.0,0.0,0.0,1.0,0.0,16.0,31.0,0.0,0.0,1.0,1.0,0.975,0.1666666667,1.0,1.0,0.0,0.0,0.0,0.025,1.0,0.0,0.0,0.0,0.0,0.0,0.0,0.0,1.0,0.0,1.0,1.0,0.0,-1.0,1.0,1.0
734,3992.0,2.0,0.0,4.0,183.0,2.0,0.0,0.0,0.0,7.0,0.0,2.0,2.0,0.0,24.0,1.0,1.0,0.0,0.0,0.0,0.0,24.0,64.0,87.0,0.0,0.0,0.0,0.0,0.2,0.0,1.0,1.0,0.0,0.0,0.0,0.0,0.0,0.0,0.0,0.0,0.0,0.0,0.0,1.0,-1.0,1.0,1.0,0.0,1.0,1.0,1.0
735,921.0,3.0,1.0,3.0,45.0,0.0,0.0,0.0,0.0,0.0,0.0,0.0,0.0,0.0,0.0,1.0,0.0,0.0,0.0,0.0,0.0,18.0,20.0,0.0,0.0,1.0,0.0,0.0,0.0,0.0,1.0,1.0,0.0,0.0,1.0,0.0,0.0,0.0,0.0,0.0,0.0,0.0,0.0,1.0,1.0,1.0,1.0,1.0,-1.0,1.0,1.0
736,5269.0,2.0,0.0,2.0,161.0,0.0,0.0,0.0,0.0,2.0,15.0,1.0,0.0,0.0,31.0,1.0,1.0,0.0,0.0,0.0,0.0,20.0,7.0,126.0,0.0,1.0,0.0,0.0,0.1666666667,0.0,0.0,0.0,0.0,0.0,0.0,0.0,0.0,0.0,0.0,0.0,0.0,0.0,0.0,1.0,-1.0,1.0,1.0,0.0,1.0,0.0,0.0
737,4967.0,6.0,1.0,5.0,88.0,0.0,0.0,0.0,1.0,0.0,0.0,0.0,0.0,0.0,4.0,1.0,1.0,0.0,0.0,1.0,0.0,23.0,58.0,0.0,0.0,0.0,0.0,0.8666666667,0.1666666667,1.0,1.0,0.0,0.0,0.0,0.0,0.0,0.0,0.0,0.0,0.0,1.0,0.0,0.0,1.0,-1.0,1.0,1.0,0.0,-1.0,1.0,1.0
738,1558.0,2.0,0.0,4.0,64.0,1.0,0.0,0.0,0.0,0.0,0.0,0.0,0.0,0.0,0.0,1.0,0.0,0.0,0.0,1.0,0.0,22.0,35.0,0.0,0.0,0.0,0.0,0.0,1.0,0.0,1.0,1.0,0.0,0.0,1.0,0.0,0.0,0.0,0.0,0.0,0.0,0.0,0.0,1.0,0.0,-1.0,1.0,-1.0,-1.0,1.0,1.0
739,9713.0,3.0,1.0,1.0,47.0,0.0,0.0,0.0,0.0,0.0,0.0,0.0,0.0,0.0,2.0,1.0,1.0,0.0,0.0,0.0,0.0,22.0,18.0,0.0,0.0,0.0,0.0,0.0588235294,0.0952380952,0.0,0.0,0.0,0.0,0.0,0.0,0.0,0.0,0.0,0.0,0.0,0.0,0.0,0.0,1.0,1.0,1.0,1.0,-1.0,1.0,0.0,0.0
740,8034.0,1.0,0.0,2.0,95.0,11.0,0.0,0.0,0.0,0.0,0.0,0.0,0.0,0.0,0.0,1.0,0.0,0.0,0.0,1.0,0.0,8.0,80.0,0.0,0.0,0.0,0.0,0.1782945736,0.99,1.0,1.0,1.0,0.0,0.0,0.0775193798,0.0,0.0,0.0,0.0,1.0,1.0,0.0,0.0,1.0,-1.0,-1.0,1.0,-1.0,1.0,0.0,0.0
741,3022.0,7.0,1.0,6.0,192.0,6.0,0.0,0.0,0.0,0.0,0.0,0.0,0.0,0.0,42.0,1.0,1.0,0.0,0.0,1.0,0.0,29.0,156.0,0.0,0.0,2.0,0.0,0.8181818182,0.1739130435,1.0,1.0,0.0,0.0,0.0,0.0909090909,0.0,0.0,0.0,0.0,0.0,1.0,0.0,0.0,1.0,-1.0,1.0,1.0,0.0,-1.0,1.0,1.0
742,8158.0,2.0,0.0,1.0,84.0,0.0,0.0,0.0,0.0,0.0,0.0,3.0,2.0,0.0,0.0,1.0,0.0,0.0,0.0,0.0,0.0,19.0,13.0,44.0,0.0,0.0,0.0,0.0243243243,0.0289855072,0.0,1.0,1.0,0.0,0.0,0.0,0.0,0.0,0.0,0.0,0.0,0.0,0.0,0.0,1.0,-1.0,1.0,1.0,0.0,1.0,0.0,0.0
743,8450.0,1.0,0.0,3.0,39.0,1.0,0.0,0.0,0.0,0.0,0.0,0.0,0.0,0.0,0.0,1.0,0.0,0.0,0.0,1.0,0.0,19.0,13.0,0.0,0.0,0.0,0.0,0.2105263158,1.0,1.0,1.0,1.0,1.0,0.0,0.0350877193,0.0,0.0,0.0,0.0,0.0,0.0,0.0,0.0,1.0,1.0,-1.0,0.0,-1.0,1.0,0.0,0.0
744,9735.0,3.0,1.0,1.0,46.0,0.0,0.0,0.0,0.0,2.0,0.0,0.0,0.0,0.0,4.0,1.0,0.0,0.0,0.0,1.0,0.0,21.0,18.0,0.0,0.0,0.0,0.0,0.0,0.0,0.0,0.0,0.0,0.0,0.0,0.0,0.0,0.0,0.0,0.0,1.0,0.0,0.0,0.0,1.0,1.0,1.0,1.0,1.0,1.0,0.0,0.0
745,5885.0,2.0,0.0,3.0,86.0,8.0,0.0,0.0,0.0,0.0,0.0,0.0,0.0,0.0,2.0,1.0,0.0,0.0,0.0,1.0,0.0,19.0,60.0,0.0,0.0,0.0,0.0,0.0588235294,0.0833333333,0.0,0.0,0.0,0.0,0.0,0.1176470588,0.0,0.0,0.0,0.0,0.0,0.0,0.0,0.0,1.0,-1.0,1.0,1.0,1.0,1.0,0.0,0.0
746,4731.0,2.0,0.0,3.0,58.0,1.0,1.0,0.0,0.0,0.0,0.0,0.0,0.0,0.0,1.0,1.0,1.0,0.0,0.0,0.0,0.0,25.0,26.0,0.0,0.0,0.0,0.0,0.9230769231,1.0,0.0,1.0,0.0,0.0,0.0,0.0,1.0,0.0,0.0,0.0,0.0,0.0,0.0,0.0,1.0,0.0,1.0,1.0,-1.0,-1.0,1.0,1.0
747,9341.0,2.0,1.0,2.0,57.0,2.0,0.0,0.0,0.0,0.0,0.0,0.0,0.0,0.0,0.0,1.0,0.0,0.0,0.0,1.0,0.0,16.0,34.0,0.0,0.0,0.0,0.0,0.1968503937,0.975,0.0,1.0,0.0,0.0,0.0,0.0157480315,0.0,0.0,0.0,0.0,0.0,1.0,0.0,0.0,1.0,0.0,-1.0,1.0,0.0,1.0,0.0,0.0
748,9045.0,1.0,0.0,4.0,41.0,0.0,0.0,0.0,0.0,0.0,0.0,1.0,0.0,0.0,10.0,1.0,1.0,0.0,0.0,0.0,0.0,15.0,12.0,6.0,0.0,0.0,0.0,0.65625,0.3529411765,0.0,1.0,0.0,0.0,0.0,0.0,0.0,0.0,0.0,0.0,0.0,0.0,0.0,0.0,1.0,1.0,0.0,1.0,0.0,0.0,0.0,0.0
749,6740.0,3.0,1.0,3.0,74.0,4.0,0.0,0.0,0.0,0.0,0.0,0.0,0.0,0.0,21.0,1.0,1.0,0.0,0.0,1.0,0.0,21.0,46.0,0.0,0.0,0.0,0.0,0.0714285714,0.619047619,0.0,1.0,0.0,0.0,0.0,0.1785714286,0.0,0.0,0.0,0.0,0.0,1.0,0.0,0.0,1.0,0.0,1.0,1.0,0.0,1.0,0.0,0.0
750,6099.0,3.0,1.0,2.0,129.0,13.0,0.0,0.0,0.0,0.0,0.0,0.0,0.0,0.0,8.0,1.0,1.0,0.0,0.0,1.0,0.0,25.0,97.0,0.0,0.0,0.0,0.0,0.2545454545,0.4166666667,0.0,0.0,0.0,0.0,0.0,0.1181818182,0.0,0.0,0.0,0.0,0.0,1.0,0.0,0.0,1.0,-1.0,1.0,1.0,0.0,0.0,0.0,0.0
751,9668.0,2.0,1.0,1.0,48.0,2.0,0.0,0.0,0.0,0.0,0.0,0.0,0.0,0.0,0.0,1.0,1.0,0.0,0.0,0.0,0.0,23.0,18.0,0.0,0.0,0.0,0.0,0.3619047619,0.2307692308,0.0,0.0,0.0,1.0,0.0,0.0095238095,0.0,0.0,0.0,0.0,1.0,0.0,0.0,0.0,1.0,1.0,1.0,0.0,0.0,0.0,0.0,0.0
752,4082.0,3.0,0.0,2.0,53.0,0.0,0.0,0.0,0.0,0.0,0.0,0.0,0.0,0.0,1.0,1.0,0.0,0.0,0.0,1.0,0.0,13.0,33.0,0.0,0.0,1.0,0.0,1.0,1.0,1.0,1.0,0.0,0.0,0.0,0.0,1.0,0.0,0.0,0.0,0.0,0.0,0.0,0.0,1.0,1.0,-1.0,1.0,-1.0,-1.0,1.0,1.0
753,6173.0,2.0,0.0,3.0,61.0,1.0,0.0,0.0,0.0,1.0,1.0,0.0,0.0,0.0,5.0,1.0,1.0,0.0,0.0,1.0,0.0,9.0,34.0,10.0,0.0,0.0,0.0,0.12,0.0588235294,0.0,1.0,0.0,1.0,0.0,0.0,0.0,0.0,0.0,0.0,0.0,0.0,0.0,0.0,1.0,0.0,1.0,0.0,0.0,1.0,0.0,0.0
754,1073.0,3.0,0.0,2.0,73.0,1.0,0.0,0.0,0.0,0.0,0.0,1.0,0.0,0.0,3.0,1.0,0.0,0.0,0.0,0.0,0.0,21.0,15.0,29.0,0.0,1.0,0.0,1.0,1.0,0.0,1.0,0.0,0.0,0.0,0.0,1.0,0.0,0.0,0.0,0.0,0.0,0.0,0.0,1.0,0.0,-1.0,1.0,-1.0,-1.0,1.0,1.0
755,6571.0,1.0,0.0,3.0,135.0,13.0,0.0,0.0,0.0,0.0,0.0,2.0,1.0,0.0,13.0,1.0,1.0,0.0,0.0,1.0,0.0,13.0,91.0,23.0,0.0,0.0,0.0,0.0186335404,0.2142857143,0.0,0.0,0.0,0.0,0.0,0.0,0.0,0.0,0.0,0.0,0.0,0.0,0.0,0.0,1.0,-1.0,1.0,1.0,0.0,1.0,0.0,0.0
756,2173.0,2.0,0.0,3.0,39.0,1.0,1.0,0.0,0.0,0.0,0.0,0.0,0.0,0.0,0.0,1.0,0.0,0.0,0.0,1.0,0.0,17.0,15.0,0.0,0.0,0.0,0.0,0.2,0.2222222222,1.0,1.0,0.0,0.0,0.0,0.8,0.0,0.0,0.0,0.0,0.0,0.0,0.0,0.0,1.0,1.0,1.0,1.0,0.0,-1.0,1.0,1.0
757,1291.0,2.0,0.0,3.0,45.0,0.0,0.0,0.0,0.0,0.0,0.0,0.0,0.0,0.0,0.0,1.0,0.0,0.0,0.0,0.0,0.0,18.0,20.0,0.0,0.0,0.0,0.0,0.0,0.7857142857,0.0,1.0,0.0,0.0,0.0,1.0,1.0,0.0,0.0,0.0,0.0,1.0,0.0,0.0,1.0,1.0,-1.0,1.0,1.0,-1.0,1.0,1.0
758,873.0,5.0,3.0,2.0,76.0,0.0,0.0,0.0,0.0,0.0,0.0,0.0,0.0,0.0,0.0,1.0,1.0,0.0,0.0,0.0,0.0,45.0,24.0,0.0,0.0,1.0,0.0,0.0,0.0,0.0,1.0,0.0,0.0,0.0,0.0,0.0,0.0,0.0,0.0,0.0,0.0,0.0,0.0,0.0,-1.0,1.0,1.0,1.0,1.0,1.0,1.0
759,4440.0,3.0,1.0,3.0,52.0,0.0,0.0,0.0,0.0,0.0,0.0,0.0,0.0,0.0,0.0,1.0,0.0,0.0,0.0,0.0,0.0,12.0,33.0,0.0,0.0,0.0,0.0,0.0,0.0,0.0,1.0,1.0,0.0,0.0,0.0,0.0,0.0,0.0,0.0,0.0,0.0,1.0,0.0,1.0,1.0,1.0,1.0,1.0,1.0,1.0,1.0
760,8557.0,4.0,1.0,1.0,59.0,0.0,0.0,0.0,0.0,0.0,0.0,1.0,0.0,0.0,11.0,1.0,0.0,0.0,0.0,0.0,0.0,20.0,10.0,21.0,0.0,0.0,0.0,0.2356687898,0.1692307692,0.0,0.0,0.0,0.0,0.0,0.0,0.0,0.0,0.0,0.0,1.0,1.0,0.0,0.0,1.0,0.0,1.0,1.0,0.0,1.0,0.0,0.0
761,8569.0,1.0,0.0,4.0,56.0,3.0,0.0,0.0,0.0,0.0,0.0,0.0,0.0,0.0,6.0,1.0,1.0,0.0,0.0,0.0,0.0,17.0,32.0,0.0,0.0,0.0,0.0,0.3703703704,0.09375,0.0,1.0,0.0,0.0,0.0,0.0740740741,0.0,0.0,0.0,0.0,1.0,0.0,0.0,0.0,1.0,0.0,1.0,1.0,1.0,0.0,0.0,0.0
762,2059.0,2.0,0.0,4.0,53.0,1.0,0.0,0.0,0.0,0.0,0.0,0.0,0.0,0.0,0.0,1.0,0.0,0.0,0.0,0.0,0.0,17.0,29.0,0.0,0.0,0.0,0.0,0.9230769231,1.0,0.0,1.0,0.0,0.0,0.0,0.0,1.0,0.0,0.0,0.0,0.0,0.0,0.0,0.0,1.0,1.0,1.0,1.0,-1.0,-1.0,1.0,1.0
763,4587.0,4.0,1.0,13.0,130.0,0.0,0.0,0.0,0.0,1.0,0.0,0.0,0.0,0.0,0.0,1.0,0.0,0.0,0.0,0.0,0.0,15.0,108.0,0.0,0.0,0.0,1.0,0.9743589744,0.1,1.0,1.0,1.0,1.0,1.0,0.0,1.0,0.0,0.0,0.0,0.0,0.0,0.0,0.0,1.0,-1.0,1.0,0.0,0.0,-1.0,1.0,1.0
764,812.0,1.0,0.0,4.0,79.0,1.0,0.0,0.0,0.0,0.0,0.0,0.0,0.0,0.0,24.0,1.0,1.0,0.0,0.0,0.0,0.0,13.0,59.0,0.0,0.0,0.0,0.0,0.0,0.0,0.0,1.0,0.0,0.0,0.0,0.0,0.0,0.0,0.0,0.0,0.0,0.0,0.0,0.0,1.0,-1.0,1.0,1.0,1.0,1.0,1.0,1.0
765,7612.0,3.0,1.0,3.0,153.0,18.0,0.0,0.0,0.0,0.0,0.0,0.0,0.0,0.0,10.0,1.0,1.0,0.0,0.0,1.0,0.0,22.0,124.0,0.0,0.0,0.0,0.0,0.1971830986,0.2307692308,0.0,0.0,0.0,0.0,0.0,0.0,0.0,0.0,0.0,0.0,0.0,1.0,0.0,0.0,1.0,-1.0,1.0,1.0,0.0,1.0,0.0,0.0
766,8544.0,3.0,1.0,2.0,52.0,0.0,0.0,0.0,0.0,0.0,0.0,2.0,1.0,0.0,7.0,1.0,0.0,0.0,0.0,0.0,0.0,15.0,17.0,12.0,0.0,0.0,0.0,0.0769230769,0.125,0.0,1.0,0.0,0.0,0.0,0.0,0.0,0.0,0.0,0.0,0.0,0.0,0.0,0.0,1.0,1.0,0.0,1.0,1.0,1.0,0.0,0.0
767,5517.0,2.0,0.0,1.0,109.0,1.0,0.0,0.0,0.0,1.0,2.0,5.0,4.0,0.0,10.0,1.0,0.0,0.0,0.0,0.0,0.0,12.0,10.0,79.0,0.0,0.0,0.0,0.0,0.2142857143,0.0,0.0,0.0,0.0,0.0,0.0,0.0,0.0,0.0,0.0,0.0,0.0,0.0,0.0,1.0,-1.0,1.0,1.0,0.0,1.0,0.0,0.0
768,5966.0,3.0,1.0,5.0,93.0,0.0,0.0,0.0,0.0,5.0,0.0,0.0,0.0,0.0,4.0,1.0,1.0,0.0,0.0,1.0,0.0,15.0,71.0,0.0,0.0,0.0,1.0,0.0512820513,0.0666666667,0.0,1.0,0.0,0.0,0.0,0.0,0.0,0.0,0.0,0.0,0.0,0.0,0.0,0.0,1.0,-1.0,1.0,1.0,0.0,1.0,0.0,0.0
769,973.0,2.0,0.0,3.0,46.0,1.0,0.0,0.0,0.0,0.0,0.0,0.0,0.0,0.0,0.0,1.0,1.0,0.0,0.0,0.0,0.0,12.0,27.0,0.0,0.0,0.0,0.0,0.0,0.0,0.0,1.0,0.0,0.0,0.0,0.0,0.0,0.0,0.0,0.0,0.0,0.0,0.0,0.0,1.0,1.0,1.0,1.0,1.0,1.0,1.0,1.0
770,563.0,4.0,0.0,3.0,205.0,0.0,0.0,0.0,0.0,3.0,0.0,10.0,6.0,0.0,67.0,1.0,0.0,1.0,0.0,0.0,0.0,12.0,22.0,163.0,0.0,1.0,0.0,0.375,0.0,0.0,1.0,0.0,0.0,0.0,0.0,1.0,0.0,0.0,0.0,0.0,0.0,0.0,0.0,1.0,-1.0,1.0,1.0,0.0,0.0,1.0,1.0
771,1272.0,1.0,0.0,4.0,64.0,0.0,0.0,0.0,0.0,0.0,0.0,0.0,0.0,0.0,21.0,1.0,1.0,0.0,0.0,0.0,0.0,14.0,43.0,0.0,0.0,0.0,0.0,0.0,0.0,0.0,1.0,1.0,0.0,0.0,1.0,0.0,0.0,0.0,0.0,0.0,0.0,0.0,0.0,1.0,0.0,1.0,1.0,1.0,-1.0,1.0,1.0
772,7237.0,1.0,0.0,5.0,111.0,5.0,0.0,0.0,0.0,2.0,0.0,3.0,2.0,0.0,14.0,1.0,1.0,0.0,0.0,1.0,0.0,17.0,42.0,44.0,0.0,0.0,0.0,0.2731481481,0.9861111111,1.0,1.0,1.0,1.0,0.0,0.0,0.0,0.0,0.0,0.0,0.0,1.0,0.0,0.0,1.0,-1.0,-1.0,0.0,-1.0,1.0,0.0,0.0
773,1204.0,4.0,0.0,3.0,61.0,0.0,0.0,0.0,0.0,1.0,0.0,3.0,3.0,0.0,11.0,1.0,0.0,1.0,0.0,0.0,0.0,12.0,22.0,19.0,0.0,0.0,0.0,0.375,0.0,0.0,1.0,0.0,0.0,0.0,0.0,1.0,0.0,0.0,0.0,0.0,0.0,0.0,0.0,1.0,0.0,1.0,1.0,0.0,0.0,1.0,1.0
774,254.0,2.0,0.0,3.0,146.0,1.0,1.0,0.0,0.0,1.0,0.0,0.0,0.0,0.0,25.0,1.0,1.0,0.0,0.0,0.0,0.0,20.0,54.0,64.0,0.0,0.0,0.0,0.0247524752,0.0266666667,1.0,1.0,1.0,0.0,0.0,0.0,0.0,0.0,0.0,0.0,0.0,1.0,0.0,0.0,1.0,-1.0,1.0,1.0,1.0,1.0,1.0,1.0
775,9168.0,2.0,1.0,2.0,38.0,0.0,0.0,0.0,0.0,0.0,0.0,0.0,0.0,0.0,3.0,1.0,1.0,0.0,0.0,0.0,0.0,16.0,15.0,0.0,0.0,0.0,0.0,0.3333333333,0.3888888889,0.0,0.0,0.0,0.0,0.0,0.0,0.0,0.0,0.0,0.0,0.0,0.0,0.0,0.0,1.0,1.0,1.0,1.0,0.0,0.0,0.0,0.0
776,3647.0,2.0,1.0,3.0,41.0,0.0,0.0,0.0,0.0,0.0,0.0,0.0,0.0,0.0,0.0,1.0,0.0,0.0,0.0,0.0,0.0,15.0,19.0,0.0,0.0,0.0,0.0,0.0,0.0740740741,1.0,1.0,0.0,0.0,0.0,0.0,0.0,0.0,0.0,0.0,0.0,0.0,0.0,0.0,1.0,1.0,1.0,1.0,1.0,1.0,1.0,1.0
777,8203.0,1.0,0.0,4.0,64.0,3.0,0.0,0.0,0.0,0.0,0.0,0.0,0.0,0.0,0.0,1.0,0.0,0.0,0.0,0.0,0.0,12.0,45.0,0.0,0.0,0.0,0.0,0.0,0.0784313725,0.0,1.0,0.0,0.0,0.0,0.0025974026,0.0,0.0,0.0,0.0,0.0,0.0,0.0,0.0,1.0,0.0,1.0,1.0,0.0,1.0,0.0,0.0
778,801.0,3.0,1.0,2.0,28.0,0.0,0.0,0.0,0.0,0.0,0.0,0.0,0.0,0.0,0.0,1.0,0.0,0.0,0.0,1.0,0.0,17.0,4.0,0.0,0.0,0.0,0.0,1.0,0.1428571429,1.0,1.0,0.0,0.0,0.0,0.0,0.0,0.0,0.0,0.0,0.0,1.0,0.0,0.0,1.0,1.0,1.0,1.0,0.0,-1.0,1.0,1.0
779,7829.0,3.0,1.0,6.0,105.0,3.0,0.0,0.0,0.0,2.0,0.0,0.0,0.0,0.0,2.0,1.0,0.0,0.0,0.0,1.0,0.0,22.0,76.0,0.0,0.0,0.0,0.0,0.0,0.0,0.0,0.0,0.0,0.0,0.0,0.0010405827,0.0,0.0,0.0,0.0,0.0,1.0,0.0,0.0,1.0,-1.0,1.0,1.0,1.0,1.0,0.0,0.0
780,1354.0,2.0,0.0,3.0,69.0,0.0,0.0,0.0,0.0,0.0,0.0,0.0,0.0,0.0,20.0,1.0,1.0,0.0,0.0,0.0,0.0,10.0,52.0,0.0,0.0,0.0,0.0,1.0,0.0769230769,0.0,1.0,0.0,0.0,0.0,0.0,0.0,0.0,0.0,0.0,0.0,0.0,0.0,0.0,1.0,0.0,1.0,1.0,0.0,-1.0,1.0,1.0
781,3710.0,2.0,1.0,3.0,68.0,0.0,0.0,0.0,0.0,0.0,0.0,0.0,0.0,0.0,17.0,1.0,1.0,0.0,0.0,1.0,0.0,19.0,42.0,0.0,0.0,0.0,0.0,0.9090909091,0.3043478261,1.0,1.0,0.0,0.0,0.0,0.0909090909,0.0,0.0,0.0,0.0,0.0,1.0,0.0,0.0,1.0,0.0,1.0,1.0,0.0,-1.0,1.0,1.0
782,4477.0,2.0,0.0,3.0,61.0,0.0,0.0,0.0,0.0,0.0,0.0,0.0,0.0,0.0,0.0,1.0,0.0,0.0,0.0,0.0,0.0,17.0,37.0,0.0,0.0,0.0,0.0,1.0,1.0,0.0,0.0,0.0,1.0,0.0,0.0,1.0,0.0,0.0,0.0,0.0,0.0,0.0,0.0,1.0,0.0,-1.0,0.0,-1.0,-1.0,1.0,1.0
783,1998.0,4.0,1.0,4.0,145.0,2.0,0.0,0.0,0.0,0.0,0.0,1.0,0.0,0.0,36.0,1.0,0.0,0.0,0.0,0.0,0.0,25.0,35.0,77.0,0.0,2.0,0.0,0.0,0.0,0.0,1.0,0.0,0.0,0.0,0.0,0.0,0.0,0.0,0.0,0.0,0.0,0.0,0.0,1.0,-1.0,1.0,1.0,1.0,1.0,1.0,1.0
784,9308.0,3.0,1.0,1.0,54.0,0.0,0.0,0.0,0.0,3.0,0.0,0.0,0.0,0.0,8.0,1.0,1.0,0.0,0.0,0.0,0.0,23.0,24.0,0.0,0.0,0.0,0.0,0.6013363029,0.9960784314,0.0,1.0,0.0,1.0,0.0,0.0,0.0,0.0,0.0,0.0,1.0,1.0,0.0,0.0,1.0,0.0,-1.0,0.0,-1.0,0.0,0.0,0.0
785,3590.0,2.0,1.0,6.0,107.0,1.0,0.0,0.0,0.0,0.0,0.0,0.0,0.0,0.0,23.0,1.0,1.0,0.0,0.0,1.0,0.0,34.0,66.0,0.0,0.0,0.0,0.0,0.0,0.7857142857,0.0,1.0,0.0,0.0,0.0,1.0,1.0,0.0,0.0,0.0,0.0,1.0,0.0,0.0,1.0,-1.0,-1.0,1.0,1.0,-1.0,1.0,1.0
786,9497.0,3.0,1.0,1.0,55.0,0.0,0.0,0.0,0.0,1.0,0.0,1.0,0.0,0.0,6.0,1.0,0.0,0.0,0.0,0.0,0.0,19.0,12.0,16.0,0.0,0.0,0.0,0.1773049645,0.4166666667,0.0,1.0,0.0,1.0,0.0,0.0,0.0,0.0,0.0,0.0,1.0,0.0,0.0,0.0,1.0,0.0,1.0,0.0,-1.0,1.0,0.0,0.0
787,4836.0,3.0,0.0,5.0,54.0,2.0,1.0,0.0,0.0,0.0,0.0,0.0,0.0,0.0,0.0,1.0,0.0,0.0,0.0,1.0,0.0,15.0,32.0,0.0,0.0,0.0,0.0,0.0,0.0,0.0,1.0,1.0,0.0,0.0,1.0,0.0,0.0,0.0,0.0,0.0,0.0,0.0,0.0,1.0,0.0,1.0,1.0,1.0,-1.0,1.0,1.0
788,8380.0,1.0,0.0,1.0,52.0,3.0,0.0,0.0,0.0,0.0,0.0,0.0,0.0,0.0,0.0,1.0,0.0,0.0,0.0,0.0,0.0,13.0,32.0,0.0,0.0,0.0,0.0,0.0,0.5,0.0,1.0,1.0,0.0,0.0,0.0476190476,0.0,0.0,0.0,0.0,0.0,0.0,0.0,0.0,1.0,1.0,0.0,1.0,0.0,1.0,0.0,0.0
789,9378.0,3.0,1.0,1.0,58.0,0.0,0.0,0.0,0.0,2.0,0.0,0.0,0.0,0.0,0.0,1.0,0.0,0.0,0.0,1.0,0.0,22.0,29.0,0.0,0.0,0.0,0.0,0.0,0.4166666667,0.0,1.0,0.0,0.0,0.0,0.0,0.0,0.0,0.0,0.0,0.0,0.0,0.0,0.0,1.0,0.0,1.0,1.0,0.0,1.0,0.0,0.0
790,3090.0,3.0,1.0,4.0,61.0,0.0,0.0,0.0,0.0,0.0,0.0,0.0,0.0,0.0,0.0,1.0,0.0,0.0,0.0,1.0,0.0,22.0,32.0,0.0,0.0,0.0,0.0,0.0,0.0,0.0,1.0,0.0,0.0,0.0,1.0,0.0,0.0,0.0,0.0,0.0,0.0,0.0,0.0,1.0,0.0,1.0,1.0,1.0,-1.0,1.0,1.0
791,4129.0,4.0,0.0,4.0,64.0,0.0,0.0,0.0,0.0,0.0,0.0,0.0,0.0,0.0,0.0,1.0,0.0,0.0,0.0,1.0,0.0,14.0,43.0,0.0,0.0,0.0,1.0,0.8666666667,1.0,0.0,1.0,0.0,0.0,0.0,0.0,1.0,0.0,0.0,0.0,0.0,0.0,0.0,0.0,1.0,0.0,-1.0,1.0,-1.0,-1.0,1.0,1.0
792,6801.0,2.0,1.0,3.0,96.0,9.0,0.0,0.0,0.0,0.0,0.0,0.0,0.0,0.0,4.0,1.0,1.0,0.0,0.0,0.0,0.0,28.0,61.0,0.0,0.0,0.0,0.0,0.125,0.1666666667,0.0,0.0,0.0,0.0,0.0,0.0,0.0,0.0,0.0,0.0,0.0,0.0,0.0,0.0,1.0,-1.0,0.0,1.0,1.0,1.0,0.0,0.0
793,8006.0,5.0,2.0,6.0,61.0,0.0,0.0,0.0,0.0,0.0,0.0,0.0,0.0,0.0,4.0,1.0,0.0,0.0,0.0,0.0,0.0,21.0,33.0,0.0,0.0,0.0,0.0,0.1,0.0909090909,0.0,1.0,0.0,0.0,0.0,0.05,0.0,0.0,0.0,0.0,0.0,0.0,0.0,0.0,0.0,0.0,1.0,1.0,1.0,1.0,0.0,0.0
794,1364.0,4.0,0.0,3.0,142.0,0.0,0.0,0.0,0.0,2.0,0.0,3.0,2.0,0.0,45.0,1.0,0.0,1.0,0.0,0.0,0.0,12.0,22.0,100.0,0.0,1.0,0.0,0.375,0.0,0.0,1.0,0.0,0.0,0.0,0.0,1.0,0.0,0.0,0.0,0.0,0.0,0.0,0.0,1.0,-1.0,1.0,1.0,0.0,0.0,1.0,1.0
795,3414.0,2.0,1.0,8.0,157.0,0.0,0.0,0.0,0.0,1.0,0.0,0.0,0.0,0.0,37.0,1.0,1.0,0.0,0.0,1.0,0.0,22.0,83.0,44.0,0.0,0.0,0.0,0.0,0.0,0.0,1.0,1.0,0.0,1.0,0.0,0.0,0.0,0.0,0.0,0.0,0.0,0.0,0.0,1.0,-1.0,1.0,-1.0,1.0,1.0,1.0,1.0
796,7500.0,1.0,0.0,3.0,76.0,5.0,0.0,0.0,0.0,0.0,0.0,0.0,0.0,0.0,6.0,1.0,1.0,0.0,0.0,0.0,0.0,17.0,52.0,0.0,0.0,0.0,0.0,0.9619047619,0.265060241,0.0,1.0,1.0,1.0,0.0,0.0,1.0,0.0,0.0,0.0,0.0,1.0,0.0,0.0,1.0,-1.0,1.0,0.0,0.0,-1.0,0.0,0.0
797,9461.0,2.0,1.0,2.0,49.0,2.0,0.0,0.0,0.0,0.0,0.0,0.0,0.0,0.0,0.0,1.0,0.0,0.0,0.0,1.0,0.0,23.0,19.0,0.0,0.0,0.0,0.0,0.128440367,0.4318181818,0.0,1.0,1.0,0.0,1.0,0.0091743119,0.0,0.0,0.0,0.0,0.0,0.0,0.0,0.0,1.0,1.0,0.0,-1.0,0.0,1.0,0.0,0.0
798,3876.0,4.0,1.0,2.0,40.0,0.0,0.0,0.0,0.0,0.0,0.0,0.0,0.0,0.0,0.0,1.0,0.0,0.0,0.0,0.0,0.0,16.0,17.0,0.0,0.0,0.0,0.0,1.0,0.875,1.0,1.0,0.0,1.0,0.0,0.0,1.0,0.0,0.0,0.0,0.0,1.0,0.0,0.0,1.0,1.0,-1.0,0.0,-1.0,-1.0,1.0,1.0
799,1941.0,2.0,0.0,3.0,39.0,0.0,0.0,0.0,0.0,0.0,0.0,0.0,0.0,0.0,0.0,1.0,1.0,0.0,0.0,0.0,0.0,10.0,22.0,0.0,0.0,0.0,0.0,0.0,0.0,0.0,1.0,1.0,0.0,0.0,0.0,1.0,0.0,0.0,0.0,0.0,0.0,0.0,0.0,1.0,1.0,1.0,1.0,1.0,1.0,1.0,1.0
800,780.0,4.0,2.0,2.0,66.0,0.0,0.0,0.0,0.0,0.0,0.0,0.0,0.0,0.0,24.0,1.0,1.0,0.0,0.0,0.0,0.0,25.0,34.0,0.0,0.0,0.0,0.0,0.0,0.7857142857,0.0,1.0,0.0,0.0,0.0,1.0,1.0,0.0,0.0,0.0,0.0,1.0,0.0,0.0,0.0,0.0,-1.0,1.0,1.0,-1.0,1.0,1.0
801,262.0,2.0,0.0,4.0,60.0,0.0,0.0,0.0,0.0,0.0,0.0,0.0,0.0,0.0,0.0,1.0,0.0,0.0,0.0,0.0,0.0,16.0,37.0,0.0,0.0,0.0,0.0,0.7857142857,0.0909090909,1.0,1.0,0.0,0.0,0.0,0.2142857143,0.0,0.0,0.0,0.0,0.0,0.0,0.0,0.0,1.0,0.0,1.0,1.0,0.0,-1.0,1.0,1.0
802,3748.0,3.0,1.0,5.0,71.0,0.0,0.0,0.0,0.0,0.0,0.0,0.0,0.0,0.0,0.0,1.0,0.0,0.0,0.0,0.0,0.0,27.0,37.0,0.0,0.0,0.0,0.0,0.9090909091,0.3846153846,1.0,1.0,0.0,0.0,0.0,0.0909090909,0.0,0.0,0.0,0.0,0.0,1.0,0.0,0.0,1.0,0.0,0.0,1.0,0.0,-1.0,1.0,1.0
803,605.0,2.0,0.0,4.0,51.0,0.0,0.0,0.0,0.0,0.0,0.0,0.0,0.0,0.0,0.0,1.0,1.0,0.0,0.0,1.0,0.0,17.0,27.0,0.0,0.0,0.0,0.0,1.0,0.0,0.0,1.0,0.0,0.0,0.0,0.0,0.0,0.0,0.0,0.0,0.0,0.0,0.0,0.0,1.0,1.0,1.0,1.0,1.0,-1.0,1.0,1.0
804,7941.0,3.0,1.0,2.0,63.0,2.0,0.0,0.0,0.0,0.0,0.0,0.0,0.0,0.0,4.0,1.0,1.0,0.0,0.0,0.0,0.0,22.0,34.0,0.0,0.0,0.0,0.0,0.0133333333,0.3157894737,0.0,1.0,0.0,0.0,0.0,0.0133333333,0.0,0.0,0.0,0.0,0.0,0.0,0.0,0.0,1.0,0.0,1.0,1.0,0.0,1.0,0.0,0.0
805,3178.0,2.0,1.0,3.0,68.0,1.0,1.0,0.0,0.0,0.0,0.0,0.0,0.0,0.0,23.0,1.0,1.0,0.0,0.0,1.0,0.0,21.0,40.0,0.0,0.0,0.0,0.0,0.0555555556,0.0909090909,0.0,1.0,1.0,0.0,0.0,0.9444444444,0.0,0.0,1.0,0.0,0.0,1.0,0.0,0.0,1.0,0.0,1.0,1.0,1.0,-1.0,1.0,1.0
806,8418.0,1.0,0.0,1.0,47.0,2.0,0.0,0.0,0.0,0.0,0.0,0.0,0.0,0.0,0.0,1.0,0.0,0.0,0.0,0.0,0.0,19.0,21.0,0.0,0.0,0.0,0.0,0.0833333333,0.2131147541,0.0,1.0,1.0,0.0,0.0,0.0111111111,0.0,0.0,0.0,0.0,0.0,0.0,0.0,0.0,1.0,1.0,1.0,1.0,0.0,1.0,0.0,0.0
807,4812.0,4.0,1.0,3.0,48.0,0.0,0.0,0.0,0.0,0.0,0.0,0.0,0.0,0.0,0.0,1.0,0.0,0.0,0.0,0.0,0.0,22.0,19.0,0.0,0.0,0.0,0.0,1.0,1.0,0.0,1.0,0.0,0.0,0.0,0.0,1.0,0.0,0.0,0.0,0.0,0.0,0.0,0.0,1.0,1.0,-1.0,1.0,-1.0,-1.0,1.0,1.0
808,3085.0,2.0,1.0,2.0,57.0,2.0,0.0,0.0,0.0,0.0,0.0,0.0,0.0,0.0,9.0,1.0,1.0,0.0,0.0,0.0,0.0,22.0,28.0,0.0,0.0,0.0,0.0,0.0,0.0,0.0,1.0,0.0,0.0,0.0,1.0,0.0,0.0,0.0,0.0,0.0,0.0,0.0,0.0,1.0,0.0,1.0,1.0,1.0,-1.0,1.0,1.0
809,3110.0,2.0,1.0,3.0,41.0,0.0,0.0,0.0,0.0,0.0,0.0,0.0,0.0,0.0,7.0,1.0,1.0,0.0,0.0,0.0,0.0,22.0,12.0,0.0,0.0,0.0,0.0,0.0,0.2,1.0,1.0,1.0,0.0,1.0,0.0,0.0,0.0,0.0,0.0,0.0,0.0,0.0,1.0,1.0,1.0,1.0,-1.0,0.0,1.0,1.0,1.0
810,954.0,3.0,0.0,6.0,76.0,2.0,0.0,0.0,0.0,0.0,0.0,0.0,0.0,0.0,0.0,1.0,0.0,0.0,0.0,1.0,0.0,21.0,48.0,0.0,0.0,0.0,0.0,0.0,0.0714285714,1.0,1.0,0.0,0.0,0.0,1.0,0.0,0.0,0.0,0.0,0.0,1.0,0.0,0.0,1.0,-1.0,1.0,1.0,1.0,-1.0,1.0,1.0
811,454.0,1.0,0.0,6.0,74.0,0.0,0.0,0.0,0.0,0.0,0.0,0.0,0.0,0.0,0.0,1.0,1.0,0.0,0.0,0.0,0.0,22.0,45.0,0.0,0.0,1.0,0.0,0.0,0.1333333333,0.0,1.0,1.0,0.0,0.0,1.0,0.0,0.0,0.0,0.0,0.0,0.0,0.0,0.0,1.0,0.0,1.0,1.0,0.0,-1.0,1.0,1.0
812,6641.0,4.0,0.0,11.0,131.0,0.0,0.0,0.0,0.0,6.0,0.0,0.0,0.0,0.0,0.0,1.0,0.0,0.0,0.0,0.0,0.0,9.0,115.0,0.0,0.0,0.0,0.0,0.0657439446,0.7692307692,0.0,0.0,0.0,0.0,0.0,0.0,0.0,0.0,0.0,0.0,0.0,0.0,0.0,0.0,1.0,-1.0,-1.0,1.0,0.0,1.0,0.0,0.0
813,815.0,3.0,0.0,2.0,39.0,0.0,0.0,0.0,0.0,0.0,0.0,0.0,0.0,0.0,0.0,1.0,0.0,0.0,0.0,1.0,0.0,15.0,17.0,0.0,0.0,0.0,0.0,1.0,1.0,0.0,1.0,0.0,0.0,0.0,0.0,1.0,0.0,0.0,0.0,0.0,0.0,0.0,0.0,1.0,1.0,-1.0,1.0,-1.0,-1.0,1.0,1.0
814,581.0,3.0,1.0,8.0,79.0,1.0,0.0,0.0,0.0,0.0,0.0,0.0,0.0,0.0,6.0,1.0,1.0,0.0,0.0,1.0,0.0,19.0,53.0,0.0,0.0,0.0,0.0,0.9230769231,1.0,0.0,1.0,0.0,0.0,0.0,0.0,1.0,0.0,0.0,0.0,0.0,0.0,0.0,0.0,1.0,-1.0,1.0,1.0,-1.0,-1.0,1.0,1.0
815,5407.0,3.0,1.0,1.0,128.0,0.0,0.0,0.0,0.0,0.0,0.0,6.0,5.0,0.0,23.0,1.0,0.0,0.0,0.0,1.0,0.0,13.0,5.0,102.0,0.0,0.0,0.0,0.1428571429,0.4285714286,0.0,0.0,0.0,0.0,0.0,0.0,0.0,0.0,0.0,0.0,0.0,0.0,0.0,0.0,1.0,-1.0,1.0,1.0,0.0,1.0,0.0,0.0
816,216.0,1.0,0.0,3.0,36.0,0.0,0.0,0.0,0.0,0.0,0.0,0.0,0.0,0.0,0.0,1.0,0.0,0.0,0.0,0.0,0.0,15.0,14.0,0.0,0.0,0.0,0.0,0.0,0.0714285714,0.0,1.0,0.0,0.0,0.0,1.0,0.0,0.0,0.0,0.0,0.0,1.0,0.0,0.0,1.0,1.0,1.0,1.0,1.0,-1.0,1.0,1.0
817,4511.0,3.0,0.0,3.0,62.0,0.0,0.0,0.0,0.0,0.0,0.0,0.0,0.0,0.0,0.0,1.0,0.0,0.0,0.0,0.0,0.0,18.0,37.0,0.0,0.0,1.0,0.0,0.0,1.0,0.0,1.0,1.0,0.0,0.0,1.0,1.0,0.0,0.0,0.0,0.0,0.0,0.0,0.0,1.0,0.0,-1.0,1.0,-1.0,-1.0,1.0,1.0
818,1641.0,2.0,0.0,2.0,40.0,0.0,0.0,0.0,0.0,0.0,0.0,0.0,0.0,0.0,0.0,1.0,0.0,0.0,0.0,0.0,0.0,10.0,23.0,0.0,0.0,0.0,0.0,0.0,0.25,1.0,1.0,0.0,0.0,0.0,0.0,0.0,0.0,0.0,0.0,0.0,0.0,0.0,0.0,1.0,1.0,1.0,1.0,0.0,1.0,1.0,1.0
819,3018.0,3.0,1.0,2.0,54.0,0.0,0.0,0.0,0.0,0.0,0.0,0.0,0.0,0.0,0.0,1.0,1.0,0.0,0.0,0.0,0.0,19.0,28.0,0.0,0.0,1.0,0.0,0.9444444444,0.0,0.0,1.0,1.0,1.0,1.0,0.0555555556,1.0,0.0,0.0,0.0,0.0,0.0,0.0,0.0,1.0,0.0,1.0,0.0,1.0,-1.0,1.0,1.0
820,8126.0,1.0,0.0,3.0,63.0,5.0,0.0,0.0,0.0,0.0,0.0,0.0,0.0,0.0,0.0,1.0,0.0,0.0,0.0,1.0,0.0,10.0,46.0,0.0,0.0,0.0,1.0,0.0833333333,0.3,0.0,1.0,0.0,0.0,0.0,0.09375,0.0,0.0,0.0,0.0,1.0,1.0,0.0,0.0,1.0,0.0,1.0,1.0,0.0,1.0,0.0,0.0
821,7141.0,1.0,0.0,2.0,71.0,6.0,0.0,0.0,0.0,0.0,0.0,0.0,0.0,0.0,7.0,1.0,1.0,0.0,0.0,1.0,0.0,12.0,52.0,0.0,0.0,0.0,0.0,0.1982758621,0.9887640449,1.0,1.0,1.0,0.0,0.0,0.0948275862,0.0,0.0,0.0,0.0,1.0,0.0,0.0,0.0,1.0,0.0,-1.0,1.0,-1.0,1.0,0.0,0.0
822,7869.0,3.0,1.0,2.0,112.0,8.0,0.0,0.0,0.0,0.0,0.0,0.0,0.0,0.0,7.0,1.0,1.0,0.0,0.0,1.0,0.0,23.0,82.0,0.0,0.0,0.0,0.0,0.3333333333,0.4516129032,0.0,1.0,1.0,0.0,1.0,0.0148148148,0.0,0.0,0.0,0.0,1.0,0.0,0.0,0.0,1.0,-1.0,1.0,-1.0,0.0,0.0,0.0,0.0
823,9845.0,3.0,1.0,1.0,59.0,0.0,0.0,0.0,0.0,0.0,0.0,3.0,2.0,0.0,6.0,1.0,0.0,0.0,0.0,0.0,0.0,16.0,12.0,23.0,0.0,0.0,0.0,0.0571428571,0.0029411765,0.0,1.0,0.0,0.0,0.0,0.0,0.0,0.0,0.0,0.0,1.0,0.0,0.0,0.0,1.0,0.0,1.0,1.0,1.0,1.0,0.0,0.0
824,4398.0,4.0,1.0,3.0,61.0,0.0,0.0,0.0,0.0,0.0,0.0,0.0,0.0,0.0,0.0,1.0,1.0,0.0,0.0,0.0,0.0,16.0,38.0,0.0,0.0,0.0,0.0,0.0,0.0,0.0,1.0,1.0,0.0,0.0,0.0,0.0,0.0,0.0,0.0,0.0,0.0,1.0,0.0,1.0,0.0,1.0,1.0,1.0,1.0,1.0,1.0
825,1150.0,4.0,1.0,6.0,98.0,1.0,0.0,0.0,0.0,0.0,0.0,1.0,0.0,0.0,6.0,1.0,1.0,0.0,0.0,0.0,0.0,29.0,44.0,17.0,0.0,1.0,0.0,0.375,0.0,0.0,1.0,0.0,0.0,0.0,0.0,0.0,0.0,0.0,0.0,0.0,0.0,0.0,0.0,1.0,-1.0,1.0,1.0,0.0,0.0,1.0,1.0
826,7409.0,1.0,0.0,3.0,68.0,1.0,0.0,0.0,0.0,0.0,0.0,0.0,0.0,0.0,28.0,1.0,1.0,0.0,0.0,1.0,0.0,12.0,49.0,0.0,0.0,0.0,0.0,0.5416666667,0.5655737705,0.0,1.0,0.0,0.0,0.0,0.0,0.0,0.0,0.0,0.0,0.0,1.0,0.0,0.0,1.0,0.0,0.0,1.0,0.0,0.0,0.0,0.0
827,1662.0,1.0,0.0,7.0,44.0,0.0,0.0,0.0,0.0,0.0,0.0,0.0,0.0,0.0,0.0,1.0,1.0,0.0,0.0,0.0,0.0,11.0,26.0,0.0,0.0,0.0,0.0,0.1,0.0,0.0,1.0,0.0,0.0,0.0,0.7,0.0,0.0,0.0,0.0,0.0,0.0,0.0,0.0,1.0,1.0,1.0,1.0,1.0,-1.0,1.0,1.0
828,5595.0,3.0,2.0,8.0,81.0,0.0,0.0,0.0,0.0,0.0,0.0,0.0,0.0,0.0,7.0,1.0,1.0,0.0,0.0,1.0,0.0,19.0,55.0,0.0,0.0,0.0,0.0,0.0434782609,0.0303030303,0.0,0.0,0.0,0.0,0.0,0.0217391304,0.0,0.0,0.0,0.0,1.0,1.0,0.0,0.0,0.0,-1.0,1.0,1.0,1.0,1.0,0.0,0.0
829,5261.0,2.0,0.0,2.0,64.0,2.0,1.0,0.0,0.0,1.0,0.0,1.0,0.0,0.0,9.0,1.0,0.0,0.0,0.0,1.0,0.0,19.0,24.0,13.0,0.0,0.0,0.0,0.0476190476,0.6,0.0,0.0,0.0,0.0,0.0,0.0,0.0,0.0,0.0,0.0,0.0,1.0,0.0,0.0,1.0,0.0,1.0,1.0,0.0,1.0,0.0,0.0
830,277.0,3.0,1.0,3.0,76.0,1.0,1.0,0.0,0.0,0.0,0.0,0.0,0.0,0.0,0.0,0.0,1.0,0.0,0.0,0.0,0.0,41.0,27.0,0.0,0.0,0.0,0.0,0.0,0.0,0.0,0.0,1.0,0.0,0.0,0.0,0.0,0.0,0.0,0.0,0.0,0.0,0.0,0.0,1.0,-1.0,1.0,1.0,1.0,1.0,1.0,1.0
831,7468.0,3.0,0.0,3.0,80.0,5.0,0.0,0.0,0.0,0.0,0.0,0.0,0.0,0.0,2.0,1.0,0.0,0.0,0.0,1.0,0.0,17.0,56.0,0.0,0.0,0.0,0.0,0.1818181818,0.9333333333,0.0,1.0,1.0,0.0,0.0,0.0101010101,0.0,0.0,0.0,0.0,0.0,0.0,0.0,0.0,1.0,-1.0,-1.0,1.0,0.0,1.0,0.0,0.0
832,8059.0,1.0,0.0,2.0,73.0,7.0,0.0,0.0,0.0,0.0,0.0,0.0,0.0,0.0,6.0,1.0,1.0,0.0,0.0,0.0,0.0,15.0,51.0,0.0,0.0,0.0,0.0,0.25,0.2926829268,0.0,1.0,1.0,0.0,1.0,0.015625,0.0,0.0,0.0,0.0,0.0,1.0,0.0,0.0,1.0,0.0,1.0,-1.0,0.0,1.0,0.0,0.0
833,8772.0,1.0,0.0,2.0,47.0,2.0,0.0,0.0,0.0,0.0,0.0,0.0,0.0,0.0,0.0,1.0,1.0,0.0,0.0,1.0,0.0,16.0,24.0,0.0,0.0,0.0,0.0,0.5,0.2545454545,0.0,0.0,0.0,1.0,0.0,0.0625,0.0,0.0,0.0,0.0,0.0,1.0,0.0,0.0,1.0,1.0,1.0,0.0,0.0,0.0,0.0,0.0
834,5101.0,1.0,0.0,2.0,91.0,12.0,0.0,0.0,0.0,0.0,0.0,0.0,0.0,0.0,4.0,1.0,1.0,0.0,0.0,1.0,0.0,15.0,69.0,0.0,0.0,0.0,0.0,0.1811594203,0.9772727273,1.0,1.0,1.0,0.0,0.0,0.0869565217,0.0,0.0,0.0,0.0,1.0,1.0,0.0,0.0,1.0,-1.0,-1.0,1.0,-1.0,1.0,0.0,0.0
835,5847.0,1.0,0.0,3.0,60.0,3.0,0.0,0.0,0.0,0.0,0.0,0.0,0.0,0.0,0.0,1.0,0.0,0.0,0.0,1.0,0.0,17.0,36.0,0.0,0.0,0.0,0.0,0.1515151515,0.3125,0.0,1.0,0.0,0.0,0.0,0.0303030303,0.0,0.0,0.0,0.0,0.0,1.0,0.0,0.0,1.0,0.0,-1.0,1.0,0.0,1.0,0.0,0.0
836,3651.0,2.0,1.0,3.0,68.0,0.0,0.0,0.0,0.0,0.0,0.0,0.0,0.0,0.0,16.0,1.0,1.0,0.0,0.0,1.0,0.0,19.0,42.0,0.0,0.0,0.0,0.0,0.9090909091,0.3043478261,1.0,1.0,0.0,0.0,0.0,0.0909090909,0.0,0.0,0.0,0.0,0.0,1.0,0.0,0.0,1.0,0.0,1.0,1.0,0.0,-1.0,1.0,1.0
837,5654.0,3.0,1.0,4.0,118.0,11.0,0.0,0.0,0.0,0.0,0.0,0.0,0.0,0.0,11.0,1.0,1.0,0.0,0.0,1.0,0.0,21.0,90.0,0.0,0.0,0.0,0.0,0.0333333333,0.5,0.0,1.0,0.0,0.0,0.0,0.1,0.0,0.0,0.0,0.0,0.0,0.0,0.0,0.0,1.0,-1.0,1.0,1.0,0.0,1.0,0.0,0.0
838,8814.0,1.0,0.0,2.0,57.0,2.0,0.0,0.0,0.0,0.0,0.0,0.0,0.0,0.0,0.0,1.0,1.0,0.0,0.0,0.0,0.0,12.0,38.0,0.0,0.0,0.0,0.0,0.1,0.56,0.0,0.0,0.0,0.0,0.0,0.075,0.0,0.0,0.0,0.0,0.0,1.0,0.0,0.0,1.0,0.0,0.0,1.0,0.0,1.0,0.0,0.0
839,5336.0,2.0,1.0,6.0,123.0,9.0,0.0,0.0,0.0,0.0,0.0,1.0,0.0,0.0,8.0,1.0,1.0,0.0,0.0,1.0,0.0,21.0,76.0,18.0,0.0,0.0,0.0,0.7076923077,0.4117647059,0.0,1.0,1.0,1.0,0.0,0.0,0.0,0.0,0.0,0.0,1.0,0.0,0.0,1.0,1.0,-1.0,0.0,0.0,0.0,-1.0,0.0,0.0
840,5397.0,2.0,1.0,0.0,77.0,0.0,0.0,0.0,0.0,2.0,2.0,2.0,1.0,0.0,4.0,1.0,1.0,0.0,0.0,0.0,0.0,21.0,1.0,47.0,0.0,0.0,0.0,0.0183486239,0.0,0.0,1.0,0.0,0.0,0.0,0.0,0.0,0.0,0.0,0.0,0.0,0.0,0.0,0.0,1.0,-1.0,1.0,1.0,1.0,1.0,0.0,0.0
841,5537.0,2.0,1.0,2.0,87.0,1.0,0.0,0.0,0.0,0.0,3.0,1.0,0.0,0.0,10.0,1.0,0.0,0.0,0.0,0.0,0.0,14.0,14.0,51.0,0.0,0.0,0.0,0.0681818182,0.2142857143,0.0,1.0,1.0,0.0,0.0,0.0,0.0,0.0,0.0,0.0,0.0,0.0,0.0,0.0,1.0,-1.0,1.0,1.0,0.0,1.0,0.0,0.0
842,7502.0,1.0,0.0,3.0,60.0,3.0,0.0,0.0,0.0,0.0,0.0,0.0,0.0,0.0,0.0,1.0,0.0,0.0,0.0,1.0,0.0,21.0,32.0,0.0,0.0,0.0,0.0,0.2235294118,0.3255813953,0.0,1.0,0.0,0.0,0.0,0.0352941176,0.0,0.0,0.0,0.0,0.0,1.0,0.0,0.0,1.0,0.0,0.0,1.0,0.0,1.0,0.0,0.0
843,4403.0,4.0,1.0,3.0,50.0,0.0,0.0,0.0,0.0,0.0,0.0,0.0,0.0,0.0,0.0,1.0,0.0,0.0,0.0,1.0,0.0,17.0,26.0,0.0,0.0,1.0,0.0,1.0,1.0,0.0,1.0,0.0,0.0,0.0,0.0,1.0,0.0,0.0,0.0,0.0,0.0,0.0,0.0,1.0,1.0,1.0,1.0,-1.0,-1.0,1.0,1.0
844,8602.0,2.0,0.0,1.0,33.0,0.0,0.0,0.0,0.0,0.0,0.0,0.0,0.0,0.0,0.0,1.0,1.0,0.0,0.0,0.0,0.0,14.0,12.0,0.0,0.0,0.0,0.0,0.6,0.0196078431,0.0,0.0,0.0,0.0,0.0,0.0,0.0,0.0,0.0,0.0,0.0,0.0,0.0,0.0,1.0,1.0,1.0,1.0,1.0,0.0,0.0,0.0
845,8471.0,1.0,0.0,5.0,58.0,3.0,0.0,0.0,0.0,0.0,0.0,0.0,0.0,0.0,8.0,1.0,1.0,0.0,0.0,1.0,0.0,12.0,39.0,0.0,0.0,0.0,0.0,0.1168831169,1.0,1.0,0.0,0.0,0.0,0.0,0.0779220779,0.0,0.0,0.0,0.0,0.0,1.0,0.0,0.0,1.0,0.0,-1.0,1.0,0.0,1.0,0.0,0.0
846,6546.0,1.0,0.0,3.0,76.0,8.0,0.0,0.0,0.0,0.0,0.0,0.0,0.0,0.0,0.0,1.0,0.0,0.0,0.0,1.0,0.0,7.0,62.0,0.0,0.0,0.0,0.0,0.0555555556,0.8695652174,0.0,0.0,0.0,0.0,0.0,0.0,0.0,0.0,0.0,0.0,0.0,1.0,0.0,0.0,1.0,-1.0,-1.0,1.0,-1.0,1.0,0.0,0.0
847,5348.0,2.0,1.0,5.0,122.0,6.0,0.0,0.0,0.0,2.0,0.0,3.0,2.0,0.0,16.0,1.0,1.0,0.0,0.0,1.0,0.0,18.0,52.0,44.0,0.0,0.0,0.0,0.1294964029,1.0,1.0,1.0,1.0,0.0,0.0,0.0,0.0,0.0,0.0,0.0,0.0,1.0,0.0,0.0,1.0,-1.0,-1.0,1.0,-1.0,1.0,0.0,0.0
848,8109.0,1.0,0.0,2.0,117.0,15.0,0.0,0.0,0.0,0.0,0.0,0.0,0.0,0.0,0.0,1.0,1.0,0.0,0.0,1.0,0.0,16.0,94.0,0.0,0.0,0.0,0.0,0.0,0.56,0.0,0.0,0.0,0.0,0.0,0.0,0.0,0.0,0.0,0.0,0.0,1.0,0.0,0.0,1.0,-1.0,1.0,1.0,0.0,1.0,0.0,0.0
849,4032.0,2.0,1.0,2.0,38.0,0.0,0.0,0.0,0.0,0.0,0.0,0.0,0.0,0.0,0.0,1.0,1.0,0.0,0.0,0.0,0.0,20.0,11.0,0.0,0.0,0.0,0.0,0.0,0.7857142857,0.0,1.0,0.0,0.0,0.0,1.0,1.0,0.0,0.0,0.0,0.0,1.0,0.0,0.0,1.0,1.0,-1.0,1.0,1.0,-1.0,1.0,1.0
850,1886.0,2.0,0.0,5.0,77.0,1.0,0.0,0.0,0.0,0.0,0.0,0.0,0.0,0.0,0.0,1.0,0.0,0.0,0.0,0.0,0.0,24.0,46.0,0.0,0.0,0.0,0.0,0.9090909091,0.3157894737,1.0,1.0,0.0,0.0,0.0,0.0909090909,0.0,0.0,0.0,0.0,0.0,1.0,0.0,0.0,1.0,-1.0,0.0,1.0,0.0,-1.0,1.0,1.0
851,3239.0,2.0,1.0,3.0,34.0,0.0,0.0,0.0,0.0,1.0,0.0,0.0,0.0,0.0,0.0,1.0,0.0,0.0,0.0,0.0,0.0,16.0,11.0,0.0,0.0,0.0,0.0,0.0,0.0,0.0,1.0,0.0,0.0,0.0,0.0,0.0,0.0,0.0,0.0,0.0,0.0,0.0,0.0,1.0,1.0,1.0,1.0,1.0,1.0,1.0,1.0
852,823.0,3.0,1.0,4.0,64.0,0.0,0.0,0.0,0.0,0.0,0.0,0.0,0.0,0.0,0.0,1.0,0.0,0.0,0.0,1.0,0.0,24.0,33.0,0.0,0.0,0.0,0.0,1.0,1.0,0.0,1.0,0.0,0.0,0.0,0.0,1.0,0.0,0.0,0.0,0.0,0.0,0.0,0.0,1.0,0.0,-1.0,1.0,-1.0,-1.0,1.0,1.0
853,9292.0,2.0,1.0,3.0,55.0,3.0,0.0,0.0,0.0,0.0,0.0,0.0,0.0,0.0,6.0,1.0,1.0,0.0,0.0,1.0,0.0,17.0,31.0,0.0,0.0,0.0,0.0,0.1446540881,1.0,1.0,1.0,0.0,0.0,0.0,0.0566037736,0.0,0.0,0.0,0.0,0.0,0.0,0.0,0.0,1.0,0.0,-1.0,1.0,-1.0,1.0,0.0,0.0
854,6026.0,1.0,0.0,6.0,97.0,8.0,0.0,0.0,0.0,0.0,0.0,0.0,0.0,0.0,8.0,1.0,1.0,0.0,0.0,1.0,0.0,17.0,73.0,0.0,0.0,0.0,0.0,0.2075949367,0.5441176471,0.0,1.0,0.0,0.0,0.0,0.0050632911,0.0,0.0,0.0,0.0,0.0,1.0,0.0,0.0,1.0,-1.0,0.0,1.0,0.0,1.0,0.0,0.0
855,4029.0,2.0,0.0,2.0,40.0,1.0,1.0,0.0,0.0,0.0,0.0,0.0,0.0,0.0,1.0,1.0,0.0,0.0,0.0,0.0,0.0,19.0,14.0,0.0,0.0,0.0,0.0,1.0,0.8979591837,0.0,1.0,1.0,0.0,0.0,0.0,1.0,0.0,0.0,0.0,0.0,1.0,0.0,0.0,1.0,1.0,1.0,1.0,-1.0,-1.0,1.0,1.0
856,9274.0,3.0,1.0,3.0,56.0,0.0,0.0,0.0,0.0,0.0,0.0,0.0,0.0,0.0,2.0,1.0,0.0,0.0,0.0,0.0,0.0,19.0,30.0,0.0,0.0,0.0,0.0,0.2469135802,0.7894736842,0.0,1.0,0.0,1.0,0.0,0.0,0.0,0.0,0.0,0.0,0.0,1.0,0.0,0.0,1.0,0.0,-1.0,0.0,0.0,1.0,0.0,0.0
857,8318.0,2.0,0.0,1.0,54.0,3.0,0.0,0.0,0.0,0.0,0.0,0.0,0.0,0.0,0.0,1.0,0.0,0.0,0.0,1.0,0.0,16.0,31.0,0.0,0.0,0.0,0.0,0.0,0.0540540541,0.0,0.0,0.0,0.0,0.0,0.0892857143,0.0,0.0,0.0,0.0,0.0,0.0,0.0,0.0,1.0,0.0,1.0,1.0,0.0,1.0,0.0,0.0
858,8729.0,2.0,0.0,1.0,28.0,0.0,0.0,0.0,0.0,0.0,0.0,0.0,0.0,0.0,0.0,1.0,0.0,0.0,0.0,0.0,0.0,11.0,10.0,0.0,0.0,0.0,0.0,0.1363636364,0.064516129,0.0,0.0,0.0,0.0,0.0,0.0909090909,0.0,0.0,0.0,0.0,0.0,0.0,0.0,0.0,1.0,1.0,1.0,1.0,1.0,1.0,0.0,0.0
859,1094.0,2.0,0.0,4.0,70.0,0.0,0.0,0.0,0.0,0.0,1.0,0.0,0.0,0.0,15.0,1.0,1.0,0.0,0.0,0.0,0.0,22.0,41.0,0.0,0.0,0.0,0.0,0.0,0.0,0.0,1.0,1.0,0.0,0.0,1.0,0.0,0.0,0.0,0.0,0.0,0.0,0.0,0.0,1.0,0.0,1.0,1.0,1.0,-1.0,1.0,1.0
860,5298.0,1.0,0.0,3.0,115.0,14.0,1.0,0.0,0.0,0.0,0.0,0.0,0.0,0.0,6.0,1.0,1.0,0.0,0.0,1.0,0.0,16.0,92.0,0.0,0.0,0.0,0.0,0.0612244898,0.3333333333,0.0,1.0,0.0,0.0,0.0,0.0102040816,0.0,0.0,0.0,0.0,1.0,0.0,0.0,0.0,1.0,-1.0,1.0,1.0,0.0,1.0,0.0,0.0
861,8706.0,2.0,0.0,2.0,48.0,0.0,0.0,0.0,0.0,0.0,0.0,1.0,0.0,0.0,5.0,1.0,0.0,0.0,0.0,1.0,0.0,21.0,11.0,8.0,0.0,0.0,0.0,0.0,0.3636363636,0.0,0.0,0.0,0.0,0.0,0.0,0.0,0.0,0.0,0.0,0.0,0.0,0.0,0.0,1.0,1.0,1.0,1.0,0.0,1.0,0.0,0.0
862,7338.0,2.0,0.0,3.0,97.0,13.0,0.0,0.0,0.0,0.0,0.0,0.0,0.0,0.0,4.0,1.0,1.0,0.0,0.0,1.0,0.0,16.0,74.0,0.0,0.0,0.0,0.0,0.1008403361,0.0,0.0,1.0,0.0,0.0,0.0,0.0,0.0,0.0,0.0,0.0,0.0,0.0,0.0,0.0,1.0,-1.0,1.0,1.0,1.0,1.0,0.0,0.0
863,5057.0,2.0,1.0,0.0,21.0,0.0,0.0,0.0,0.0,0.0,0.0,0.0,0.0,0.0,0.0,1.0,0.0,0.0,0.0,0.0,0.0,13.0,1.0,0.0,0.0,0.0,0.0,0.0193548387,0.4347826087,0.0,0.0,0.0,0.0,0.0,0.0193548387,0.0,0.0,0.0,0.0,0.0,0.0,0.0,0.0,1.0,1.0,1.0,1.0,0.0,1.0,0.0,0.0
864,657.0,2.0,1.0,2.0,40.0,0.0,0.0,0.0,0.0,0.0,0.0,0.0,0.0,0.0,0.0,1.0,0.0,0.0,0.0,0.0,0.0,25.0,8.0,0.0,0.0,0.0,0.0,0.9333333333,1.0,0.0,1.0,0.0,0.0,0.0,0.0,1.0,0.0,0.0,0.0,0.0,0.0,0.0,0.0,1.0,1.0,1.0,1.0,-1.0,-1.0,1.0,1.0
865,5479.0,3.0,1.0,4.0,74.0,3.0,0.0,0.0,0.0,0.0,0.0,0.0,0.0,0.0,2.0,1.0,0.0,0.0,0.0,0.0,0.0,22.0,45.0,0.0,0.0,0.0,0.0,0.0,0.0,0.0,0.0,0.0,0.0,0.0,0.0563380282,0.0,0.0,0.0,0.0,0.0,0.0,0.0,0.0,1.0,0.0,1.0,1.0,1.0,1.0,0.0,0.0
866,2514.0,2.0,0.0,1.0,30.0,0.0,0.0,0.0,0.0,0.0,0.0,0.0,0.0,0.0,0.0,1.0,1.0,0.0,0.0,0.0,0.0,11.0,12.0,0.0,0.0,1.0,0.0,0.9230769231,1.0,0.0,1.0,0.0,0.0,0.0,0.0,1.0,0.0,0.0,0.0,0.0,0.0,0.0,0.0,1.0,1.0,1.0,1.0,-1.0,-1.0,1.0,1.0
867,9780.0,3.0,1.0,2.0,32.0,0.0,0.0,0.0,0.0,0.0,0.0,0.0,0.0,0.0,0.0,1.0,0.0,0.0,0.0,0.0,0.0,10.0,15.0,0.0,0.0,0.0,0.0,0.3333333333,0.3043478261,0.0,0.0,0.0,0.0,0.0,0.0877192982,0.0,0.0,0.0,0.0,1.0,1.0,0.0,0.0,1.0,1.0,1.0,1.0,0.0,0.0,0.0,0.0
868,678.0,2.0,0.0,3.0,57.0,2.0,1.0,0.0,0.0,1.0,0.0,0.0,0.0,0.0,0.0,1.0,0.0,0.0,0.0,0.0,0.0,14.0,36.0,0.0,0.0,0.0,0.0,1.0,1.0,0.0,1.0,0.0,0.0,0.0,0.0,1.0,0.0,0.0,0.0,0.0,1.0,1.0,0.0,1.0,0.0,-1.0,1.0,-1.0,-1.0,1.0,1.0
869,1520.0,3.0,1.0,4.0,59.0,1.0,0.0,0.0,0.0,1.0,0.0,0.0,0.0,0.0,0.0,1.0,0.0,0.0,0.0,0.0,0.0,27.0,25.0,0.0,0.0,0.0,0.0,0.0,0.7857142857,0.0,1.0,0.0,0.0,0.0,1.0,1.0,0.0,0.0,0.0,0.0,1.0,0.0,0.0,1.0,0.0,-1.0,1.0,1.0,-1.0,1.0,1.0
870,4880.0,4.0,2.0,2.0,71.0,0.0,0.0,0.0,0.0,0.0,0.0,2.0,1.0,0.0,0.0,1.0,0.0,0.0,0.0,0.0,0.0,22.0,16.0,25.0,0.0,1.0,0.0,0.0,0.2631578947,0.0,1.0,0.0,0.0,0.0,0.0,0.0,0.0,0.0,0.0,0.0,1.0,0.0,0.0,1.0,0.0,1.0,1.0,0.0,1.0,1.0,1.0
871,6063.0,1.0,0.0,3.0,99.0,9.0,0.0,0.0,0.0,0.0,0.0,0.0,0.0,0.0,9.0,1.0,1.0,0.0,0.0,1.0,0.0,13.0,79.0,0.0,0.0,0.0,0.0,0.0303030303,0.3928571429,0.0,0.0,0.0,0.0,0.0,0.103030303,0.0,0.0,0.0,0.0,0.0,1.0,0.0,0.0,1.0,-1.0,1.0,1.0,0.0,1.0,0.0,0.0
872,991.0,2.0,0.0,2.0,39.0,0.0,0.0,0.0,0.0,0.0,0.0,0.0,0.0,0.0,0.0,1.0,1.0,0.0,0.0,0.0,0.0,16.0,16.0,0.0,0.0,0.0,0.0,0.9230769231,1.0,0.0,1.0,0.0,0.0,0.0,0.0,1.0,0.0,0.0,0.0,0.0,0.0,0.0,0.0,1.0,1.0,1.0,1.0,-1.0,-1.0,1.0,1.0
873,1687.0,1.0,0.0,3.0,39.0,0.0,0.0,0.0,0.0,0.0,0.0,0.0,0.0,0.0,1.0,1.0,0.0,0.0,0.0,0.0,0.0,21.0,11.0,0.0,0.0,0.0,0.0,1.0,0.8979591837,0.0,1.0,1.0,0.0,0.0,0.0,1.0,0.0,0.0,0.0,0.0,1.0,0.0,0.0,1.0,1.0,1.0,1.0,-1.0,-1.0,1.0,1.0
874,9606.0,3.0,1.0,2.0,38.0,0.0,0.0,0.0,0.0,0.0,0.0,0.0,0.0,0.0,3.0,1.0,0.0,0.0,0.0,0.0,0.0,15.0,16.0,0.0,0.0,0.0,0.0,0.5,0.625,0.0,0.0,0.0,0.0,0.0,0.0,0.0,0.0,0.0,0.0,0.0,1.0,0.0,0.0,1.0,1.0,0.0,1.0,0.0,0.0,0.0,0.0
875,32.0,2.0,0.0,2.0,44.0,0.0,0.0,0.0,0.0,0.0,0.0,0.0,0.0,0.0,4.0,1.0,1.0,0.0,0.0,0.0,0.0,19.0,18.0,0.0,0.0,0.0,0.0,1.0,0.1428571429,1.0,1.0,0.0,0.0,0.0,0.0,0.0,0.0,0.0,0.0,0.0,1.0,0.0,0.0,1.0,1.0,1.0,1.0,0.0,-1.0,1.0,1.0
876,6404.0,2.0,1.0,3.0,67.0,5.0,0.0,0.0,0.0,0.0,0.0,0.0,0.0,0.0,0.0,1.0,1.0,0.0,0.0,0.0,0.0,16.0,44.0,0.0,0.0,0.0,0.0,0.09375,0.1538461538,0.0,1.0,0.0,0.0,0.0,0.025,0.0,0.0,0.0,0.0,0.0,0.0,0.0,0.0,1.0,0.0,1.0,1.0,0.0,1.0,0.0,0.0
877,4545.0,3.0,1.0,5.0,71.0,1.0,0.0,0.0,0.0,0.0,0.0,0.0,0.0,0.0,1.0,1.0,1.0,0.0,0.0,0.0,0.0,23.0,41.0,0.0,0.0,0.0,0.0,0.8461538462,1.0,0.0,1.0,0.0,0.0,0.0,0.0,1.0,0.0,0.0,0.0,0.0,1.0,0.0,0.0,1.0,0.0,-1.0,1.0,-1.0,-1.0,1.0,1.0
878,9471.0,2.0,1.0,3.0,47.0,0.0,0.0,0.0,0.0,0.0,0.0,0.0,0.0,0.0,0.0,1.0,0.0,0.0,0.0,0.0,0.0,22.0,18.0,0.0,0.0,0.0,0.0,0.3277777778,0.9589041096,0.0,1.0,0.0,0.0,0.0,0.0185185185,0.0,0.0,0.0,0.0,0.0,0.0,0.0,0.0,1.0,1.0,-1.0,1.0,0.0,0.0,0.0,0.0
879,6698.0,1.0,0.0,3.0,88.0,3.0,0.0,0.0,0.0,1.0,0.0,2.0,1.0,0.0,5.0,1.0,1.0,0.0,0.0,1.0,0.0,12.0,38.0,30.0,0.0,0.0,0.0,0.0151057402,0.0517241379,0.0,1.0,0.0,0.0,0.0,0.0,0.0,0.0,0.0,0.0,0.0,1.0,0.0,0.0,1.0,-1.0,1.0,1.0,0.0,1.0,0.0,0.0
880,8581.0,3.0,2.0,0.0,32.0,0.0,0.0,0.0,0.0,0.0,0.0,0.0,0.0,0.0,1.0,1.0,1.0,0.0,1.0,0.0,0.0,24.0,1.0,0.0,0.0,0.0,0.0,0.0,0.5,0.0,1.0,0.0,0.0,0.0,0.0142857143,0.0,0.0,0.0,0.0,0.0,1.0,0.0,1.0,0.0,1.0,0.0,1.0,0.0,1.0,0.0,0.0
881,5585.0,2.0,0.0,2.0,67.0,0.0,0.0,0.0,0.0,0.0,0.0,2.0,1.0,0.0,8.0,1.0,0.0,0.0,0.0,1.0,0.0,18.0,19.0,22.0,0.0,0.0,0.0,0.1071428571,0.4888888889,0.0,1.0,0.0,0.0,0.0,0.0,0.0,0.0,0.0,0.0,0.0,1.0,0.0,0.0,1.0,0.0,1.0,1.0,0.0,1.0,0.0,0.0
882,1076.0,3.0,0.0,5.0,95.0,1.0,0.0,0.0,0.0,0.0,0.0,1.0,0.0,0.0,14.0,1.0,0.0,0.0,0.0,0.0,0.0,13.0,41.0,33.0,0.0,0.0,0.0,0.8571428571,1.0,1.0,1.0,0.0,0.0,0.0,0.0,1.0,0.0,0.0,0.0,0.0,1.0,0.0,0.0,1.0,-1.0,-1.0,1.0,-1.0,-1.0,1.0,1.0
883,9806.0,3.0,1.0,2.0,42.0,0.0,0.0,0.0,0.0,0.0,0.0,0.0,0.0,0.0,8.0,1.0,1.0,0.0,0.0,0.0,0.0,13.0,22.0,0.0,0.0,0.0,0.0,0.0357142857,0.3,0.0,0.0,0.0,0.0,0.0,0.0,0.0,0.0,0.0,0.0,0.0,0.0,0.0,0.0,1.0,1.0,1.0,1.0,-1.0,1.0,0.0,0.0
884,4498.0,3.0,1.0,3.0,70.0,1.0,0.0,0.0,0.0,0.0,0.0,0.0,0.0,0.0,0.0,1.0,1.0,0.0,0.0,0.0,0.0,22.0,41.0,0.0,0.0,0.0,1.0,0.9090909091,0.8571428571,0.0,1.0,0.0,0.0,0.0,0.0909090909,1.0,0.0,0.0,0.0,0.0,0.0,0.0,0.0,1.0,0.0,0.0,1.0,-1.0,-1.0,1.0,1.0
885,1640.0,4.0,1.0,3.0,47.0,0.0,0.0,0.0,0.0,0.0,0.0,0.0,0.0,0.0,0.0,1.0,0.0,0.0,0.0,1.0,0.0,18.0,22.0,0.0,0.0,0.0,0.0,0.0,0.0,0.0,1.0,0.0,0.0,0.0,0.0,0.0,0.0,0.0,0.0,0.0,0.0,0.0,0.0,1.0,1.0,1.0,1.0,1.0,1.0,1.0,1.0
886,4593.0,3.0,1.0,3.0,45.0,0.0,0.0,0.0,0.0,0.0,0.0,0.0,0.0,0.0,0.0,1.0,0.0,0.0,0.0,1.0,0.0,15.0,23.0,0.0,0.0,0.0,0.0,0.0,0.0,0.0,1.0,0.0,0.0,0.0,0.0,0.0,0.0,0.0,0.0,0.0,0.0,0.0,0.0,1.0,1.0,1.0,1.0,1.0,1.0,1.0,1.0
887,8356.0,2.0,1.0,3.0,37.0,0.0,0.0,0.0,0.0,0.0,0.0,0.0,0.0,0.0,0.0,1.0,0.0,0.0,0.0,0.0,0.0,17.0,13.0,0.0,0.0,0.0,0.0,0.1025641026,0.1111111111,0.0,1.0,0.0,1.0,0.0,0.0,0.0,0.0,0.0,0.0,0.0,0.0,0.0,0.0,1.0,1.0,1.0,0.0,0.0,1.0,0.0,0.0
888,2385.0,4.0,1.0,2.0,62.0,0.0,0.0,0.0,0.0,0.0,0.0,0.0,0.0,0.0,0.0,1.0,0.0,0.0,0.0,0.0,0.0,29.0,26.0,0.0,0.0,1.0,0.0,0.8888888889,0.0,0.0,1.0,0.0,0.0,0.0,0.1111111111,0.0,0.0,0.0,0.0,0.0,0.0,0.0,1.0,1.0,0.0,1.0,1.0,1.0,-1.0,1.0,1.0
889,836.0,1.0,0.0,3.0,62.0,0.0,0.0,0.0,0.0,0.0,0.0,0.0,0.0,0.0,20.0,1.0,1.0,0.0,0.0,0.0,0.0,17.0,38.0,0.0,0.0,0.0,0.0,0.0,0.0,0.0,1.0,0.0,0.0,0.0,0.0,0.0,0.0,0.0,0.0,0.0,0.0,0.0,0.0,1.0,0.0,1.0,1.0,1.0,1.0,1.0,1.0
890,7281.0,2.0,0.0,1.0,65.0,0.0,0.0,0.0,0.0,0.0,0.0,4.0,3.0,0.0,3.0,1.0,0.0,0.0,0.0,0.0,0.0,9.0,19.0,29.0,0.0,0.0,0.0,0.2,1.0,0.0,1.0,0.0,1.0,0.0,0.0,0.0,0.0,0.0,0.0,0.0,0.0,0.0,0.0,1.0,0.0,-1.0,0.0,-1.0,1.0,0.0,0.0
891,8953.0,2.0,1.0,1.0,54.0,5.0,2.0,0.0,0.0,0.0,0.0,0.0,0.0,0.0,6.0,1.0,1.0,0.0,0.0,0.0,0.0,22.0,25.0,0.0,0.0,0.0,0.0,0.0909090909,0.3469387755,0.0,1.0,0.0,0.0,0.0,0.4727272727,0.0,0.0,0.0,0.0,0.0,0.0,0.0,0.0,1.0,0.0,1.0,1.0,0.0,0.0,0.0,0.0
892,6974.0,2.0,1.0,3.0,66.0,5.0,1.0,0.0,0.0,0.0,0.0,0.0,0.0,0.0,5.0,1.0,1.0,0.0,0.0,1.0,0.0,27.0,32.0,0.0,0.0,0.0,0.0,0.3571428571,0.8333333333,1.0,1.0,0.0,0.0,0.0,0.25,0.0,0.0,0.0,0.0,0.0,0.0,0.0,0.0,1.0,0.0,-1.0,1.0,0.0,0.0,0.0,0.0
893,7010.0,3.0,1.0,2.0,106.0,11.0,0.0,0.0,0.0,0.0,0.0,0.0,0.0,0.0,9.0,1.0,1.0,0.0,0.0,1.0,0.0,22.0,77.0,0.0,0.0,0.0,0.0,0.0967741935,0.2222222222,0.0,1.0,0.0,0.0,0.0,0.0838709677,0.0,0.0,0.0,0.0,1.0,1.0,0.0,0.0,1.0,-1.0,1.0,1.0,0.0,1.0,0.0,0.0
894,7867.0,5.0,1.0,3.0,61.0,1.0,0.0,0.0,0.0,1.0,0.0,0.0,0.0,0.0,1.0,1.0,0.0,0.0,0.0,0.0,0.0,21.0,33.0,0.0,0.0,0.0,0.0,0.1304347826,0.0,0.0,0.0,0.0,0.0,0.0,0.0,0.0,0.0,0.0,0.0,1.0,0.0,0.0,0.0,1.0,0.0,1.0,1.0,1.0,1.0,0.0,0.0
895,5168.0,1.0,0.0,3.0,112.0,10.0,0.0,0.0,0.0,1.0,0.0,1.0,0.0,0.0,11.0,1.0,1.0,0.0,0.0,1.0,0.0,14.0,72.0,18.0,0.0,0.0,0.0,0.3269230769,0.4444444444,0.0,1.0,0.0,0.0,0.0,0.0,0.0,0.0,0.0,0.0,1.0,1.0,0.0,0.0,1.0,-1.0,1.0,1.0,0.0,0.0,0.0,0.0
896,9417.0,3.0,2.0,3.0,39.0,0.0,0.0,0.0,0.0,0.0,0.0,0.0,0.0,0.0,6.0,1.0,1.0,0.0,1.0,0.0,0.0,23.0,9.0,0.0,0.0,0.0,0.0,0.1699716714,0.16,0.0,1.0,0.0,0.0,0.0,0.0028328612,0.0,0.0,0.0,0.0,0.0,0.0,0.0,0.0,1.0,1.0,1.0,1.0,0.0,1.0,0.0,0.0
897,8587.0,2.0,1.0,2.0,53.0,0.0,0.0,0.0,0.0,1.0,0.0,1.0,0.0,0.0,7.0,1.0,0.0,0.0,0.0,1.0,0.0,16.0,13.0,16.0,0.0,0.0,0.0,0.0131578947,0.0162748644,0.0,1.0,0.0,0.0,0.0,0.0,0.0,0.0,0.0,0.0,0.0,1.0,0.0,0.0,1.0,1.0,1.0,1.0,0.0,1.0,0.0,0.0
898,7109.0,2.0,1.0,5.0,66.0,5.0,0.0,0.0,0.0,0.0,0.0,0.0,0.0,0.0,8.0,1.0,1.0,0.0,0.0,0.0,0.0,17.0,42.0,0.0,0.0,0.0,0.0,0.0579710145,0.3214285714,0.0,1.0,1.0,0.0,1.0,0.0072463768,0.0,0.0,0.0,0.0,0.0,1.0,0.0,0.0,1.0,0.0,0.0,-1.0,0.0,1.0,0.0,0.0
899,367.0,3.0,1.0,3.0,48.0,1.0,0.0,0.0,0.0,0.0,0.0,0.0,0.0,0.0,0.0,1.0,1.0,0.0,0.0,0.0,0.0,20.0,21.0,0.0,0.0,0.0,0.0,0.8,1.0,1.0,1.0,0.0,0.0,0.0,0.12,1.0,0.0,0.0,0.0,0.0,0.0,0.0,0.0,1.0,1.0,-1.0,1.0,-1.0,-1.0,1.0,1.0
900,4752.0,3.0,1.0,2.0,44.0,0.0,0.0,0.0,0.0,0.0,0.0,0.0,0.0,0.0,0.0,1.0,0.0,0.0,0.0,0.0,0.0,17.0,20.0,0.0,0.0,0.0,0.0,0.0,0.0,0.0,1.0,1.0,0.0,0.0,0.0,0.0,0.0,0.0,0.0,0.0,0.0,1.0,0.0,1.0,1.0,1.0,1.0,1.0,1.0,1.0,1.0
901,5263.0,4.0,1.0,4.0,101.0,0.0,0.0,0.0,0.0,0.0,2.0,1.0,0.0,0.0,6.0,1.0,1.0,0.0,0.0,0.0,0.0,21.0,34.0,38.0,0.0,1.0,0.0,0.2307692308,0.0238095238,0.0,1.0,1.0,0.0,0.0,0.0,0.0,0.0,0.0,0.0,0.0,0.0,0.0,0.0,1.0,-1.0,1.0,1.0,1.0,1.0,0.0,0.0
902,1706.0,3.0,1.0,7.0,93.0,1.0,0.0,0.0,0.0,0.0,0.0,0.0,0.0,0.0,21.0,1.0,1.0,0.0,0.0,1.0,0.0,22.0,64.0,0.0,0.0,0.0,0.0,0.0,0.125,0.0,1.0,1.0,0.0,0.0,0.9230769231,0.0,0.0,0.0,0.0,0.0,0.0,0.0,0.0,1.0,-1.0,1.0,1.0,1.0,-1.0,1.0,1.0
903,3496.0,2.0,1.0,3.0,38.0,0.0,0.0,0.0,0.0,0.0,0.0,0.0,0.0,0.0,0.0,1.0,0.0,0.0,0.0,0.0,0.0,16.0,15.0,0.0,0.0,0.0,0.0,0.0,0.0,0.0,1.0,0.0,0.0,0.0,0.0,0.0,0.0,0.0,0.0,0.0,0.0,1.0,0.0,1.0,1.0,1.0,1.0,1.0,1.0,1.0,1.0
904,4604.0,2.0,0.0,2.0,49.0,1.0,1.0,0.0,0.0,1.0,0.0,0.0,0.0,0.0,0.0,1.0,0.0,0.0,0.0,1.0,0.0,24.0,18.0,0.0,0.0,0.0,0.0,1.0,1.0,0.0,1.0,0.0,0.0,0.0,0.0,1.0,0.0,0.0,0.0,0.0,1.0,1.0,0.0,1.0,1.0,-1.0,1.0,1.0,-1.0,1.0,1.0
905,4358.0,3.0,1.0,5.0,90.0,3.0,1.0,0.0,0.0,1.0,0.0,1.0,0.0,0.0,0.0,1.0,0.0,0.0,0.0,1.0,0.0,21.0,54.0,7.0,0.0,0.0,0.0,0.1428571429,0.1,1.0,1.0,0.0,0.0,0.0,0.0,0.0,0.0,0.0,0.0,0.0,0.0,0.0,0.0,1.0,-1.0,1.0,1.0,0.0,1.0,1.0,1.0
906,2934.0,3.0,1.0,7.0,104.0,2.0,0.0,0.0,0.0,0.0,0.0,0.0,0.0,0.0,20.0,1.0,1.0,0.0,0.0,0.0,0.0,15.0,82.0,0.0,0.0,1.0,0.0,0.9090909091,0.625,0.0,1.0,0.0,0.0,0.0,0.0909090909,1.0,0.0,0.0,0.0,0.0,0.0,0.0,0.0,1.0,-1.0,0.0,1.0,0.0,-1.0,1.0,1.0
907,740.0,3.0,0.0,5.0,231.0,11.0,0.0,0.0,0.0,3.0,0.0,5.0,3.0,0.0,25.0,1.0,0.0,0.0,0.0,1.0,0.0,16.0,112.0,95.0,0.0,0.0,0.0,0.5,0.9375,0.0,1.0,0.0,0.0,0.0,0.0,1.0,0.0,0.0,0.0,0.0,1.0,0.0,0.0,1.0,-1.0,-1.0,1.0,-1.0,0.0,1.0,1.0
908,4959.0,7.0,6.0,3.0,62.0,0.0,0.0,0.0,0.0,0.0,0.0,0.0,0.0,0.0,6.0,1.0,1.0,0.0,1.0,0.0,0.0,46.0,9.0,0.0,0.0,2.0,0.0,0.0,0.0,0.0,1.0,0.0,0.0,0.0,1.0,0.0,0.0,0.0,0.0,0.0,0.0,0.0,0.0,-1.0,0.0,1.0,1.0,1.0,-1.0,1.0,1.0
909,1839.0,2.0,0.0,2.0,40.0,0.0,0.0,0.0,0.0,0.0,0.0,0.0,0.0,0.0,0.0,1.0,1.0,0.0,0.0,0.0,0.0,16.0,17.0,0.0,0.0,0.0,0.0,0.0,0.7857142857,0.0,1.0,0.0,0.0,0.0,1.0,1.0,0.0,0.0,0.0,0.0,1.0,0.0,0.0,1.0,1.0,-1.0,1.0,1.0,-1.0,1.0,1.0
910,6624.0,3.0,1.0,4.0,180.0,0.0,0.0,0.0,0.0,0.0,11.0,4.0,3.0,0.0,20.0,1.0,0.0,0.0,0.0,0.0,0.0,21.0,32.0,119.0,0.0,0.0,0.0,0.0540540541,0.037037037,0.0,1.0,0.0,0.0,0.0,0.0,0.0,0.0,0.0,0.0,0.0,0.0,0.0,0.0,1.0,-1.0,1.0,1.0,1.0,1.0,0.0,0.0
911,9956.0,3.0,1.0,2.0,49.0,0.0,0.0,0.0,0.0,0.0,0.0,1.0,0.0,0.0,4.0,1.0,1.0,0.0,0.0,0.0,0.0,16.0,18.0,7.0,0.0,0.0,0.0,0.0263157895,0.0,0.0,1.0,0.0,0.0,0.0,0.0,0.0,0.0,0.0,0.0,1.0,0.0,0.0,0.0,1.0,1.0,1.0,1.0,1.0,1.0,0.0,0.0
912,1113.0,3.0,1.0,4.0,62.0,1.0,0.0,0.0,0.0,1.0,0.0,0.0,0.0,0.0,0.0,1.0,0.0,0.0,0.0,0.0,0.0,24.0,31.0,0.0,0.0,1.0,0.0,0.0,0.3333333333,0.0,1.0,1.0,0.0,0.0,0.0,0.0,0.0,0.0,0.0,0.0,0.0,0.0,0.0,1.0,0.0,1.0,1.0,-1.0,1.0,1.0,1.0
913,5705.0,1.0,0.0,11.0,132.0,0.0,0.0,0.0,1.0,0.0,0.0,0.0,0.0,0.0,76.0,1.0,1.0,0.0,0.0,0.0,0.0,14.0,111.0,0.0,0.0,0.0,1.0,0.0416666667,0.0769230769,0.0,1.0,0.0,1.0,0.0,0.0416666667,0.0,0.0,0.0,0.0,0.0,0.0,0.0,0.0,1.0,-1.0,1.0,0.0,1.0,1.0,0.0,0.0
914,9154.0,1.0,0.0,2.0,56.0,4.0,0.0,0.0,0.0,0.0,0.0,0.0,0.0,0.0,0.0,1.0,0.0,0.0,0.0,1.0,0.0,8.0,41.0,0.0,0.0,0.0,0.0,0.1322751323,0.8,1.0,0.0,0.0,0.0,0.0,0.0158730159,0.0,0.0,0.0,0.0,1.0,0.0,0.0,0.0,1.0,0.0,-1.0,1.0,0.0,1.0,0.0,0.0
915,4212.0,6.0,1.0,4.0,91.0,3.0,0.0,0.0,1.0,0.0,0.0,0.0,0.0,0.0,0.0,0.0,1.0,0.0,0.0,1.0,0.0,26.0,57.0,0.0,0.0,1.0,1.0,0.0,0.7924528302,1.0,0.0,1.0,0.0,0.0,1.0,1.0,0.0,0.0,0.0,0.0,1.0,0.0,0.0,1.0,-1.0,-1.0,1.0,0.0,-1.0,1.0,1.0
916,4557.0,2.0,0.0,3.0,69.0,2.0,0.0,0.0,0.0,0.0,0.0,0.0,0.0,0.0,7.0,1.0,1.0,0.0,0.0,1.0,0.0,15.0,47.0,0.0,0.0,0.0,1.0,1.0,0.3571428571,0.0,1.0,1.0,0.0,1.0,0.0,1.0,0.0,0.0,0.0,0.0,0.0,0.0,0.0,1.0,0.0,1.0,-1.0,0.0,-1.0,1.0,1.0
917,6622.0,1.0,0.0,5.0,89.0,9.0,0.0,0.0,0.0,0.0,0.0,0.0,0.0,0.0,8.0,1.0,1.0,0.0,0.0,1.0,0.0,15.0,67.0,0.0,0.0,0.0,0.0,0.1551020408,0.4150943396,0.0,1.0,0.0,1.0,0.0,0.0,0.0,0.0,0.0,0.0,0.0,1.0,0.0,0.0,1.0,-1.0,0.0,0.0,0.0,1.0,0.0,0.0
918,1108.0,2.0,0.0,4.0,41.0,0.0,0.0,0.0,0.0,0.0,0.0,0.0,0.0,0.0,2.0,1.0,0.0,0.0,0.0,1.0,0.0,15.0,19.0,0.0,0.0,0.0,1.0,1.0,1.0,1.0,1.0,0.0,0.0,0.0,0.0,1.0,0.0,0.0,0.0,0.0,0.0,0.0,0.0,1.0,1.0,-1.0,1.0,-1.0,-1.0,1.0,1.0
919,5674.0,7.0,1.0,5.0,116.0,0.0,0.0,0.0,0.0,0.0,0.0,2.0,1.0,0.0,3.0,1.0,0.0,0.0,0.0,1.0,0.0,20.0,37.0,51.0,0.0,0.0,0.0,0.0227272727,0.1111111111,0.0,1.0,0.0,0.0,0.0,0.0,0.0,0.0,0.0,0.0,0.0,0.0,0.0,0.0,1.0,-1.0,1.0,1.0,1.0,1.0,0.0,0.0
920,8057.0,1.0,0.0,2.0,84.0,7.0,0.0,0.0,0.0,0.0,0.0,0.0,0.0,0.0,1.0,1.0,1.0,0.0,0.0,1.0,0.0,23.0,54.0,0.0,0.0,0.0,0.0,0.4830508475,0.9861111111,0.0,0.0,0.0,0.0,0.0,0.0084745763,0.0,0.0,0.0,0.0,1.0,1.0,0.0,0.0,1.0,-1.0,-1.0,1.0,0.0,0.0,0.0,0.0
921,3331.0,3.0,2.0,5.0,121.0,5.0,4.0,0.0,0.0,0.0,0.0,0.0,0.0,0.0,17.0,1.0,1.0,0.0,1.0,1.0,0.0,66.0,48.0,0.0,0.0,0.0,0.0,0.0555555556,0.0909090909,0.0,1.0,1.0,0.0,0.0,0.9444444444,0.0,0.0,1.0,0.0,0.0,1.0,0.0,0.0,0.0,-1.0,1.0,1.0,1.0,-1.0,1.0,1.0
922,3964.0,1.0,0.0,3.0,29.0,0.0,0.0,0.0,0.0,0.0,0.0,0.0,0.0,0.0,0.0,1.0,0.0,0.0,0.0,0.0,0.0,12.0,10.0,0.0,0.0,0.0,0.0,0.0,0.0,0.0,1.0,1.0,0.0,0.0,1.0,0.0,0.0,0.0,0.0,0.0,0.0,0.0,0.0,1.0,1.0,1.0,1.0,1.0,-1.0,1.0,1.0
923,1552.0,2.0,0.0,4.0,73.0,1.0,0.0,0.0,0.0,0.0,0.0,0.0,0.0,0.0,15.0,1.0,1.0,0.0,0.0,0.0,0.0,13.0,53.0,0.0,0.0,0.0,1.0,1.0,1.0,0.0,1.0,0.0,0.0,0.0,0.0,1.0,0.0,0.0,0.0,0.0,1.0,0.0,0.0,1.0,0.0,-1.0,1.0,-1.0,-1.0,1.0,1.0
924,5128.0,1.0,0.0,5.0,72.0,6.0,0.0,0.0,0.0,0.0,0.0,0.0,0.0,0.0,10.0,1.0,1.0,0.0,0.0,1.0,0.0,9.0,56.0,0.0,0.0,0.0,0.0,0.0635451505,0.9491525424,1.0,1.0,1.0,0.0,0.0,0.0234113712,0.0,0.0,0.0,0.0,0.0,1.0,0.0,0.0,1.0,0.0,-1.0,1.0,-1.0,1.0,0.0,0.0
925,5820.0,2.0,1.0,4.0,89.0,10.0,0.0,0.0,0.0,0.0,0.0,0.0,0.0,0.0,7.0,1.0,1.0,0.0,0.0,1.0,0.0,20.0,62.0,0.0,0.0,0.0,0.0,0.0552486188,0.2702702703,0.0,1.0,0.0,0.0,0.0,0.0055248619,0.0,0.0,0.0,0.0,0.0,1.0,0.0,0.0,1.0,-1.0,1.0,1.0,0.0,1.0,0.0,0.0
926,9745.0,3.0,1.0,1.0,31.0,0.0,0.0,0.0,0.0,0.0,0.0,0.0,0.0,0.0,0.0,1.0,0.0,0.0,0.0,0.0,0.0,14.0,10.0,0.0,0.0,0.0,0.0,0.2266666667,0.0222222222,0.0,0.0,0.0,0.0,0.0,0.0533333333,0.0,0.0,0.0,0.0,0.0,0.0,0.0,0.0,1.0,1.0,1.0,1.0,1.0,1.0,0.0,0.0
927,5925.0,1.0,0.0,4.0,73.0,6.0,0.0,0.0,0.0,0.0,0.0,0.0,0.0,0.0,6.0,1.0,1.0,0.0,0.0,1.0,0.0,18.0,48.0,0.0,0.0,0.0,0.0,0.1033057851,0.2972972973,0.0,1.0,1.0,0.0,1.0,0.0123966942,0.0,0.0,0.0,0.0,1.0,1.0,0.0,0.0,1.0,0.0,0.0,-1.0,0.0,1.0,0.0,0.0
928,2767.0,3.0,1.0,3.0,61.0,1.0,0.0,0.0,0.0,0.0,0.0,0.0,0.0,0.0,0.0,1.0,0.0,0.0,0.0,1.0,0.0,30.0,24.0,0.0,0.0,0.0,0.0,0.0,1.0,0.0,1.0,1.0,0.0,0.0,1.0,1.0,0.0,0.0,0.0,0.0,0.0,0.0,0.0,1.0,0.0,-1.0,1.0,-1.0,-1.0,1.0,1.0
929,6679.0,1.0,0.0,5.0,110.0,11.0,0.0,0.0,0.0,0.0,0.0,0.0,0.0,0.0,10.0,1.0,1.0,0.0,0.0,0.0,0.0,19.0,84.0,0.0,0.0,0.0,0.0,0.265625,0.5764705882,0.0,1.0,1.0,0.0,0.0,0.0,0.0,0.0,0.0,0.0,0.0,1.0,0.0,0.0,1.0,-1.0,-1.0,1.0,0.0,1.0,0.0,0.0
930,1463.0,8.0,7.0,2.0,194.0,3.0,2.0,0.0,0.0,0.0,0.0,1.0,1.0,0.0,33.0,1.0,1.0,0.0,1.0,0.0,0.0,76.0,34.0,76.0,0.0,1.0,0.0,0.0,0.3333333333,0.0,1.0,0.0,0.0,0.0,0.0,0.0,0.0,0.0,0.0,0.0,0.0,0.0,0.0,-1.0,-1.0,1.0,1.0,0.0,1.0,1.0,1.0
931,4995.0,2.0,1.0,6.0,95.0,1.0,0.0,0.0,0.0,0.0,0.0,0.0,0.0,0.0,21.0,1.0,1.0,0.0,0.0,0.0,0.0,35.0,53.0,0.0,0.0,0.0,0.0,0.0,0.0714285714,0.0,1.0,0.0,0.0,0.0,1.0,0.0,0.0,0.0,0.0,0.0,1.0,0.0,0.0,1.0,-1.0,1.0,1.0,1.0,-1.0,1.0,1.0
932,6902.0,2.0,1.0,6.0,66.0,0.0,0.0,0.0,0.0,0.0,0.0,0.0,0.0,0.0,5.0,1.0,1.0,0.0,0.0,0.0,0.0,20.0,39.0,0.0,0.0,0.0,0.0,0.0777777778,1.0,1.0,1.0,1.0,0.0,0.0,0.5888888889,0.0,0.0,0.0,0.0,0.0,0.0,0.0,0.0,1.0,0.0,-1.0,1.0,0.0,0.0,0.0,0.0
933,2678.0,2.0,1.0,2.0,58.0,1.0,1.0,0.0,0.0,0.0,0.0,0.0,0.0,0.0,0.0,0.0,1.0,0.0,0.0,0.0,0.0,42.0,8.0,0.0,0.0,0.0,0.0,0.0,0.0,0.0,0.0,1.0,0.0,0.0,1.0,0.0,0.0,0.0,0.0,0.0,0.0,0.0,0.0,1.0,0.0,1.0,1.0,1.0,-1.0,1.0,1.0
934,586.0,1.0,0.0,3.0,36.0,0.0,0.0,0.0,0.0,0.0,0.0,0.0,0.0,0.0,0.0,1.0,1.0,0.0,0.0,1.0,0.0,18.0,11.0,0.0,0.0,0.0,0.0,1.0,0.1428571429,1.0,1.0,0.0,0.0,0.0,0.0,0.0,0.0,0.0,0.0,0.0,1.0,0.0,0.0,1.0,1.0,1.0,1.0,0.0,-1.0,1.0,1.0
935,2906.0,2.0,1.0,4.0,42.0,0.0,0.0,0.0,0.0,0.0,0.0,0.0,0.0,0.0,1.0,1.0,0.0,0.0,0.0,1.0,0.0,15.0,20.0,0.0,0.0,0.0,0.0,0.0,0.0,0.0,1.0,0.0,0.0,0.0,0.0,0.0,0.0,0.0,0.0,0.0,0.0,0.0,0.0,1.0,1.0,1.0,1.0,1.0,1.0,1.0,1.0
936,381.0,1.0,0.0,3.0,60.0,0.0,0.0,0.0,0.0,1.0,0.0,0.0,0.0,0.0,23.0,1.0,1.0,0.0,0.0,0.0,0.0,7.0,46.0,0.0,0.0,0.0,0.0,0.0,0.0,0.0,1.0,0.0,0.0,0.0,1.0,0.0,0.0,0.0,0.0,0.0,0.0,0.0,1.0,1.0,0.0,1.0,1.0,1.0,-1.0,1.0,1.0
937,3011.0,1.0,0.0,5.0,61.0,1.0,0.0,0.0,0.0,0.0,0.0,0.0,0.0,0.0,2.0,1.0,0.0,0.0,0.0,0.0,0.0,14.0,40.0,0.0,0.0,0.0,0.0,0.0,0.0,0.0,1.0,0.0,0.0,0.0,1.0,0.0,0.0,0.0,0.0,0.0,1.0,0.0,0.0,1.0,0.0,1.0,1.0,1.0,-1.0,1.0,1.0
938,3020.0,4.0,1.0,2.0,55.0,1.0,0.0,0.0,0.0,0.0,0.0,0.0,0.0,0.0,0.0,1.0,0.0,0.0,0.0,0.0,0.0,17.0,31.0,0.0,0.0,0.0,0.0,1.0,1.0,0.0,1.0,0.0,1.0,0.0,0.0,1.0,0.0,0.0,0.0,0.0,1.0,1.0,0.0,1.0,0.0,-1.0,0.0,1.0,-1.0,1.0,1.0
939,8889.0,2.0,1.0,3.0,49.0,1.0,0.0,0.0,0.0,0.0,0.0,0.0,0.0,0.0,0.0,1.0,0.0,0.0,0.0,0.0,0.0,26.0,16.0,0.0,0.0,0.0,0.0,0.1017964072,0.1515151515,0.0,0.0,0.0,0.0,0.0,0.005988024,0.0,0.0,0.0,0.0,0.0,0.0,0.0,0.0,1.0,1.0,1.0,1.0,0.0,1.0,0.0,0.0
940,835.0,2.0,1.0,2.0,53.0,0.0,0.0,0.0,0.0,0.0,0.0,1.0,0.0,0.0,5.0,1.0,1.0,0.0,0.0,1.0,0.0,16.0,4.0,25.0,0.0,0.0,0.0,0.0,0.0,0.0,1.0,0.0,0.0,0.0,0.0,0.0,0.0,0.0,0.0,0.0,0.0,0.0,0.0,1.0,1.0,1.0,1.0,1.0,1.0,1.0,1.0
941,8363.0,2.0,1.0,3.0,47.0,1.0,0.0,0.0,0.0,0.0,0.0,0.0,0.0,0.0,0.0,1.0,0.0,0.0,0.0,0.0,0.0,15.0,25.0,0.0,0.0,0.0,0.0,0.1379310345,0.3636363636,0.0,1.0,0.0,0.0,0.0,0.0,0.0,0.0,0.0,0.0,0.0,1.0,0.0,0.0,1.0,1.0,1.0,1.0,0.0,1.0,0.0,0.0
942,6598.0,3.0,1.0,4.0,198.0,18.0,0.0,0.0,0.0,2.0,0.0,2.0,1.0,0.0,10.0,1.0,1.0,0.0,0.0,1.0,0.0,13.0,134.0,43.0,0.0,0.0,0.0,0.075,0.9523809524,1.0,0.0,0.0,0.0,0.0,0.0,0.0,0.0,0.0,0.0,0.0,0.0,0.0,0.0,1.0,-1.0,-1.0,1.0,0.0,1.0,0.0,0.0
943,6196.0,1.0,0.0,3.0,78.0,5.0,0.0,0.0,0.0,0.0,0.0,0.0,0.0,0.0,4.0,1.0,1.0,0.0,0.0,1.0,0.0,15.0,56.0,0.0,0.0,0.0,0.0,0.2307692308,0.5869565217,0.0,1.0,1.0,0.0,0.0,0.0,0.0,0.0,0.0,0.0,0.0,1.0,0.0,0.0,1.0,-1.0,-1.0,1.0,0.0,1.0,0.0,0.0
944,9532.0,3.0,1.0,2.0,52.0,0.0,0.0,0.0,0.0,0.0,0.0,1.0,0.0,0.0,3.0,1.0,1.0,0.0,0.0,0.0,0.0,16.0,22.0,6.0,0.0,0.0,0.0,0.0293529019,0.5,0.0,1.0,0.0,0.0,0.0,0.0,0.0,0.0,0.0,0.0,1.0,0.0,0.0,0.0,1.0,1.0,1.0,1.0,0.0,1.0,0.0,0.0
945,2189.0,2.0,0.0,2.0,38.0,0.0,0.0,0.0,0.0,0.0,0.0,0.0,0.0,0.0,0.0,1.0,1.0,0.0,0.0,0.0,0.0,15.0,16.0,0.0,0.0,0.0,0.0,0.9230769231,1.0,0.0,1.0,0.0,0.0,0.0,0.0,1.0,0.0,0.0,0.0,0.0,0.0,0.0,0.0,1.0,1.0,1.0,1.0,-1.0,-1.0,1.0,1.0
946,6258.0,4.0,0.0,2.0,153.0,0.0,0.0,0.0,0.0,5.0,7.0,4.0,3.0,0.0,15.0,1.0,0.0,0.0,0.0,1.0,0.0,8.0,17.0,120.0,0.0,1.0,0.0,0.125,0.0,0.0,1.0,0.0,0.0,0.0,0.0,0.0,0.0,0.0,0.0,0.0,0.0,0.0,0.0,1.0,-1.0,1.0,1.0,1.0,1.0,0.0,0.0
947,9278.0,3.0,1.0,2.0,56.0,0.0,0.0,0.0,0.0,3.0,0.0,0.0,0.0,0.0,4.0,1.0,1.0,0.0,0.0,0.0,0.0,15.0,34.0,0.0,0.0,0.0,0.0,0.0026075619,0.0471698113,0.0,1.0,0.0,0.0,0.0,0.0006518905,0.0,0.0,0.0,0.0,1.0,0.0,0.0,1.0,1.0,0.0,1.0,1.0,1.0,1.0,0.0,0.0
948,6306.0,3.0,1.0,3.0,75.0,0.0,0.0,0.0,0.0,0.0,0.0,4.0,3.0,0.0,4.0,1.0,0.0,0.0,0.0,0.0,0.0,11.0,22.0,34.0,0.0,0.0,0.0,0.0882352941,0.25,0.0,0.0,0.0,0.0,0.0,0.0,0.0,0.0,0.0,0.0,1.0,0.0,0.0,0.0,1.0,0.0,1.0,1.0,0.0,1.0,0.0,0.0
949,4422.0,2.0,0.0,3.0,54.0,0.0,0.0,0.0,0.0,0.0,0.0,0.0,0.0,0.0,0.0,1.0,0.0,0.0,0.0,1.0,0.0,20.0,27.0,0.0,0.0,0.0,0.0,0.0,0.0,0.0,1.0,1.0,0.0,0.0,0.0,0.0,0.0,0.0,0.0,0.0,0.0,1.0,0.0,1.0,0.0,1.0,1.0,1.0,1.0,1.0,1.0
950,2778.0,2.0,0.0,5.0,52.0,1.0,1.0,0.0,0.0,0.0,0.0,0.0,0.0,0.0,0.0,0.0,0.0,0.0,0.0,1.0,0.0,20.0,24.0,0.0,0.0,0.0,0.0,0.0,0.0625,0.0,0.0,0.0,0.0,0.0,0.0,0.0,0.0,0.0,0.0,0.0,1.0,0.0,0.0,1.0,1.0,1.0,1.0,0.0,1.0,1.0,1.0
951,132.0,6.0,0.0,3.0,149.0,3.0,0.0,0.0,0.0,0.0,0.0,0.0,0.0,0.0,1.0,1.0,1.0,0.0,0.0,1.0,0.0,14.0,56.0,71.0,0.0,1.0,0.0,0.0,0.0,0.0,1.0,1.0,1.0,0.0,0.0,0.0,0.0,0.0,0.0,0.0,1.0,0.0,0.0,1.0,-1.0,1.0,0.0,1.0,1.0,1.0,1.0
952,5998.0,1.0,0.0,2.0,76.0,8.0,0.0,0.0,0.0,0.0,0.0,0.0,0.0,0.0,3.0,1.0,1.0,0.0,0.0,0.0,0.0,18.0,51.0,0.0,0.0,0.0,0.0,0.1016949153,0.5892857143,0.0,0.0,0.0,0.0,0.0,0.0,0.0,0.0,0.0,0.0,0.0,1.0,0.0,0.0,1.0,-1.0,-1.0,1.0,0.0,1.0,0.0,0.0
953,6877.0,1.0,0.0,5.0,99.0,10.0,0.0,0.0,0.0,0.0,0.0,0.0,0.0,0.0,8.0,1.0,1.0,0.0,0.0,1.0,0.0,15.0,77.0,0.0,0.0,0.0,0.0,0.2454545455,0.5772357724,0.0,1.0,0.0,0.0,0.0,0.0545454545,0.0,0.0,0.0,0.0,0.0,1.0,0.0,0.0,1.0,-1.0,-1.0,1.0,0.0,1.0,0.0,0.0
954,3149.0,3.0,1.0,8.0,153.0,3.0,1.0,0.0,0.0,0.0,0.0,0.0,0.0,0.0,47.0,1.0,1.0,0.0,0.0,1.0,0.0,20.0,126.0,0.0,0.0,0.0,0.0,0.0,0.0416666667,1.0,1.0,0.0,0.0,0.0,0.0,0.0,0.0,0.0,0.0,0.0,0.0,0.0,0.0,1.0,-1.0,1.0,1.0,0.0,1.0,1.0,1.0
955,2477.0,3.0,0.0,3.0,38.0,0.0,0.0,0.0,0.0,0.0,0.0,0.0,0.0,0.0,0.0,1.0,0.0,0.0,0.0,1.0,0.0,17.0,14.0,0.0,0.0,0.0,0.0,0.0,0.0,0.0,1.0,0.0,0.0,0.0,0.0,0.0,0.0,0.0,0.0,0.0,0.0,1.0,0.0,1.0,1.0,1.0,1.0,1.0,1.0,1.0,1.0
956,6385.0,1.0,0.0,2.0,75.0,2.0,0.0,0.0,0.0,0.0,0.0,3.0,2.0,0.0,6.0,1.0,0.0,0.0,0.0,1.0,0.0,18.0,26.0,23.0,0.0,0.0,0.0,0.2556053812,0.7704918033,0.0,1.0,0.0,1.0,0.0,0.0,0.0,0.0,0.0,0.0,0.0,1.0,0.0,0.0,1.0,0.0,1.0,0.0,-1.0,1.0,0.0,0.0
957,1621.0,2.0,1.0,5.0,54.0,0.0,0.0,0.0,0.0,0.0,0.0,0.0,0.0,0.0,0.0,1.0,0.0,0.0,0.0,1.0,0.0,20.0,27.0,0.0,0.0,0.0,0.0,0.0,0.7857142857,0.0,1.0,0.0,0.0,0.0,1.0,1.0,0.0,0.0,0.0,0.0,1.0,0.0,0.0,1.0,0.0,-1.0,1.0,1.0,-1.0,1.0,1.0
958,3091.0,3.0,1.0,6.0,109.0,3.0,0.0,0.0,0.0,0.0,0.0,0.0,0.0,0.0,7.0,1.0,1.0,0.0,0.0,0.0,0.0,22.0,80.0,0.0,0.0,0.0,0.0,0.0,0.0,0.0,0.0,0.0,0.0,0.0,0.0,0.0,0.0,0.0,0.0,0.0,1.0,0.0,0.0,1.0,-1.0,1.0,1.0,1.0,1.0,1.0,1.0
959,7699.0,1.0,0.0,6.0,61.0,0.0,0.0,0.0,0.0,0.0,0.0,0.0,0.0,0.0,4.0,1.0,1.0,0.0,0.0,1.0,0.0,17.0,37.0,0.0,0.0,0.0,0.0,0.2403846154,0.0322580645,0.0,0.0,0.0,0.0,0.0,0.0,0.0,0.0,0.0,0.0,1.0,0.0,0.0,0.0,1.0,0.0,1.0,1.0,1.0,1.0,0.0,0.0
960,1494.0,4.0,0.0,3.0,195.0,0.0,0.0,0.0,0.0,3.0,0.0,10.0,8.0,0.0,56.0,1.0,0.0,1.0,0.0,0.0,0.0,12.0,22.0,153.0,0.0,1.0,0.0,0.375,0.0,0.0,1.0,0.0,0.0,0.0,0.0,1.0,0.0,0.0,0.0,0.0,0.0,0.0,0.0,1.0,-1.0,1.0,1.0,0.0,0.0,1.0,1.0
961,8774.0,2.0,0.0,1.0,51.0,0.0,0.0,0.0,0.0,1.0,0.0,0.0,0.0,0.0,0.0,1.0,1.0,0.0,0.0,0.0,0.0,22.0,22.0,0.0,0.0,0.0,0.0,0.0526315789,0.0,0.0,0.0,0.0,0.0,0.0,0.0526315789,0.0,0.0,0.0,0.0,0.0,0.0,0.0,0.0,1.0,1.0,1.0,1.0,1.0,1.0,0.0,0.0
962,2190.0,2.0,0.0,2.0,38.0,0.0,0.0,0.0,0.0,0.0,0.0,0.0,0.0,0.0,0.0,1.0,1.0,0.0,0.0,0.0,0.0,15.0,16.0,0.0,0.0,0.0,0.0,0.9230769231,1.0,0.0,1.0,0.0,0.0,0.0,0.0,1.0,0.0,0.0,0.0,0.0,0.0,0.0,0.0,1.0,1.0,1.0,1.0,-1.0,-1.0,1.0,1.0
963,3630.0,3.0,1.0,4.0,85.0,1.0,0.0,0.0,0.0,1.0,0.0,0.0,0.0,0.0,0.0,1.0,0.0,0.0,0.0,0.0,0.0,22.0,56.0,0.0,0.0,1.0,1.0,1.0,0.8888888889,1.0,1.0,0.0,0.0,0.0,0.0,1.0,0.0,0.0,0.0,0.0,0.0,0.0,0.0,1.0,-1.0,0.0,1.0,-1.0,-1.0,1.0,1.0
964,8413.0,1.0,0.0,4.0,54.0,2.0,0.0,0.0,0.0,0.0,0.0,0.0,0.0,0.0,0.0,1.0,1.0,0.0,0.0,0.0,0.0,14.0,33.0,0.0,0.0,0.0,0.0,0.4325581395,0.3211009174,0.0,1.0,0.0,0.0,0.0,0.0046511628,0.0,0.0,0.0,0.0,0.0,1.0,0.0,0.0,1.0,0.0,0.0,1.0,0.0,0.0,0.0,0.0
965,4089.0,2.0,0.0,4.0,60.0,0.0,0.0,0.0,1.0,0.0,0.0,0.0,0.0,0.0,0.0,1.0,0.0,0.0,0.0,0.0,0.0,9.0,44.0,0.0,0.0,0.0,0.0,0.0,0.0,0.0,1.0,0.0,0.0,0.0,0.0,0.0,0.0,0.0,0.0,0.0,0.0,0.0,0.0,1.0,0.0,1.0,1.0,1.0,1.0,1.0,1.0
966,1286.0,11.0,0.0,3.0,161.0,2.0,0.0,0.0,0.0,0.0,0.0,8.0,4.0,0.0,18.0,1.0,1.0,0.0,0.0,1.0,0.0,14.0,33.0,106.0,0.0,0.0,1.0,0.6363636364,1.0,0.0,1.0,1.0,0.0,1.0,0.0,1.0,0.0,0.0,0.0,0.0,0.0,0.0,0.0,1.0,-1.0,1.0,-1.0,-1.0,0.0,1.0,1.0
967,7645.0,1.0,0.0,4.0,97.0,9.0,0.0,0.0,0.0,0.0,0.0,0.0,0.0,0.0,5.0,1.0,1.0,0.0,0.0,1.0,0.0,8.0,82.0,0.0,0.0,0.0,0.0,0.0434782609,0.0392156863,0.0,1.0,1.0,0.0,0.0,0.0086956522,0.0,0.0,0.0,0.0,0.0,0.0,0.0,0.0,1.0,-1.0,1.0,1.0,1.0,1.0,0.0,0.0
968,2039.0,5.0,0.0,5.0,69.0,1.0,0.0,0.0,1.0,0.0,0.0,0.0,0.0,0.0,9.0,1.0,0.0,1.0,0.0,1.0,0.0,12.0,50.0,0.0,0.0,0.0,1.0,1.0,1.0,0.0,1.0,0.0,0.0,0.0,0.0,1.0,0.0,0.0,0.0,0.0,0.0,0.0,0.0,1.0,0.0,-1.0,1.0,-1.0,-1.0,1.0,1.0
969,278.0,3.0,1.0,4.0,60.0,1.0,1.0,0.0,0.0,0.0,0.0,0.0,0.0,0.0,0.0,1.0,0.0,0.0,0.0,1.0,0.0,20.0,33.0,0.0,0.0,1.0,0.0,0.9743589744,0.0,0.0,1.0,0.0,0.0,0.0,0.0,0.0,0.0,0.0,0.0,0.0,0.0,0.0,0.0,1.0,0.0,1.0,1.0,1.0,-1.0,1.0,1.0
970,6962.0,2.0,0.0,2.0,63.0,1.0,0.0,0.0,0.0,0.0,0.0,0.0,0.0,0.0,16.0,1.0,1.0,0.0,0.0,0.0,0.0,20.0,36.0,0.0,0.0,0.0,0.0,0.2318307268,0.0740740741,1.0,1.0,0.0,1.0,0.0,0.0009199632,0.0,0.0,0.0,0.0,1.0,0.0,0.0,0.0,1.0,0.0,1.0,0.0,-1.0,1.0,0.0,0.0
971,8421.0,3.0,1.0,1.0,51.0,0.0,0.0,0.0,0.0,0.0,0.0,2.0,1.0,0.0,8.0,1.0,0.0,0.0,0.0,0.0,0.0,20.0,10.0,13.0,0.0,0.0,0.0,0.1884057971,0.0826446281,0.0,1.0,1.0,0.0,0.0,0.0,0.0,0.0,0.0,0.0,0.0,1.0,0.0,0.0,1.0,1.0,1.0,1.0,0.0,1.0,0.0,0.0
972,8508.0,2.0,0.0,1.0,40.0,0.0,0.0,0.0,0.0,1.0,0.0,1.0,0.0,0.0,3.0,1.0,0.0,0.0,0.0,0.0,0.0,11.0,14.0,7.0,0.0,0.0,0.0,0.1021505376,0.12,0.0,1.0,1.0,0.0,1.0,0.0,0.0,0.0,0.0,0.0,0.0,1.0,0.0,0.0,1.0,1.0,1.0,-1.0,0.0,1.0,0.0,0.0
973,2937.0,2.0,1.0,3.0,43.0,0.0,0.0,0.0,0.0,0.0,0.0,0.0,0.0,0.0,0.0,1.0,0.0,0.0,0.0,0.0,0.0,21.0,15.0,0.0,0.0,0.0,0.0,0.0,0.0,0.0,1.0,0.0,0.0,0.0,0.0,0.0,0.0,0.0,0.0,0.0,0.0,0.0,0.0,1.0,1.0,1.0,1.0,1.0,1.0,1.0,1.0
974,2743.0,2.0,0.0,3.0,44.0,1.0,0.0,0.0,0.0,0.0,0.0,0.0,0.0,0.0,0.0,1.0,1.0,0.0,0.0,0.0,0.0,13.0,24.0,0.0,0.0,0.0,0.0,1.0,1.0,0.0,1.0,0.0,0.0,0.0,0.0,1.0,0.0,0.0,0.0,0.0,0.0,0.0,0.0,1.0,1.0,-1.0,1.0,-1.0,-1.0,1.0,1.0
975,7814.0,2.0,1.0,4.0,106.0,13.0,0.0,0.0,0.0,0.0,0.0,0.0,0.0,0.0,5.0,1.0,1.0,0.0,0.0,1.0,0.0,10.0,89.0,0.0,0.0,0.0,0.0,0.0810810811,0.7096774194,0.0,1.0,0.0,0.0,0.0,0.0,0.0,0.0,0.0,0.0,0.0,1.0,0.0,0.0,1.0,-1.0,0.0,1.0,0.0,1.0,0.0,0.0
976,8657.0,1.0,0.0,3.0,35.0,0.0,0.0,0.0,0.0,0.0,0.0,0.0,0.0,0.0,0.0,1.0,0.0,0.0,0.0,0.0,0.0,16.0,12.0,0.0,0.0,0.0,0.0,0.3610108303,0.45,1.0,1.0,1.0,0.0,0.0,0.0072202166,0.0,0.0,0.0,0.0,0.0,1.0,0.0,1.0,1.0,1.0,-1.0,1.0,0.0,0.0,0.0,0.0
977,2000.0,2.0,0.0,1.0,35.0,0.0,0.0,0.0,0.0,0.0,0.0,0.0,0.0,0.0,0.0,1.0,0.0,0.0,0.0,0.0,0.0,18.0,10.0,0.0,0.0,0.0,0.0,0.0,0.0,0.0,1.0,1.0,0.0,0.0,0.0,1.0,0.0,0.0,0.0,0.0,0.0,0.0,0.0,1.0,1.0,1.0,1.0,1.0,1.0,1.0,1.0
978,8352.0,1.0,0.0,0.0,31.0,0.0,0.0,0.0,0.0,0.0,0.0,0.0,0.0,0.0,0.0,1.0,0.0,0.0,0.0,0.0,0.0,23.0,1.0,0.0,0.0,0.0,0.0,0.0869565217,0.1851851852,0.0,0.0,0.0,0.0,0.0,0.2391304348,0.0,0.0,0.0,0.0,0.0,0.0,0.0,0.0,1.0,1.0,0.0,1.0,1.0,0.0,0.0,0.0
979,3842.0,4.0,1.0,9.0,213.0,2.0,0.0,0.0,1.0,0.0,0.0,1.0,0.0,0.0,69.0,1.0,1.0,0.0,0.0,1.0,0.0,18.0,110.0,77.0,0.0,1.0,0.0,0.0,0.0,0.0,1.0,0.0,0.0,0.0,0.0,0.0,0.0,0.0,0.0,0.0,0.0,0.0,0.0,1.0,-1.0,1.0,1.0,1.0,1.0,1.0,1.0
980,5483.0,3.0,1.0,5.0,190.0,24.0,0.0,0.0,0.0,0.0,0.0,1.0,0.0,0.0,38.0,1.0,1.0,0.0,0.0,1.0,0.0,12.0,156.0,14.0,0.0,0.0,0.0,0.0364238411,0.8888888889,0.0,0.0,0.0,0.0,0.0,0.0,0.0,0.0,0.0,0.0,1.0,0.0,0.0,0.0,1.0,-1.0,-1.0,1.0,-1.0,1.0,0.0,0.0
981,5673.0,4.0,2.0,4.0,180.0,1.0,0.0,0.0,0.0,0.0,2.0,8.0,0.0,0.0,24.0,1.0,0.0,0.0,0.0,0.0,0.0,26.0,26.0,120.0,0.0,0.0,0.0,0.0,0.0,0.0,0.0,0.0,0.0,0.0,0.0,0.0,0.0,0.0,0.0,0.0,1.0,0.0,0.0,0.0,-1.0,1.0,1.0,1.0,1.0,0.0,0.0
982,5988.0,3.0,1.0,4.0,64.0,1.0,0.0,0.0,0.0,1.0,0.0,0.0,0.0,0.0,6.0,1.0,1.0,0.0,0.0,1.0,0.0,19.0,38.0,0.0,0.0,0.0,0.0,0.1621621622,0.3142857143,0.0,1.0,0.0,1.0,0.0,0.0405405405,0.0,0.0,0.0,0.0,0.0,1.0,0.0,0.0,1.0,0.0,1.0,0.0,0.0,1.0,0.0,0.0
983,4734.0,3.0,1.0,5.0,61.0,0.0,0.0,0.0,0.0,0.0,0.0,0.0,0.0,0.0,0.0,1.0,1.0,0.0,0.0,0.0,0.0,16.0,38.0,0.0,0.0,0.0,0.0,0.0833333333,0.9,1.0,1.0,1.0,0.0,0.0,0.9166666667,1.0,0.0,0.0,0.0,0.0,1.0,0.0,0.0,1.0,0.0,1.0,1.0,-1.0,-1.0,1.0,1.0
984,4483.0,3.0,1.0,5.0,73.0,0.0,0.0,0.0,0.0,1.0,0.0,0.0,0.0,0.0,3.0,1.0,0.0,0.0,0.0,1.0,0.0,25.0,41.0,0.0,0.0,0.0,0.0,1.0,0.1666666667,1.0,1.0,0.0,0.0,0.0,0.0,1.0,0.0,0.0,0.0,0.0,0.0,0.0,0.0,1.0,0.0,1.0,1.0,0.0,-1.0,1.0,1.0
985,5532.0,1.0,0.0,8.0,135.0,9.0,0.0,0.0,0.0,0.0,0.0,0.0,0.0,0.0,0.0,1.0,0.0,0.0,0.0,1.0,0.0,10.0,101.0,16.0,0.0,0.0,0.0,0.1360544218,0.275862069,0.0,1.0,1.0,0.0,0.0,0.0,0.0,0.0,0.0,0.0,1.0,0.0,0.0,0.0,1.0,-1.0,1.0,1.0,0.0,1.0,0.0,0.0
986,8786.0,3.0,1.0,1.0,50.0,2.0,0.0,0.0,0.0,0.0,0.0,0.0,0.0,0.0,4.0,1.0,1.0,0.0,0.0,0.0,0.0,19.0,24.0,0.0,0.0,0.0,0.0,0.0466666667,0.5,0.0,1.0,1.0,0.0,0.0,0.0066666667,0.0,0.0,0.0,0.0,0.0,1.0,0.0,0.0,1.0,1.0,0.0,1.0,0.0,1.0,0.0,0.0
987,5583.0,3.0,0.0,4.0,83.0,4.0,0.0,0.0,0.0,0.0,0.0,0.0,0.0,0.0,0.0,1.0,0.0,0.0,0.0,0.0,0.0,11.0,65.0,0.0,0.0,0.0,0.0,0.0819112628,0.0579710145,0.0,1.0,1.0,0.0,0.0,0.023890785,0.0,0.0,0.0,0.0,0.0,1.0,0.0,0.0,1.0,-1.0,1.0,1.0,1.0,1.0,0.0,0.0
988,2777.0,2.0,0.0,4.0,58.0,0.0,0.0,0.0,0.0,0.0,0.0,0.0,0.0,0.0,0.0,1.0,0.0,0.0,0.0,1.0,0.0,17.0,30.0,3.0,0.0,1.0,1.0,1.0,1.0,1.0,1.0,0.0,0.0,0.0,0.0,1.0,0.0,0.0,0.0,0.0,0.0,0.0,0.0,1.0,0.0,-1.0,1.0,-1.0,-1.0,1.0,1.0
989,1235.0,4.0,1.0,4.0,65.0,0.0,0.0,0.0,0.0,0.0,0.0,0.0,0.0,0.0,0.0,1.0,1.0,0.0,0.0,0.0,0.0,29.0,29.0,0.0,0.0,0.0,0.0,0.0,0.0,0.0,1.0,0.0,0.0,0.0,0.0,0.0,0.0,0.0,0.0,0.0,0.0,0.0,0.0,1.0,0.0,1.0,1.0,1.0,1.0,1.0,1.0
990,696.0,4.0,0.0,3.0,222.0,0.0,0.0,0.0,0.0,7.0,0.0,19.0,11.0,0.0,9.0,1.0,0.0,1.0,0.0,0.0,0.0,12.0,22.0,180.0,0.0,1.0,0.0,0.375,0.0,0.0,1.0,0.0,0.0,0.0,0.0,1.0,0.0,0.0,0.0,0.0,0.0,0.0,0.0,1.0,-1.0,1.0,1.0,0.0,0.0,1.0,1.0
991,181.0,1.0,0.0,3.0,37.0,0.0,0.0,0.0,0.0,0.0,0.0,0.0,0.0,0.0,0.0,1.0,0.0,0.0,0.0,0.0,0.0,16.0,14.0,0.0,0.0,0.0,0.0,0.0,0.0,0.0,1.0,0.0,0.0,0.0,0.0,0.0,0.0,0.0,0.0,0.0,0.0,1.0,0.0,1.0,1.0,1.0,1.0,1.0,1.0,1.0,1.0
992,3455.0,2.0,1.0,4.0,47.0,1.0,0.0,0.0,0.0,0.0,0.0,0.0,0.0,0.0,2.0,1.0,0.0,0.0,0.0,0.0,0.0,15.0,25.0,0.0,0.0,1.0,0.0,0.0,0.0,0.0,1.0,0.0,0.0,0.0,0.0,0.0,0.0,0.0,0.0,0.0,0.0,0.0,0.0,1.0,1.0,1.0,1.0,1.0,1.0,1.0,1.0
993,3786.0,4.0,1.0,5.0,188.0,6.0,0.0,0.0,0.0,2.0,0.0,1.0,0.0,0.0,21.0,1.0,1.0,0.0,0.0,0.0,0.0,19.0,71.0,90.0,0.0,0.0,0.0,0.0,0.1111111111,1.0,1.0,0.0,0.0,0.0,0.0,0.0,0.0,0.0,0.0,0.0,0.0,0.0,0.0,1.0,-1.0,1.0,1.0,0.0,1.0,1.0,1.0
994,6656.0,2.0,0.0,1.0,67.0,0.0,0.0,0.0,0.0,0.0,0.0,2.0,1.0,0.0,5.0,1.0,0.0,0.0,0.0,0.0,0.0,18.0,13.0,28.0,0.0,0.0,0.0,0.3333333333,0.3636363636,0.0,1.0,1.0,0.0,0.0,0.0,0.0,0.0,0.0,0.0,0.0,1.0,0.0,0.0,1.0,0.0,1.0,1.0,0.0,0.0,0.0,0.0
995,1130.0,3.0,0.0,4.0,57.0,1.0,0.0,0.0,0.0,0.0,0.0,0.0,0.0,0.0,0.0,1.0,0.0,0.0,0.0,1.0,0.0,11.0,39.0,0.0,0.0,0.0,0.0,0.0,1.0,0.0,1.0,0.0,0.0,0.0,0.0,1.0,0.0,0.0,0.0,0.0,0.0,0.0,0.0,1.0,0.0,-1.0,1.0,-1.0,1.0,1.0,1.0
996,2784.0,4.0,0.0,9.0,95.0,0.0,0.0,0.0,0.0,0.0,0.0,0.0,0.0,0.0,0.0,1.0,1.0,0.0,0.0,1.0,0.0,15.0,73.0,0.0,0.0,1.0,0.0,0.0,0.1111111111,1.0,1.0,0.0,0.0,0.0,0.0,0.0,0.0,0.0,0.0,0.0,0.0,0.0,1.0,1.0,-1.0,1.0,1.0,1.0,1.0,1.0,1.0
997,9911.0,2.0,1.0,3.0,46.0,1.0,0.0,0.0,0.0,0.0,0.0,0.0,0.0,0.0,0.0,1.0,0.0,0.0,0.0,0.0,0.0,18.0,21.0,0.0,0.0,0.0,0.0,0.0131578947,0.3076923077,0.0,1.0,0.0,0.0,0.0,0.0,0.0,0.0,0.0,0.0,0.0,0.0,0.0,0.0,1.0,1.0,1.0,1.0,0.0,1.0,0.0,0.0
998,1063.0,2.0,0.0,2.0,49.0,0.0,0.0,0.0,0.0,0.0,0.0,0.0,0.0,0.0,0.0,1.0,0.0,0.0,0.0,0.0,0.0,28.0,14.0,0.0,0.0,0.0,0.0,0.9230769231,1.0,0.0,1.0,0.0,0.0,0.0,0.0,1.0,0.0,0.0,0.0,0.0,0.0,0.0,0.0,1.0,1.0,1.0,1.0,-1.0,-1.0,1.0,1.0
999,5506.0,1.0,0.0,5.0,102.0,11.0,0.0,0.0,0.0,0.0,0.0,0.0,0.0,0.0,10.0,1.0,1.0,0.0,0.0,1.0,0.0,15.0,80.0,0.0,0.0,0.0,0.0,0.1714285714,1.0,1.0,1.0,1.0,1.0,0.0,0.0142857143,0.0,0.0,0.0,0.0,1.0,0.0,0.0,1.0,1.0,-1.0,-1.0,0.0,-1.0,1.0,0.0,0.0
1000,706.0,2.0,1.0,4.0,46.0,1.0,0.0,0.0,0.0,0.0,0.0,0.0,0.0,0.0,0.0,1.0,1.0,0.0,0.0,0.0,0.0,17.0,22.0,0.0,0.0,0.0,0.0,0.0,0.0,0.0,1.0,0.0,0.0,0.0,0.0,0.0,0.0,0.0,0.0,0.0,0.0,0.0,0.0,1.0,1.0,1.0,1.0,1.0,1.0,1.0,1.0
1001,5608.0,3.0,1.0,2.0,67.0,0.0,0.0,0.0,0.0,1.0,0.0,0.0,0.0,0.0,2.0,1.0,0.0,0.0,0.0,0.0,0.0,22.0,38.0,0.0,0.0,0.0,0.0,0.1470588235,0.6666666667,0.0,1.0,0.0,0.0,0.0,0.0588235294,0.0,0.0,0.0,0.0,0.0,0.0,0.0,0.0,1.0,0.0,1.0,1.0,0.0,1.0,0.0,0.0
1002,1624.0,3.0,0.0,3.0,75.0,0.0,0.0,0.0,0.0,0.0,0.0,1.0,0.0,0.0,12.0,1.0,0.0,0.0,0.0,0.0,0.0,10.0,24.0,33.0,0.0,0.0,0.0,0.0,0.6428571429,1.0,1.0,0.0,0.0,0.0,0.0,0.0,0.0,0.0,0.0,0.0,0.0,0.0,0.0,1.0,0.0,-1.0,1.0,0.0,1.0,1.0,1.0
1003,909.0,2.0,0.0,4.0,73.0,1.0,0.0,0.0,0.0,0.0,0.0,0.0,0.0,0.0,24.0,1.0,1.0,0.0,0.0,0.0,0.0,13.0,53.0,0.0,0.0,0.0,1.0,1.0,1.0,0.0,1.0,0.0,0.0,0.0,0.0,1.0,0.0,0.0,0.0,0.0,1.0,0.0,0.0,1.0,0.0,-1.0,1.0,-1.0,-1.0,1.0,1.0
1004,1639.0,3.0,1.0,7.0,93.0,1.0,0.0,0.0,0.0,0.0,0.0,0.0,0.0,0.0,18.0,1.0,1.0,0.0,0.0,1.0,0.0,22.0,64.0,0.0,0.0,0.0,0.0,0.0,0.125,0.0,1.0,1.0,0.0,0.0,0.9230769231,0.0,0.0,0.0,0.0,0.0,0.0,0.0,0.0,1.0,-1.0,1.0,1.0,1.0,-1.0,1.0,1.0
1005,444.0,6.0,3.0,2.0,59.0,0.0,0.0,0.0,0.0,0.0,0.0,0.0,0.0,0.0,0.0,1.0,0.0,0.0,1.0,0.0,0.0,32.0,20.0,0.0,0.0,0.0,0.0,0.0,0.0,0.0,1.0,0.0,0.0,0.0,0.0,0.0,0.0,0.0,0.0,0.0,0.0,0.0,0.0,-1.0,0.0,1.0,1.0,1.0,1.0,1.0,1.0
1006,5960.0,2.0,0.0,5.0,62.0,1.0,0.0,0.0,0.0,0.0,0.0,0.0,0.0,0.0,0.0,1.0,1.0,0.0,0.0,0.0,0.0,15.0,40.0,0.0,0.0,0.0,0.0,0.175,0.0363636364,0.0,1.0,0.0,0.0,0.0,0.025,0.0,0.0,0.0,0.0,0.0,1.0,0.0,0.0,1.0,0.0,1.0,1.0,0.0,1.0,0.0,0.0
1007,786.0,1.0,0.0,3.0,58.0,1.0,1.0,0.0,0.0,0.0,0.0,0.0,0.0,0.0,19.0,1.0,1.0,0.0,0.0,0.0,0.0,14.0,37.0,0.0,0.0,0.0,0.0,0.0,0.0,0.0,1.0,1.0,0.0,0.0,1.0,0.0,0.0,0.0,0.0,0.0,0.0,0.0,0.0,1.0,0.0,1.0,1.0,1.0,-1.0,1.0,1.0
1008,3155.0,6.0,4.0,4.0,62.0,0.0,0.0,0.0,0.0,0.0,0.0,0.0,0.0,0.0,0.0,1.0,1.0,0.0,1.0,1.0,0.0,28.0,27.0,0.0,0.0,2.0,0.0,0.7857142857,0.0588235294,0.0,1.0,0.0,0.0,0.0,0.0,0.0,0.0,0.0,0.0,0.0,0.0,0.0,0.0,-1.0,0.0,1.0,1.0,0.0,-1.0,1.0,1.0
1009,5827.0,1.0,0.0,5.0,98.0,11.0,0.0,0.0,0.0,0.0,0.0,0.0,0.0,0.0,8.0,1.0,1.0,0.0,0.0,1.0,0.0,11.0,80.0,0.0,0.0,0.0,0.0,0.25,0.9583333333,0.0,1.0,0.0,0.0,0.0,0.05,0.0,0.0,0.0,0.0,0.0,0.0,0.0,0.0,1.0,-1.0,-1.0,1.0,0.0,1.0,0.0,0.0
1010,6018.0,3.0,1.0,3.0,123.0,4.0,0.0,0.0,0.0,0.0,0.0,4.0,3.0,0.0,8.0,1.0,1.0,0.0,0.0,1.0,0.0,28.0,47.0,40.0,0.0,0.0,0.0,0.0331632653,0.2231404959,0.0,1.0,0.0,0.0,0.0,0.0,0.0,0.0,0.0,0.0,0.0,1.0,0.0,0.0,1.0,-1.0,1.0,1.0,0.0,1.0,0.0,0.0
1011,6831.0,1.0,0.0,2.0,92.0,10.0,0.0,0.0,0.0,0.0,0.0,0.0,0.0,0.0,1.0,1.0,0.0,0.0,0.0,1.0,0.0,11.0,74.0,0.0,0.0,0.0,0.0,0.2375,0.3125,0.0,1.0,0.0,1.0,0.0,0.05,0.0,0.0,0.0,0.0,1.0,0.0,0.0,0.0,1.0,-1.0,1.0,0.0,0.0,1.0,0.0,0.0
1012,3482.0,3.0,1.0,2.0,39.0,0.0,0.0,0.0,0.0,0.0,0.0,0.0,0.0,0.0,0.0,1.0,0.0,0.0,0.0,0.0,0.0,20.0,12.0,0.0,0.0,0.0,0.0,1.0,0.1666666667,0.0,1.0,0.0,1.0,0.0,0.0,1.0,0.0,0.0,0.0,0.0,1.0,0.0,0.0,1.0,1.0,1.0,0.0,1.0,-1.0,1.0,1.0
1013,3857.0,1.0,0.0,4.0,81.0,0.0,0.0,0.0,0.0,0.0,0.0,0.0,0.0,0.0,26.0,1.0,1.0,0.0,0.0,0.0,0.0,18.0,56.0,0.0,0.0,0.0,0.0,0.0,0.0,0.0,1.0,0.0,0.0,0.0,1.0,0.0,0.0,0.0,0.0,0.0,0.0,0.0,0.0,1.0,-1.0,1.0,1.0,1.0,-1.0,1.0,1.0
1014,3687.0,3.0,1.0,2.0,38.0,0.0,0.0,0.0,0.0,0.0,0.0,0.0,0.0,0.0,0.0,1.0,0.0,0.0,0.0,0.0,0.0,23.0,8.0,0.0,0.0,0.0,0.0,0.0,0.0,0.0,1.0,0.0,0.0,0.0,0.0,0.0,0.0,0.0,0.0,0.0,0.0,0.0,0.0,1.0,1.0,1.0,1.0,1.0,1.0,1.0,1.0
1015,1781.0,2.0,0.0,2.0,32.0,1.0,1.0,0.0,0.0,0.0,0.0,0.0,0.0,0.0,0.0,1.0,0.0,0.0,0.0,0.0,0.0,12.0,13.0,0.0,0.0,0.0,0.0,0.0,0.7857142857,0.0,1.0,0.0,0.0,0.0,1.0,1.0,0.0,0.0,0.0,0.0,1.0,0.0,0.0,1.0,1.0,-1.0,1.0,1.0,-1.0,1.0,1.0
1016,3540.0,2.0,1.0,3.0,71.0,0.0,0.0,0.0,0.0,0.0,0.0,0.0,0.0,0.0,22.0,1.0,1.0,0.0,0.0,1.0,0.0,27.0,37.0,0.0,0.0,0.0,0.0,0.0,0.7857142857,0.0,1.0,0.0,0.0,0.0,1.0,1.0,0.0,0.0,0.0,0.0,1.0,0.0,0.0,1.0,0.0,-1.0,1.0,1.0,-1.0,1.0,1.0
1017,1382.0,3.0,0.0,3.0,46.0,0.0,0.0,0.0,0.0,0.0,0.0,0.0,0.0,0.0,0.0,1.0,0.0,0.0,0.0,1.0,0.0,13.0,26.0,0.0,0.0,0.0,0.0,0.0,0.0,0.0,1.0,1.0,0.0,0.0,0.0,0.0,0.0,0.0,0.0,0.0,0.0,1.0,0.0,1.0,1.0,1.0,1.0,1.0,1.0,1.0,1.0
1018,5002.0,2.0,1.0,0.0,24.0,0.0,0.0,0.0,0.0,0.0,0.0,0.0,0.0,0.0,0.0,0.0,0.0,0.0,0.0,0.0,0.0,15.0,1.0,0.0,0.0,0.0,0.0,0.0353982301,1.0,1.0,0.0,0.0,0.0,0.0,0.0132743363,0.0,0.0,0.0,0.0,0.0,1.0,0.0,0.0,1.0,1.0,-1.0,1.0,0.0,1.0,0.0,0.0
1019,9276.0,2.0,1.0,0.0,28.0,0.0,0.0,0.0,0.0,0.0,0.0,0.0,0.0,0.0,0.0,1.0,1.0,0.0,0.0,0.0,0.0,20.0,1.0,0.0,0.0,0.0,0.0,0.0222222222,0.0526315789,0.0,0.0,0.0,0.0,0.0,0.0888888889,0.0,0.0,0.0,0.0,0.0,0.0,0.0,0.0,1.0,1.0,1.0,1.0,0.0,1.0,0.0,0.0
1020,5137.0,2.0,0.0,1.0,63.0,0.0,0.0,0.0,0.0,0.0,0.0,3.0,2.0,0.0,6.0,1.0,1.0,0.0,0.0,1.0,0.0,11.0,12.0,32.0,0.0,0.0,0.0,0.037037037,0.1568627451,0.0,0.0,0.0,0.0,0.0,0.0,0.0,0.0,0.0,0.0,0.0,0.0,0.0,0.0,1.0,0.0,1.0,1.0,0.0,1.0,0.0,0.0
1021,4414.0,3.0,1.0,4.0,67.0,1.0,0.0,0.0,0.0,1.0,0.0,0.0,0.0,0.0,0.0,1.0,0.0,0.0,0.0,0.0,0.0,14.0,46.0,0.0,0.0,0.0,0.0,1.0,1.0,0.0,1.0,0.0,0.0,0.0,0.0,1.0,0.0,0.0,0.0,0.0,1.0,1.0,0.0,1.0,0.0,-1.0,1.0,1.0,-1.0,1.0,1.0
1022,7218.0,1.0,0.0,4.0,73.0,2.0,0.0,0.0,0.0,0.0,0.0,1.0,0.0,0.0,3.0,1.0,1.0,0.0,0.0,1.0,0.0,16.0,37.0,12.0,0.0,0.0,0.0,0.225,0.08,0.0,1.0,0.0,0.0,0.0,0.0,0.0,0.0,0.0,0.0,0.0,0.0,0.0,0.0,1.0,0.0,1.0,1.0,0.0,1.0,0.0,0.0
1023,4374.0,5.0,0.0,2.0,100.0,0.0,0.0,0.0,0.0,0.0,0.0,1.0,0.0,0.0,0.0,1.0,1.0,0.0,0.0,1.0,0.0,17.0,32.0,43.0,0.0,1.0,0.0,1.0,0.1333333333,1.0,1.0,0.0,1.0,0.0,0.0,0.0,0.0,0.0,0.0,1.0,0.0,0.0,0.0,1.0,-1.0,1.0,0.0,0.0,-1.0,1.0,1.0
1024,1899.0,1.0,0.0,7.0,68.0,1.0,0.0,0.0,0.0,0.0,0.0,0.0,0.0,0.0,0.0,1.0,1.0,0.0,0.0,0.0,0.0,20.0,41.0,0.0,0.0,0.0,0.0,0.0666666667,0.0769230769,0.0,1.0,1.0,0.0,0.0,0.8666666667,0.0,0.0,0.0,0.0,0.0,0.0,0.0,0.0,1.0,0.0,1.0,1.0,1.0,-1.0,1.0,1.0
1025,3874.0,3.0,1.0,2.0,58.0,1.0,1.0,0.0,0.0,0.0,0.0,0.0,0.0,0.0,6.0,1.0,1.0,0.0,0.0,0.0,0.0,32.0,19.0,0.0,0.0,1.0,0.0,0.0,0.0,0.0,1.0,0.0,0.0,0.0,0.0,0.0,0.0,0.0,0.0,0.0,0.0,0.0,0.0,1.0,0.0,1.0,1.0,1.0,1.0,1.0,1.0
1026,4408.0,4.0,1.0,3.0,62.0,0.0,0.0,0.0,0.0,0.0,0.0,0.0,0.0,0.0,0.0,1.0,1.0,0.0,0.0,1.0,0.0,28.0,27.0,0.0,0.0,0.0,0.0,0.0,0.0,0.0,1.0,1.0,0.0,0.0,0.0,0.0,0.0,0.0,0.0,0.0,0.0,1.0,0.0,1.0,0.0,1.0,1.0,1.0,1.0,1.0,1.0
1027,8432.0,2.0,0.0,2.0,40.0,0.0,0.0,0.0,0.0,0.0,0.0,0.0,0.0,0.0,2.0,1.0,0.0,0.0,0.0,0.0,0.0,16.0,17.0,0.0,0.0,0.0,0.0,0.2275862069,0.847826087,0.0,1.0,1.0,0.0,1.0,0.0068965517,0.0,0.0,0.0,0.0,0.0,1.0,0.0,0.0,1.0,1.0,1.0,-1.0,-1.0,1.0,0.0,0.0
1028,9055.0,1.0,0.0,4.0,37.0,0.0,0.0,0.0,0.0,0.0,0.0,0.0,0.0,0.0,8.0,1.0,1.0,0.0,0.0,0.0,0.0,18.0,12.0,0.0,0.0,0.0,0.0,0.021978022,1.0,1.0,0.0,0.0,0.0,0.0,0.0054945055,0.0,0.0,0.0,0.0,0.0,0.0,0.0,0.0,1.0,1.0,-1.0,1.0,-1.0,1.0,0.0,0.0
1029,303.0,3.0,1.0,8.0,54.0,1.0,1.0,0.0,0.0,0.0,0.0,0.0,0.0,0.0,2.0,1.0,0.0,0.0,0.0,0.0,0.0,16.0,31.0,0.0,0.0,0.0,0.0,1.0,0.1428571429,1.0,1.0,0.0,0.0,0.0,0.0,0.0,0.0,0.0,0.0,0.0,1.0,0.0,0.0,1.0,0.0,1.0,1.0,0.0,-1.0,1.0,1.0
1030,1752.0,2.0,0.0,6.0,105.0,1.0,0.0,0.0,0.0,0.0,0.0,0.0,0.0,0.0,24.0,1.0,1.0,0.0,0.0,0.0,0.0,27.0,71.0,0.0,0.0,0.0,0.0,0.0,0.0,0.0,1.0,0.0,0.0,0.0,1.0,0.0,0.0,0.0,0.0,0.0,0.0,0.0,1.0,1.0,-1.0,1.0,1.0,1.0,-1.0,1.0,1.0
1031,1252.0,2.0,0.0,3.0,153.0,0.0,0.0,0.0,0.0,0.0,0.0,4.0,3.0,0.0,40.0,1.0,1.0,0.0,0.0,0.0,0.0,19.0,44.0,82.0,0.0,0.0,0.0,0.0,0.625,0.0,1.0,0.0,0.0,0.0,0.0,0.0,0.0,0.0,0.0,0.0,0.0,0.0,0.0,1.0,-1.0,-1.0,1.0,0.0,1.0,1.0,1.0
1032,6353.0,1.0,0.0,2.0,73.0,8.0,0.0,0.0,0.0,0.0,0.0,0.0,0.0,0.0,0.0,1.0,1.0,0.0,0.0,1.0,0.0,10.0,56.0,0.0,0.0,0.0,0.0,0.1395348837,0.9885057471,1.0,1.0,1.0,0.0,0.0,0.0852713178,0.0,0.0,0.0,0.0,1.0,0.0,0.0,0.0,1.0,0.0,-1.0,1.0,-1.0,1.0,0.0,0.0
1033,4913.0,2.0,1.0,3.0,43.0,1.0,0.0,0.0,0.0,0.0,0.0,0.0,0.0,0.0,0.0,1.0,0.0,0.0,0.0,0.0,0.0,15.0,21.0,0.0,0.0,0.0,0.0,0.0,0.0,0.0,1.0,0.0,0.0,0.0,0.0,0.0,0.0,0.0,0.0,0.0,0.0,0.0,0.0,1.0,1.0,1.0,1.0,1.0,1.0,1.0,1.0
1034,9478.0,3.0,1.0,1.0,58.0,0.0,0.0,0.0,0.0,0.0,0.0,1.0,0.0,0.0,10.0,1.0,1.0,0.0,0.0,0.0,0.0,22.0,10.0,18.0,0.0,0.0,0.0,0.0454545455,0.4827586207,0.0,1.0,0.0,1.0,0.0,0.0,0.0,0.0,0.0,0.0,1.0,1.0,0.0,0.0,1.0,0.0,1.0,0.0,0.0,1.0,0.0,0.0
1035,2782.0,2.0,1.0,2.0,58.0,1.0,1.0,0.0,0.0,0.0,0.0,0.0,0.0,0.0,0.0,0.0,1.0,0.0,0.0,0.0,0.0,40.0,10.0,0.0,0.0,0.0,0.0,0.0,0.0,0.0,0.0,1.0,0.0,0.0,1.0,0.0,0.0,0.0,0.0,0.0,0.0,0.0,0.0,1.0,0.0,1.0,1.0,1.0,-1.0,1.0,1.0
1036,6719.0,1.0,0.0,5.0,74.0,6.0,0.0,0.0,0.0,0.0,0.0,0.0,0.0,0.0,8.0,1.0,1.0,0.0,0.0,1.0,0.0,13.0,54.0,0.0,0.0,0.0,0.0,0.2476190476,1.0,1.0,0.0,0.0,0.0,0.0,0.0380952381,0.0,0.0,0.0,0.0,0.0,1.0,0.0,0.0,1.0,0.0,-1.0,1.0,-1.0,1.0,0.0,0.0
1037,2434.0,3.0,0.0,2.0,50.0,1.0,1.0,0.0,0.0,0.0,0.0,0.0,0.0,0.0,0.0,1.0,0.0,0.0,0.0,0.0,0.0,17.0,26.0,0.0,0.0,1.0,0.0,0.8888888889,0.0,0.0,1.0,0.0,0.0,0.0,0.1111111111,0.0,0.0,0.0,0.0,0.0,0.0,0.0,1.0,1.0,1.0,1.0,1.0,1.0,-1.0,1.0,1.0
1038,447.0,1.0,0.0,3.0,38.0,1.0,0.0,0.0,0.0,0.0,0.0,0.0,0.0,0.0,0.0,1.0,0.0,0.0,0.0,0.0,0.0,15.0,16.0,0.0,0.0,0.0,0.0,1.0,1.0,0.0,1.0,0.0,0.0,0.0,0.0,1.0,0.0,0.0,0.0,0.0,1.0,0.0,0.0,1.0,1.0,-1.0,1.0,-1.0,-1.0,1.0,1.0
1039,7387.0,2.0,1.0,6.0,64.0,0.0,0.0,0.0,0.0,0.0,0.0,0.0,0.0,0.0,10.0,1.0,1.0,0.0,0.0,1.0,0.0,12.0,45.0,0.0,0.0,0.0,0.0,0.0843373494,0.6511627907,1.0,1.0,0.0,0.0,0.0,0.1204819277,0.0,0.0,0.0,0.0,1.0,0.0,0.0,0.0,1.0,0.0,0.0,1.0,-1.0,1.0,0.0,0.0
1040,1100.0,2.0,0.0,2.0,37.0,0.0,0.0,0.0,0.0,0.0,0.0,0.0,0.0,0.0,0.0,1.0,0.0,0.0,0.0,1.0,0.0,13.0,17.0,0.0,0.0,0.0,0.0,0.0,0.0,0.0,1.0,0.0,0.0,0.0,0.0,0.0,0.0,0.0,0.0,0.0,0.0,0.0,0.0,1.0,1.0,1.0,1.0,1.0,1.0,1.0,1.0
1041,4323.0,3.0,1.0,5.0,83.0,1.0,0.0,0.0,0.0,0.0,0.0,0.0,0.0,0.0,0.0,1.0,0.0,0.0,0.0,0.0,0.0,34.0,42.0,0.0,0.0,0.0,1.0,0.9743589744,0.1,1.0,1.0,1.0,1.0,1.0,0.0,1.0,0.0,0.0,0.0,0.0,0.0,0.0,0.0,1.0,-1.0,1.0,0.0,0.0,-1.0,1.0,1.0
1042,3096.0,2.0,1.0,3.0,52.0,0.0,0.0,0.0,0.0,0.0,0.0,0.0,0.0,0.0,1.0,1.0,1.0,0.0,0.0,0.0,0.0,22.0,23.0,0.0,0.0,0.0,0.0,0.0,0.0,0.0,1.0,0.0,0.0,0.0,1.0,0.0,0.0,0.0,0.0,0.0,0.0,0.0,0.0,1.0,1.0,1.0,1.0,1.0,-1.0,1.0,1.0
1043,6303.0,2.0,1.0,4.0,76.0,0.0,0.0,0.0,0.0,0.0,0.0,2.0,1.0,0.0,9.0,1.0,1.0,0.0,0.0,0.0,0.0,15.0,25.0,28.0,0.0,0.0,0.0,0.0,0.0,0.0,0.0,0.0,0.0,0.0,0.0,0.0,0.0,0.0,0.0,0.0,0.0,1.0,0.0,1.0,-1.0,1.0,1.0,1.0,1.0,0.0,0.0
1044,7288.0,1.0,0.0,3.0,81.0,8.0,0.0,0.0,0.0,0.0,0.0,0.0,0.0,0.0,0.0,1.0,1.0,0.0,0.0,1.0,0.0,16.0,58.0,0.0,0.0,0.0,0.0,0.0580645161,0.3,0.0,1.0,0.0,0.0,0.0,0.4935483871,0.0,0.0,0.0,0.0,0.0,1.0,0.0,0.0,1.0,-1.0,0.0,1.0,0.0,0.0,0.0,0.0
1045,7514.0,2.0,1.0,4.0,114.0,0.0,0.0,0.0,0.0,8.0,0.0,0.0,0.0,0.0,13.0,1.0,1.0,0.0,0.0,0.0,0.0,21.0,86.0,0.0,0.0,0.0,0.0,0.0052356021,0.0618556701,0.0,1.0,1.0,0.0,0.0,0.3036649215,0.0,0.0,0.0,0.0,1.0,0.0,0.0,0.0,1.0,-1.0,1.0,1.0,0.0,1.0,0.0,0.0
1046,2380.0,2.0,0.0,7.0,147.0,1.0,1.0,0.0,0.0,0.0,0.0,1.0,0.0,0.0,23.0,1.0,1.0,0.0,0.0,1.0,0.0,26.0,55.0,58.0,0.0,2.0,0.0,0.0,0.3333333333,0.0,1.0,0.0,0.0,0.0,0.0,0.0,0.0,0.0,0.0,0.0,0.0,0.0,0.0,1.0,-1.0,1.0,1.0,0.0,1.0,1.0,1.0
1047,1083.0,2.0,0.0,4.0,73.0,1.0,0.0,0.0,0.0,0.0,0.0,0.0,0.0,0.0,22.0,1.0,1.0,0.0,0.0,0.0,0.0,13.0,53.0,0.0,0.0,0.0,1.0,1.0,1.0,0.0,1.0,0.0,0.0,0.0,0.0,1.0,0.0,0.0,0.0,0.0,1.0,0.0,0.0,1.0,0.0,-1.0,1.0,-1.0,-1.0,1.0,1.0
1048,585.0,3.0,0.0,2.0,39.0,0.0,0.0,0.0,0.0,0.0,0.0,0.0,0.0,0.0,0.0,1.0,1.0,0.0,0.0,1.0,0.0,16.0,16.0,0.0,0.0,0.0,1.0,1.0,0.0833333333,1.0,1.0,1.0,0.0,1.0,0.0,1.0,0.0,0.0,0.0,0.0,0.0,0.0,0.0,1.0,1.0,1.0,-1.0,1.0,-1.0,1.0,1.0
1049,2457.0,2.0,0.0,7.0,90.0,1.0,1.0,0.0,0.0,1.0,0.0,1.0,0.0,0.0,13.0,1.0,1.0,0.0,0.0,0.0,0.0,26.0,47.0,9.0,0.0,1.0,0.0,0.0,0.3333333333,0.0,1.0,0.0,0.0,0.0,0.0,0.0,0.0,0.0,0.0,0.0,0.0,0.0,0.0,1.0,-1.0,1.0,1.0,0.0,1.0,1.0,1.0
1050,9147.0,1.0,0.0,3.0,38.0,0.0,0.0,0.0,0.0,0.0,0.0,0.0,0.0,0.0,0.0,1.0,1.0,0.0,0.0,1.0,0.0,16.0,15.0,0.0,0.0,0.0,0.0,0.0642201835,0.7272727273,0.0,1.0,0.0,0.0,0.0,0.0183486239,0.0,0.0,0.0,0.0,0.0,0.0,0.0,0.0,1.0,1.0,-1.0,1.0,1.0,1.0,0.0,0.0
1051,3541.0,3.0,1.0,3.0,30.0,0.0,0.0,0.0,0.0,0.0,0.0,0.0,0.0,0.0,0.0,1.0,0.0,0.0,0.0,1.0,0.0,14.0,9.0,0.0,0.0,0.0,0.0,0.0,0.7857142857,0.0,1.0,0.0,0.0,0.0,1.0,1.0,0.0,0.0,0.0,0.0,1.0,0.0,0.0,1.0,1.0,-1.0,1.0,1.0,-1.0,1.0,1.0
1052,6986.0,2.0,1.0,3.0,67.0,3.0,0.0,0.0,0.0,0.0,0.0,0.0,0.0,0.0,5.0,1.0,1.0,0.0,0.0,0.0,0.0,19.0,41.0,0.0,0.0,0.0,0.0,0.4514285714,1.0,1.0,0.0,0.0,0.0,0.0,0.0457142857,0.0,0.0,0.0,0.0,0.0,0.0,0.0,0.0,1.0,0.0,-1.0,1.0,-1.0,0.0,0.0,0.0
1053,4645.0,4.0,1.0,6.0,108.0,5.0,0.0,0.0,0.0,1.0,0.0,0.0,0.0,0.0,0.0,1.0,0.0,0.0,0.0,1.0,0.0,17.0,84.0,0.0,0.0,0.0,0.0,1.0,0.1111111111,0.0,1.0,0.0,0.0,0.0,0.0,1.0,0.0,0.0,0.0,0.0,0.0,0.0,0.0,1.0,-1.0,1.0,1.0,1.0,-1.0,1.0,1.0
1054,2510.0,3.0,1.0,2.0,131.0,0.0,0.0,0.0,0.0,0.0,0.0,1.0,0.0,0.0,11.0,0.0,0.0,0.0,0.0,0.0,0.0,29.0,17.0,76.0,0.0,0.0,0.0,0.0444444444,1.0,1.0,0.0,0.0,0.0,0.0,0.0,0.0,0.0,0.0,0.0,0.0,0.0,0.0,0.0,1.0,-1.0,-1.0,1.0,-1.0,1.0,1.0,1.0
1055,4425.0,4.0,1.0,4.0,64.0,1.0,1.0,0.0,0.0,1.0,0.0,0.0,0.0,0.0,3.0,1.0,0.0,0.0,0.0,1.0,0.0,28.0,29.0,0.0,0.0,0.0,0.0,1.0,1.0,1.0,1.0,0.0,0.0,0.0,0.0,1.0,0.0,0.0,0.0,0.0,1.0,0.0,0.0,1.0,0.0,-1.0,1.0,-1.0,-1.0,1.0,1.0
1056,5821.0,2.0,1.0,5.0,60.0,2.0,0.0,0.0,0.0,0.0,0.0,0.0,0.0,0.0,8.0,1.0,1.0,0.0,0.0,1.0,0.0,23.0,30.0,0.0,0.0,0.0,0.0,0.5403225806,1.0,1.0,1.0,1.0,0.0,0.0,0.0483870968,0.0,0.0,0.0,0.0,1.0,1.0,0.0,0.0,1.0,0.0,-1.0,1.0,0.0,0.0,0.0,0.0
1057,1665.0,2.0,0.0,4.0,41.0,0.0,0.0,0.0,0.0,0.0,0.0,0.0,0.0,0.0,0.0,1.0,1.0,0.0,0.0,0.0,0.0,19.0,15.0,0.0,0.0,0.0,0.0,0.0,0.0,0.0,1.0,0.0,0.0,0.0,0.0,0.0,0.0,0.0,0.0,0.0,0.0,0.0,0.0,1.0,1.0,1.0,1.0,1.0,1.0,1.0,1.0
1058,2082.0,3.0,1.0,6.0,64.0,0.0,0.0,0.0,0.0,0.0,0.0,0.0,0.0,0.0,0.0,1.0,0.0,0.0,0.0,1.0,0.0,21.0,36.0,0.0,0.0,1.0,1.0,1.0,1.0,1.0,1.0,0.0,0.0,0.0,0.0,1.0,0.0,0.0,0.0,0.0,0.0,0.0,0.0,1.0,0.0,-1.0,1.0,-1.0,-1.0,1.0,1.0
1059,9335.0,2.0,1.0,3.0,49.0,1.0,0.0,0.0,0.0,0.0,0.0,0.0,0.0,0.0,0.0,1.0,0.0,0.0,0.0,1.0,0.0,22.0,20.0,0.0,0.0,0.0,0.0,0.0986842105,0.2388059701,0.0,1.0,1.0,0.0,0.0,0.0460526316,0.0,0.0,0.0,0.0,1.0,0.0,0.0,0.0,1.0,1.0,0.0,1.0,0.0,1.0,0.0,0.0
1060,4474.0,3.0,1.0,2.0,50.0,0.0,0.0,0.0,0.0,0.0,0.0,0.0,0.0,0.0,0.0,1.0,0.0,0.0,0.0,0.0,0.0,26.0,17.0,0.0,0.0,0.0,0.0,0.0,0.75,1.0,1.0,0.0,1.0,0.0,0.0,1.0,0.0,0.0,0.0,0.0,0.0,0.0,0.0,1.0,1.0,-1.0,0.0,0.0,1.0,1.0,1.0
1061,70.0,2.0,1.0,3.0,37.0,0.0,0.0,0.0,0.0,0.0,0.0,0.0,0.0,0.0,0.0,1.0,0.0,0.0,0.0,1.0,0.0,22.0,8.0,0.0,0.0,0.0,0.0,0.0,0.0,0.0,1.0,0.0,0.0,0.0,0.0,0.0,0.0,0.0,0.0,0.0,0.0,0.0,0.0,1.0,1.0,1.0,1.0,1.0,1.0,1.0,1.0
1062,2292.0,3.0,1.0,4.0,50.0,0.0,0.0,0.0,0.0,0.0,0.0,0.0,0.0,0.0,0.0,0.0,0.0,0.0,0.0,1.0,0.0,20.0,22.0,0.0,0.0,0.0,0.0,0.0,0.0,0.0,0.0,1.0,0.0,0.0,1.0,0.0,0.0,0.0,0.0,0.0,0.0,0.0,0.0,1.0,1.0,1.0,1.0,1.0,-1.0,1.0,1.0
1063,4184.0,3.0,1.0,2.0,63.0,1.0,1.0,0.0,0.0,0.0,0.0,0.0,0.0,0.0,4.0,1.0,1.0,0.0,0.0,0.0,0.0,37.0,19.0,0.0,0.0,1.0,0.0,0.0,0.0,0.0,1.0,0.0,0.0,0.0,0.0,0.0,0.0,0.0,0.0,0.0,0.0,0.0,0.0,1.0,0.0,1.0,1.0,1.0,1.0,1.0,1.0
1064,8998.0,3.0,0.0,2.0,59.0,0.0,0.0,0.0,0.0,0.0,0.0,0.0,0.0,0.0,7.0,1.0,1.0,0.0,0.0,0.0,0.0,13.0,17.0,21.0,0.0,0.0,0.0,0.0,0.1111111111,0.0,0.0,0.0,0.0,0.0,0.0,0.0,0.0,0.0,0.0,0.0,0.0,0.0,0.0,1.0,0.0,1.0,1.0,1.0,1.0,0.0,0.0
1065,4388.0,2.0,0.0,2.0,38.0,0.0,0.0,0.0,0.0,0.0,0.0,0.0,0.0,0.0,0.0,1.0,0.0,0.0,0.0,0.0,0.0,13.0,18.0,0.0,0.0,0.0,0.0,0.9230769231,1.0,0.0,1.0,0.0,0.0,0.0,0.0,1.0,0.0,0.0,0.0,0.0,0.0,0.0,0.0,1.0,1.0,1.0,1.0,-1.0,-1.0,1.0,1.0
1066,5688.0,3.0,1.0,2.0,68.0,5.0,0.0,0.0,0.0,0.0,0.0,0.0,0.0,0.0,5.0,1.0,1.0,0.0,0.0,1.0,0.0,20.0,41.0,0.0,0.0,0.0,0.0,1.0,0.0,0.0,0.0,0.0,0.0,0.0,0.0,1.0,0.0,0.0,0.0,0.0,0.0,0.0,0.0,1.0,0.0,1.0,1.0,1.0,-1.0,0.0,0.0
1067,2618.0,3.0,0.0,3.0,37.0,0.0,0.0,0.0,0.0,0.0,0.0,0.0,0.0,0.0,0.0,1.0,1.0,0.0,0.0,0.0,0.0,12.0,18.0,0.0,0.0,0.0,0.0,0.8571428571,0.0,0.0,1.0,0.0,0.0,0.0,0.1428571429,0.0,0.0,0.0,0.0,0.0,0.0,0.0,0.0,1.0,1.0,1.0,1.0,1.0,-1.0,1.0,1.0
1068,6522.0,1.0,0.0,4.0,218.0,23.0,0.0,0.0,0.0,0.0,3.0,1.0,0.0,0.0,26.0,1.0,1.0,0.0,0.0,1.0,0.0,13.0,90.0,107.0,0.0,0.0,0.0,0.1616766467,0.988372093,1.0,1.0,1.0,0.0,0.0,0.0,0.0,0.0,0.0,0.0,0.0,1.0,0.0,0.0,1.0,-1.0,-1.0,1.0,-1.0,1.0,0.0,0.0
1069,447.0,1.0,0.0,3.0,38.0,1.0,0.0,0.0,0.0,0.0,0.0,0.0,0.0,0.0,0.0,1.0,0.0,0.0,0.0,0.0,0.0,15.0,16.0,0.0,0.0,0.0,0.0,1.0,1.0,0.0,1.0,0.0,0.0,0.0,0.0,1.0,0.0,0.0,0.0,0.0,1.0,0.0,0.0,1.0,1.0,-1.0,1.0,-1.0,-1.0,1.0,1.0
1070,2088.0,2.0,0.0,2.0,34.0,0.0,0.0,0.0,0.0,0.0,0.0,0.0,0.0,0.0,0.0,1.0,0.0,0.0,0.0,0.0,0.0,14.0,13.0,0.0,0.0,0.0,0.0,0.0,1.0,0.0,1.0,0.0,0.0,0.0,0.0,1.0,0.0,0.0,0.0,0.0,0.0,0.0,0.0,1.0,1.0,-1.0,1.0,-1.0,1.0,1.0,1.0
1071,1435.0,2.0,0.0,5.0,50.0,1.0,0.0,0.0,0.0,0.0,0.0,0.0,0.0,0.0,1.0,1.0,1.0,0.0,0.0,1.0,0.0,12.0,31.0,0.0,0.0,0.0,0.0,1.0,1.0,0.0,1.0,0.0,1.0,0.0,0.0,1.0,0.0,0.0,0.0,0.0,1.0,0.0,0.0,1.0,1.0,-1.0,0.0,-1.0,-1.0,1.0,1.0
1072,2008.0,2.0,0.0,6.0,63.0,1.0,0.0,0.0,0.0,0.0,0.0,0.0,0.0,0.0,0.0,1.0,1.0,0.0,0.0,0.0,0.0,12.0,44.0,0.0,0.0,0.0,0.0,0.0,0.0,0.0,1.0,1.0,0.0,0.0,0.0,1.0,0.0,0.0,0.0,0.0,0.0,0.0,0.0,1.0,0.0,1.0,1.0,1.0,1.0,1.0,1.0
1073,2586.0,6.0,4.0,1.0,60.0,0.0,0.0,0.0,0.0,0.0,0.0,0.0,0.0,0.0,0.0,1.0,0.0,0.0,0.0,1.0,0.0,42.0,11.0,0.0,0.0,2.0,0.0,0.0,0.1,0.0,1.0,0.0,0.0,0.0,0.0,0.0,0.0,0.0,0.0,0.0,0.0,0.0,0.0,-1.0,0.0,0.0,1.0,1.0,1.0,1.0,1.0
1074,9630.0,2.0,1.0,5.0,44.0,0.0,0.0,0.0,0.0,0.0,0.0,0.0,0.0,0.0,1.0,1.0,0.0,0.0,0.0,1.0,0.0,20.0,17.0,0.0,0.0,0.0,0.0,0.0172413793,0.9824561404,1.0,0.0,0.0,0.0,0.0,0.0034482759,0.0,0.0,0.0,0.0,1.0,1.0,0.0,0.0,1.0,1.0,-1.0,1.0,0.0,1.0,0.0,0.0
1075,9028.0,1.0,0.0,3.0,36.0,1.0,0.0,0.0,0.0,0.0,0.0,0.0,0.0,0.0,0.0,1.0,0.0,0.0,0.0,0.0,0.0,12.0,17.0,0.0,0.0,0.0,0.0,0.0093457944,0.0296296296,0.0,1.0,0.0,0.0,0.0,0.0560747664,0.0,0.0,0.0,0.0,0.0,0.0,0.0,0.0,1.0,1.0,1.0,1.0,1.0,1.0,0.0,0.0
1076,81.0,1.0,0.0,3.0,59.0,1.0,1.0,0.0,0.0,0.0,0.0,0.0,0.0,0.0,18.0,1.0,1.0,0.0,0.0,0.0,0.0,14.0,38.0,0.0,0.0,0.0,0.0,0.5,0.0,0.0,1.0,1.0,0.0,0.0,0.5,0.0,0.0,0.0,0.0,0.0,1.0,0.0,0.0,1.0,0.0,1.0,1.0,1.0,-1.0,1.0,1.0
1077,2335.0,4.0,1.0,4.0,58.0,0.0,0.0,0.0,0.0,0.0,0.0,0.0,0.0,0.0,4.0,1.0,1.0,0.0,0.0,0.0,0.0,20.0,31.0,0.0,0.0,0.0,0.0,0.0,0.0,0.0,1.0,1.0,0.0,0.0,1.0,0.0,0.0,0.0,0.0,0.0,0.0,0.0,0.0,1.0,0.0,1.0,1.0,1.0,-1.0,1.0,1.0
1078,4449.0,4.0,1.0,3.0,81.0,1.0,0.0,0.0,0.0,0.0,0.0,0.0,0.0,0.0,0.0,1.0,1.0,0.0,0.0,0.0,0.0,29.0,45.0,0.0,0.0,1.0,0.0,1.0,1.0,0.0,1.0,0.0,0.0,0.0,0.0,1.0,0.0,0.0,0.0,0.0,1.0,1.0,0.0,1.0,-1.0,-1.0,1.0,-1.0,-1.0,1.0,1.0
1079,6090.0,3.0,1.0,1.0,99.0,0.0,0.0,0.0,0.0,0.0,0.0,5.0,0.0,0.0,5.0,1.0,0.0,0.0,0.0,0.0,0.0,18.0,10.0,63.0,0.0,0.0,0.0,0.0943396226,0.0,0.0,1.0,0.0,0.0,0.0,0.0,0.0,0.0,0.0,0.0,0.0,0.0,0.0,0.0,1.0,-1.0,1.0,1.0,1.0,1.0,0.0,0.0
1080,7976.0,1.0,0.0,5.0,67.0,8.0,0.0,0.0,0.0,0.0,0.0,0.0,0.0,0.0,14.0,1.0,1.0,0.0,0.0,1.0,0.0,11.0,49.0,0.0,0.0,0.0,0.0,0.0280373832,0.7142857143,0.0,0.0,0.0,0.0,0.0,0.0,0.0,0.0,0.0,0.0,0.0,0.0,0.0,0.0,1.0,0.0,-1.0,1.0,0.0,1.0,0.0,0.0
1081,363.0,2.0,0.0,2.0,32.0,0.0,0.0,0.0,0.0,0.0,0.0,0.0,0.0,0.0,0.0,1.0,0.0,0.0,0.0,0.0,0.0,8.0,17.0,0.0,0.0,0.0,0.0,0.0,0.0,0.0,1.0,0.0,0.0,0.0,0.0,0.0,0.0,0.0,0.0,0.0,0.0,0.0,0.0,1.0,1.0,1.0,1.0,1.0,1.0,1.0,1.0
1082,8861.0,2.0,1.0,2.0,34.0,0.0,0.0,0.0,0.0,0.0,0.0,0.0,0.0,0.0,4.0,1.0,1.0,0.0,0.0,0.0,0.0,21.0,6.0,0.0,0.0,0.0,0.0,0.2352941176,0.1,0.0,1.0,0.0,0.0,0.0,0.1176470588,0.0,0.0,0.0,0.0,1.0,0.0,0.0,0.0,1.0,1.0,1.0,1.0,1.0,0.0,0.0,0.0
1083,3.0,3.0,1.0,2.0,58.0,0.0,0.0,0.0,0.0,0.0,0.0,0.0,0.0,0.0,0.0,1.0,0.0,0.0,0.0,0.0,0.0,27.0,24.0,0.0,0.0,0.0,0.0,0.375,1.0,1.0,1.0,0.0,0.0,0.0,0.0,0.0,0.0,0.0,0.0,0.0,0.0,0.0,0.0,1.0,0.0,-1.0,1.0,-1.0,0.0,1.0,1.0
1084,9587.0,2.0,1.0,3.0,57.0,1.0,0.0,0.0,0.0,0.0,0.0,0.0,0.0,0.0,10.0,1.0,1.0,0.0,0.0,0.0,0.0,18.0,32.0,0.0,0.0,0.0,0.0,0.1363636364,0.8095238095,0.0,1.0,1.0,0.0,1.0,0.0,0.0,0.0,0.0,0.0,0.0,0.0,0.0,0.0,1.0,0.0,0.0,-1.0,0.0,1.0,0.0,0.0
1085,6573.0,2.0,0.0,3.0,67.0,0.0,0.0,0.0,0.0,0.0,0.0,0.0,0.0,0.0,0.0,1.0,0.0,0.0,0.0,0.0,0.0,36.0,24.0,0.0,0.0,0.0,0.0,0.0141843972,0.0740740741,0.0,0.0,0.0,0.0,0.0,0.0,0.0,0.0,0.0,0.0,0.0,0.0,0.0,0.0,1.0,0.0,1.0,1.0,-1.0,1.0,0.0,0.0
1086,5486.0,1.0,0.0,5.0,68.0,3.0,0.0,0.0,0.0,0.0,0.0,0.0,0.0,0.0,8.0,1.0,1.0,0.0,0.0,1.0,0.0,16.0,45.0,0.0,0.0,0.0,0.0,0.3714285714,1.0,1.0,1.0,0.0,0.0,0.0,0.0,0.0,0.0,0.0,0.0,0.0,0.0,0.0,0.0,1.0,0.0,-1.0,1.0,-1.0,0.0,0.0,0.0
1087,7528.0,2.0,1.0,4.0,101.0,9.0,0.0,0.0,0.0,0.0,0.0,0.0,0.0,0.0,6.0,1.0,1.0,0.0,0.0,1.0,0.0,19.0,75.0,0.0,0.0,0.0,0.0,0.2666666667,0.2068965517,0.0,1.0,0.0,0.0,0.0,0.04,0.0,0.0,0.0,0.0,1.0,1.0,0.0,0.0,1.0,-1.0,1.0,1.0,0.0,1.0,0.0,0.0
1088,1467.0,3.0,1.0,6.0,78.0,1.0,0.0,0.0,0.0,0.0,0.0,0.0,0.0,0.0,0.0,1.0,1.0,0.0,0.0,1.0,0.0,19.0,52.0,0.0,0.0,0.0,0.0,0.0,0.0,0.0,1.0,1.0,0.0,0.0,1.0,0.0,0.0,0.0,0.0,0.0,0.0,0.0,0.0,1.0,-1.0,1.0,1.0,1.0,-1.0,1.0,1.0
1089,7189.0,1.0,0.0,5.0,147.0,14.0,0.0,0.0,0.0,0.0,0.0,0.0,0.0,0.0,8.0,1.0,1.0,0.0,0.0,0.0,0.0,18.0,122.0,0.0,0.0,1.0,0.0,0.2552552553,1.0,1.0,1.0,1.0,1.0,0.0,0.012012012,0.0,0.0,0.0,0.0,1.0,1.0,0.0,0.0,1.0,-1.0,-1.0,0.0,0.0,1.0,0.0,0.0
1090,5287.0,2.0,0.0,3.0,89.0,1.0,0.0,0.0,0.0,0.0,0.0,2.0,1.0,0.0,6.0,1.0,0.0,0.0,0.0,0.0,0.0,22.0,34.0,25.0,0.0,0.0,0.0,0.0328638498,0.0035460993,0.0,0.0,0.0,0.0,0.0,0.0,0.0,0.0,0.0,0.0,0.0,1.0,0.0,0.0,1.0,-1.0,1.0,1.0,1.0,1.0,0.0,0.0
1091,864.0,4.0,0.0,3.0,182.0,0.0,0.0,0.0,0.0,6.0,0.0,11.0,7.0,0.0,9.0,1.0,0.0,1.0,0.0,0.0,0.0,12.0,22.0,140.0,0.0,1.0,0.0,0.375,0.0,0.0,1.0,0.0,0.0,0.0,0.0,1.0,0.0,0.0,0.0,0.0,0.0,0.0,0.0,1.0,-1.0,1.0,1.0,0.0,0.0,1.0,1.0
1092,6788.0,2.0,1.0,6.0,93.0,6.0,0.0,0.0,0.0,0.0,0.0,0.0,0.0,0.0,9.0,1.0,1.0,0.0,0.0,1.0,0.0,13.0,73.0,0.0,0.0,0.0,0.0,0.5411255411,0.4473684211,0.0,1.0,0.0,0.0,0.0,0.0,0.0,0.0,0.0,0.0,0.0,1.0,0.0,0.0,1.0,-1.0,0.0,1.0,0.0,0.0,0.0,0.0
1093,3333.0,2.0,1.0,4.0,70.0,2.0,0.0,0.0,0.0,0.0,0.0,0.0,0.0,0.0,0.0,1.0,0.0,0.0,0.0,1.0,0.0,32.0,31.0,0.0,0.0,0.0,0.0,0.0,0.0,0.0,1.0,0.0,0.0,0.0,0.0,0.0,0.0,0.0,0.0,0.0,0.0,0.0,0.0,1.0,0.0,1.0,1.0,1.0,1.0,1.0,1.0
1094,5590.0,3.0,2.0,8.0,97.0,2.0,0.0,0.0,0.0,0.0,0.0,0.0,0.0,0.0,8.0,1.0,1.0,0.0,0.0,1.0,0.0,28.0,62.0,0.0,0.0,0.0,0.0,0.0625,0.0303030303,0.0,0.0,0.0,0.0,0.0,0.0,0.0,0.0,0.0,0.0,1.0,0.0,0.0,0.0,0.0,-1.0,1.0,1.0,1.0,1.0,0.0,0.0
1095,8505.0,2.0,1.0,2.0,28.0,0.0,0.0,0.0,0.0,0.0,0.0,0.0,0.0,0.0,5.0,1.0,1.0,0.0,0.0,0.0,0.0,14.0,7.0,0.0,0.0,0.0,0.0,0.15,0.2307692308,0.0,1.0,0.0,0.0,0.0,0.2,0.0,0.0,0.0,0.0,0.0,0.0,0.0,0.0,1.0,1.0,1.0,1.0,1.0,0.0,0.0,0.0
1096,4827.0,2.0,0.0,3.0,44.0,0.0,0.0,0.0,0.0,0.0,0.0,0.0,0.0,0.0,1.0,1.0,0.0,0.0,0.0,0.0,0.0,13.0,24.0,0.0,0.0,0.0,0.0,0.0,0.0,0.0,1.0,0.0,0.0,0.0,0.0,0.0,0.0,0.0,0.0,0.0,0.0,0.0,0.0,1.0,1.0,1.0,1.0,1.0,1.0,1.0,1.0
1097,6867.0,2.0,1.0,5.0,85.0,5.0,0.0,0.0,0.0,0.0,0.0,0.0,0.0,0.0,10.0,1.0,1.0,0.0,0.0,0.0,0.0,35.0,43.0,0.0,0.0,0.0,0.0,0.1056179775,0.5197368421,0.0,1.0,0.0,0.0,0.0,0.0898876404,0.0,0.0,0.0,0.0,1.0,1.0,0.0,0.0,1.0,-1.0,0.0,1.0,0.0,1.0,0.0,0.0
1098,5999.0,4.0,1.0,4.0,160.0,0.0,0.0,0.0,0.0,0.0,0.0,8.0,0.0,0.0,18.0,1.0,0.0,0.0,0.0,1.0,0.0,13.0,28.0,111.0,0.0,0.0,0.0,0.1583333333,0.7647058824,0.0,0.0,0.0,0.0,0.0,0.0,0.0,1.0,0.0,0.0,0.0,0.0,0.0,0.0,1.0,-1.0,-1.0,1.0,-1.0,1.0,0.0,0.0
1099,8940.0,1.0,0.0,3.0,36.0,0.0,0.0,0.0,0.0,0.0,0.0,0.0,0.0,0.0,0.0,1.0,0.0,0.0,0.0,1.0,0.0,14.0,15.0,0.0,0.0,0.0,0.0,0.0199004975,0.9619047619,0.0,0.0,0.0,0.0,0.0,0.0149253731,0.0,0.0,0.0,0.0,0.0,1.0,0.0,0.0,1.0,1.0,-1.0,1.0,0.0,1.0,0.0,0.0
1100,3541.0,3.0,1.0,3.0,30.0,0.0,0.0,0.0,0.0,0.0,0.0,0.0,0.0,0.0,0.0,1.0,0.0,0.0,0.0,1.0,0.0,14.0,9.0,0.0,0.0,0.0,0.0,0.0,0.7857142857,0.0,1.0,0.0,0.0,0.0,1.0,1.0,0.0,0.0,0.0,0.0,1.0,0.0,0.0,1.0,1.0,-1.0,1.0,1.0,-1.0,1.0,1.0
1101,1120.0,2.0,0.0,3.0,48.0,1.0,0.0,0.0,0.0,0.0,0.0,0.0,0.0,0.0,0.0,1.0,0.0,0.0,0.0,0.0,0.0,15.0,26.0,0.0,0.0,0.0,0.0,0.9230769231,1.0,0.0,1.0,0.0,0.0,0.0,0.0,1.0,0.0,0.0,0.0,0.0,0.0,0.0,0.0,1.0,1.0,1.0,1.0,-1.0,-1.0,1.0,1.0
1102,235.0,2.0,0.0,2.0,127.0,1.0,0.0,0.0,0.0,7.0,0.0,1.0,2.0,0.0,7.0,1.0,1.0,0.0,0.0,0.0,0.0,14.0,19.0,86.0,0.0,0.0,0.0,0.0,0.3333333333,0.0,1.0,1.0,0.0,0.0,0.0,0.0,0.0,0.0,0.0,0.0,0.0,0.0,0.0,1.0,-1.0,1.0,1.0,-1.0,1.0,1.0,1.0
1103,3301.0,3.0,1.0,3.0,87.0,2.0,0.0,0.0,0.0,0.0,0.0,0.0,0.0,0.0,3.0,1.0,1.0,0.0,0.0,1.0,0.0,29.0,51.0,0.0,0.0,0.0,0.0,0.0,0.09375,1.0,1.0,0.0,1.0,0.0,0.0181818182,0.0,0.0,0.0,0.0,1.0,0.0,0.0,0.0,1.0,-1.0,1.0,0.0,0.0,1.0,1.0,1.0
1104,4512.0,2.0,0.0,4.0,66.0,1.0,0.0,0.0,0.0,0.0,0.0,0.0,0.0,0.0,0.0,1.0,0.0,0.0,0.0,0.0,0.0,25.0,34.0,0.0,0.0,0.0,0.0,0.9230769231,1.0,0.0,1.0,0.0,0.0,0.0,0.0,1.0,0.0,0.0,0.0,0.0,0.0,0.0,0.0,1.0,0.0,1.0,1.0,-1.0,-1.0,1.0,1.0
1105,5719.0,3.0,1.0,6.0,90.0,4.0,0.0,0.0,0.0,0.0,0.0,0.0,0.0,0.0,6.0,1.0,1.0,0.0,0.0,1.0,0.0,16.0,67.0,0.0,0.0,0.0,0.0,0.1294498382,0.9615384615,0.0,1.0,1.0,0.0,0.0,0.0582524272,0.0,0.0,0.0,0.0,0.0,0.0,0.0,0.0,1.0,-1.0,-1.0,1.0,-1.0,1.0,0.0,0.0
1106,7436.0,4.0,1.0,2.0,87.0,0.0,0.0,0.0,0.0,0.0,0.0,1.0,0.0,0.0,4.0,1.0,0.0,0.0,0.0,1.0,0.0,28.0,34.0,17.0,0.0,0.0,0.0,0.5,0.6363636364,0.0,1.0,0.0,0.0,0.0,0.0,0.0,0.0,0.0,0.0,0.0,0.0,0.0,0.0,1.0,-1.0,-1.0,1.0,0.0,0.0,0.0,0.0
1107,4337.0,6.0,1.0,3.0,54.0,0.0,0.0,0.0,0.0,0.0,0.0,0.0,0.0,0.0,0.0,1.0,0.0,0.0,0.0,1.0,0.0,18.0,29.0,0.0,0.0,0.0,0.0,0.0,0.0,0.0,1.0,0.0,1.0,0.0,0.0,1.0,0.0,0.0,0.0,0.0,0.0,0.0,0.0,1.0,0.0,1.0,0.0,1.0,1.0,1.0,1.0
1108,8810.0,2.0,1.0,2.0,38.0,0.0,0.0,0.0,0.0,0.0,0.0,0.0,0.0,0.0,8.0,1.0,1.0,0.0,0.0,0.0,0.0,13.0,18.0,0.0,0.0,0.0,0.0,0.0,0.1111111111,0.0,1.0,1.0,0.0,0.0,0.0094339623,0.0,0.0,0.0,0.0,0.0,1.0,0.0,0.0,1.0,1.0,1.0,1.0,0.0,1.0,0.0,0.0
1109,723.0,1.0,0.0,3.0,63.0,0.0,0.0,0.0,0.0,0.0,0.0,0.0,0.0,0.0,23.0,1.0,1.0,0.0,0.0,1.0,0.0,15.0,41.0,0.0,0.0,0.0,0.0,0.1739130435,0.2441860465,0.0,1.0,0.0,0.0,0.0,0.0434782609,0.0,0.0,0.0,0.0,0.0,0.0,0.0,0.0,1.0,0.0,1.0,1.0,-1.0,1.0,1.0,1.0
1110,5080.0,2.0,1.0,1.0,26.0,0.0,0.0,0.0,0.0,0.0,0.0,0.0,0.0,0.0,0.0,1.0,0.0,0.0,0.0,0.0,0.0,13.0,6.0,0.0,0.0,0.0,1.0,0.1603773585,0.8181818182,1.0,1.0,0.0,0.0,0.0,0.0471698113,0.0,0.0,0.0,0.0,0.0,0.0,0.0,0.0,1.0,1.0,-1.0,1.0,0.0,1.0,0.0,0.0
1111,8063.0,1.0,0.0,6.0,80.0,6.0,0.0,0.0,0.0,0.0,0.0,0.0,0.0,0.0,12.0,1.0,1.0,0.0,0.0,1.0,0.0,16.0,57.0,0.0,0.0,0.0,0.0,0.0924369748,0.2692307692,0.0,1.0,0.0,0.0,0.0,0.025210084,0.0,0.0,0.0,0.0,1.0,1.0,0.0,0.0,1.0,-1.0,1.0,1.0,0.0,1.0,0.0,0.0
1112,920.0,2.0,0.0,2.0,34.0,0.0,0.0,0.0,0.0,0.0,0.0,0.0,0.0,0.0,0.0,1.0,0.0,0.0,0.0,1.0,0.0,13.0,14.0,0.0,0.0,0.0,0.0,0.0,0.0,0.0,1.0,0.0,0.0,0.0,0.0,0.0,0.0,0.0,0.0,0.0,0.0,0.0,0.0,1.0,1.0,1.0,1.0,1.0,1.0,1.0,1.0
1113,3165.0,2.0,1.0,5.0,62.0,1.0,0.0,0.0,0.0,0.0,0.0,0.0,0.0,0.0,0.0,1.0,0.0,0.0,0.0,0.0,0.0,24.0,31.0,0.0,0.0,1.0,0.0,0.0,0.0,0.0,1.0,0.0,0.0,0.0,0.0,0.0,0.0,0.0,0.0,0.0,0.0,0.0,0.0,1.0,0.0,1.0,1.0,1.0,1.0,1.0,1.0
1114,9024.0,1.0,0.0,2.0,50.0,2.0,0.0,0.0,0.0,0.0,0.0,0.0,0.0,0.0,2.0,1.0,0.0,0.0,0.0,0.0,0.0,18.0,25.0,0.0,0.0,0.0,0.0,0.6145833333,0.7613636364,0.0,1.0,1.0,0.0,0.0,0.0104166667,0.0,0.0,0.0,0.0,0.0,1.0,0.0,0.0,1.0,1.0,-1.0,1.0,0.0,0.0,0.0,0.0
1115,9372.0,2.0,1.0,1.0,53.0,2.0,0.0,0.0,0.0,0.0,0.0,0.0,0.0,0.0,0.0,1.0,0.0,0.0,0.0,0.0,0.0,15.0,31.0,0.0,0.0,0.0,0.0,0.0465116279,0.7058823529,0.0,0.0,0.0,0.0,0.0,0.0,0.0,0.0,0.0,0.0,0.0,0.0,0.0,0.0,1.0,1.0,1.0,1.0,0.0,1.0,0.0,0.0
1116,9367.0,2.0,1.0,3.0,51.0,1.0,0.0,0.0,0.0,0.0,0.0,0.0,0.0,0.0,2.0,1.0,0.0,0.0,0.0,1.0,0.0,24.0,20.0,0.0,0.0,0.0,0.0,0.0040816327,0.193877551,0.0,1.0,1.0,0.0,1.0,0.0367346939,0.0,0.0,0.0,0.0,0.0,1.0,0.0,0.0,1.0,1.0,1.0,-1.0,0.0,1.0,0.0,0.0
1117,818.0,4.0,0.0,1.0,57.0,0.0,0.0,0.0,0.0,0.0,0.0,2.0,1.0,0.0,5.0,1.0,1.0,0.0,0.0,0.0,0.0,11.0,11.0,27.0,0.0,1.0,0.0,0.0,0.0,0.0,1.0,0.0,0.0,0.0,0.0,0.0,0.0,0.0,0.0,0.0,0.0,0.0,0.0,1.0,0.0,1.0,1.0,1.0,1.0,1.0,1.0
1118,4642.0,2.0,0.0,3.0,38.0,0.0,0.0,0.0,0.0,0.0,0.0,0.0,0.0,0.0,0.0,1.0,1.0,0.0,0.0,0.0,0.0,12.0,19.0,0.0,0.0,0.0,0.0,0.0,0.0,0.0,1.0,0.0,0.0,0.0,0.0,0.0,0.0,0.0,0.0,0.0,0.0,0.0,0.0,1.0,1.0,1.0,1.0,1.0,1.0,1.0,1.0
1119,2345.0,2.0,0.0,3.0,45.0,0.0,0.0,0.0,0.0,0.0,0.0,0.0,0.0,0.0,0.0,1.0,0.0,0.0,0.0,0.0,0.0,15.0,23.0,0.0,0.0,0.0,0.0,0.0,0.0,0.0,1.0,0.0,0.0,0.0,0.0,0.0,0.0,0.0,0.0,0.0,0.0,0.0,0.0,1.0,1.0,1.0,1.0,1.0,1.0,1.0,1.0
1120,3549.0,1.0,0.0,3.0,50.0,1.0,0.0,0.0,0.0,0.0,0.0,0.0,0.0,0.0,0.0,1.0,0.0,0.0,0.0,0.0,0.0,17.0,26.0,0.0,0.0,0.0,0.0,0.0,0.0,0.0,1.0,1.0,0.0,1.0,0.7272727273,0.0,0.0,0.0,0.0,0.0,0.0,0.0,0.0,1.0,1.0,1.0,-1.0,1.0,-1.0,1.0,1.0
1121,1990.0,3.0,0.0,3.0,48.0,0.0,0.0,0.0,0.0,0.0,0.0,0.0,0.0,0.0,0.0,1.0,1.0,0.0,0.0,0.0,0.0,19.0,22.0,0.0,0.0,0.0,0.0,0.0,0.0,0.0,1.0,1.0,0.0,0.0,0.0,1.0,0.0,0.0,0.0,0.0,0.0,0.0,0.0,1.0,1.0,1.0,1.0,1.0,1.0,1.0,1.0
1122,6721.0,2.0,0.0,0.0,97.0,0.0,0.0,0.0,0.0,1.0,0.0,5.0,4.0,0.0,11.0,1.0,0.0,0.0,0.0,0.0,0.0,18.0,1.0,70.0,0.0,0.0,0.0,0.1899441341,0.0849056604,0.0,1.0,1.0,1.0,1.0,0.0,0.0,0.0,0.0,0.0,0.0,0.0,0.0,0.0,1.0,-1.0,1.0,0.0,1.0,1.0,0.0,0.0
1123,2714.0,2.0,0.0,4.0,61.0,0.0,0.0,0.0,0.0,0.0,0.0,0.0,0.0,0.0,1.0,1.0,0.0,0.0,0.0,0.0,0.0,18.0,36.0,0.0,0.0,0.0,0.0,0.0,0.0,0.0,1.0,0.0,0.0,0.0,0.0,0.0,0.0,0.0,0.0,0.0,0.0,0.0,0.0,1.0,0.0,1.0,1.0,1.0,1.0,1.0,1.0
1124,1982.0,2.0,0.0,4.0,50.0,0.0,0.0,0.0,0.0,0.0,0.0,0.0,0.0,0.0,4.0,1.0,1.0,0.0,0.0,0.0,0.0,20.0,23.0,0.0,0.0,0.0,0.0,0.0,0.0,0.0,1.0,0.0,0.0,0.0,1.0,0.0,0.0,0.0,0.0,0.0,0.0,0.0,1.0,1.0,1.0,1.0,1.0,1.0,-1.0,1.0,1.0
1125,8270.0,3.0,1.0,3.0,60.0,2.0,1.0,0.0,0.0,0.0,0.0,0.0,0.0,0.0,2.0,1.0,0.0,0.0,0.0,0.0,0.0,19.0,34.0,0.0,0.0,0.0,0.0,0.2409638554,0.1428571429,0.0,1.0,0.0,0.0,0.0,0.0722891566,0.0,0.0,0.0,0.0,0.0,1.0,0.0,0.0,1.0,0.0,1.0,1.0,0.0,0.0,0.0,0.0
1126,6706.0,1.0,0.0,6.0,60.0,2.0,0.0,0.0,0.0,0.0,0.0,0.0,0.0,0.0,10.0,1.0,1.0,0.0,0.0,1.0,0.0,21.0,32.0,0.0,0.0,0.0,0.0,0.0392156863,0.0,0.0,0.0,0.0,0.0,0.0,0.0196078431,0.0,0.0,0.0,0.0,0.0,0.0,0.0,0.0,1.0,0.0,1.0,1.0,1.0,1.0,0.0,0.0
1127,9403.0,3.0,1.0,3.0,53.0,0.0,0.0,0.0,0.0,1.0,0.0,0.0,0.0,0.0,13.0,1.0,1.0,0.0,0.0,0.0,0.0,15.0,31.0,0.0,0.0,0.0,0.0,0.64,1.0,0.0,1.0,0.0,0.0,0.0,0.12,1.0,0.0,0.0,0.0,1.0,0.0,0.0,0.0,1.0,1.0,-1.0,1.0,-1.0,-1.0,0.0,0.0
1128,4199.0,2.0,1.0,2.0,57.0,1.0,1.0,0.0,0.0,0.0,0.0,0.0,0.0,0.0,0.0,0.0,1.0,0.0,0.0,0.0,0.0,43.0,6.0,0.0,0.0,0.0,0.0,0.0,0.0,0.0,0.0,1.0,0.0,0.0,1.0,0.0,0.0,0.0,0.0,0.0,0.0,0.0,0.0,1.0,0.0,1.0,1.0,1.0,-1.0,1.0,1.0
1129,7321.0,1.0,0.0,2.0,111.0,12.0,0.0,0.0,0.0,0.0,0.0,1.0,0.0,0.0,10.0,1.0,1.0,0.0,0.0,1.0,0.0,15.0,81.0,7.0,0.0,0.0,0.0,0.1015625,0.1830065359,0.0,0.0,0.0,0.0,0.0,0.0,0.0,0.0,0.0,1.0,1.0,1.0,0.0,0.0,1.0,-1.0,1.0,1.0,0.0,1.0,0.0,0.0
1130,2542.0,2.0,0.0,2.0,38.0,0.0,0.0,0.0,0.0,0.0,0.0,0.0,0.0,0.0,0.0,1.0,0.0,0.0,0.0,0.0,0.0,13.0,18.0,0.0,0.0,0.0,0.0,0.9230769231,1.0,0.0,1.0,0.0,0.0,0.0,0.0,1.0,0.0,0.0,0.0,0.0,0.0,0.0,0.0,1.0,1.0,1.0,1.0,-1.0,-1.0,1.0,1.0
1131,6890.0,1.0,0.0,7.0,85.0,5.0,0.0,0.0,0.0,0.0,0.0,0.0,0.0,0.0,14.0,1.0,1.0,0.0,0.0,1.0,0.0,13.0,65.0,0.0,0.0,0.0,0.0,0.0185185185,0.0816326531,0.0,0.0,0.0,0.0,0.0,0.037037037,0.0,0.0,0.0,0.0,0.0,0.0,0.0,0.0,1.0,-1.0,1.0,1.0,1.0,1.0,0.0,0.0
1132,258.0,2.0,0.0,3.0,49.0,0.0,0.0,0.0,0.0,0.0,0.0,0.0,0.0,0.0,0.0,1.0,1.0,0.0,0.0,0.0,0.0,13.0,29.0,0.0,0.0,1.0,1.0,1.0,1.0,0.0,1.0,0.0,0.0,0.0,0.0,1.0,0.0,0.0,0.0,0.0,0.0,0.0,0.0,1.0,1.0,-1.0,1.0,-1.0,-1.0,1.0,1.0
1133,6666.0,1.0,0.0,4.0,86.0,2.0,0.0,0.0,0.0,0.0,0.0,0.0,0.0,0.0,0.0,1.0,0.0,0.0,0.0,1.0,0.0,15.0,64.0,0.0,0.0,0.0,0.0,0.0143369176,0.2222222222,0.0,1.0,1.0,0.0,0.0,0.0035842294,0.0,0.0,0.0,0.0,0.0,0.0,0.0,0.0,1.0,-1.0,1.0,1.0,0.0,1.0,0.0,0.0
1134,8891.0,2.0,0.0,1.0,40.0,0.0,0.0,0.0,0.0,0.0,0.0,0.0,0.0,0.0,0.0,1.0,0.0,0.0,0.0,1.0,0.0,24.0,9.0,0.0,0.0,0.0,0.0,0.0285714286,0.1142857143,0.0,0.0,0.0,0.0,0.0,0.0285714286,0.0,0.0,0.0,0.0,0.0,0.0,0.0,0.0,1.0,1.0,1.0,1.0,0.0,1.0,0.0,0.0
1135,7765.0,1.0,0.0,6.0,98.0,9.0,0.0,0.0,0.0,1.0,0.0,0.0,0.0,0.0,17.0,1.0,1.0,0.0,0.0,1.0,0.0,19.0,72.0,0.0,0.0,0.0,0.0,0.2325581395,1.0,1.0,0.0,0.0,0.0,0.0,0.0930232558,0.0,0.0,0.0,0.0,0.0,1.0,0.0,0.0,1.0,-1.0,-1.0,1.0,-1.0,0.0,0.0,0.0
1136,1850.0,2.0,0.0,5.0,144.0,0.0,0.0,0.0,0.0,0.0,0.0,0.0,0.0,0.0,71.0,1.0,1.0,0.0,0.0,0.0,0.0,15.0,57.0,64.0,0.0,1.0,0.0,0.0,0.0,0.0,1.0,0.0,0.0,0.0,0.0,0.0,0.0,0.0,0.0,0.0,0.0,0.0,0.0,1.0,-1.0,1.0,1.0,1.0,1.0,1.0,1.0
1137,10.0,2.0,0.0,2.0,46.0,0.0,0.0,0.0,0.0,0.0,0.0,0.0,0.0,0.0,0.0,1.0,0.0,0.0,0.0,1.0,0.0,14.0,25.0,0.0,0.0,0.0,1.0,1.0,1.0,1.0,1.0,0.0,0.0,0.0,0.0,1.0,0.0,0.0,0.0,0.0,0.0,0.0,0.0,1.0,1.0,1.0,1.0,-1.0,-1.0,1.0,1.0
1138,4150.0,2.0,0.0,3.0,44.0,0.0,0.0,0.0,0.0,0.0,0.0,0.0,0.0,0.0,0.0,1.0,0.0,0.0,0.0,0.0,0.0,19.0,18.0,0.0,0.0,1.0,0.0,0.0,1.0,0.0,1.0,0.0,0.0,0.0,0.0,0.0,0.0,0.0,0.0,0.0,0.0,0.0,0.0,1.0,1.0,-1.0,1.0,-1.0,1.0,1.0,1.0
1139,9569.0,2.0,1.0,0.0,29.0,0.0,0.0,0.0,0.0,0.0,0.0,0.0,0.0,0.0,0.0,1.0,0.0,0.0,0.0,0.0,0.0,21.0,1.0,0.0,0.0,0.0,0.0,0.03125,0.3448275862,0.0,0.0,0.0,0.0,0.0,0.09375,0.0,0.0,0.0,0.0,0.0,1.0,0.0,0.0,1.0,1.0,0.0,1.0,0.0,1.0,0.0,0.0
1140,2765.0,2.0,0.0,3.0,58.0,1.0,1.0,0.0,0.0,0.0,0.0,0.0,0.0,0.0,0.0,1.0,0.0,0.0,0.0,1.0,0.0,20.0,31.0,0.0,0.0,0.0,0.0,0.0,0.0,0.0,1.0,1.0,0.0,0.0,0.0,0.0,0.0,0.0,0.0,0.0,0.0,1.0,0.0,1.0,0.0,1.0,1.0,1.0,1.0,1.0,1.0
1141,5265.0,1.0,0.0,3.0,73.0,4.0,0.0,0.0,0.0,0.0,0.0,0.0,0.0,0.0,0.0,1.0,0.0,0.0,0.0,0.0,0.0,12.0,54.0,0.0,0.0,0.0,0.0,0.0810810811,0.1818181818,0.0,1.0,1.0,0.0,0.0,0.1351351351,0.0,0.0,0.0,0.0,0.0,0.0,0.0,0.0,1.0,0.0,0.0,1.0,1.0,1.0,0.0,0.0
1142,850.0,2.0,0.0,3.0,35.0,0.0,0.0,0.0,0.0,0.0,0.0,0.0,0.0,0.0,0.0,1.0,1.0,0.0,0.0,0.0,0.0,8.0,20.0,0.0,0.0,0.0,0.0,0.0,0.0,0.0,1.0,0.0,0.0,0.0,0.0,0.0,0.0,0.0,0.0,0.0,0.0,0.0,0.0,1.0,1.0,1.0,1.0,1.0,1.0,1.0,1.0
1143,9744.0,2.0,1.0,3.0,45.0,1.0,0.0,0.0,0.0,0.0,0.0,0.0,0.0,0.0,0.0,1.0,0.0,0.0,0.0,0.0,0.0,20.0,18.0,0.0,0.0,0.0,0.0,0.5045045045,0.5256410256,0.0,1.0,0.0,1.0,0.0,0.027027027,0.0,0.0,0.0,0.0,0.0,1.0,0.0,0.0,1.0,1.0,0.0,0.0,0.0,0.0,0.0,0.0
1144,2205.0,3.0,1.0,6.0,69.0,0.0,0.0,0.0,0.0,0.0,0.0,1.0,0.0,0.0,0.0,1.0,0.0,0.0,0.0,1.0,0.0,21.0,36.0,4.0,0.0,1.0,1.0,1.0,1.0,1.0,1.0,0.0,0.0,0.0,0.0,1.0,0.0,0.0,0.0,0.0,0.0,0.0,0.0,1.0,0.0,-1.0,1.0,-1.0,-1.0,1.0,1.0
1145,1362.0,1.0,0.0,4.0,43.0,0.0,0.0,0.0,0.0,0.0,0.0,0.0,0.0,0.0,0.0,1.0,0.0,0.0,0.0,1.0,0.0,6.0,30.0,0.0,0.0,0.0,1.0,0.9230769231,1.0,0.0,1.0,0.0,0.0,0.0,0.0,1.0,0.0,0.0,0.0,0.0,0.0,0.0,0.0,1.0,1.0,1.0,1.0,-1.0,-1.0,1.0,1.0
1146,8146.0,1.0,0.0,5.0,88.0,3.0,0.0,0.0,0.0,5.0,0.0,0.0,0.0,0.0,8.0,1.0,1.0,0.0,0.0,1.0,0.0,12.0,69.0,0.0,0.0,0.0,0.0,0.0769230769,0.4262295082,0.0,0.0,0.0,0.0,0.0,0.0256410256,0.0,0.0,0.0,0.0,1.0,1.0,0.0,0.0,1.0,-1.0,0.0,1.0,0.0,1.0,0.0,0.0
1147,4985.0,3.0,2.0,3.0,117.0,5.0,3.0,0.0,0.0,0.0,0.0,0.0,0.0,0.0,20.0,1.0,1.0,0.0,1.0,0.0,0.0,52.0,58.0,0.0,0.0,0.0,0.0,0.0,0.0,0.0,1.0,0.0,0.0,0.0,0.0,0.0,0.0,0.0,0.0,0.0,0.0,0.0,0.0,1.0,-1.0,1.0,1.0,1.0,1.0,1.0,1.0
1148,2273.0,4.0,1.0,2.0,63.0,1.0,0.0,0.0,0.0,0.0,0.0,0.0,0.0,0.0,0.0,1.0,0.0,0.0,0.0,0.0,0.0,25.0,31.0,0.0,0.0,0.0,0.0,1.0,1.0,0.0,1.0,0.0,1.0,0.0,0.0,1.0,0.0,0.0,0.0,0.0,1.0,1.0,0.0,1.0,0.0,-1.0,0.0,1.0,-1.0,1.0,1.0
1149,5786.0,1.0,0.0,3.0,78.0,4.0,0.0,0.0,0.0,0.0,0.0,0.0,0.0,0.0,0.0,1.0,1.0,0.0,0.0,1.0,0.0,31.0,40.0,0.0,0.0,0.0,0.0,0.0396825397,0.9935483871,1.0,1.0,0.0,0.0,0.0,0.0192743764,0.0,0.0,0.0,0.0,0.0,1.0,0.0,0.0,1.0,-1.0,-1.0,1.0,-1.0,1.0,0.0,0.0
1150,4912.0,2.0,1.0,9.0,101.0,0.0,0.0,0.0,0.0,1.0,0.0,0.0,0.0,0.0,24.0,1.0,1.0,0.0,0.0,1.0,0.0,13.0,81.0,0.0,0.0,0.0,0.0,0.0,0.0,0.0,1.0,0.0,0.0,0.0,0.0,0.0,0.0,0.0,0.0,0.0,0.0,0.0,0.0,1.0,-1.0,1.0,1.0,1.0,1.0,1.0,1.0
1151,8206.0,4.0,1.0,2.0,126.0,0.0,0.0,0.0,0.0,0.0,8.0,1.0,0.0,0.0,15.0,1.0,0.0,0.0,0.0,0.0,0.0,17.0,14.0,87.0,0.0,1.0,0.0,0.2058823529,0.4230769231,0.0,0.0,0.0,0.0,0.0,0.0,0.0,0.0,0.0,0.0,0.0,0.0,0.0,0.0,1.0,-1.0,1.0,1.0,0.0,1.0,0.0,0.0
1152,7907.0,2.0,1.0,5.0,77.0,6.0,0.0,0.0,0.0,0.0,0.0,0.0,0.0,0.0,7.0,1.0,1.0,0.0,0.0,1.0,0.0,12.0,58.0,0.0,0.0,0.0,1.0,0.0,0.8484848485,1.0,0.0,0.0,0.0,0.0,0.037037037,0.0,0.0,0.0,0.0,0.0,1.0,0.0,0.0,1.0,-1.0,-1.0,1.0,0.0,1.0,0.0,0.0
1153,4027.0,3.0,0.0,5.0,70.0,0.0,0.0,0.0,0.0,0.0,0.0,0.0,0.0,0.0,0.0,1.0,1.0,0.0,0.0,1.0,0.0,22.0,41.0,0.0,0.0,0.0,0.0,0.2567567568,0.8666666667,0.0,1.0,0.0,0.0,0.0,0.0,0.0,0.0,0.0,0.0,0.0,0.0,0.0,0.0,1.0,0.0,-1.0,1.0,0.0,1.0,1.0,1.0
1154,5968.0,2.0,1.0,2.0,37.0,1.0,0.0,0.0,0.0,0.0,0.0,0.0,0.0,0.0,0.0,1.0,0.0,0.0,0.0,0.0,0.0,13.0,17.0,0.0,0.0,0.0,0.0,0.0666666667,1.0,1.0,1.0,0.0,0.0,0.0,0.0,1.0,0.0,0.0,0.0,0.0,0.0,0.0,0.0,1.0,1.0,-1.0,1.0,-1.0,1.0,0.0,0.0
1155,3003.0,2.0,1.0,4.0,57.0,2.0,0.0,0.0,0.0,1.0,0.0,0.0,0.0,0.0,0.0,1.0,0.0,0.0,0.0,1.0,0.0,24.0,26.0,0.0,0.0,0.0,0.0,0.0,0.0,0.0,1.0,0.0,0.0,0.0,0.0,0.0,0.0,0.0,0.0,0.0,0.0,0.0,0.0,1.0,0.0,1.0,1.0,1.0,1.0,1.0,1.0
1156,7271.0,3.0,1.0,1.0,62.0,0.0,0.0,0.0,0.0,2.0,0.0,1.0,0.0,0.0,4.0,1.0,0.0,0.0,0.0,0.0,0.0,19.0,20.0,15.0,0.0,0.0,0.0,0.2258064516,0.6571428571,0.0,1.0,0.0,0.0,0.0,0.0,0.0,0.0,0.0,0.0,1.0,1.0,0.0,0.0,1.0,0.0,0.0,1.0,0.0,1.0,0.0,0.0
1157,4758.0,3.0,1.0,4.0,66.0,1.0,0.0,0.0,0.0,1.0,0.0,0.0,0.0,0.0,0.0,1.0,0.0,0.0,0.0,1.0,0.0,17.0,42.0,0.0,0.0,1.0,0.0,1.0,1.0,0.0,1.0,0.0,0.0,0.0,0.0,1.0,0.0,0.0,0.0,0.0,1.0,0.0,0.0,1.0,0.0,-1.0,1.0,-1.0,-1.0,1.0,1.0
1158,7540.0,3.0,1.0,3.0,156.0,14.0,0.0,0.0,0.0,0.0,0.0,0.0,0.0,0.0,10.0,1.0,1.0,0.0,0.0,1.0,0.0,19.0,130.0,0.0,0.0,0.0,0.0,0.106557377,0.0666666667,0.0,1.0,0.0,0.0,0.0,0.0245901639,0.0,0.0,0.0,0.0,0.0,0.0,0.0,0.0,1.0,-1.0,1.0,1.0,0.0,1.0,0.0,0.0
1159,6386.0,5.0,1.0,4.0,71.0,4.0,1.0,0.0,0.0,0.0,0.0,0.0,0.0,0.0,13.0,1.0,1.0,0.0,0.0,0.0,0.0,23.0,41.0,0.0,0.0,0.0,0.0,0.0984848485,0.1538461538,0.0,1.0,0.0,1.0,0.0,0.0,0.0,0.0,0.0,0.0,0.0,0.0,0.0,0.0,1.0,0.0,1.0,0.0,1.0,1.0,0.0,0.0
1160,7415.0,3.0,1.0,5.0,81.0,1.0,1.0,0.0,0.0,1.0,0.0,0.0,0.0,0.0,14.0,1.0,1.0,0.0,0.0,1.0,0.0,29.0,45.0,0.0,0.0,0.0,0.0,0.1509433962,0.0,0.0,1.0,0.0,0.0,0.0,0.0943396226,0.0,0.0,0.0,0.0,1.0,0.0,0.0,0.0,1.0,-1.0,1.0,1.0,1.0,1.0,0.0,0.0
1161,6135.0,3.0,1.0,1.0,89.0,0.0,0.0,0.0,0.0,0.0,0.0,2.0,1.0,0.0,30.0,1.0,1.0,0.0,0.0,0.0,0.0,22.0,15.0,44.0,0.0,0.0,0.0,0.046875,0.6279069767,0.0,1.0,0.0,0.0,0.0,0.0,0.0,0.0,0.0,0.0,1.0,1.0,0.0,0.0,1.0,-1.0,-1.0,1.0,0.0,1.0,0.0,0.0
1162,7922.0,2.0,0.0,3.0,71.0,0.0,0.0,0.0,0.0,2.0,0.0,0.0,0.0,0.0,0.0,1.0,1.0,0.0,0.0,0.0,0.0,18.0,46.0,0.0,0.0,0.0,0.0,0.0,0.0,0.0,0.0,0.0,0.0,0.0,0.3333333333,0.0,0.0,0.0,0.0,1.0,0.0,0.0,0.0,1.0,0.0,1.0,1.0,1.0,0.0,0.0,0.0
1163,3689.0,3.0,1.0,5.0,58.0,2.0,1.0,0.0,0.0,0.0,0.0,0.0,0.0,0.0,0.0,1.0,0.0,0.0,0.0,0.0,0.0,19.0,32.0,0.0,0.0,0.0,0.0,0.0,0.0,0.0,1.0,0.0,0.0,0.0,0.0,0.0,0.0,0.0,0.0,0.0,0.0,0.0,0.0,1.0,0.0,1.0,1.0,1.0,1.0,1.0,1.0
1164,1401.0,3.0,1.0,2.0,40.0,0.0,0.0,0.0,0.0,0.0,0.0,0.0,0.0,0.0,0.0,1.0,0.0,0.0,0.0,0.0,0.0,15.0,18.0,0.0,0.0,0.0,0.0,0.0,0.0,0.0,1.0,0.0,0.0,0.0,0.0,0.0,0.0,0.0,0.0,0.0,0.0,0.0,0.0,1.0,1.0,1.0,1.0,1.0,1.0,1.0,1.0
1165,7506.0,2.0,0.0,2.0,72.0,0.0,0.0,0.0,0.0,0.0,0.0,2.0,1.0,0.0,7.0,1.0,1.0,0.0,0.0,0.0,0.0,17.0,24.0,23.0,0.0,0.0,0.0,0.003125,0.0018450185,0.0,1.0,0.0,0.0,0.0,0.0,0.0,0.0,0.0,0.0,0.0,0.0,0.0,0.0,1.0,0.0,1.0,1.0,0.0,1.0,0.0,0.0
1166,9871.0,3.0,1.0,5.0,56.0,0.0,0.0,0.0,0.0,0.0,0.0,0.0,0.0,0.0,14.0,1.0,1.0,0.0,0.0,0.0,0.0,20.0,29.0,0.0,0.0,0.0,0.0,0.24,0.8076923077,0.0,1.0,0.0,0.0,0.0,0.2,0.0,0.0,0.0,0.0,0.0,1.0,0.0,0.0,1.0,0.0,-1.0,1.0,0.0,0.0,0.0,0.0
1167,8287.0,1.0,0.0,3.0,33.0,0.0,0.0,0.0,0.0,0.0,0.0,0.0,0.0,0.0,9.0,1.0,1.0,0.0,0.0,0.0,0.0,9.0,17.0,0.0,0.0,0.0,0.0,0.2708333333,0.9772727273,1.0,1.0,1.0,0.0,1.0,0.0104166667,0.0,0.0,0.0,0.0,0.0,0.0,0.0,0.0,1.0,1.0,-1.0,-1.0,-1.0,1.0,0.0,0.0
1168,2461.0,2.0,0.0,4.0,55.0,0.0,0.0,0.0,0.0,0.0,0.0,0.0,0.0,0.0,0.0,1.0,1.0,0.0,0.0,1.0,0.0,10.0,38.0,0.0,0.0,0.0,0.0,0.0,0.0,0.0,1.0,1.0,0.0,0.0,0.0,0.0,0.0,0.0,0.0,0.0,0.0,1.0,0.0,1.0,0.0,1.0,1.0,1.0,1.0,1.0,1.0
1169,9540.0,2.0,1.0,2.0,31.0,0.0,0.0,0.0,0.0,0.0,0.0,0.0,0.0,0.0,0.0,1.0,0.0,0.0,0.0,0.0,0.0,12.0,12.0,0.0,0.0,0.0,1.0,0.5397727273,0.186440678,0.0,1.0,0.0,0.0,0.0,0.0511363636,0.0,0.0,0.0,0.0,0.0,0.0,0.0,1.0,1.0,1.0,1.0,1.0,0.0,0.0,0.0,0.0
1170,2018.0,2.0,0.0,3.0,47.0,0.0,0.0,0.0,0.0,0.0,0.0,0.0,0.0,0.0,0.0,1.0,1.0,0.0,0.0,0.0,0.0,18.0,22.0,0.0,0.0,0.0,0.0,0.0,0.0,0.0,1.0,1.0,0.0,0.0,0.0,1.0,0.0,0.0,0.0,0.0,0.0,0.0,0.0,1.0,1.0,1.0,1.0,1.0,1.0,1.0,1.0
1171,1658.0,3.0,1.0,7.0,93.0,1.0,0.0,0.0,0.0,0.0,0.0,0.0,0.0,0.0,21.0,1.0,1.0,0.0,0.0,1.0,0.0,22.0,64.0,0.0,0.0,0.0,0.0,0.0,0.125,0.0,1.0,1.0,0.0,0.0,0.9230769231,0.0,0.0,0.0,0.0,0.0,0.0,0.0,0.0,1.0,-1.0,1.0,1.0,1.0,-1.0,1.0,1.0
1172,3075.0,2.0,1.0,3.0,48.0,0.0,0.0,0.0,0.0,0.0,0.0,0.0,0.0,0.0,3.0,1.0,1.0,0.0,0.0,0.0,0.0,22.0,19.0,0.0,0.0,0.0,0.0,0.0,0.2,1.0,1.0,1.0,0.0,1.0,0.0,0.0,0.0,0.0,0.0,0.0,0.0,0.0,1.0,1.0,1.0,1.0,-1.0,0.0,1.0,1.0,1.0
1173,8716.0,2.0,1.0,0.0,30.0,0.0,0.0,0.0,0.0,0.0,0.0,0.0,0.0,0.0,0.0,1.0,0.0,0.0,0.0,0.0,0.0,22.0,1.0,0.0,0.0,0.0,0.0,0.027027027,0.2631578947,0.0,0.0,0.0,0.0,0.0,0.1891891892,0.0,0.0,0.0,0.0,0.0,0.0,0.0,0.0,1.0,1.0,1.0,1.0,0.0,1.0,0.0,0.0
1174,4084.0,2.0,0.0,3.0,50.0,0.0,0.0,0.0,0.0,0.0,0.0,0.0,0.0,0.0,0.0,1.0,0.0,0.0,0.0,1.0,0.0,12.0,31.0,0.0,0.0,0.0,0.0,0.5,0.1818181818,1.0,1.0,0.0,0.0,0.0,0.0,0.0,0.0,0.0,0.0,0.0,1.0,0.0,0.0,1.0,1.0,1.0,1.0,0.0,0.0,1.0,1.0
1175,8886.0,1.0,0.0,3.0,46.0,0.0,0.0,0.0,0.0,0.0,0.0,0.0,0.0,0.0,3.0,1.0,0.0,0.0,0.0,0.0,0.0,18.0,21.0,0.0,0.0,0.0,0.0,0.1095238095,0.4230769231,0.0,1.0,0.0,0.0,0.0,0.0238095238,0.0,0.0,0.0,0.0,1.0,1.0,0.0,0.0,1.0,1.0,1.0,1.0,-1.0,1.0,0.0,0.0
1176,3504.0,4.0,3.0,4.0,56.0,0.0,0.0,0.0,0.0,0.0,0.0,0.0,0.0,0.0,3.0,1.0,0.0,0.0,1.0,1.0,0.0,32.0,17.0,0.0,0.0,0.0,0.0,0.0,0.0,0.0,1.0,1.0,0.0,1.0,0.9714285714,0.0,0.0,0.0,0.0,0.0,0.0,0.0,0.0,-1.0,0.0,1.0,-1.0,1.0,-1.0,1.0,1.0
1177,42.0,3.0,1.0,3.0,53.0,1.0,0.0,0.0,0.0,0.0,0.0,0.0,0.0,0.0,0.0,1.0,0.0,0.0,0.0,1.0,0.0,22.0,24.0,0.0,0.0,0.0,0.0,1.0,1.0,0.0,1.0,0.0,1.0,0.0,0.0,1.0,0.0,0.0,0.0,0.0,1.0,0.0,0.0,1.0,1.0,-1.0,0.0,-1.0,-1.0,1.0,1.0
1178,4124.0,1.0,0.0,7.0,90.0,3.0,0.0,0.0,0.0,0.0,0.0,0.0,0.0,0.0,3.0,1.0,1.0,0.0,0.0,1.0,0.0,19.0,64.0,0.0,0.0,0.0,0.0,0.0,0.0,0.0,1.0,0.0,0.0,0.0,0.0,0.0,0.0,0.0,0.0,0.0,0.0,0.0,0.0,1.0,-1.0,1.0,1.0,1.0,1.0,1.0,1.0
1179,570.0,3.0,0.0,1.0,43.0,0.0,0.0,0.0,0.0,0.0,0.0,0.0,0.0,0.0,0.0,1.0,0.0,0.0,0.0,0.0,0.0,19.0,17.0,0.0,0.0,0.0,0.0,1.0,0.0,0.0,1.0,0.0,1.0,0.0,0.0,0.0,0.0,0.0,0.0,0.0,0.0,0.0,0.0,1.0,1.0,1.0,0.0,1.0,-1.0,1.0,1.0
1180,5118.0,1.0,0.0,6.0,73.0,4.0,0.0,0.0,0.0,0.0,0.0,0.0,0.0,0.0,17.0,1.0,1.0,0.0,0.0,0.0,0.0,11.0,55.0,0.0,0.0,0.0,0.0,0.1518987342,0.1739130435,0.0,1.0,0.0,0.0,0.0,0.0126582278,0.0,0.0,0.0,0.0,0.0,0.0,0.0,0.0,1.0,0.0,1.0,1.0,1.0,1.0,0.0,0.0
1181,7327.0,1.0,0.0,2.0,81.0,5.0,0.0,0.0,0.0,0.0,0.0,0.0,0.0,0.0,0.0,1.0,1.0,0.0,0.0,0.0,0.0,26.0,48.0,0.0,0.0,0.0,0.0,0.1944444444,0.2448979592,0.0,1.0,0.0,0.0,0.0,0.0,0.0,0.0,0.0,0.0,0.0,1.0,0.0,0.0,1.0,-1.0,1.0,1.0,0.0,1.0,0.0,0.0
1182,9387.0,2.0,1.0,3.0,35.0,0.0,0.0,0.0,0.0,0.0,0.0,0.0,0.0,0.0,3.0,1.0,0.0,0.0,0.0,1.0,0.0,15.0,13.0,0.0,0.0,0.0,0.0,0.0643274854,0.0757575758,0.0,0.0,0.0,0.0,0.0,0.1111111111,0.0,0.0,0.0,0.0,0.0,1.0,0.0,0.0,1.0,1.0,1.0,1.0,1.0,1.0,0.0,0.0
1183,9020.0,3.0,0.0,2.0,40.0,1.0,0.0,0.0,0.0,0.0,0.0,0.0,0.0,0.0,0.0,1.0,0.0,0.0,0.0,1.0,0.0,14.0,19.0,0.0,0.0,0.0,0.0,0.02,0.2530120482,0.0,1.0,1.0,0.0,0.0,0.005,0.0,0.0,0.0,0.0,0.0,1.0,0.0,0.0,1.0,1.0,1.0,1.0,0.0,1.0,0.0,0.0
1184,8910.0,1.0,0.0,3.0,47.0,1.0,0.0,0.0,0.0,0.0,0.0,0.0,0.0,0.0,0.0,1.0,0.0,0.0,0.0,0.0,0.0,21.0,19.0,0.0,0.0,0.0,0.0,0.0985915493,0.32,0.0,1.0,0.0,0.0,0.0,0.0845070423,0.0,0.0,0.0,0.0,0.0,0.0,0.0,0.0,1.0,1.0,0.0,1.0,0.0,1.0,0.0,0.0
1185,9700.0,3.0,1.0,2.0,55.0,0.0,0.0,0.0,0.0,0.0,0.0,1.0,0.0,0.0,4.0,1.0,0.0,0.0,0.0,1.0,0.0,21.0,20.0,6.0,0.0,0.0,0.0,0.0882352941,0.0,0.0,1.0,0.0,0.0,0.0,0.0,0.0,0.0,0.0,0.0,1.0,0.0,0.0,0.0,1.0,0.0,1.0,1.0,1.0,1.0,0.0,0.0
1186,5578.0,4.0,2.0,3.0,67.0,0.0,0.0,0.0,0.0,1.0,0.0,0.0,0.0,0.0,10.0,1.0,1.0,0.0,0.0,1.0,0.0,29.0,31.0,0.0,0.0,0.0,0.0,0.0729927007,0.8307692308,0.0,1.0,1.0,0.0,0.0,0.0145985401,0.0,0.0,0.0,0.0,0.0,0.0,0.0,0.0,0.0,0.0,-1.0,1.0,0.0,1.0,0.0,0.0
1187,7263.0,2.0,1.0,4.0,86.0,5.0,0.0,0.0,0.0,0.0,0.0,0.0,0.0,0.0,6.0,1.0,1.0,0.0,0.0,0.0,0.0,23.0,56.0,0.0,0.0,0.0,0.0,0.2857142857,0.3428571429,0.0,1.0,0.0,0.0,0.0,0.0,0.0,0.0,0.0,0.0,1.0,1.0,0.0,0.0,1.0,-1.0,1.0,1.0,0.0,1.0,0.0,0.0
1188,3190.0,2.0,1.0,5.0,76.0,1.0,0.0,0.0,0.0,0.0,0.0,0.0,0.0,0.0,0.0,1.0,0.0,0.0,0.0,0.0,0.0,27.0,42.0,0.0,0.0,0.0,0.0,0.0,0.0625,0.0,1.0,0.0,0.0,0.0,0.0,0.0,0.0,0.0,0.0,0.0,1.0,0.0,0.0,1.0,-1.0,1.0,1.0,0.0,1.0,1.0,1.0
1189,4607.0,3.0,1.0,4.0,79.0,2.0,2.0,0.0,0.0,0.0,0.0,0.0,0.0,0.0,0.0,1.0,1.0,0.0,0.0,1.0,0.0,39.0,33.0,0.0,0.0,0.0,0.0,0.0,0.0,0.0,1.0,0.0,0.0,0.0,1.0,0.0,0.0,0.0,0.0,0.0,0.0,0.0,1.0,1.0,-1.0,1.0,1.0,1.0,-1.0,1.0,1.0
1190,5529.0,3.0,1.0,5.0,92.0,7.0,0.0,0.0,0.0,0.0,0.0,0.0,0.0,0.0,6.0,1.0,1.0,0.0,0.0,1.0,0.0,18.0,67.0,0.0,0.0,0.0,0.0,0.0138888889,0.04,0.0,1.0,1.0,0.0,0.0,0.0,0.0,0.0,0.0,0.0,0.0,1.0,0.0,0.0,1.0,-1.0,1.0,1.0,1.0,1.0,0.0,0.0
1191,3992.0,2.0,0.0,4.0,183.0,2.0,0.0,0.0,0.0,7.0,0.0,2.0,2.0,0.0,24.0,1.0,1.0,0.0,0.0,0.0,0.0,24.0,64.0,87.0,0.0,0.0,0.0,0.0,0.2,0.0,1.0,1.0,0.0,0.0,0.0,0.0,0.0,0.0,0.0,0.0,0.0,0.0,0.0,1.0,-1.0,1.0,1.0,0.0,1.0,1.0,1.0
1192,6810.0,2.0,1.0,2.0,70.0,3.0,0.0,0.0,0.0,0.0,0.0,0.0,0.0,0.0,0.0,1.0,0.0,0.0,0.0,1.0,0.0,27.0,36.0,0.0,0.0,0.0,0.0,0.063583815,1.0,1.0,1.0,1.0,0.0,1.0,0.3526011561,0.0,0.0,0.0,0.0,0.0,0.0,0.0,0.0,1.0,0.0,-1.0,-1.0,-1.0,0.0,0.0,0.0
1193,3227.0,2.0,1.0,5.0,72.0,1.0,0.0,0.0,0.0,0.0,0.0,0.0,0.0,0.0,0.0,1.0,1.0,0.0,0.0,0.0,0.0,29.0,36.0,0.0,0.0,0.0,0.0,0.0,0.7857142857,0.0,1.0,0.0,0.0,0.0,1.0,1.0,0.0,0.0,0.0,0.0,1.0,0.0,0.0,1.0,0.0,-1.0,1.0,1.0,-1.0,1.0,1.0
1194,5192.0,3.0,1.0,2.0,116.0,1.0,0.0,0.0,0.0,2.0,1.0,7.0,6.0,0.0,5.0,1.0,0.0,0.0,0.0,0.0,0.0,16.0,14.0,78.0,0.0,0.0,0.0,0.0540540541,0.0,0.0,1.0,0.0,0.0,0.0,0.0,0.0,0.0,0.0,0.0,0.0,0.0,0.0,0.0,1.0,-1.0,1.0,1.0,1.0,1.0,0.0,0.0
1195,9322.0,3.0,1.0,2.0,56.0,0.0,0.0,0.0,0.0,0.0,0.0,0.0,0.0,0.0,0.0,1.0,0.0,0.0,0.0,0.0,0.0,17.0,32.0,0.0,0.0,0.0,0.0,0.2868852459,0.0588235294,0.0,1.0,1.0,0.0,1.0,0.0327868852,0.0,0.0,0.0,0.0,1.0,0.0,0.0,0.0,1.0,0.0,1.0,-1.0,0.0,0.0,0.0,0.0
1196,8321.0,2.0,0.0,2.0,44.0,0.0,0.0,0.0,0.0,0.0,0.0,1.0,0.0,0.0,4.0,1.0,0.0,0.0,0.0,1.0,0.0,11.0,17.0,8.0,0.0,0.0,0.0,0.0029585799,0.0693069307,0.0,1.0,0.0,0.0,0.0,0.0,0.0,0.0,0.0,0.0,0.0,1.0,0.0,0.0,1.0,1.0,1.0,1.0,0.0,1.0,0.0,0.0
1197,3673.0,5.0,3.0,2.0,65.0,1.0,1.0,0.0,0.0,0.0,0.0,0.0,0.0,0.0,0.0,1.0,1.0,0.0,1.0,0.0,0.0,37.0,21.0,0.0,0.0,1.0,0.0,0.7142857143,0.125,1.0,1.0,0.0,1.0,0.0,0.1904761905,0.0,0.0,0.0,0.0,0.0,1.0,0.0,0.0,-1.0,0.0,1.0,0.0,1.0,-1.0,1.0,1.0
1198,2123.0,4.0,1.0,2.0,58.0,1.0,0.0,0.0,0.0,0.0,0.0,1.0,0.0,0.0,1.0,1.0,0.0,0.0,0.0,0.0,0.0,28.0,19.0,3.0,0.0,0.0,0.0,0.9642857143,0.975,0.0,1.0,0.0,1.0,0.0,0.0,1.0,0.0,0.0,0.0,0.0,1.0,0.0,0.0,1.0,0.0,-1.0,0.0,-1.0,-1.0,1.0,1.0
1199,7361.0,1.0,0.0,1.0,119.0,2.0,1.0,0.0,0.0,6.0,0.0,4.0,3.0,0.0,7.0,1.0,0.0,0.0,0.0,0.0,0.0,18.0,21.0,72.0,0.0,0.0,0.0,0.0962962963,0.8333333333,0.0,1.0,0.0,0.0,0.0,0.0,0.0,0.0,0.0,0.0,0.0,1.0,0.0,0.0,1.0,-1.0,-1.0,1.0,0.0,1.0,0.0,0.0
1200,2676.0,3.0,0.0,6.0,119.0,3.0,0.0,0.0,0.0,0.0,0.0,0.0,0.0,0.0,28.0,1.0,1.0,0.0,0.0,1.0,0.0,17.0,95.0,0.0,0.0,0.0,0.0,0.0,0.0416666667,1.0,1.0,0.0,0.0,0.0,0.0,0.0,0.0,0.0,0.0,0.0,0.0,0.0,0.0,1.0,-1.0,1.0,1.0,0.0,1.0,1.0,1.0
1201,7846.0,1.0,0.0,0.0,78.0,0.0,0.0,0.0,0.0,0.0,0.0,6.0,5.0,0.0,18.0,1.0,0.0,0.0,0.0,0.0,0.0,14.0,1.0,55.0,0.0,0.0,0.0,0.2450331126,0.8979591837,0.0,1.0,0.0,0.0,0.0,0.0,0.0,0.0,0.0,0.0,0.0,1.0,0.0,0.0,1.0,-1.0,-1.0,1.0,0.0,1.0,0.0,0.0
1202,4066.0,3.0,1.0,4.0,46.0,0.0,0.0,0.0,0.0,0.0,0.0,0.0,0.0,0.0,0.0,1.0,1.0,0.0,0.0,1.0,0.0,15.0,24.0,0.0,0.0,0.0,1.0,1.0,0.1666666667,0.0,1.0,0.0,0.0,0.0,0.0,1.0,0.0,0.0,0.0,0.0,0.0,0.0,0.0,1.0,1.0,1.0,1.0,0.0,-1.0,1.0,1.0
1203,64.0,4.0,1.0,3.0,52.0,0.0,0.0,0.0,0.0,0.0,0.0,0.0,0.0,0.0,0.0,1.0,0.0,0.0,0.0,1.0,0.0,17.0,28.0,0.0,0.0,0.0,0.0,0.75,0.0,0.0,1.0,0.0,0.0,0.0,0.0,0.0,0.0,0.0,0.0,0.0,0.0,0.0,0.0,1.0,1.0,1.0,1.0,1.0,-1.0,1.0,1.0
1204,8195.0,2.0,0.0,2.0,94.0,8.0,0.0,0.0,0.0,0.0,0.0,0.0,0.0,0.0,4.0,1.0,1.0,0.0,0.0,0.0,0.0,21.0,66.0,0.0,0.0,0.0,0.0,0.2272727273,0.2424242424,0.0,1.0,0.0,0.0,0.0,0.0151515152,0.0,0.0,0.0,0.0,0.0,1.0,0.0,0.0,1.0,-1.0,1.0,1.0,0.0,1.0,0.0,0.0
1205,6357.0,2.0,0.0,3.0,109.0,0.0,0.0,0.0,0.0,1.0,2.0,2.0,1.0,0.0,25.0,1.0,0.0,0.0,0.0,0.0,0.0,8.0,35.0,58.0,0.0,0.0,0.0,0.0714285714,0.1818181818,0.0,0.0,0.0,0.0,0.0,0.0,0.0,0.0,0.0,0.0,0.0,0.0,0.0,0.0,1.0,-1.0,1.0,1.0,1.0,1.0,0.0,0.0
1206,9021.0,1.0,0.0,2.0,39.0,1.0,0.0,0.0,0.0,0.0,0.0,0.0,0.0,0.0,0.0,1.0,0.0,0.0,0.0,0.0,0.0,15.0,17.0,0.0,0.0,0.0,0.0,0.2324324324,1.0,0.0,0.0,0.0,0.0,0.0,0.027027027,0.0,0.0,0.0,0.0,1.0,1.0,0.0,0.0,1.0,1.0,-1.0,1.0,0.0,1.0,0.0,0.0
1207,9262.0,2.0,1.0,3.0,39.0,0.0,0.0,0.0,0.0,0.0,0.0,0.0,0.0,0.0,10.0,1.0,1.0,0.0,0.0,0.0,0.0,14.0,18.0,0.0,0.0,0.0,0.0,0.4134615385,0.3695652174,0.0,1.0,1.0,0.0,0.0,0.0,0.0,0.0,0.0,0.0,0.0,1.0,0.0,0.0,1.0,1.0,0.0,1.0,0.0,0.0,0.0,0.0
1208,2740.0,2.0,1.0,2.0,56.0,1.0,1.0,0.0,0.0,0.0,0.0,0.0,0.0,0.0,0.0,0.0,1.0,0.0,0.0,0.0,0.0,39.0,9.0,0.0,0.0,0.0,0.0,0.0,0.0,0.0,0.0,1.0,0.0,0.0,1.0,0.0,0.0,0.0,0.0,0.0,0.0,0.0,0.0,1.0,0.0,1.0,1.0,1.0,-1.0,1.0,1.0
1209,9595.0,2.0,1.0,2.0,40.0,0.0,0.0,0.0,0.0,0.0,0.0,0.0,0.0,0.0,6.0,1.0,1.0,0.0,0.0,0.0,0.0,17.0,16.0,0.0,0.0,0.0,0.0,0.0705128205,0.5454545455,0.0,1.0,0.0,0.0,0.0,0.108974359,0.0,0.0,0.0,0.0,0.0,1.0,0.0,0.0,1.0,1.0,1.0,1.0,0.0,1.0,0.0,0.0
1210,6457.0,5.0,1.0,1.0,89.0,0.0,0.0,0.0,0.0,0.0,0.0,4.0,3.0,0.0,2.0,1.0,0.0,0.0,0.0,0.0,0.0,23.0,10.0,48.0,0.0,1.0,0.0,0.2258064516,0.25,0.0,1.0,0.0,0.0,0.0,0.0,0.0,0.0,0.0,0.0,0.0,0.0,0.0,0.0,1.0,-1.0,1.0,1.0,0.0,1.0,0.0,0.0
1211,6128.0,4.0,2.0,2.0,60.0,0.0,0.0,0.0,0.0,0.0,0.0,1.0,0.0,0.0,7.0,1.0,0.0,0.0,0.0,1.0,0.0,23.0,20.0,9.0,0.0,0.0,0.0,0.0549019608,0.6206896552,0.0,1.0,0.0,0.0,0.0,0.0,0.0,0.0,0.0,0.0,1.0,1.0,0.0,0.0,0.0,0.0,-1.0,1.0,0.0,1.0,0.0,0.0
1212,8842.0,2.0,0.0,1.0,46.0,0.0,0.0,0.0,0.0,1.0,0.0,1.0,0.0,0.0,5.0,1.0,0.0,0.0,0.0,0.0,0.0,9.0,19.0,10.0,0.0,0.0,0.0,0.08,0.1428571429,0.0,1.0,1.0,0.0,1.0,0.0,0.0,0.0,0.0,0.0,0.0,0.0,0.0,0.0,1.0,1.0,1.0,-1.0,0.0,1.0,0.0,0.0
1213,2711.0,2.0,0.0,4.0,58.0,1.0,0.0,0.0,0.0,0.0,0.0,0.0,0.0,0.0,4.0,1.0,1.0,0.0,0.0,0.0,0.0,18.0,33.0,0.0,0.0,0.0,0.0,1.0,1.0,0.0,1.0,0.0,0.0,0.0,0.0,1.0,0.0,0.0,0.0,0.0,0.0,0.0,0.0,1.0,0.0,-1.0,1.0,-1.0,-1.0,1.0,1.0
1214,8605.0,1.0,0.0,3.0,40.0,0.0,0.0,0.0,0.0,0.0,0.0,0.0,0.0,0.0,0.0,1.0,0.0,0.0,0.0,0.0,0.0,18.0,15.0,0.0,0.0,0.0,0.0,0.0983606557,0.5161290323,0.0,1.0,0.0,1.0,0.0,0.0327868852,0.0,0.0,0.0,0.0,1.0,0.0,0.0,0.0,1.0,1.0,0.0,0.0,0.0,1.0,0.0,0.0
1215,7876.0,1.0,0.0,6.0,65.0,3.0,0.0,0.0,0.0,0.0,0.0,0.0,0.0,0.0,8.0,1.0,1.0,0.0,0.0,1.0,0.0,19.0,39.0,0.0,0.0,0.0,0.0,0.2837837838,0.1886792453,0.0,1.0,0.0,0.0,0.0,0.0135135135,0.0,0.0,0.0,0.0,1.0,1.0,0.0,0.0,1.0,0.0,1.0,1.0,0.0,1.0,0.0,0.0
1216,7589.0,2.0,0.0,2.0,73.0,7.0,0.0,0.0,0.0,0.0,0.0,0.0,0.0,0.0,0.0,1.0,0.0,0.0,0.0,1.0,0.0,12.0,54.0,0.0,0.0,0.0,0.0,0.052173913,0.2941176471,0.0,1.0,0.0,0.0,0.0,0.0,0.0,0.0,0.0,0.0,0.0,1.0,0.0,0.0,1.0,0.0,0.0,1.0,0.0,1.0,0.0,0.0
1217,1959.0,2.0,0.0,3.0,43.0,0.0,0.0,0.0,0.0,0.0,0.0,0.0,0.0,0.0,0.0,1.0,1.0,0.0,0.0,0.0,0.0,14.0,22.0,0.0,0.0,0.0,0.0,0.0,0.0,0.0,1.0,1.0,0.0,0.0,0.0,1.0,0.0,0.0,0.0,0.0,0.0,0.0,0.0,1.0,1.0,1.0,1.0,1.0,1.0,1.0,1.0
1218,9923.0,3.0,1.0,1.0,42.0,0.0,0.0,0.0,0.0,0.0,0.0,0.0,0.0,0.0,0.0,1.0,0.0,0.0,0.0,0.0,0.0,20.0,15.0,0.0,0.0,0.0,0.0,0.0215827338,0.9027777778,1.0,1.0,0.0,1.0,0.0,0.0107913669,0.0,0.0,0.0,0.0,0.0,1.0,0.0,0.0,1.0,1.0,-1.0,0.0,-1.0,1.0,0.0,0.0
1219,1153.0,2.0,0.0,2.0,48.0,1.0,0.0,0.0,0.0,0.0,0.0,0.0,0.0,0.0,0.0,1.0,0.0,0.0,0.0,0.0,0.0,21.0,20.0,0.0,0.0,0.0,0.0,0.3333333333,0.25,0.0,1.0,0.0,0.0,0.0,0.0,0.0,0.0,0.0,0.0,0.0,0.0,0.0,0.0,1.0,1.0,1.0,1.0,0.0,0.0,1.0,1.0
1220,2301.0,8.0,6.0,4.0,89.0,4.0,4.0,0.0,0.0,0.0,0.0,0.0,0.0,0.0,7.0,1.0,1.0,0.0,1.0,1.0,0.0,62.0,20.0,0.0,0.0,0.0,1.0,0.0,1.0,1.0,0.0,0.0,1.0,0.0,0.6666666667,1.0,0.0,0.0,0.0,0.0,0.0,0.0,0.0,-1.0,-1.0,-1.0,0.0,-1.0,0.0,1.0,1.0
1221,6649.0,1.0,0.0,3.0,121.0,10.0,0.0,0.0,0.0,0.0,0.0,0.0,0.0,0.0,0.0,1.0,0.0,0.0,0.0,1.0,0.0,13.0,101.0,0.0,0.0,0.0,0.0,0.0666666667,0.0833333333,0.0,1.0,0.0,0.0,0.0,0.0,0.0,0.0,0.0,0.0,1.0,0.0,0.0,0.0,1.0,-1.0,1.0,1.0,1.0,1.0,0.0,0.0
1222,9857.0,2.0,1.0,1.0,48.0,1.0,0.0,0.0,0.0,0.0,0.0,1.0,0.0,0.0,4.0,1.0,0.0,0.0,0.0,1.0,0.0,21.0,9.0,10.0,0.0,0.0,0.0,0.0,0.2777777778,0.0,1.0,0.0,0.0,0.0,0.0,0.0,0.0,0.0,0.0,0.0,1.0,0.0,1.0,1.0,1.0,0.0,1.0,0.0,1.0,0.0,0.0
1223,1144.0,3.0,1.0,4.0,86.0,1.0,0.0,0.0,0.0,0.0,0.0,0.0,0.0,0.0,0.0,1.0,0.0,0.0,0.0,1.0,0.0,19.0,43.0,16.0,0.0,1.0,0.0,0.4375,0.0,0.0,1.0,0.0,0.0,0.0,0.0,0.0,0.0,0.0,0.0,0.0,0.0,0.0,0.0,1.0,-1.0,1.0,1.0,0.0,0.0,1.0,1.0
1224,2978.0,2.0,1.0,3.0,68.0,1.0,1.0,0.0,0.0,0.0,0.0,0.0,0.0,0.0,19.0,1.0,1.0,0.0,0.0,1.0,0.0,21.0,40.0,0.0,0.0,0.0,0.0,0.0555555556,0.0909090909,0.0,1.0,1.0,0.0,0.0,0.9444444444,0.0,0.0,1.0,0.0,0.0,1.0,0.0,0.0,1.0,0.0,1.0,1.0,1.0,-1.0,1.0,1.0
1225,3418.0,3.0,2.0,5.0,121.0,5.0,4.0,0.0,0.0,0.0,0.0,0.0,0.0,0.0,24.0,1.0,1.0,0.0,1.0,1.0,0.0,66.0,48.0,0.0,0.0,0.0,0.0,0.0555555556,0.0909090909,0.0,1.0,1.0,0.0,0.0,0.9444444444,0.0,0.0,1.0,0.0,0.0,1.0,0.0,0.0,0.0,-1.0,1.0,1.0,1.0,-1.0,1.0,1.0
1226,8868.0,1.0,0.0,2.0,53.0,3.0,0.0,0.0,0.0,0.0,0.0,0.0,0.0,0.0,0.0,1.0,1.0,0.0,0.0,1.0,0.0,17.0,29.0,0.0,0.0,0.0,0.0,0.1764705882,0.1444444444,0.0,1.0,0.0,0.0,0.0,0.1,0.0,0.0,0.0,0.0,1.0,0.0,0.0,0.0,1.0,1.0,1.0,1.0,0.0,1.0,0.0,0.0
1227,3550.0,2.0,1.0,4.0,53.0,0.0,0.0,0.0,0.0,0.0,0.0,0.0,0.0,0.0,0.0,1.0,1.0,0.0,0.0,0.0,0.0,27.0,19.0,0.0,0.0,0.0,0.0,0.0,0.7857142857,0.0,1.0,0.0,0.0,0.0,1.0,1.0,0.0,0.0,0.0,0.0,1.0,0.0,0.0,1.0,1.0,-1.0,1.0,1.0,-1.0,1.0,1.0
1228,8907.0,1.0,0.0,4.0,55.0,1.0,0.0,0.0,0.0,0.0,0.0,0.0,0.0,0.0,0.0,1.0,0.0,0.0,0.0,1.0,0.0,15.0,33.0,0.0,0.0,0.0,0.0,0.0479452055,0.5434782609,0.0,1.0,1.0,1.0,0.0,0.0091324201,0.0,0.0,0.0,0.0,0.0,1.0,0.0,0.0,1.0,0.0,0.0,0.0,0.0,1.0,0.0,0.0
1229,7200.0,2.0,1.0,1.0,89.0,0.0,0.0,0.0,0.0,2.0,0.0,5.0,4.0,0.0,0.0,1.0,0.0,0.0,0.0,0.0,0.0,10.0,3.0,68.0,0.0,0.0,0.0,0.0,0.3,0.0,1.0,0.0,0.0,0.0,0.0,0.0,0.0,0.0,0.0,0.0,0.0,0.0,0.0,1.0,-1.0,1.0,1.0,0.0,1.0,0.0,0.0
1230,4852.0,2.0,0.0,4.0,62.0,1.0,0.0,0.0,0.0,0.0,0.0,0.0,0.0,0.0,0.0,1.0,0.0,0.0,0.0,0.0,0.0,20.0,35.0,0.0,0.0,0.0,0.0,0.9230769231,1.0,0.0,1.0,0.0,0.0,0.0,0.0,1.0,0.0,0.0,0.0,0.0,0.0,0.0,0.0,1.0,0.0,1.0,1.0,-1.0,-1.0,1.0,1.0
1231,1547.0,5.0,2.0,3.0,55.0,1.0,0.0,0.0,0.0,0.0,0.0,0.0,0.0,0.0,0.0,1.0,0.0,0.0,0.0,1.0,0.0,28.0,20.0,0.0,0.0,0.0,0.0,1.0,1.0,0.0,1.0,0.0,1.0,0.0,0.0,1.0,0.0,0.0,0.0,0.0,1.0,0.0,0.0,1.0,0.0,-1.0,0.0,1.0,-1.0,1.0,1.0
1232,4415.0,2.0,0.0,5.0,88.0,1.0,0.0,0.0,0.0,0.0,0.0,0.0,0.0,0.0,50.0,1.0,1.0,0.0,0.0,0.0,0.0,13.0,68.0,0.0,0.0,0.0,0.0,1.0,1.0,0.0,1.0,0.0,0.0,0.0,0.0,1.0,0.0,0.0,0.0,0.0,1.0,0.0,0.0,1.0,-1.0,-1.0,1.0,-1.0,-1.0,1.0,1.0
1233,7350.0,3.0,2.0,6.0,111.0,8.0,0.0,0.0,0.0,0.0,0.0,0.0,0.0,0.0,9.0,1.0,1.0,0.0,0.0,1.0,0.0,29.0,75.0,0.0,0.0,0.0,0.0,0.1276595745,0.8928571429,1.0,0.0,0.0,0.0,0.0,0.0,0.0,0.0,0.0,0.0,0.0,1.0,0.0,0.0,0.0,-1.0,-1.0,1.0,-1.0,1.0,0.0,0.0
1234,8151.0,2.0,1.0,2.0,84.0,6.0,0.0,0.0,0.0,0.0,0.0,1.0,0.0,0.0,7.0,1.0,0.0,0.0,0.0,1.0,0.0,30.0,33.0,13.0,0.0,0.0,0.0,0.0924369748,0.2258064516,0.0,1.0,0.0,0.0,0.0,0.0,0.0,0.0,0.0,0.0,1.0,1.0,0.0,0.0,1.0,-1.0,1.0,1.0,0.0,1.0,0.0,0.0
1235,9803.0,2.0,1.0,2.0,40.0,0.0,0.0,0.0,0.0,0.0,0.0,0.0,0.0,0.0,7.0,1.0,1.0,0.0,0.0,0.0,0.0,17.0,16.0,0.0,0.0,0.0,0.0,0.0304347826,0.9642857143,1.0,0.0,0.0,0.0,0.0,0.0,0.0,0.0,0.0,0.0,0.0,1.0,0.0,0.0,1.0,1.0,-1.0,1.0,-1.0,1.0,0.0,0.0
1236,5369.0,2.0,1.0,4.0,75.0,2.0,0.0,0.0,0.0,0.0,0.0,0.0,0.0,0.0,0.0,1.0,0.0,0.0,0.0,1.0,0.0,22.0,46.0,0.0,0.0,0.0,0.0,0.1225,0.5384615385,0.0,1.0,0.0,0.0,0.0,0.025,0.0,0.0,0.0,0.0,1.0,1.0,0.0,0.0,1.0,0.0,0.0,1.0,0.0,1.0,0.0,0.0
1237,5140.0,2.0,1.0,0.0,65.0,2.0,0.0,0.0,0.0,1.0,0.0,2.0,1.0,0.0,8.0,1.0,0.0,0.0,0.0,0.0,0.0,11.0,1.0,45.0,0.0,0.0,0.0,0.0352941176,0.1785714286,0.0,0.0,0.0,0.0,0.0,0.0,0.0,0.0,0.0,0.0,0.0,0.0,0.0,0.0,1.0,0.0,1.0,1.0,0.0,1.0,0.0,0.0
1238,7738.0,2.0,1.0,7.0,73.0,1.0,0.0,0.0,0.0,0.0,0.0,0.0,0.0,0.0,1.0,1.0,0.0,0.0,0.0,1.0,0.0,21.0,45.0,0.0,0.0,0.0,0.0,0.0740740741,0.4,0.0,1.0,0.0,0.0,0.0,0.012345679,0.0,0.0,0.0,0.0,1.0,1.0,0.0,0.0,1.0,0.0,0.0,1.0,0.0,1.0,0.0,0.0
1239,632.0,1.0,0.0,3.0,33.0,0.0,0.0,0.0,0.0,0.0,0.0,0.0,0.0,0.0,4.0,1.0,0.0,0.0,0.0,0.0,0.0,15.0,11.0,0.0,0.0,0.0,0.0,1.0,0.0,0.0,1.0,0.0,0.0,0.0,0.0,0.0,0.0,0.0,0.0,0.0,1.0,0.0,0.0,1.0,1.0,1.0,1.0,1.0,-1.0,1.0,1.0
1240,522.0,4.0,1.0,3.0,49.0,0.0,0.0,0.0,0.0,0.0,0.0,0.0,0.0,0.0,0.0,1.0,1.0,0.0,0.0,0.0,0.0,19.0,23.0,0.0,0.0,0.0,0.0,0.0,0.0,0.0,1.0,0.0,0.0,0.0,0.0,0.0,0.0,0.0,0.0,0.0,0.0,0.0,0.0,1.0,1.0,1.0,1.0,1.0,1.0,1.0,1.0
1241,3439.0,4.0,1.0,6.0,99.0,1.0,0.0,0.0,0.0,0.0,0.0,0.0,0.0,0.0,20.0,1.0,1.0,0.0,0.0,1.0,0.0,19.0,73.0,0.0,0.0,2.0,0.0,0.0,1.0,0.0,1.0,0.0,0.0,0.0,0.0,1.0,0.0,0.0,0.0,0.0,0.0,0.0,0.0,1.0,-1.0,-1.0,1.0,-1.0,1.0,1.0,1.0
1242,2447.0,6.0,5.0,4.0,89.0,3.0,0.0,0.0,0.0,0.0,0.0,0.0,0.0,0.0,13.0,1.0,1.0,0.0,0.0,1.0,0.0,39.0,43.0,0.0,0.0,0.0,0.0,0.0,0.0,0.0,1.0,0.0,0.0,0.0,1.0,0.0,0.0,0.0,0.0,0.0,0.0,0.0,0.0,-1.0,-1.0,1.0,1.0,1.0,-1.0,1.0,1.0
1243,8541.0,3.0,1.0,1.0,47.0,0.0,0.0,0.0,0.0,0.0,0.0,1.0,0.0,0.0,5.0,1.0,1.0,0.0,0.0,0.0,0.0,17.0,15.0,7.0,0.0,0.0,0.0,0.027027027,0.298013245,0.0,1.0,0.0,1.0,0.0,0.0,0.0,0.0,0.0,0.0,0.0,0.0,0.0,0.0,1.0,1.0,0.0,0.0,0.0,1.0,0.0,0.0
1244,8409.0,1.0,0.0,3.0,39.0,1.0,0.0,0.0,0.0,0.0,0.0,0.0,0.0,0.0,5.0,1.0,1.0,0.0,0.0,0.0,0.0,10.0,22.0,0.0,0.0,0.0,0.0,0.0294117647,0.1851851852,0.0,1.0,0.0,0.0,0.0,0.0,0.0,1.0,0.0,0.0,0.0,0.0,0.0,0.0,1.0,1.0,1.0,1.0,0.0,1.0,0.0,0.0
1245,6428.0,2.0,1.0,0.0,68.0,0.0,0.0,0.0,0.0,1.0,0.0,3.0,2.0,0.0,6.0,1.0,0.0,0.0,0.0,0.0,0.0,24.0,1.0,35.0,0.0,0.0,0.0,0.0406779661,0.6883116883,0.0,1.0,1.0,0.0,1.0,0.0,0.0,0.0,0.0,0.0,0.0,0.0,0.0,0.0,1.0,0.0,-1.0,-1.0,0.0,1.0,0.0,0.0
1246,9321.0,3.0,1.0,1.0,52.0,1.0,0.0,0.0,0.0,0.0,0.0,0.0,0.0,0.0,0.0,1.0,1.0,0.0,0.0,0.0,0.0,23.0,22.0,0.0,0.0,0.0,0.0,0.04,0.9807692308,0.0,1.0,0.0,0.0,0.0,0.08,1.0,0.0,0.0,0.0,0.0,0.0,0.0,0.0,1.0,1.0,-1.0,1.0,-1.0,1.0,0.0,0.0
1247,1535.0,2.0,0.0,5.0,54.0,0.0,0.0,0.0,0.0,0.0,0.0,0.0,0.0,0.0,0.0,1.0,0.0,0.0,0.0,1.0,0.0,12.0,35.0,0.0,0.0,0.0,1.0,0.9230769231,1.0,0.0,1.0,0.0,0.0,0.0,0.0,1.0,0.0,0.0,0.0,0.0,0.0,0.0,0.0,1.0,0.0,1.0,1.0,-1.0,-1.0,1.0,1.0
1248,3427.0,3.0,2.0,5.0,121.0,5.0,4.0,0.0,0.0,0.0,0.0,0.0,0.0,0.0,22.0,1.0,1.0,0.0,1.0,1.0,0.0,66.0,48.0,0.0,0.0,0.0,0.0,0.0555555556,0.0909090909,0.0,1.0,1.0,0.0,0.0,0.9444444444,0.0,0.0,1.0,0.0,0.0,1.0,0.0,0.0,0.0,-1.0,1.0,1.0,1.0,-1.0,1.0,1.0
1249,4419.0,3.0,1.0,4.0,60.0,0.0,0.0,0.0,0.0,2.0,0.0,0.0,0.0,0.0,0.0,1.0,1.0,0.0,0.0,1.0,0.0,12.0,41.0,0.0,0.0,0.0,0.0,1.0,1.0,0.0,1.0,0.0,0.0,0.0,0.0,1.0,0.0,0.0,0.0,0.0,1.0,1.0,0.0,1.0,0.0,-1.0,1.0,1.0,-1.0,1.0,1.0
1250,5105.0,2.0,0.0,1.0,68.0,0.0,0.0,0.0,0.0,1.0,0.0,3.0,2.0,0.0,4.0,1.0,1.0,0.0,0.0,0.0,0.0,10.0,10.0,40.0,0.0,0.0,0.0,0.03,0.2272727273,0.0,1.0,0.0,1.0,0.0,0.0,0.0,0.0,0.0,0.0,0.0,0.0,0.0,0.0,1.0,0.0,1.0,0.0,0.0,1.0,0.0,0.0
1251,5052.0,3.0,1.0,0.0,21.0,0.0,0.0,0.0,0.0,0.0,0.0,0.0,0.0,0.0,0.0,1.0,0.0,0.0,0.0,0.0,0.0,13.0,1.0,0.0,0.0,0.0,0.0,0.1512605042,0.976744186,0.0,1.0,0.0,0.0,0.0,0.0336134454,0.0,0.0,0.0,0.0,0.0,0.0,0.0,0.0,1.0,1.0,-1.0,1.0,-1.0,1.0,0.0,0.0
1252,4308.0,2.0,1.0,3.0,50.0,1.0,1.0,0.0,0.0,0.0,0.0,0.0,0.0,0.0,0.0,0.0,1.0,0.0,0.0,0.0,0.0,33.0,9.0,0.0,0.0,0.0,0.0,0.0,0.0,0.0,0.0,1.0,0.0,0.0,1.0,0.0,0.0,0.0,0.0,0.0,0.0,0.0,0.0,1.0,1.0,1.0,1.0,1.0,-1.0,1.0,1.0
1253,2595.0,3.0,0.0,3.0,68.0,1.0,1.0,0.0,0.0,0.0,0.0,0.0,0.0,0.0,0.0,1.0,1.0,0.0,0.0,1.0,0.0,23.0,38.0,0.0,0.0,0.0,0.0,0.0,1.0,1.0,1.0,0.0,0.0,0.0,1.0,1.0,0.0,0.0,0.0,0.0,0.0,0.0,0.0,1.0,0.0,-1.0,1.0,-1.0,-1.0,1.0,1.0
1254,4666.0,3.0,0.0,4.0,66.0,0.0,0.0,0.0,0.0,2.0,0.0,0.0,0.0,0.0,1.0,1.0,0.0,0.0,0.0,1.0,0.0,14.0,45.0,0.0,0.0,0.0,1.0,1.0,1.0,0.0,1.0,0.0,0.0,0.0,0.0,1.0,0.0,0.0,0.0,0.0,0.0,0.0,0.0,1.0,0.0,-1.0,1.0,-1.0,-1.0,1.0,1.0
1255,4518.0,2.0,0.0,3.0,44.0,1.0,0.0,0.0,0.0,0.0,0.0,0.0,0.0,0.0,0.0,1.0,0.0,0.0,0.0,0.0,0.0,9.0,28.0,0.0,0.0,0.0,0.0,0.9230769231,1.0,0.0,1.0,0.0,0.0,0.0,0.0,1.0,0.0,0.0,0.0,0.0,0.0,0.0,0.0,1.0,1.0,1.0,1.0,-1.0,-1.0,1.0,1.0
1256,2667.0,5.0,0.0,4.0,61.0,0.0,0.0,0.0,0.0,0.0,0.0,0.0,0.0,0.0,4.0,1.0,1.0,0.0,0.0,1.0,0.0,15.0,39.0,0.0,0.0,0.0,1.0,0.9230769231,1.0,0.0,1.0,0.0,0.0,0.0,0.0,1.0,0.0,0.0,0.0,0.0,0.0,0.0,0.0,1.0,0.0,1.0,1.0,-1.0,-1.0,1.0,1.0
1257,2347.0,2.0,0.0,2.0,38.0,1.0,1.0,0.0,0.0,0.0,0.0,0.0,0.0,0.0,0.0,1.0,0.0,0.0,0.0,0.0,0.0,15.0,16.0,0.0,0.0,0.0,0.0,1.0,0.1666666667,0.0,1.0,0.0,0.0,0.0,0.0,1.0,0.0,0.0,0.0,0.0,1.0,0.0,0.0,1.0,1.0,1.0,1.0,1.0,-1.0,1.0,1.0
1258,4804.0,2.0,0.0,7.0,97.0,1.0,0.0,0.0,0.0,0.0,0.0,0.0,0.0,0.0,4.0,1.0,1.0,0.0,0.0,0.0,0.0,20.0,70.0,0.0,0.0,0.0,0.0,0.0,0.0,0.0,1.0,1.0,0.0,0.0,1.0,0.0,0.0,0.0,0.0,0.0,0.0,0.0,0.0,1.0,-1.0,1.0,1.0,1.0,-1.0,1.0,1.0
1259,1119.0,1.0,0.0,3.0,39.0,1.0,0.0,0.0,0.0,0.0,0.0,0.0,0.0,0.0,0.0,1.0,0.0,0.0,0.0,0.0,0.0,15.0,17.0,0.0,0.0,0.0,0.0,0.9230769231,1.0,0.0,1.0,0.0,0.0,0.0,0.0,1.0,0.0,0.0,0.0,0.0,0.0,0.0,0.0,1.0,1.0,1.0,1.0,-1.0,-1.0,1.0,1.0
1260,3307.0,2.0,1.0,2.0,48.0,0.0,0.0,0.0,0.0,0.0,0.0,0.0,0.0,0.0,0.0,1.0,0.0,0.0,0.0,0.0,0.0,31.0,10.0,0.0,0.0,0.0,0.0,0.0,0.7857142857,0.0,1.0,0.0,0.0,0.0,1.0,1.0,0.0,0.0,0.0,0.0,1.0,0.0,0.0,1.0,1.0,-1.0,1.0,1.0,-1.0,1.0,1.0
1261,4461.0,3.0,1.0,2.0,42.0,0.0,0.0,0.0,0.0,0.0,0.0,0.0,0.0,0.0,0.0,1.0,1.0,0.0,0.0,1.0,0.0,15.0,20.0,0.0,0.0,0.0,0.0,1.0,1.0,0.0,1.0,0.0,1.0,0.0,0.0,1.0,0.0,0.0,0.0,0.0,1.0,1.0,0.0,1.0,1.0,-1.0,0.0,1.0,-1.0,1.0,1.0
1262,5439.0,2.0,1.0,14.0,123.0,0.0,0.0,0.0,0.0,0.0,0.0,0.0,0.0,0.0,13.0,1.0,1.0,0.0,0.0,1.0,0.0,21.0,95.0,0.0,0.0,0.0,0.0,0.2673267327,0.0471698113,0.0,0.0,0.0,0.0,0.0,0.0,0.0,0.0,0.0,0.0,1.0,0.0,0.0,0.0,1.0,-1.0,1.0,1.0,1.0,1.0,0.0,0.0
1263,9440.0,2.0,1.0,3.0,42.0,0.0,0.0,0.0,0.0,0.0,0.0,0.0,0.0,0.0,10.0,1.0,1.0,0.0,0.0,1.0,0.0,18.0,17.0,0.0,0.0,0.0,0.0,0.0235294118,0.9154929577,0.0,0.0,0.0,0.0,0.0,0.0,0.0,1.0,0.0,0.0,0.0,0.0,0.0,0.0,1.0,1.0,-1.0,1.0,0.0,1.0,0.0,0.0
1264,3344.0,2.0,1.0,2.0,47.0,0.0,0.0,0.0,0.0,0.0,0.0,0.0,0.0,0.0,0.0,1.0,0.0,0.0,0.0,0.0,0.0,32.0,8.0,0.0,0.0,0.0,0.0,0.0,0.1153846154,0.0,1.0,1.0,0.0,1.0,0.9589041096,0.0,0.0,0.0,0.0,0.0,1.0,0.0,0.0,1.0,1.0,1.0,-1.0,1.0,-1.0,1.0,1.0
1265,8654.0,2.0,0.0,1.0,57.0,0.0,0.0,0.0,0.0,0.0,0.0,3.0,2.0,0.0,6.0,1.0,0.0,0.0,0.0,0.0,0.0,9.0,13.0,27.0,0.0,0.0,0.0,0.0,0.0967741935,0.0,1.0,1.0,0.0,0.0,0.0,0.0,0.0,0.0,0.0,0.0,0.0,0.0,0.0,1.0,0.0,1.0,1.0,0.0,1.0,0.0,0.0
1266,6848.0,1.0,0.0,5.0,79.0,7.0,0.0,0.0,0.0,0.0,0.0,0.0,0.0,0.0,8.0,1.0,1.0,0.0,0.0,1.0,0.0,8.0,64.0,0.0,0.0,0.0,0.0,0.2580645161,1.0,1.0,1.0,0.0,0.0,0.0,0.0,0.0,0.0,0.0,0.0,0.0,0.0,0.0,0.0,1.0,-1.0,-1.0,1.0,-1.0,1.0,0.0,0.0
1267,5757.0,2.0,0.0,1.0,66.0,0.0,0.0,0.0,0.0,0.0,0.0,2.0,1.0,0.0,0.0,1.0,0.0,0.0,0.0,0.0,0.0,15.0,10.0,33.0,0.0,0.0,0.0,0.0099009901,0.0857142857,0.0,0.0,0.0,0.0,0.0,0.0,0.0,0.0,0.0,0.0,0.0,0.0,0.0,0.0,1.0,0.0,1.0,1.0,1.0,1.0,0.0,0.0
1268,886.0,3.0,1.0,4.0,63.0,0.0,0.0,0.0,0.0,0.0,0.0,0.0,0.0,0.0,0.0,1.0,0.0,0.0,0.0,1.0,0.0,27.0,29.0,0.0,0.0,0.0,0.0,0.0,0.0,0.0,1.0,0.0,0.0,0.0,0.0,0.0,0.0,0.0,0.0,0.0,0.0,0.0,0.0,1.0,0.0,1.0,1.0,1.0,1.0,1.0,1.0
1269,2657.0,2.0,0.0,4.0,57.0,0.0,0.0,0.0,0.0,0.0,0.0,0.0,0.0,0.0,0.0,1.0,0.0,0.0,0.0,1.0,0.0,17.0,33.0,0.0,0.0,1.0,1.0,1.0,1.0,1.0,1.0,0.0,0.0,0.0,0.0,1.0,0.0,0.0,0.0,0.0,0.0,0.0,0.0,1.0,0.0,-1.0,1.0,-1.0,-1.0,1.0,1.0
1270,366.0,2.0,0.0,2.0,41.0,0.0,0.0,0.0,0.0,0.0,0.0,0.0,0.0,0.0,0.0,1.0,1.0,0.0,0.0,0.0,0.0,16.0,18.0,0.0,0.0,0.0,0.0,0.0,0.0,0.0,1.0,0.0,0.0,0.0,0.0,0.0,0.0,0.0,0.0,0.0,0.0,0.0,0.0,1.0,1.0,1.0,1.0,1.0,1.0,1.0,1.0
1271,5308.0,1.0,0.0,3.0,110.0,6.0,0.0,0.0,0.0,0.0,0.0,3.0,2.0,0.0,11.0,1.0,1.0,0.0,0.0,0.0,0.0,11.0,38.0,53.0,0.0,0.0,1.0,0.0408163265,0.46,0.0,1.0,1.0,1.0,0.0,0.0,0.0,0.0,0.0,0.0,0.0,0.0,0.0,0.0,1.0,-1.0,0.0,0.0,0.0,1.0,0.0,0.0
1272,8210.0,3.0,1.0,4.0,120.0,10.0,0.0,0.0,0.0,0.0,0.0,0.0,0.0,0.0,6.0,1.0,1.0,0.0,0.0,1.0,0.0,21.0,92.0,0.0,0.0,0.0,0.0,0.4631578947,0.6153846154,0.0,1.0,0.0,1.0,0.0,0.0210526316,0.0,0.0,0.0,0.0,1.0,0.0,0.0,0.0,1.0,-1.0,0.0,0.0,0.0,0.0,0.0,0.0
1273,4524.0,2.0,1.0,4.0,36.0,0.0,0.0,0.0,0.0,0.0,0.0,0.0,0.0,0.0,1.0,0.0,0.0,0.0,0.0,1.0,0.0,12.0,16.0,0.0,0.0,0.0,0.0,1.0,1.0,0.0,0.0,0.0,0.0,0.0,0.0,1.0,0.0,0.0,0.0,0.0,0.0,0.0,0.0,1.0,1.0,-1.0,1.0,-1.0,-1.0,1.0,1.0
1274,2753.0,3.0,0.0,3.0,60.0,1.0,0.0,0.0,0.0,0.0,0.0,0.0,0.0,0.0,0.0,1.0,0.0,0.0,0.0,0.0,0.0,24.0,29.0,0.0,0.0,0.0,0.0,0.1081081081,1.0,0.0,1.0,0.0,0.0,0.0,0.0,0.0,0.0,0.0,0.0,0.0,0.0,0.0,0.0,1.0,0.0,-1.0,1.0,-1.0,1.0,1.0,1.0
1275,851.0,2.0,0.0,5.0,69.0,1.0,0.0,0.0,0.0,0.0,0.0,0.0,0.0,0.0,0.0,1.0,0.0,0.0,0.0,0.0,0.0,23.0,39.0,0.0,0.0,0.0,0.0,0.0,0.0,0.0,1.0,0.0,0.0,0.0,0.0,0.0,0.0,0.0,0.0,0.0,0.0,0.0,0.0,1.0,0.0,1.0,1.0,1.0,1.0,1.0,1.0
1276,3115.0,2.0,1.0,3.0,88.0,2.0,0.0,0.0,0.0,2.0,0.0,0.0,0.0,0.0,12.0,1.0,1.0,0.0,0.0,0.0,0.0,22.0,59.0,0.0,0.0,0.0,0.0,0.0,0.0,0.0,1.0,0.0,0.0,0.0,0.0,0.0,0.0,0.0,0.0,0.0,0.0,0.0,0.0,1.0,-1.0,1.0,1.0,1.0,1.0,1.0,1.0
1277,4229.0,3.0,0.0,3.0,51.0,0.0,0.0,0.0,0.0,0.0,0.0,0.0,0.0,0.0,1.0,1.0,0.0,0.0,0.0,0.0,0.0,22.0,22.0,0.0,0.0,0.0,0.0,0.1351351351,1.0,0.0,1.0,0.0,0.0,0.0,0.0,0.0,0.0,0.0,0.0,0.0,0.0,0.0,0.0,1.0,1.0,-1.0,1.0,-1.0,1.0,1.0,1.0
1278,3206.0,2.0,1.0,3.0,39.0,0.0,0.0,0.0,0.0,0.0,0.0,0.0,0.0,0.0,0.0,1.0,0.0,0.0,0.0,0.0,0.0,19.0,13.0,0.0,0.0,0.0,0.0,0.0,0.0,0.0,1.0,0.0,0.0,0.0,0.0,0.0,0.0,0.0,0.0,0.0,0.0,1.0,0.0,1.0,1.0,1.0,1.0,1.0,1.0,1.0,1.0
1279,8506.0,3.0,1.0,2.0,36.0,0.0,0.0,0.0,0.0,0.0,0.0,0.0,0.0,0.0,4.0,1.0,1.0,0.0,0.0,0.0,0.0,23.0,6.0,0.0,0.0,0.0,0.0,0.1351351351,0.3095238095,0.0,1.0,0.0,0.0,0.0,0.2972972973,0.0,0.0,0.0,0.0,1.0,1.0,0.0,0.0,1.0,1.0,1.0,1.0,0.0,0.0,0.0,0.0
1280,7015.0,3.0,1.0,3.0,66.0,3.0,0.0,0.0,0.0,0.0,0.0,0.0,0.0,0.0,0.0,1.0,1.0,0.0,0.0,0.0,0.0,16.0,43.0,0.0,0.0,0.0,0.0,0.0179028133,0.9772727273,0.0,1.0,1.0,0.0,0.0,0.0179028133,0.0,0.0,0.0,0.0,0.0,0.0,0.0,0.0,1.0,0.0,-1.0,1.0,0.0,1.0,0.0,0.0
1281,5478.0,1.0,0.0,4.0,78.0,2.0,0.0,0.0,0.0,3.0,0.0,2.0,1.0,0.0,2.0,1.0,0.0,0.0,0.0,1.0,0.0,14.0,25.0,31.0,0.0,0.0,0.0,0.0087719298,0.09375,0.0,1.0,1.0,0.0,0.0,0.0,0.0,0.0,0.0,0.0,0.0,0.0,0.0,0.0,1.0,-1.0,1.0,1.0,1.0,1.0,0.0,0.0
1282,2850.0,1.0,0.0,2.0,129.0,0.0,0.0,0.0,0.0,0.0,0.0,1.0,0.0,0.0,11.0,1.0,1.0,0.0,0.0,1.0,0.0,14.0,6.0,101.0,0.0,0.0,0.0,0.0,0.0,0.0,1.0,0.0,0.0,0.0,0.0,0.0,0.0,0.0,0.0,0.0,0.0,0.0,0.0,1.0,-1.0,1.0,1.0,1.0,1.0,1.0,1.0
1283,8744.0,2.0,1.0,2.0,50.0,2.0,0.0,0.0,0.0,0.0,0.0,0.0,0.0,0.0,2.0,1.0,0.0,0.0,0.0,0.0,0.0,25.0,18.0,0.0,0.0,0.0,0.0,0.3571428571,0.8064516129,0.0,1.0,0.0,0.0,0.0,0.0,0.0,0.0,0.0,0.0,0.0,0.0,0.0,0.0,1.0,1.0,-1.0,1.0,0.0,0.0,0.0,0.0
1284,6828.0,1.0,0.0,5.0,67.0,3.0,0.0,0.0,0.0,0.0,0.0,0.0,0.0,0.0,8.0,1.0,1.0,0.0,0.0,1.0,0.0,18.0,42.0,0.0,0.0,0.0,0.0,0.1168831169,1.0,1.0,1.0,1.0,1.0,0.0,0.025974026,0.0,0.0,0.0,0.0,0.0,1.0,0.0,0.0,1.0,0.0,-1.0,0.0,0.0,1.0,0.0,0.0
1285,834.0,1.0,0.0,3.0,38.0,1.0,0.0,0.0,0.0,0.0,0.0,0.0,0.0,0.0,0.0,1.0,0.0,0.0,0.0,0.0,0.0,15.0,16.0,0.0,0.0,0.0,0.0,0.9230769231,1.0,0.0,1.0,0.0,0.0,0.0,0.0,1.0,0.0,0.0,0.0,0.0,0.0,0.0,0.0,1.0,1.0,1.0,1.0,-1.0,-1.0,1.0,1.0
1286,1281.0,1.0,0.0,3.0,34.0,0.0,0.0,0.0,0.0,0.0,0.0,0.0,0.0,0.0,0.0,1.0,1.0,0.0,0.0,1.0,0.0,17.0,10.0,0.0,0.0,0.0,0.0,1.0,0.1428571429,1.0,1.0,0.0,0.0,0.0,0.0,0.0,0.0,0.0,0.0,0.0,1.0,0.0,0.0,1.0,1.0,1.0,1.0,0.0,-1.0,1.0,1.0
1287,4228.0,3.0,1.0,5.0,102.0,2.0,0.0,0.0,0.0,0.0,0.0,0.0,0.0,0.0,1.0,1.0,0.0,0.0,0.0,0.0,0.0,30.0,65.0,0.0,0.0,0.0,0.0,0.375,1.0,1.0,1.0,0.0,0.0,0.0,0.0,0.0,0.0,0.0,0.0,0.0,0.0,0.0,0.0,1.0,-1.0,-1.0,1.0,-1.0,0.0,1.0,1.0
1288,456.0,1.0,0.0,4.0,79.0,1.0,0.0,0.0,0.0,0.0,0.0,0.0,0.0,0.0,29.0,1.0,1.0,0.0,0.0,0.0,0.0,13.0,59.0,0.0,0.0,0.0,0.0,0.0,0.0,0.0,1.0,0.0,0.0,0.0,0.0,0.0,0.0,0.0,0.0,0.0,0.0,0.0,0.0,1.0,-1.0,1.0,1.0,1.0,1.0,1.0,1.0
1289,5233.0,2.0,1.0,3.0,125.0,12.0,0.0,0.0,0.0,2.0,0.0,0.0,0.0,0.0,17.0,1.0,1.0,0.0,0.0,0.0,0.0,23.0,95.0,0.0,0.0,0.0,0.0,0.1,0.5714285714,0.0,0.0,0.0,0.0,0.0,0.0333333333,0.0,0.0,0.0,0.0,0.0,1.0,0.0,0.0,1.0,-1.0,1.0,1.0,0.0,1.0,0.0,0.0
1290,1796.0,3.0,1.0,2.0,47.0,0.0,0.0,0.0,0.0,0.0,0.0,0.0,0.0,0.0,0.0,1.0,0.0,0.0,0.0,1.0,0.0,22.0,18.0,0.0,0.0,0.0,0.0,0.0,0.0714285714,1.0,1.0,0.0,0.0,0.0,1.0,0.0,0.0,0.0,0.0,0.0,1.0,0.0,0.0,1.0,1.0,1.0,1.0,1.0,-1.0,1.0,1.0
1291,5948.0,1.0,0.0,7.0,60.0,0.0,0.0,0.0,0.0,0.0,0.0,0.0,0.0,0.0,1.0,1.0,1.0,0.0,0.0,1.0,0.0,15.0,38.0,0.0,0.0,0.0,0.0,0.0884955752,0.1481481481,0.0,1.0,1.0,0.0,0.0,0.0,0.0,0.0,0.0,0.0,0.0,0.0,0.0,0.0,1.0,0.0,1.0,1.0,0.0,1.0,0.0,0.0
1292,7994.0,3.0,1.0,4.0,83.0,5.0,1.0,0.0,0.0,0.0,0.0,0.0,0.0,0.0,0.0,1.0,0.0,0.0,0.0,0.0,0.0,24.0,52.0,0.0,0.0,0.0,0.0,0.1698113208,0.4390243902,0.0,1.0,0.0,0.0,0.0,0.0188679245,0.0,0.0,0.0,0.0,0.0,1.0,0.0,0.0,1.0,-1.0,-1.0,1.0,0.0,1.0,0.0,0.0
1293,1170.0,2.0,0.0,5.0,67.0,1.0,0.0,0.0,0.0,0.0,0.0,0.0,0.0,0.0,0.0,1.0,1.0,0.0,0.0,0.0,0.0,12.0,48.0,0.0,0.0,0.0,0.0,0.8571428571,1.0,1.0,1.0,0.0,0.0,0.0,0.1428571429,1.0,0.0,0.0,0.0,0.0,1.0,0.0,0.0,1.0,0.0,-1.0,1.0,-1.0,-1.0,1.0,1.0
1294,4806.0,2.0,0.0,3.0,47.0,0.0,0.0,0.0,0.0,0.0,0.0,0.0,0.0,0.0,0.0,1.0,1.0,0.0,0.0,0.0,0.0,15.0,25.0,0.0,0.0,1.0,0.0,0.0,1.0,0.0,1.0,0.0,0.0,0.0,1.0,0.0,0.0,0.0,0.0,0.0,0.0,0.0,0.0,1.0,1.0,1.0,1.0,-1.0,-1.0,1.0,1.0
1295,9640.0,3.0,1.0,2.0,54.0,1.0,0.0,0.0,0.0,0.0,0.0,0.0,0.0,0.0,7.0,1.0,1.0,0.0,0.0,0.0,0.0,16.0,31.0,0.0,0.0,0.0,0.0,0.0091743119,0.0862068966,0.0,1.0,0.0,1.0,0.0,0.1651376147,0.0,0.0,0.0,0.0,1.0,1.0,0.0,0.0,1.0,0.0,1.0,0.0,0.0,1.0,0.0,0.0
1296,9323.0,3.0,1.0,0.0,41.0,0.0,0.0,0.0,0.0,0.0,0.0,0.0,0.0,0.0,0.0,1.0,0.0,0.0,0.0,0.0,0.0,33.0,1.0,0.0,0.0,0.0,0.0,0.0464135021,0.1460674157,0.0,1.0,1.0,0.0,0.0,0.0421940928,0.0,0.0,0.0,0.0,0.0,1.0,0.0,0.0,1.0,1.0,1.0,1.0,0.0,1.0,0.0,0.0
1297,5434.0,3.0,1.0,1.0,78.0,0.0,0.0,0.0,0.0,0.0,0.0,4.0,3.0,0.0,13.0,1.0,1.0,0.0,0.0,0.0,0.0,15.0,14.0,41.0,0.0,0.0,0.0,0.023255814,0.25,0.0,0.0,0.0,0.0,0.0,0.0,0.0,0.0,0.0,0.0,1.0,0.0,0.0,0.0,1.0,-1.0,1.0,1.0,0.0,1.0,0.0,0.0
1298,8588.0,1.0,0.0,4.0,42.0,1.0,0.0,0.0,0.0,0.0,0.0,0.0,0.0,0.0,6.0,1.0,1.0,0.0,0.0,0.0,0.0,14.0,21.0,0.0,0.0,0.0,0.0,0.1129032258,0.0720720721,0.0,1.0,0.0,0.0,0.0,0.0,0.0,0.0,0.0,0.0,0.0,1.0,0.0,0.0,1.0,1.0,1.0,1.0,0.0,1.0,0.0,0.0
1299,7307.0,2.0,1.0,4.0,75.0,5.0,0.0,0.0,0.0,0.0,0.0,0.0,0.0,0.0,6.0,1.0,1.0,0.0,0.0,0.0,0.0,20.0,48.0,0.0,0.0,0.0,0.0,0.0618556701,0.875,0.0,1.0,1.0,0.0,1.0,0.0206185567,0.0,0.0,0.0,0.0,1.0,0.0,0.0,0.0,1.0,0.0,-1.0,-1.0,0.0,1.0,0.0,0.0
1300,1286.0,11.0,0.0,3.0,161.0,2.0,0.0,0.0,0.0,0.0,0.0,8.0,4.0,0.0,18.0,1.0,1.0,0.0,0.0,1.0,0.0,14.0,33.0,106.0,0.0,0.0,1.0,0.6363636364,1.0,0.0,1.0,1.0,0.0,1.0,0.0,1.0,0.0,0.0,0.0,0.0,0.0,0.0,0.0,1.0,-1.0,1.0,-1.0,-1.0,0.0,1.0,1.0
1301,3784.0,2.0,1.0,9.0,64.0,0.0,0.0,0.0,0.0,0.0,0.0,0.0,0.0,0.0,0.0,1.0,1.0,0.0,0.0,1.0,0.0,21.0,36.0,0.0,0.0,0.0,0.0,0.0,0.0,0.0,1.0,0.0,0.0,0.0,0.0,0.0,0.0,0.0,0.0,0.0,0.0,0.0,0.0,1.0,0.0,1.0,1.0,1.0,1.0,1.0,1.0
1302,435.0,1.0,0.0,4.0,79.0,1.0,0.0,0.0,0.0,0.0,0.0,0.0,0.0,0.0,22.0,1.0,1.0,0.0,0.0,0.0,0.0,13.0,59.0,0.0,0.0,0.0,0.0,0.0,0.0,0.0,1.0,0.0,0.0,0.0,0.0,0.0,0.0,0.0,0.0,0.0,0.0,0.0,0.0,1.0,-1.0,1.0,1.0,1.0,1.0,1.0,1.0
1303,5405.0,2.0,1.0,0.0,111.0,4.0,0.0,0.0,0.0,1.0,0.0,5.0,4.0,0.0,11.0,1.0,1.0,0.0,0.0,0.0,0.0,12.0,1.0,90.0,0.0,0.0,0.0,0.0044576523,0.0035971223,0.0,1.0,0.0,0.0,0.0,0.0,0.0,0.0,0.0,0.0,1.0,0.0,0.0,0.0,1.0,-1.0,1.0,1.0,0.0,1.0,0.0,0.0
1304,701.0,1.0,0.0,3.0,39.0,0.0,0.0,0.0,0.0,0.0,0.0,0.0,0.0,0.0,0.0,1.0,0.0,0.0,0.0,1.0,0.0,15.0,17.0,0.0,0.0,0.0,0.0,0.0,0.7857142857,0.0,1.0,0.0,0.0,0.0,1.0,1.0,0.0,0.0,0.0,0.0,1.0,0.0,0.0,1.0,1.0,-1.0,1.0,1.0,-1.0,1.0,1.0
1305,7544.0,3.0,1.0,3.0,71.0,3.0,0.0,0.0,0.0,0.0,0.0,0.0,0.0,0.0,6.0,1.0,1.0,0.0,0.0,1.0,0.0,21.0,43.0,0.0,0.0,0.0,0.0,0.0277777778,0.2307692308,0.0,1.0,1.0,0.0,1.0,0.0277777778,0.0,0.0,0.0,0.0,1.0,1.0,0.0,0.0,1.0,0.0,1.0,-1.0,0.0,1.0,0.0,0.0
1306,5636.0,7.0,1.0,6.0,135.0,1.0,0.0,0.0,0.0,0.0,0.0,0.0,0.0,0.0,4.0,1.0,0.0,0.0,0.0,1.0,0.0,14.0,47.0,66.0,0.0,0.0,1.0,0.0072992701,0.0,0.0,0.0,0.0,0.0,0.0,0.0,0.0,0.0,0.0,0.0,0.0,1.0,0.0,0.0,1.0,-1.0,1.0,1.0,1.0,1.0,0.0,0.0
1307,2881.0,2.0,0.0,4.0,60.0,1.0,0.0,0.0,0.0,1.0,0.0,0.0,0.0,0.0,0.0,1.0,1.0,0.0,0.0,1.0,0.0,9.0,44.0,0.0,0.0,0.0,0.0,0.0,0.0,0.0,1.0,0.0,0.0,0.0,0.0,1.0,0.0,0.0,0.0,0.0,0.0,0.0,0.0,1.0,0.0,1.0,1.0,1.0,1.0,1.0,1.0
1308,5187.0,4.0,2.0,5.0,80.0,0.0,0.0,0.0,0.0,0.0,0.0,0.0,0.0,0.0,3.0,1.0,0.0,0.0,0.0,0.0,0.0,31.0,42.0,0.0,0.0,0.0,0.0,0.1923076923,0.1111111111,0.0,1.0,0.0,0.0,0.0,0.0,0.0,0.0,0.0,0.0,1.0,1.0,0.0,0.0,0.0,-1.0,1.0,1.0,1.0,1.0,0.0,0.0
1309,4564.0,2.0,0.0,2.0,45.0,0.0,0.0,0.0,0.0,0.0,0.0,0.0,0.0,0.0,0.0,1.0,0.0,0.0,0.0,0.0,0.0,20.0,18.0,0.0,0.0,0.0,0.0,0.8333333333,0.1818181818,0.0,1.0,0.0,0.0,0.0,0.1666666667,0.0,0.0,0.0,0.0,0.0,0.0,1.0,0.0,1.0,1.0,-1.0,1.0,1.0,-1.0,1.0,1.0
1310,1925.0,3.0,0.0,2.0,42.0,0.0,0.0,0.0,0.0,0.0,0.0,0.0,0.0,0.0,0.0,1.0,0.0,0.0,0.0,0.0,0.0,16.0,19.0,0.0,0.0,0.0,0.0,0.0,0.0,0.0,1.0,0.0,0.0,0.0,0.0,0.0,0.0,0.0,0.0,0.0,0.0,0.0,0.0,1.0,1.0,1.0,1.0,1.0,1.0,1.0,1.0
1311,1208.0,1.0,0.0,4.0,64.0,0.0,0.0,0.0,0.0,0.0,0.0,0.0,0.0,0.0,23.0,1.0,1.0,0.0,0.0,0.0,0.0,14.0,43.0,0.0,0.0,0.0,0.0,0.0,0.0,0.0,1.0,1.0,0.0,0.0,1.0,0.0,0.0,0.0,0.0,0.0,0.0,0.0,0.0,1.0,0.0,1.0,1.0,1.0,-1.0,1.0,1.0
1312,9794.0,3.0,1.0,2.0,54.0,0.0,0.0,0.0,0.0,1.0,0.0,1.0,0.0,0.0,0.0,1.0,0.0,0.0,0.0,0.0,0.0,11.0,11.0,24.0,0.0,0.0,0.0,0.012295082,0.9708737864,0.0,1.0,1.0,0.0,1.0,0.0,0.0,0.0,0.0,0.0,0.0,1.0,0.0,0.0,1.0,0.0,-1.0,-1.0,-1.0,1.0,0.0,0.0
1313,9711.0,2.0,1.0,5.0,38.0,0.0,0.0,0.0,0.0,0.0,0.0,0.0,0.0,0.0,7.0,1.0,1.0,0.0,0.0,1.0,0.0,15.0,16.0,0.0,0.0,0.0,0.0,0.1666666667,0.25,0.0,1.0,0.0,0.0,0.0,0.0,0.0,0.0,0.0,0.0,0.0,0.0,0.0,0.0,1.0,1.0,0.0,1.0,0.0,1.0,0.0,0.0
1314,1591.0,3.0,1.0,4.0,84.0,1.0,0.0,0.0,0.0,0.0,0.0,0.0,0.0,0.0,15.0,1.0,1.0,0.0,0.0,0.0,0.0,26.0,51.0,0.0,0.0,0.0,0.0,0.0,0.0,0.0,1.0,0.0,0.0,0.0,0.0,0.0,0.0,0.0,0.0,0.0,0.0,0.0,0.0,1.0,-1.0,1.0,1.0,1.0,1.0,1.0,1.0
1315,1294.0,4.0,2.0,4.0,67.0,1.0,0.0,0.0,0.0,0.0,0.0,0.0,0.0,0.0,4.0,1.0,1.0,0.0,0.0,0.0,0.0,26.0,34.0,0.0,0.0,0.0,0.0,1.0,1.0,0.0,1.0,0.0,1.0,0.0,0.0,1.0,0.0,0.0,0.0,0.0,1.0,0.0,0.0,1.0,0.0,-1.0,0.0,-1.0,-1.0,1.0,1.0
1316,8321.0,2.0,0.0,2.0,44.0,0.0,0.0,0.0,0.0,0.0,0.0,1.0,0.0,0.0,4.0,1.0,0.0,0.0,0.0,1.0,0.0,11.0,17.0,8.0,0.0,0.0,0.0,0.0029585799,0.0693069307,0.0,1.0,0.0,0.0,0.0,0.0,0.0,0.0,0.0,0.0,0.0,1.0,0.0,0.0,1.0,1.0,1.0,1.0,0.0,1.0,0.0,0.0
1317,865.0,4.0,0.0,3.0,57.0,0.0,0.0,0.0,0.0,1.0,0.0,1.0,1.0,0.0,9.0,1.0,0.0,1.0,0.0,0.0,0.0,12.0,22.0,15.0,0.0,0.0,0.0,0.375,0.0,0.0,1.0,0.0,0.0,0.0,0.0,1.0,0.0,0.0,0.0,0.0,0.0,0.0,0.0,1.0,0.0,1.0,1.0,0.0,0.0,1.0,1.0
1318,819.0,3.0,0.0,3.0,50.0,0.0,0.0,0.0,0.0,0.0,0.0,0.0,0.0,0.0,0.0,1.0,0.0,0.0,0.0,1.0,0.0,13.0,30.0,0.0,0.0,0.0,0.0,0.0,0.0,0.0,1.0,1.0,0.0,0.0,0.0,0.0,0.0,0.0,0.0,0.0,0.0,1.0,0.0,1.0,1.0,1.0,1.0,1.0,1.0,1.0,1.0
1319,6950.0,4.0,1.0,3.0,68.0,0.0,0.0,0.0,0.0,1.0,0.0,0.0,0.0,0.0,3.0,1.0,0.0,0.0,0.0,0.0,0.0,22.0,39.0,0.0,0.0,0.0,0.0,0.2,0.2222222222,0.0,1.0,0.0,0.0,0.0,0.1142857143,0.0,0.0,0.0,0.0,0.0,0.0,0.0,0.0,1.0,0.0,1.0,1.0,0.0,0.0,0.0,0.0
1320,7693.0,3.0,1.0,7.0,104.0,4.0,0.0,0.0,0.0,0.0,0.0,0.0,0.0,0.0,8.0,1.0,1.0,0.0,0.0,0.0,0.0,20.0,77.0,0.0,0.0,0.0,0.0,0.2467532468,0.1929824561,0.0,1.0,1.0,0.0,0.0,0.038961039,0.0,0.0,1.0,0.0,0.0,1.0,0.0,0.0,1.0,-1.0,1.0,1.0,0.0,1.0,0.0,0.0
1321,3407.0,2.0,1.0,6.0,87.0,2.0,0.0,0.0,0.0,0.0,0.0,0.0,0.0,0.0,0.0,1.0,0.0,0.0,0.0,1.0,0.0,32.0,48.0,0.0,0.0,0.0,0.0,0.0,0.0,0.0,1.0,0.0,0.0,0.0,0.0,0.0,0.0,0.0,0.0,0.0,0.0,0.0,0.0,1.0,-1.0,1.0,1.0,1.0,1.0,1.0,1.0
1322,1734.0,1.0,0.0,3.0,59.0,0.0,0.0,0.0,0.0,0.0,0.0,0.0,0.0,0.0,14.0,1.0,1.0,0.0,0.0,0.0,0.0,14.0,38.0,0.0,0.0,0.0,0.0,0.0,0.0,0.0,1.0,0.0,0.0,0.0,0.0,0.0,0.0,0.0,0.0,0.0,0.0,0.0,0.0,1.0,0.0,1.0,1.0,1.0,1.0,1.0,1.0
1323,6764.0,2.0,1.0,2.0,95.0,2.0,0.0,0.0,0.0,3.0,0.0,5.0,4.0,0.0,6.0,1.0,1.0,0.0,0.0,1.0,0.0,17.0,18.0,52.0,0.0,0.0,0.0,0.0485436893,0.0374331551,0.0,1.0,1.0,0.0,0.0,0.0,0.0,0.0,0.0,0.0,0.0,0.0,0.0,0.0,1.0,-1.0,1.0,1.0,1.0,1.0,0.0,0.0
1324,8459.0,2.0,1.0,1.0,52.0,2.0,0.0,0.0,0.0,0.0,0.0,0.0,0.0,0.0,0.0,1.0,0.0,0.0,0.0,0.0,0.0,20.0,25.0,0.0,0.0,0.0,0.0,0.0170454545,0.375,0.0,1.0,0.0,0.0,0.0,0.0227272727,0.0,0.0,0.0,0.0,0.0,1.0,0.0,0.0,1.0,1.0,1.0,1.0,0.0,1.0,0.0,0.0
1325,640.0,3.0,1.0,3.0,47.0,0.0,0.0,0.0,0.0,0.0,0.0,0.0,0.0,0.0,0.0,1.0,0.0,0.0,0.0,0.0,0.0,18.0,22.0,0.0,0.0,0.0,0.0,0.0,0.1538461538,0.0,1.0,0.0,0.0,0.0,0.0,0.0,0.0,0.0,0.0,0.0,0.0,0.0,0.0,1.0,1.0,1.0,1.0,1.0,1.0,1.0,1.0
1326,1228.0,2.0,0.0,2.0,43.0,0.0,0.0,0.0,0.0,0.0,0.0,0.0,0.0,0.0,1.0,1.0,0.0,0.0,0.0,0.0,0.0,21.0,15.0,0.0,0.0,0.0,0.0,1.0,1.0,0.0,1.0,0.0,0.0,0.0,0.0,1.0,0.0,0.0,0.0,0.0,0.0,0.0,0.0,1.0,1.0,-1.0,1.0,-1.0,-1.0,1.0,1.0
1327,1532.0,2.0,0.0,3.0,37.0,1.0,0.0,0.0,0.0,0.0,0.0,0.0,0.0,0.0,1.0,1.0,0.0,0.0,0.0,0.0,0.0,13.0,17.0,0.0,0.0,0.0,0.0,0.0,0.0,0.0,1.0,1.0,0.0,0.0,1.0,0.0,0.0,0.0,0.0,0.0,0.0,0.0,0.0,1.0,1.0,1.0,1.0,1.0,-1.0,1.0,1.0
1328,207.0,2.0,0.0,3.0,45.0,0.0,0.0,0.0,0.0,0.0,0.0,0.0,0.0,0.0,0.0,1.0,0.0,0.0,0.0,1.0,0.0,20.0,18.0,0.0,0.0,0.0,0.0,0.0,0.0,0.0,1.0,0.0,0.0,0.0,0.0,0.0,0.0,0.0,0.0,0.0,0.0,1.0,0.0,1.0,1.0,1.0,1.0,1.0,1.0,1.0,1.0
1329,5954.0,3.0,1.0,2.0,63.0,0.0,0.0,0.0,0.0,1.0,0.0,0.0,0.0,0.0,0.0,1.0,0.0,0.0,0.0,0.0,0.0,25.0,31.0,0.0,0.0,0.0,0.0,0.1621621622,0.6557377049,0.0,1.0,0.0,0.0,0.0,0.0540540541,0.0,0.0,0.0,0.0,0.0,0.0,0.0,0.0,1.0,0.0,1.0,1.0,0.0,1.0,0.0,0.0
1330,1762.0,1.0,0.0,4.0,50.0,0.0,0.0,0.0,0.0,0.0,0.0,0.0,0.0,0.0,0.0,1.0,1.0,0.0,0.0,0.0,0.0,22.0,21.0,0.0,0.0,0.0,0.0,0.0,0.7857142857,0.0,1.0,0.0,0.0,0.0,1.0,1.0,0.0,0.0,0.0,0.0,1.0,0.0,0.0,1.0,1.0,-1.0,1.0,1.0,-1.0,1.0,1.0
1331,4822.0,2.0,0.0,3.0,46.0,0.0,0.0,0.0,0.0,0.0,0.0,0.0,0.0,0.0,1.0,1.0,0.0,0.0,0.0,0.0,0.0,13.0,26.0,0.0,0.0,0.0,0.0,0.0,0.0,0.0,1.0,0.0,0.0,0.0,0.0,0.0,0.0,0.0,0.0,0.0,0.0,0.0,0.0,1.0,1.0,1.0,1.0,1.0,1.0,1.0,1.0
1332,4887.0,3.0,1.0,3.0,77.0,1.0,1.0,0.0,0.0,0.0,0.0,0.0,0.0,0.0,0.0,0.0,1.0,0.0,0.0,0.0,0.0,43.0,26.0,0.0,0.0,0.0,0.0,0.0,0.0,0.0,0.0,1.0,0.0,0.0,0.0,0.0,0.0,0.0,0.0,0.0,0.0,0.0,0.0,1.0,-1.0,1.0,1.0,1.0,1.0,1.0,1.0
1333,7456.0,2.0,0.0,3.0,75.0,8.0,1.0,0.0,0.0,0.0,0.0,0.0,0.0,0.0,6.0,1.0,1.0,0.0,0.0,1.0,0.0,11.0,57.0,0.0,0.0,0.0,0.0,0.0816326531,0.0588235294,0.0,1.0,0.0,0.0,0.0,0.0612244898,0.0,0.0,0.0,0.0,1.0,0.0,0.0,0.0,1.0,0.0,1.0,1.0,1.0,1.0,0.0,0.0
1334,6262.0,1.0,0.0,3.0,73.0,6.0,0.0,0.0,0.0,0.0,0.0,0.0,0.0,0.0,6.0,1.0,1.0,0.0,0.0,0.0,0.0,13.0,53.0,0.0,0.0,0.0,0.0,0.1540983607,1.0,1.0,1.0,1.0,0.0,1.0,0.0524590164,0.0,0.0,0.0,0.0,1.0,1.0,0.0,0.0,1.0,0.0,-1.0,-1.0,-1.0,1.0,0.0,0.0
1335,552.0,3.0,1.0,4.0,48.0,0.0,0.0,0.0,0.0,0.0,0.0,0.0,0.0,0.0,0.0,1.0,1.0,0.0,0.0,1.0,0.0,17.0,24.0,0.0,0.0,0.0,1.0,1.0,0.0,0.0,1.0,0.0,0.0,0.0,0.0,1.0,0.0,0.0,0.0,0.0,0.0,0.0,0.0,1.0,1.0,1.0,1.0,1.0,-1.0,1.0,1.0
1336,3001.0,2.0,1.0,5.0,52.0,1.0,0.0,0.0,0.0,0.0,0.0,0.0,0.0,0.0,0.0,1.0,1.0,0.0,0.0,1.0,0.0,17.0,28.0,0.0,0.0,0.0,0.0,0.0,0.0,0.0,1.0,0.0,0.0,0.0,0.0,0.0,0.0,0.0,0.0,0.0,0.0,0.0,0.0,1.0,1.0,1.0,1.0,1.0,1.0,1.0,1.0
1337,293.0,1.0,0.0,3.0,60.0,0.0,0.0,0.0,0.0,1.0,0.0,0.0,0.0,0.0,23.0,1.0,1.0,0.0,0.0,0.0,0.0,7.0,46.0,0.0,0.0,0.0,0.0,0.0,0.0,0.0,1.0,0.0,0.0,0.0,1.0,0.0,0.0,0.0,0.0,0.0,0.0,0.0,1.0,1.0,0.0,1.0,1.0,1.0,-1.0,1.0,1.0
1338,8782.0,1.0,0.0,3.0,43.0,1.0,0.0,0.0,0.0,0.0,0.0,0.0,0.0,0.0,0.0,1.0,0.0,0.0,0.0,0.0,0.0,15.0,21.0,0.0,0.0,0.0,0.0,0.1323529412,0.9864864865,1.0,1.0,1.0,0.0,0.0,0.0661764706,0.0,0.0,0.0,0.0,1.0,0.0,0.0,0.0,1.0,1.0,-1.0,1.0,-1.0,1.0,0.0,0.0
1339,8314.0,1.0,0.0,2.0,40.0,1.0,0.0,0.0,0.0,0.0,0.0,0.0,0.0,0.0,0.0,1.0,0.0,0.0,0.0,0.0,0.0,12.0,21.0,0.0,0.0,0.0,1.0,0.038961039,0.05,0.0,0.0,0.0,0.0,0.0,0.0,0.0,0.0,0.0,0.0,1.0,0.0,0.0,0.0,1.0,1.0,1.0,1.0,0.0,1.0,0.0,0.0
1340,4463.0,3.0,1.0,3.0,59.0,1.0,1.0,0.0,0.0,0.0,1.0,0.0,0.0,0.0,2.0,1.0,1.0,0.0,0.0,0.0,0.0,23.0,29.0,0.0,0.0,0.0,0.0,0.0,0.0,0.0,1.0,0.0,0.0,0.0,0.0,0.0,0.0,0.0,0.0,0.0,0.0,0.0,0.0,1.0,0.0,1.0,1.0,1.0,1.0,1.0,1.0
1341,2161.0,2.0,0.0,4.0,108.0,2.0,0.0,0.0,0.0,4.0,0.0,2.0,1.0,0.0,1.0,1.0,0.0,0.0,0.0,0.0,0.0,11.0,41.0,48.0,0.0,0.0,0.0,0.0,0.0,0.0,1.0,1.0,0.0,0.0,0.0,0.0,0.0,0.0,0.0,0.0,0.0,0.0,0.0,1.0,-1.0,1.0,1.0,1.0,1.0,1.0,1.0
1342,7778.0,1.0,0.0,4.0,70.0,2.0,0.0,0.0,0.0,0.0,0.0,0.0,0.0,0.0,0.0,1.0,0.0,0.0,0.0,1.0,0.0,17.0,46.0,0.0,0.0,0.0,0.0,0.025,0.9846153846,1.0,0.0,0.0,1.0,0.0,0.0142857143,0.0,0.0,0.0,0.0,1.0,1.0,0.0,0.0,1.0,0.0,-1.0,0.0,-1.0,1.0,0.0,0.0
1343,6544.0,1.0,0.0,1.0,95.0,11.0,0.0,0.0,0.0,0.0,0.0,0.0,0.0,0.0,9.0,1.0,1.0,0.0,0.0,1.0,0.0,13.0,75.0,0.0,0.0,0.0,0.0,0.1417322835,0.2181818182,0.0,1.0,0.0,0.0,0.0,0.0472440945,0.0,0.0,0.0,0.0,1.0,0.0,0.0,0.0,1.0,-1.0,1.0,1.0,0.0,1.0,0.0,0.0
1344,5890.0,1.0,0.0,5.0,106.0,6.0,0.0,0.0,0.0,2.0,0.0,3.0,2.0,0.0,16.0,1.0,1.0,0.0,0.0,1.0,0.0,16.0,38.0,44.0,0.0,0.0,0.0,0.388185654,1.0,1.0,1.0,1.0,0.0,0.0,0.0,0.0,0.0,0.0,0.0,0.0,1.0,0.0,0.0,1.0,-1.0,-1.0,1.0,0.0,0.0,0.0,0.0
1345,6809.0,3.0,1.0,3.0,69.0,2.0,0.0,0.0,0.0,0.0,0.0,0.0,0.0,0.0,0.0,1.0,0.0,0.0,0.0,1.0,0.0,16.0,46.0,0.0,0.0,0.0,0.0,0.0956521739,0.0961538462,0.0,1.0,1.0,0.0,0.0,0.0086956522,0.0,0.0,0.0,0.0,1.0,0.0,0.0,0.0,1.0,0.0,1.0,1.0,1.0,1.0,0.0,0.0
1346,198.0,1.0,0.0,4.0,38.0,1.0,0.0,0.0,0.0,0.0,0.0,0.0,0.0,0.0,0.0,1.0,0.0,0.0,0.0,0.0,0.0,10.0,21.0,0.0,0.0,0.0,0.0,0.9230769231,1.0,0.0,1.0,0.0,0.0,0.0,0.0,1.0,0.0,0.0,0.0,0.0,0.0,0.0,0.0,1.0,1.0,1.0,1.0,-1.0,-1.0,1.0,1.0
1347,2101.0,2.0,0.0,2.0,39.0,0.0,0.0,0.0,0.0,0.0,0.0,0.0,0.0,0.0,0.0,1.0,1.0,0.0,0.0,0.0,0.0,15.0,17.0,0.0,0.0,0.0,0.0,0.9230769231,1.0,0.0,1.0,0.0,0.0,0.0,0.0,1.0,0.0,0.0,0.0,0.0,0.0,0.0,0.0,1.0,1.0,1.0,1.0,-1.0,-1.0,1.0,1.0
1348,9488.0,2.0,1.0,3.0,48.0,1.0,0.0,0.0,0.0,0.0,0.0,0.0,0.0,0.0,0.0,1.0,1.0,0.0,0.0,0.0,0.0,17.0,24.0,0.0,0.0,0.0,0.0,0.4393939394,0.3461538462,0.0,1.0,0.0,0.0,0.0,0.0075757576,0.0,0.0,0.0,0.0,1.0,1.0,0.0,0.0,1.0,1.0,0.0,1.0,0.0,0.0,0.0,0.0
1349,1405.0,2.0,0.0,2.0,37.0,1.0,1.0,0.0,0.0,0.0,0.0,0.0,0.0,0.0,0.0,1.0,0.0,0.0,0.0,0.0,0.0,12.0,18.0,0.0,0.0,0.0,0.0,0.0,0.0,0.0,1.0,0.0,0.0,0.0,0.0,0.0,0.0,0.0,0.0,0.0,0.0,0.0,0.0,1.0,1.0,1.0,1.0,1.0,1.0,1.0,1.0
1350,6505.0,1.0,0.0,2.0,160.0,1.0,0.0,0.0,0.0,0.0,0.0,5.0,4.0,0.0,30.0,1.0,0.0,0.0,0.0,1.0,0.0,13.0,19.0,120.0,0.0,0.0,0.0,0.0373134328,0.1052631579,0.0,1.0,1.0,0.0,1.0,0.0,0.0,0.0,0.0,0.0,0.0,0.0,0.0,0.0,1.0,-1.0,1.0,-1.0,1.0,1.0,0.0,0.0
1351,4505.0,3.0,1.0,5.0,58.0,0.0,0.0,0.0,0.0,0.0,0.0,0.0,0.0,0.0,0.0,1.0,0.0,0.0,0.0,0.0,0.0,15.0,36.0,0.0,0.0,0.0,0.0,0.0,0.3333333333,1.0,1.0,0.0,0.0,0.0,0.0,0.0,0.0,0.0,0.0,0.0,1.0,0.0,1.0,1.0,0.0,1.0,1.0,-1.0,1.0,1.0,1.0
1352,8036.0,1.0,0.0,2.0,74.0,8.0,0.0,0.0,0.0,0.0,0.0,0.0,0.0,0.0,0.0,1.0,0.0,0.0,0.0,1.0,0.0,8.0,59.0,0.0,0.0,0.0,0.0,0.1875,0.7931034483,1.0,0.0,0.0,0.0,0.0,0.0267857143,0.0,0.0,0.0,0.0,1.0,0.0,0.0,0.0,1.0,0.0,-1.0,1.0,0.0,1.0,0.0,0.0
1353,3725.0,3.0,1.0,5.0,75.0,3.0,0.0,0.0,0.0,0.0,0.0,0.0,0.0,0.0,0.0,1.0,0.0,0.0,0.0,0.0,0.0,22.0,46.0,0.0,0.0,0.0,0.0,1.0,1.0,0.0,1.0,0.0,0.0,0.0,0.0,1.0,0.0,0.0,0.0,0.0,1.0,1.0,0.0,1.0,0.0,-1.0,1.0,-1.0,-1.0,1.0,1.0
1354,5887.0,2.0,0.0,2.0,68.0,0.0,0.0,0.0,0.0,0.0,0.0,2.0,1.0,0.0,4.0,1.0,0.0,0.0,0.0,1.0,0.0,18.0,21.0,21.0,0.0,0.0,0.0,0.0192307692,0.141025641,0.0,1.0,1.0,0.0,0.0,0.0,0.0,0.0,0.0,0.0,0.0,0.0,0.0,0.0,1.0,0.0,1.0,1.0,1.0,1.0,0.0,0.0
1355,7270.0,1.0,0.0,3.0,70.0,6.0,0.0,0.0,0.0,0.0,0.0,0.0,0.0,0.0,6.0,1.0,1.0,0.0,0.0,1.0,0.0,11.0,52.0,0.0,0.0,0.0,0.0,0.2409638554,1.0,1.0,1.0,1.0,0.0,0.0,0.0240963855,0.0,0.0,0.0,0.0,1.0,1.0,0.0,0.0,1.0,0.0,-1.0,1.0,-1.0,1.0,0.0,0.0
1356,9394.0,3.0,1.0,1.0,47.0,0.0,0.0,0.0,0.0,0.0,0.0,0.0,0.0,0.0,0.0,1.0,0.0,0.0,0.0,0.0,0.0,25.0,15.0,0.0,0.0,0.0,0.0,0.0,0.0,0.0,0.0,0.0,0.0,0.0,0.0526315789,0.0,0.0,0.0,0.0,0.0,0.0,0.0,0.0,1.0,1.0,1.0,1.0,1.0,1.0,0.0,0.0
1357,9052.0,1.0,0.0,2.0,53.0,6.0,0.0,0.0,0.0,0.0,0.0,0.0,0.0,0.0,8.0,1.0,1.0,0.0,0.0,0.0,0.0,5.0,41.0,0.0,0.0,0.0,0.0,0.0235294118,0.1272727273,0.0,1.0,1.0,0.0,1.0,0.1176470588,0.0,0.0,0.0,0.0,0.0,1.0,0.0,1.0,1.0,1.0,1.0,-1.0,1.0,1.0,0.0,0.0
1358,5980.0,3.0,1.0,1.0,124.0,1.0,0.0,0.0,0.0,2.0,1.0,7.0,6.0,0.0,5.0,1.0,0.0,0.0,0.0,0.0,0.0,17.0,7.0,92.0,0.0,0.0,0.0,0.0526315789,0.0,0.0,1.0,0.0,0.0,0.0,0.0,0.0,0.0,0.0,0.0,0.0,0.0,0.0,0.0,1.0,-1.0,1.0,1.0,1.0,1.0,0.0,0.0
1359,4774.0,2.0,0.0,6.0,65.0,0.0,0.0,0.0,0.0,1.0,0.0,0.0,0.0,0.0,0.0,1.0,1.0,0.0,0.0,0.0,0.0,12.0,46.0,0.0,0.0,0.0,0.0,0.0,0.0,0.0,1.0,1.0,0.0,0.0,0.0,1.0,0.0,0.0,0.0,0.0,0.0,0.0,0.0,1.0,0.0,1.0,1.0,1.0,1.0,1.0,1.0
1360,2728.0,3.0,1.0,4.0,201.0,0.0,0.0,0.0,0.0,0.0,0.0,0.0,0.0,0.0,32.0,1.0,0.0,0.0,0.0,0.0,0.0,22.0,36.0,135.0,0.0,0.0,0.0,0.0,0.0,0.0,1.0,0.0,0.0,0.0,0.0,0.0,0.0,0.0,0.0,0.0,0.0,0.0,0.0,1.0,-1.0,1.0,1.0,1.0,1.0,1.0,1.0
1361,2930.0,2.0,1.0,2.0,42.0,0.0,0.0,0.0,0.0,0.0,0.0,0.0,0.0,0.0,3.0,1.0,0.0,0.0,0.0,0.0,0.0,27.0,8.0,0.0,0.0,0.0,0.0,0.0,0.1538461538,0.0,1.0,0.0,0.0,0.0,0.0,0.0,0.0,0.0,0.0,0.0,0.0,0.0,0.0,1.0,1.0,1.0,1.0,1.0,1.0,1.0,1.0
1362,8617.0,1.0,0.0,3.0,56.0,2.0,0.0,0.0,0.0,0.0,0.0,0.0,0.0,0.0,0.0,1.0,1.0,0.0,0.0,0.0,0.0,20.0,29.0,0.0,0.0,0.0,0.0,0.375,0.5319148936,0.0,1.0,0.0,0.0,0.0,0.0277777778,0.0,0.0,0.0,0.0,0.0,1.0,0.0,0.0,1.0,0.0,0.0,1.0,0.0,0.0,0.0,0.0
1363,2175.0,2.0,0.0,2.0,37.0,0.0,0.0,0.0,0.0,0.0,0.0,0.0,0.0,0.0,2.0,1.0,0.0,0.0,0.0,0.0,0.0,12.0,18.0,0.0,0.0,0.0,0.0,1.0,1.0,0.0,1.0,0.0,0.0,0.0,0.0,1.0,0.0,0.0,0.0,0.0,0.0,0.0,0.0,1.0,1.0,-1.0,1.0,-1.0,-1.0,1.0,1.0
1364,2779.0,5.0,1.0,4.0,63.0,0.0,0.0,0.0,0.0,0.0,0.0,0.0,0.0,0.0,0.0,1.0,1.0,0.0,0.0,0.0,0.0,29.0,27.0,0.0,0.0,0.0,0.0,0.0,0.0,0.0,1.0,1.0,0.0,0.0,0.0,0.0,0.0,0.0,0.0,0.0,0.0,0.0,0.0,1.0,0.0,1.0,1.0,1.0,1.0,1.0,1.0
1365,1907.0,3.0,1.0,5.0,75.0,0.0,0.0,0.0,0.0,0.0,1.0,0.0,0.0,0.0,7.0,1.0,1.0,0.0,0.0,0.0,0.0,29.0,39.0,0.0,0.0,0.0,0.0,0.0,0.0,0.0,1.0,0.0,0.0,0.0,1.0,0.0,0.0,0.0,0.0,0.0,0.0,0.0,1.0,1.0,0.0,1.0,1.0,1.0,-1.0,1.0,1.0
1366,7428.0,3.0,2.0,1.0,92.0,0.0,0.0,0.0,0.0,0.0,2.0,2.0,1.0,0.0,4.0,1.0,0.0,0.0,0.0,0.0,0.0,27.0,7.0,50.0,0.0,0.0,0.0,0.1458333333,0.125,0.0,0.0,0.0,0.0,0.0,0.0,0.0,0.0,0.0,0.0,0.0,0.0,0.0,0.0,0.0,-1.0,1.0,1.0,0.0,1.0,0.0,0.0
1367,4473.0,4.0,0.0,2.0,43.0,0.0,0.0,0.0,0.0,0.0,0.0,0.0,0.0,0.0,3.0,1.0,0.0,0.0,0.0,1.0,0.0,13.0,23.0,0.0,0.0,0.0,0.0,0.0,1.0,0.0,1.0,0.0,0.0,0.0,0.0,1.0,0.0,0.0,0.0,0.0,0.0,0.0,0.0,1.0,1.0,-1.0,1.0,1.0,1.0,1.0,1.0
1368,4566.0,2.0,0.0,2.0,37.0,1.0,0.0,0.0,0.0,0.0,0.0,0.0,0.0,0.0,0.0,1.0,0.0,0.0,0.0,0.0,0.0,9.0,21.0,0.0,0.0,0.0,0.0,0.9230769231,1.0,0.0,1.0,0.0,0.0,0.0,0.0,1.0,0.0,0.0,0.0,0.0,0.0,0.0,0.0,1.0,1.0,1.0,1.0,-1.0,-1.0,1.0,1.0
1369,5871.0,2.0,0.0,2.0,62.0,3.0,0.0,0.0,0.0,0.0,0.0,0.0,0.0,0.0,3.0,1.0,1.0,0.0,0.0,0.0,0.0,22.0,33.0,0.0,0.0,0.0,0.0,0.1486486486,0.015625,0.0,1.0,0.0,0.0,0.0,0.0,0.0,0.0,0.0,0.0,0.0,0.0,0.0,0.0,1.0,0.0,1.0,1.0,0.0,1.0,0.0,0.0
1370,1811.0,1.0,0.0,3.0,58.0,1.0,1.0,0.0,0.0,0.0,0.0,0.0,0.0,0.0,18.0,1.0,1.0,0.0,0.0,0.0,0.0,13.0,38.0,0.0,0.0,0.0,0.0,0.0,0.0,0.0,1.0,0.0,0.0,0.0,0.0,0.0,0.0,0.0,0.0,0.0,0.0,0.0,0.0,1.0,0.0,1.0,1.0,1.0,1.0,1.0,1.0
1371,360.0,3.0,1.0,5.0,102.0,0.0,0.0,0.0,0.0,0.0,0.0,0.0,0.0,0.0,4.0,1.0,1.0,0.0,0.0,0.0,0.0,29.0,66.0,0.0,0.0,0.0,0.0,0.9230769231,1.0,0.0,1.0,0.0,1.0,0.0,0.0,1.0,0.0,0.0,0.0,0.0,0.0,0.0,0.0,1.0,-1.0,1.0,0.0,-1.0,-1.0,1.0,1.0
1372,8231.0,1.0,0.0,4.0,60.0,5.0,0.0,0.0,0.0,0.0,0.0,0.0,0.0,0.0,8.0,1.0,1.0,0.0,0.0,1.0,0.0,8.0,45.0,0.0,0.0,0.0,0.0,0.0,0.5,0.0,0.0,0.0,0.0,0.0,0.0,1.0,0.0,0.0,0.0,0.0,1.0,1.0,0.0,1.0,0.0,-1.0,1.0,1.0,1.0,0.0,0.0
1373,4438.0,3.0,1.0,2.0,43.0,0.0,0.0,0.0,0.0,0.0,0.0,0.0,0.0,0.0,3.0,1.0,1.0,0.0,0.0,1.0,0.0,19.0,17.0,0.0,0.0,0.0,0.0,0.9230769231,1.0,0.0,1.0,0.0,1.0,0.0,0.0,1.0,0.0,0.0,0.0,0.0,0.0,0.0,0.0,1.0,1.0,1.0,0.0,-1.0,-1.0,1.0,1.0
1374,2374.0,5.0,1.0,5.0,61.0,0.0,0.0,0.0,0.0,0.0,0.0,0.0,0.0,0.0,0.0,1.0,1.0,0.0,0.0,0.0,0.0,17.0,37.0,0.0,0.0,0.0,0.0,0.0,0.0,0.0,1.0,1.0,0.0,0.0,0.0,0.0,0.0,0.0,0.0,0.0,0.0,0.0,0.0,1.0,0.0,1.0,1.0,1.0,1.0,1.0,1.0
1375,5277.0,1.0,0.0,5.0,102.0,9.0,0.0,0.0,0.0,0.0,0.0,0.0,0.0,0.0,0.0,1.0,1.0,0.0,0.0,1.0,0.0,17.0,78.0,0.0,0.0,0.0,0.0,0.0292397661,0.7142857143,0.0,1.0,0.0,0.0,0.0,0.0058479532,0.0,0.0,0.0,0.0,0.0,0.0,0.0,0.0,1.0,-1.0,1.0,1.0,0.0,1.0,0.0,0.0
1376,2169.0,2.0,0.0,5.0,183.0,0.0,0.0,0.0,0.0,2.0,0.0,2.0,1.0,0.0,71.0,1.0,1.0,0.0,0.0,0.0,0.0,15.0,57.0,103.0,0.0,1.0,0.0,0.0,0.0,0.0,1.0,0.0,0.0,0.0,0.0,0.0,0.0,0.0,0.0,0.0,0.0,0.0,0.0,1.0,-1.0,1.0,1.0,1.0,1.0,1.0,1.0
1377,8987.0,1.0,0.0,0.0,27.0,0.0,0.0,0.0,0.0,0.0,0.0,0.0,0.0,0.0,0.0,1.0,0.0,0.0,0.0,0.0,0.0,19.0,1.0,0.0,0.0,0.0,0.0,0.078125,0.1587301587,0.0,0.0,0.0,0.0,0.0,0.109375,0.0,0.0,0.0,0.0,1.0,0.0,0.0,0.0,1.0,1.0,1.0,1.0,0.0,1.0,0.0,0.0
1378,794.0,2.0,0.0,4.0,73.0,1.0,0.0,0.0,0.0,0.0,0.0,0.0,0.0,0.0,18.0,1.0,1.0,0.0,0.0,0.0,0.0,13.0,53.0,0.0,0.0,0.0,1.0,1.0,1.0,0.0,1.0,0.0,0.0,0.0,0.0,1.0,0.0,0.0,0.0,0.0,1.0,0.0,0.0,1.0,0.0,-1.0,1.0,-1.0,-1.0,1.0,1.0
1379,985.0,2.0,0.0,3.0,44.0,1.0,1.0,0.0,0.0,0.0,0.0,0.0,0.0,0.0,1.0,1.0,1.0,0.0,0.0,0.0,0.0,13.0,24.0,0.0,0.0,0.0,0.0,0.0,0.0,0.0,0.0,0.0,0.0,0.0,0.0,1.0,0.0,0.0,0.0,0.0,0.0,1.0,0.0,1.0,1.0,1.0,1.0,1.0,1.0,1.0,1.0
1380,4442.0,3.0,1.0,2.0,43.0,0.0,0.0,0.0,0.0,0.0,0.0,0.0,0.0,0.0,0.0,1.0,0.0,0.0,0.0,0.0,0.0,20.0,16.0,0.0,0.0,0.0,0.0,0.9230769231,1.0,0.0,1.0,0.0,0.0,0.0,0.0,1.0,0.0,0.0,0.0,0.0,0.0,0.0,0.0,1.0,1.0,1.0,1.0,-1.0,-1.0,1.0,1.0
1381,5402.0,2.0,0.0,4.0,99.0,0.0,0.0,0.0,0.0,2.0,0.0,1.0,0.0,0.0,33.0,1.0,0.0,0.0,0.0,1.0,0.0,14.0,30.0,47.0,0.0,0.0,0.0,0.2291666667,0.2075471698,0.0,1.0,0.0,1.0,0.0,0.0,0.0,0.0,0.0,0.0,0.0,1.0,0.0,0.0,1.0,-1.0,1.0,0.0,0.0,1.0,0.0,0.0
1382,1610.0,3.0,0.0,4.0,61.0,0.0,0.0,0.0,0.0,0.0,0.0,0.0,0.0,0.0,0.0,1.0,1.0,0.0,0.0,0.0,0.0,10.0,44.0,0.0,0.0,0.0,0.0,0.0,0.0,0.0,1.0,0.0,0.0,0.0,0.0,0.0,0.0,0.0,0.0,0.0,0.0,0.0,0.0,1.0,0.0,1.0,1.0,1.0,1.0,1.0,1.0
1383,2749.0,3.0,0.0,2.0,43.0,0.0,0.0,0.0,0.0,0.0,1.0,0.0,0.0,0.0,3.0,1.0,1.0,0.0,0.0,0.0,0.0,18.0,18.0,0.0,0.0,0.0,0.0,0.6666666667,1.0,0.0,1.0,0.0,0.0,0.0,0.3333333333,1.0,0.0,0.0,0.0,0.0,0.0,0.0,0.0,1.0,1.0,-1.0,1.0,-1.0,-1.0,1.0,1.0
1384,625.0,3.0,0.0,3.0,53.0,1.0,0.0,0.0,0.0,0.0,0.0,0.0,0.0,0.0,0.0,1.0,1.0,0.0,0.0,0.0,0.0,16.0,30.0,0.0,0.0,0.0,0.0,0.8,1.0,1.0,1.0,0.0,0.0,0.0,0.12,1.0,0.0,0.0,0.0,0.0,0.0,0.0,0.0,1.0,1.0,-1.0,1.0,-1.0,-1.0,1.0,1.0
1385,1315.0,3.0,1.0,2.0,37.0,0.0,0.0,0.0,0.0,0.0,0.0,0.0,0.0,0.0,0.0,1.0,0.0,0.0,0.0,1.0,0.0,16.0,14.0,0.0,0.0,0.0,0.0,0.0,0.7857142857,0.0,1.0,0.0,0.0,0.0,1.0,1.0,0.0,0.0,0.0,0.0,1.0,0.0,0.0,1.0,1.0,-1.0,1.0,1.0,-1.0,1.0,1.0
1386,5421.0,4.0,1.0,6.0,95.0,2.0,0.0,0.0,0.0,0.0,0.0,0.0,0.0,0.0,26.0,1.0,1.0,0.0,0.0,1.0,0.0,13.0,75.0,0.0,0.0,0.0,0.0,0.0344827586,0.0,0.0,1.0,0.0,0.0,0.0,0.0,0.0,0.0,0.0,0.0,0.0,0.0,0.0,0.0,1.0,-1.0,1.0,1.0,1.0,1.0,0.0,0.0
1387,3082.0,2.0,1.0,3.0,54.0,0.0,0.0,0.0,0.0,1.0,0.0,0.0,0.0,0.0,0.0,1.0,0.0,0.0,0.0,0.0,0.0,22.0,25.0,0.0,0.0,0.0,0.0,0.0,0.0,0.0,1.0,0.0,0.0,0.0,1.0,0.0,0.0,0.0,0.0,0.0,0.0,0.0,0.0,1.0,0.0,1.0,1.0,1.0,-1.0,1.0,1.0
1388,608.0,3.0,0.0,5.0,78.0,0.0,0.0,0.0,0.0,2.0,0.0,0.0,0.0,0.0,0.0,1.0,0.0,0.0,0.0,0.0,0.0,23.0,48.0,0.0,0.0,1.0,0.0,1.0,0.8095238095,1.0,1.0,1.0,0.0,1.0,0.0,1.0,0.0,0.0,0.0,0.0,1.0,0.0,0.0,1.0,-1.0,0.0,-1.0,-1.0,-1.0,1.0,1.0
1389,7216.0,3.0,1.0,2.0,64.0,0.0,0.0,0.0,0.0,0.0,0.0,1.0,0.0,0.0,7.0,1.0,0.0,0.0,0.0,0.0,0.0,17.0,21.0,18.0,0.0,0.0,0.0,0.1071428571,0.2631578947,0.0,1.0,0.0,0.0,0.0,0.0,0.0,0.0,0.0,0.0,1.0,0.0,0.0,0.0,1.0,0.0,1.0,1.0,0.0,1.0,0.0,0.0
1390,7018.0,3.0,0.0,7.0,80.0,1.0,0.0,0.0,0.0,0.0,0.0,0.0,0.0,0.0,2.0,1.0,0.0,0.0,0.0,1.0,0.0,9.0,64.0,0.0,0.0,0.0,0.0,0.0,0.0,0.0,0.0,0.0,0.0,0.0,0.1538461538,0.0,0.0,0.0,0.0,0.0,0.0,0.0,0.0,1.0,-1.0,1.0,1.0,1.0,1.0,0.0,0.0
1391,7610.0,2.0,1.0,4.0,102.0,4.0,0.0,0.0,0.0,0.0,0.0,0.0,0.0,0.0,8.0,1.0,1.0,0.0,0.0,0.0,0.0,24.0,71.0,0.0,0.0,0.0,0.0,0.0093457944,0.3,0.0,1.0,1.0,0.0,0.0,0.0654205607,0.0,0.0,0.0,0.0,0.0,1.0,0.0,0.0,1.0,-1.0,1.0,1.0,0.0,1.0,0.0,0.0
1392,6523.0,2.0,0.0,2.0,87.0,0.0,0.0,0.0,0.0,0.0,0.0,5.0,4.0,0.0,6.0,1.0,1.0,0.0,0.0,1.0,0.0,9.0,20.0,50.0,0.0,0.0,0.0,0.0972222222,0.0273972603,0.0,1.0,0.0,0.0,0.0,0.0,0.0,0.0,0.0,0.0,0.0,0.0,0.0,0.0,1.0,-1.0,1.0,1.0,1.0,1.0,0.0,0.0
1393,5589.0,2.0,1.0,18.0,139.0,1.0,1.0,0.0,0.0,0.0,0.0,0.0,0.0,0.0,4.0,1.0,1.0,0.0,0.0,1.0,0.0,24.0,108.0,0.0,0.0,0.0,0.0,0.1363636364,0.1052631579,0.0,0.0,0.0,0.0,0.0,0.0,0.0,0.0,0.0,0.0,0.0,0.0,0.0,0.0,1.0,-1.0,1.0,1.0,1.0,1.0,0.0,0.0
1394,7853.0,4.0,1.0,5.0,62.0,0.0,0.0,0.0,0.0,0.0,0.0,0.0,0.0,0.0,4.0,1.0,1.0,0.0,0.0,0.0,0.0,19.0,36.0,0.0,0.0,0.0,0.0,0.0869565217,0.1764705882,0.0,1.0,0.0,0.0,0.0,0.0,0.0,0.0,0.0,0.0,0.0,0.0,0.0,0.0,1.0,0.0,1.0,1.0,0.0,1.0,0.0,0.0
1395,5194.0,2.0,1.0,3.0,91.0,4.0,0.0,0.0,0.0,0.0,0.0,0.0,0.0,0.0,18.0,1.0,1.0,0.0,0.0,0.0,0.0,19.0,65.0,0.0,0.0,0.0,0.0,0.0441176471,0.9857142857,1.0,0.0,0.0,0.0,0.0,0.0735294118,0.0,0.0,0.0,0.0,0.0,0.0,0.0,0.0,1.0,-1.0,-1.0,1.0,-1.0,1.0,0.0,0.0
1396,6927.0,6.0,1.0,0.0,176.0,3.0,0.0,0.0,0.0,5.0,0.0,4.0,3.0,0.0,18.0,1.0,0.0,0.0,0.0,0.0,0.0,15.0,1.0,152.0,0.0,0.0,0.0,0.0248756219,0.0754716981,0.0,1.0,1.0,0.0,0.0,0.0,0.0,0.0,0.0,0.0,0.0,0.0,0.0,0.0,1.0,-1.0,1.0,1.0,1.0,1.0,0.0,0.0
1397,7464.0,2.0,1.0,3.0,75.0,4.0,0.0,0.0,0.0,0.0,0.0,0.0,0.0,0.0,5.0,1.0,1.0,0.0,0.0,1.0,0.0,26.0,42.0,0.0,0.0,0.0,0.0,0.0415335463,0.7314814815,0.0,0.0,0.0,0.0,0.0,0.0511182109,0.0,0.0,0.0,0.0,0.0,1.0,0.0,0.0,1.0,0.0,-1.0,1.0,0.0,1.0,0.0,0.0
1398,4167.0,2.0,0.0,7.0,79.0,1.0,0.0,0.0,0.0,0.0,0.0,0.0,0.0,0.0,0.0,1.0,0.0,0.0,0.0,1.0,0.0,17.0,55.0,0.0,0.0,0.0,0.0,0.9230769231,1.0,0.0,1.0,1.0,0.0,0.0,0.0,1.0,0.0,0.0,0.0,0.0,0.0,0.0,0.0,1.0,-1.0,1.0,1.0,-1.0,-1.0,1.0,1.0
1399,6838.0,3.0,0.0,2.0,89.0,0.0,0.0,0.0,0.0,0.0,0.0,0.0,0.0,0.0,10.0,1.0,1.0,0.0,0.0,1.0,0.0,11.0,71.0,0.0,0.0,0.0,0.0,0.8842105263,0.2580645161,0.0,1.0,0.0,1.0,0.0,0.0,1.0,0.0,0.0,0.0,0.0,1.0,0.0,0.0,1.0,-1.0,1.0,0.0,0.0,-1.0,0.0,0.0
1400,3272.0,3.0,2.0,5.0,121.0,5.0,4.0,0.0,0.0,0.0,0.0,0.0,0.0,0.0,20.0,1.0,1.0,0.0,1.0,1.0,0.0,66.0,48.0,0.0,0.0,0.0,0.0,0.0555555556,0.0909090909,0.0,1.0,1.0,0.0,0.0,0.9444444444,0.0,0.0,1.0,0.0,0.0,1.0,0.0,0.0,0.0,-1.0,1.0,1.0,1.0,-1.0,1.0,1.0
1401,7366.0,5.0,4.0,5.0,99.0,5.0,0.0,0.0,0.0,0.0,0.0,0.0,0.0,0.0,20.0,1.0,1.0,0.0,0.0,1.0,0.0,30.0,62.0,0.0,0.0,0.0,0.0,0.7222222222,0.152173913,0.0,1.0,0.0,1.0,0.0,0.0166666667,0.0,0.0,0.0,0.0,0.0,0.0,0.0,0.0,-1.0,-1.0,1.0,0.0,0.0,-1.0,0.0,0.0
1402,327.0,4.0,1.0,5.0,182.0,2.0,0.0,0.0,0.0,7.0,0.0,2.0,2.0,0.0,26.0,1.0,1.0,0.0,0.0,1.0,0.0,18.0,69.0,87.0,0.0,0.0,0.0,0.0,0.2,0.0,1.0,1.0,0.0,0.0,0.0,0.0,0.0,0.0,0.0,0.0,0.0,0.0,0.0,1.0,-1.0,1.0,1.0,0.0,1.0,1.0,1.0
1403,9244.0,2.0,1.0,3.0,53.0,2.0,0.0,0.0,0.0,0.0,0.0,0.0,0.0,0.0,12.0,1.0,1.0,0.0,0.0,0.0,0.0,14.0,32.0,0.0,0.0,0.0,0.0,0.0704960836,0.9662921348,0.0,1.0,1.0,0.0,1.0,0.0522193211,0.0,0.0,0.0,0.0,0.0,1.0,0.0,0.0,1.0,1.0,-1.0,-1.0,-1.0,1.0,0.0,0.0
1404,300.0,3.0,1.0,8.0,54.0,1.0,1.0,0.0,0.0,0.0,0.0,0.0,0.0,0.0,2.0,1.0,0.0,0.0,0.0,0.0,0.0,16.0,31.0,0.0,0.0,0.0,0.0,1.0,0.1428571429,1.0,1.0,0.0,0.0,0.0,0.0,0.0,0.0,0.0,0.0,0.0,1.0,0.0,0.0,1.0,0.0,1.0,1.0,0.0,-1.0,1.0,1.0
1405,2042.0,3.0,0.0,2.0,49.0,0.0,0.0,0.0,0.0,0.0,0.0,0.0,0.0,0.0,0.0,1.0,0.0,0.0,0.0,1.0,0.0,17.0,25.0,0.0,0.0,0.0,1.0,0.9230769231,1.0,0.0,1.0,0.0,0.0,0.0,0.0,1.0,0.0,0.0,0.0,0.0,0.0,0.0,0.0,1.0,1.0,1.0,1.0,-1.0,-1.0,1.0,1.0
1406,1273.0,1.0,0.0,4.0,79.0,1.0,0.0,0.0,0.0,0.0,0.0,0.0,0.0,0.0,27.0,1.0,1.0,0.0,0.0,0.0,0.0,13.0,59.0,0.0,0.0,0.0,0.0,0.0,0.0,0.0,1.0,0.0,0.0,0.0,0.0,0.0,0.0,0.0,0.0,0.0,0.0,0.0,0.0,1.0,-1.0,1.0,1.0,1.0,1.0,1.0,1.0
1407,1909.0,3.0,1.0,1.0,53.0,0.0,0.0,0.0,0.0,0.0,0.0,0.0,0.0,0.0,0.0,1.0,0.0,0.0,0.0,0.0,0.0,26.0,20.0,0.0,0.0,0.0,0.0,0.8333333333,0.9523809524,1.0,1.0,0.0,0.0,0.0,0.1666666667,1.0,0.0,0.0,0.0,0.0,0.0,0.0,0.0,1.0,1.0,-1.0,1.0,-1.0,-1.0,1.0,1.0
1408,2443.0,2.0,0.0,2.0,43.0,1.0,1.0,0.0,0.0,0.0,0.0,0.0,0.0,0.0,0.0,1.0,0.0,0.0,0.0,0.0,0.0,18.0,18.0,0.0,0.0,0.0,0.0,1.0,1.0,0.0,1.0,0.0,0.0,0.0,0.0,1.0,0.0,0.0,0.0,0.0,0.0,0.0,0.0,1.0,1.0,-1.0,1.0,-1.0,-1.0,1.0,1.0
1409,5610.0,2.0,0.0,4.0,74.0,0.0,0.0,0.0,0.0,0.0,0.0,1.0,0.0,0.0,2.0,1.0,0.0,0.0,0.0,1.0,0.0,19.0,35.0,12.0,0.0,0.0,0.0,0.0909090909,0.1,0.0,1.0,0.0,1.0,0.0,0.0,0.0,0.0,0.0,0.0,0.0,0.0,0.0,0.0,1.0,0.0,1.0,0.0,0.0,1.0,0.0,0.0
1410,800.0,2.0,0.0,2.0,52.0,0.0,0.0,0.0,0.0,0.0,0.0,0.0,0.0,0.0,0.0,1.0,0.0,0.0,0.0,0.0,0.0,25.0,20.0,0.0,0.0,0.0,0.0,0.9230769231,1.0,0.0,1.0,0.0,0.0,0.0,0.0,1.0,0.0,0.0,0.0,0.0,0.0,0.0,0.0,1.0,1.0,1.0,1.0,-1.0,-1.0,1.0,1.0
1411,6887.0,2.0,1.0,2.0,70.0,3.0,0.0,0.0,0.0,0.0,0.0,0.0,0.0,0.0,2.0,1.0,1.0,0.0,0.0,1.0,0.0,17.0,46.0,0.0,0.0,0.0,0.0,0.3586956522,0.6666666667,1.0,1.0,1.0,0.0,1.0,0.1195652174,0.0,0.0,0.0,0.0,0.0,1.0,0.0,0.0,1.0,0.0,0.0,-1.0,0.0,0.0,0.0,0.0
1412,1171.0,4.0,0.0,6.0,75.0,1.0,0.0,0.0,0.0,5.0,0.0,0.0,0.0,0.0,12.0,1.0,1.0,0.0,0.0,0.0,0.0,11.0,57.0,0.0,0.0,0.0,0.0,0.0,0.0,0.0,1.0,0.0,0.0,0.0,1.0,0.0,0.0,0.0,0.0,0.0,0.0,0.0,0.0,1.0,0.0,1.0,1.0,1.0,-1.0,1.0,1.0
1413,5306.0,1.0,0.0,6.0,115.0,11.0,0.0,0.0,0.0,0.0,0.0,0.0,0.0,0.0,7.0,1.0,1.0,0.0,0.0,1.0,0.0,21.0,87.0,0.0,0.0,0.0,0.0,0.0882352941,0.5254237288,0.0,1.0,0.0,0.0,0.0,0.0294117647,0.0,0.0,0.0,0.0,1.0,1.0,0.0,0.0,1.0,-1.0,1.0,1.0,0.0,1.0,0.0,0.0
1414,3948.0,3.0,0.0,3.0,51.0,0.0,0.0,0.0,0.0,0.0,0.0,0.0,0.0,0.0,0.0,1.0,0.0,0.0,0.0,0.0,0.0,15.0,29.0,0.0,0.0,0.0,0.0,0.0,0.0,0.0,1.0,0.0,0.0,0.0,0.0,0.0,0.0,0.0,0.0,0.0,0.0,0.0,0.0,1.0,1.0,1.0,1.0,1.0,1.0,1.0,1.0
1415,9907.0,2.0,1.0,4.0,51.0,1.0,0.0,0.0,0.0,0.0,0.0,0.0,0.0,0.0,0.0,1.0,0.0,0.0,0.0,1.0,0.0,17.0,27.0,0.0,0.0,0.0,1.0,0.0335195531,0.3333333333,0.0,1.0,0.0,0.0,0.0,0.0223463687,0.0,0.0,0.0,0.0,0.0,0.0,0.0,0.0,1.0,1.0,1.0,1.0,0.0,1.0,0.0,0.0
1416,8673.0,1.0,0.0,2.0,37.0,0.0,0.0,0.0,0.0,0.0,1.0,1.0,0.0,0.0,8.0,1.0,1.0,0.0,0.0,0.0,0.0,8.0,11.0,10.0,0.0,0.0,0.0,0.0196078431,0.15625,0.0,1.0,1.0,0.0,0.0,0.0,0.0,0.0,0.0,0.0,0.0,0.0,0.0,0.0,1.0,1.0,1.0,1.0,0.0,1.0,0.0,0.0
1417,2449.0,3.0,1.0,4.0,80.0,1.0,1.0,0.0,0.0,1.0,0.0,0.0,0.0,0.0,0.0,1.0,1.0,0.0,0.0,0.0,0.0,26.0,47.0,0.0,0.0,0.0,0.0,0.5,1.0,1.0,1.0,0.0,0.0,0.0,0.0,1.0,0.0,0.0,0.0,0.0,0.0,0.0,0.0,1.0,-1.0,-1.0,1.0,-1.0,0.0,1.0,1.0
1418,3649.0,2.0,1.0,3.0,44.0,0.0,0.0,0.0,0.0,0.0,0.0,0.0,0.0,0.0,4.0,1.0,1.0,0.0,0.0,1.0,0.0,16.0,21.0,0.0,0.0,0.0,0.0,0.0,0.0625,0.0,1.0,0.0,0.0,0.0,0.0,0.0,0.0,0.0,0.0,0.0,1.0,0.0,0.0,1.0,1.0,1.0,1.0,0.0,1.0,1.0,1.0
1419,9114.0,2.0,1.0,2.0,55.0,4.0,0.0,0.0,0.0,0.0,0.0,0.0,0.0,0.0,1.0,1.0,0.0,0.0,0.0,0.0,0.0,15.0,33.0,0.0,0.0,0.0,0.0,0.3,1.0,1.0,0.0,0.0,1.0,0.0,0.0,0.0,0.0,0.0,0.0,0.0,1.0,0.0,0.0,1.0,0.0,-1.0,0.0,-1.0,1.0,0.0,0.0
1420,7509.0,2.0,0.0,4.0,62.0,0.0,0.0,0.0,0.0,2.0,0.0,0.0,0.0,0.0,7.0,1.0,1.0,0.0,0.0,0.0,0.0,17.0,38.0,0.0,0.0,0.0,0.0,0.2638297872,0.125,0.0,1.0,0.0,0.0,0.0,0.0021276596,0.0,0.0,0.0,0.0,0.0,0.0,0.0,0.0,1.0,0.0,1.0,1.0,1.0,1.0,0.0,0.0
1421,5436.0,2.0,0.0,3.0,77.0,1.0,0.0,0.0,0.0,3.0,0.0,0.0,0.0,0.0,8.0,1.0,1.0,0.0,0.0,1.0,0.0,12.0,58.0,0.0,0.0,0.0,0.0,0.106557377,0.2,0.0,0.0,0.0,0.0,0.0,0.0163934426,0.0,0.0,0.0,0.0,1.0,0.0,0.0,0.0,1.0,-1.0,1.0,1.0,0.0,1.0,0.0,0.0
1422,354.0,2.0,0.0,3.0,34.0,0.0,0.0,0.0,0.0,0.0,0.0,0.0,0.0,0.0,0.0,1.0,0.0,0.0,0.0,0.0,0.0,7.0,20.0,0.0,0.0,0.0,0.0,0.1320754717,0.32,0.0,1.0,1.0,1.0,0.0,0.8679245283,0.0,0.0,0.0,0.0,0.0,1.0,0.0,0.0,1.0,1.0,0.0,0.0,0.0,-1.0,1.0,1.0
1423,6234.0,2.0,1.0,6.0,86.0,2.0,0.0,0.0,0.0,0.0,0.0,0.0,0.0,0.0,6.0,1.0,1.0,0.0,0.0,0.0,0.0,37.0,42.0,0.0,0.0,0.0,0.0,0.0563380282,0.7636363636,0.0,1.0,1.0,0.0,1.0,0.0375586854,0.0,0.0,0.0,0.0,0.0,1.0,0.0,0.0,1.0,-1.0,0.0,-1.0,0.0,1.0,0.0,0.0
1424,5457.0,1.0,0.0,5.0,119.0,6.0,0.0,0.0,0.0,0.0,0.0,1.0,0.0,0.0,23.0,1.0,1.0,0.0,0.0,0.0,0.0,17.0,79.0,15.0,0.0,0.0,0.0,0.0260223048,0.08,0.0,1.0,1.0,0.0,0.0,0.0,0.0,0.0,0.0,0.0,0.0,0.0,0.0,0.0,1.0,-1.0,1.0,1.0,0.0,1.0,0.0,0.0
1425,2642.0,2.0,0.0,4.0,62.0,0.0,0.0,0.0,0.0,0.0,0.0,1.0,0.0,0.0,0.0,1.0,0.0,0.0,0.0,1.0,0.0,17.0,33.0,4.0,0.0,1.0,1.0,1.0,1.0,1.0,1.0,0.0,0.0,0.0,0.0,1.0,0.0,0.0,0.0,0.0,0.0,0.0,0.0,1.0,0.0,-1.0,1.0,-1.0,-1.0,1.0,1.0
1426,3577.0,4.0,1.0,9.0,213.0,2.0,0.0,0.0,1.0,0.0,0.0,1.0,0.0,0.0,69.0,1.0,1.0,0.0,0.0,1.0,0.0,18.0,110.0,77.0,0.0,1.0,0.0,0.0,0.0,0.0,1.0,0.0,0.0,0.0,0.0,0.0,0.0,0.0,0.0,0.0,0.0,0.0,0.0,1.0,-1.0,1.0,1.0,1.0,1.0,1.0,1.0
1427,5627.0,1.0,0.0,5.0,123.0,11.0,0.0,0.0,0.0,0.0,0.0,0.0,0.0,0.0,10.0,1.0,1.0,0.0,0.0,1.0,0.0,11.0,105.0,0.0,0.0,0.0,0.0,0.0722891566,0.3888888889,0.0,1.0,0.0,0.0,0.0,0.0240963855,0.0,0.0,0.0,0.0,0.0,1.0,0.0,0.0,1.0,-1.0,0.0,1.0,0.0,1.0,0.0,0.0
1428,2513.0,2.0,0.0,3.0,44.0,0.0,0.0,0.0,0.0,0.0,0.0,0.0,0.0,0.0,0.0,1.0,1.0,0.0,0.0,0.0,0.0,13.0,24.0,0.0,0.0,0.0,0.0,0.0,1.0,0.0,1.0,1.0,0.0,0.0,1.0,1.0,0.0,0.0,0.0,0.0,0.0,0.0,0.0,1.0,1.0,-1.0,1.0,-1.0,-1.0,1.0,1.0
1429,1404.0,3.0,1.0,2.0,42.0,1.0,0.0,0.0,0.0,0.0,0.0,0.0,0.0,0.0,0.0,1.0,0.0,0.0,0.0,0.0,0.0,13.0,22.0,0.0,0.0,0.0,0.0,0.0,0.1538461538,0.0,1.0,0.0,0.0,0.0,0.0,0.0,0.0,0.0,0.0,0.0,0.0,0.0,0.0,1.0,1.0,1.0,1.0,1.0,1.0,1.0,1.0
1430,7106.0,1.0,0.0,3.0,68.0,0.0,0.0,0.0,0.0,0.0,2.0,1.0,0.0,0.0,18.0,1.0,0.0,0.0,0.0,0.0,0.0,12.0,19.0,29.0,0.0,0.0,0.0,0.09375,0.9090909091,0.0,1.0,0.0,0.0,0.0,0.0,0.0,0.0,0.0,0.0,1.0,0.0,0.0,0.0,1.0,0.0,-1.0,1.0,0.0,1.0,0.0,0.0
1431,7021.0,2.0,1.0,5.0,151.0,18.0,0.0,0.0,0.0,0.0,0.0,0.0,0.0,0.0,12.0,1.0,1.0,0.0,0.0,1.0,0.0,22.0,122.0,0.0,0.0,0.0,0.0,0.4122807018,0.9607843137,1.0,1.0,0.0,0.0,0.0,0.0614035088,0.0,0.0,0.0,0.0,0.0,1.0,0.0,0.0,1.0,-1.0,-1.0,1.0,-1.0,0.0,0.0,0.0
1432,3428.0,4.0,1.0,2.0,70.0,2.0,2.0,0.0,0.0,0.0,0.0,0.0,0.0,0.0,0.0,1.0,0.0,0.0,0.0,0.0,0.0,28.0,35.0,0.0,0.0,0.0,0.0,0.7727272727,0.3846153846,1.0,1.0,0.0,1.0,0.0,0.1818181818,1.0,0.0,0.0,0.0,0.0,0.0,0.0,0.0,1.0,0.0,0.0,0.0,0.0,-1.0,1.0,1.0
1433,2284.0,3.0,1.0,9.0,91.0,1.0,0.0,0.0,0.0,0.0,0.0,0.0,0.0,0.0,4.0,1.0,1.0,0.0,0.0,1.0,0.0,22.0,62.0,0.0,0.0,0.0,0.0,0.0,1.0,0.0,1.0,0.0,1.0,0.0,0.0,1.0,0.0,0.0,0.0,0.0,0.0,0.0,0.0,1.0,-1.0,-1.0,0.0,1.0,1.0,1.0,1.0
1434,5730.0,2.0,1.0,2.0,98.0,9.0,0.0,0.0,0.0,0.0,0.0,0.0,0.0,0.0,6.0,1.0,1.0,0.0,0.0,1.0,0.0,18.0,73.0,0.0,0.0,0.0,0.0,0.049689441,0.3384615385,0.0,1.0,0.0,0.0,0.0,0.1594202899,0.0,0.0,0.0,0.0,1.0,1.0,0.0,0.0,1.0,-1.0,1.0,1.0,0.0,1.0,0.0,0.0
1435,9381.0,2.0,1.0,5.0,57.0,3.0,0.0,0.0,0.0,0.0,0.0,0.0,0.0,0.0,8.0,1.0,1.0,0.0,0.0,0.0,0.0,15.0,35.0,0.0,0.0,0.0,0.0,0.1684782609,0.5263157895,0.0,1.0,0.0,1.0,0.0,0.0108695652,0.0,0.0,0.0,0.0,1.0,1.0,0.0,0.0,1.0,0.0,0.0,0.0,1.0,1.0,0.0,0.0
1436,5897.0,2.0,1.0,1.0,114.0,6.0,0.0,0.0,0.0,0.0,0.0,3.0,2.0,0.0,37.0,1.0,0.0,0.0,0.0,0.0,0.0,12.0,5.0,89.0,0.0,0.0,0.0,0.0303030303,0.08,0.0,1.0,1.0,0.0,0.0,0.0,0.0,0.0,0.0,0.0,1.0,0.0,0.0,0.0,1.0,-1.0,1.0,1.0,1.0,1.0,0.0,0.0
1437,3170.0,3.0,1.0,6.0,147.0,2.0,0.0,0.0,0.0,0.0,0.0,0.0,0.0,0.0,22.0,1.0,1.0,0.0,0.0,1.0,0.0,11.0,129.0,0.0,0.0,0.0,0.0,0.0,0.0416666667,1.0,1.0,0.0,0.0,0.0,0.0,0.0,0.0,0.0,0.0,0.0,0.0,0.0,0.0,1.0,-1.0,1.0,1.0,0.0,1.0,1.0,1.0
1438,2438.0,3.0,1.0,13.0,72.0,0.0,0.0,0.0,0.0,0.0,0.0,0.0,0.0,0.0,0.0,1.0,0.0,0.0,0.0,1.0,0.0,13.0,52.0,0.0,0.0,0.0,0.0,0.0,0.0,0.0,1.0,0.0,0.0,0.0,1.0,0.0,0.0,0.0,0.0,0.0,0.0,0.0,1.0,1.0,0.0,1.0,1.0,1.0,-1.0,1.0,1.0
1439,6243.0,2.0,0.0,2.0,116.0,9.0,0.0,0.0,0.0,1.0,0.0,0.0,0.0,0.0,16.0,1.0,1.0,0.0,0.0,1.0,0.0,12.0,97.0,0.0,0.0,0.0,0.0,0.0,0.2222222222,0.0,1.0,0.0,0.0,0.0,0.1789473684,0.0,0.0,0.0,0.0,0.0,1.0,0.0,0.0,1.0,-1.0,1.0,1.0,0.0,1.0,0.0,0.0
1440,5380.0,3.0,1.0,1.0,94.0,10.0,0.0,0.0,0.0,0.0,0.0,1.0,0.0,0.0,9.0,1.0,1.0,0.0,0.0,1.0,0.0,15.0,58.0,13.0,0.0,0.0,0.0,0.0408163265,0.8484848485,0.0,1.0,1.0,0.0,0.0,0.0,0.0,0.0,0.0,0.0,0.0,1.0,0.0,0.0,1.0,-1.0,-1.0,1.0,0.0,1.0,0.0,0.0
1441,6691.0,1.0,0.0,5.0,80.0,5.0,0.0,0.0,0.0,0.0,0.0,0.0,0.0,0.0,6.0,1.0,1.0,0.0,0.0,1.0,0.0,9.0,64.0,0.0,0.0,0.0,0.0,0.112,0.4382022472,0.0,1.0,1.0,0.0,0.0,0.144,0.0,0.0,0.0,0.0,0.0,1.0,0.0,1.0,1.0,-1.0,1.0,1.0,0.0,1.0,0.0,0.0
1442,8627.0,2.0,1.0,2.0,34.0,0.0,0.0,0.0,0.0,0.0,0.0,0.0,0.0,0.0,0.0,1.0,0.0,0.0,0.0,0.0,0.0,17.0,10.0,0.0,0.0,0.0,0.0,0.0,0.0119047619,0.0,1.0,1.0,0.0,0.0,0.0,0.0,0.0,0.0,0.0,0.0,0.0,0.0,0.0,1.0,1.0,1.0,1.0,1.0,1.0,0.0,0.0
1443,7564.0,1.0,0.0,6.0,74.0,2.0,0.0,0.0,0.0,0.0,0.0,0.0,0.0,0.0,8.0,1.0,1.0,0.0,0.0,1.0,0.0,21.0,46.0,0.0,0.0,0.0,0.0,0.2702702703,0.5125,0.0,1.0,0.0,1.0,0.0,0.0,0.0,0.0,0.0,0.0,1.0,1.0,0.0,0.0,1.0,0.0,-1.0,0.0,0.0,1.0,0.0,0.0
1444,8542.0,3.0,1.0,1.0,51.0,0.0,0.0,0.0,0.0,0.0,0.0,0.0,0.0,0.0,5.0,1.0,1.0,0.0,0.0,0.0,0.0,27.0,17.0,0.0,0.0,0.0,0.0,0.0967741935,0.2857142857,0.0,1.0,0.0,0.0,0.0,0.0,0.0,0.0,0.0,0.0,0.0,0.0,0.0,0.0,1.0,1.0,1.0,1.0,1.0,1.0,0.0,0.0
1445,2848.0,2.0,0.0,5.0,59.0,0.0,0.0,0.0,0.0,1.0,0.0,0.0,0.0,0.0,0.0,1.0,1.0,0.0,0.0,1.0,0.0,13.0,39.0,0.0,0.0,1.0,0.0,0.5,1.0,1.0,1.0,0.0,0.0,0.0,0.0,1.0,0.0,0.0,0.0,0.0,0.0,0.0,0.0,1.0,0.0,-1.0,1.0,-1.0,0.0,1.0,1.0
1446,5761.0,3.0,2.0,2.0,78.0,0.0,0.0,0.0,0.0,0.0,0.0,0.0,5.0,0.0,8.0,1.0,1.0,0.0,1.0,0.0,0.0,24.0,47.0,0.0,0.0,0.0,0.0,0.1739130435,0.9310344828,0.0,1.0,1.0,0.0,1.0,0.0,1.0,0.0,0.0,0.0,0.0,0.0,0.0,0.0,0.0,-1.0,-1.0,-1.0,0.0,1.0,0.0,0.0
1447,5325.0,2.0,1.0,5.0,115.0,5.0,0.0,0.0,0.0,2.0,0.0,3.0,2.0,0.0,16.0,1.0,1.0,0.0,0.0,0.0,0.0,15.0,48.0,44.0,0.0,0.0,0.0,0.1189189189,1.0,1.0,1.0,1.0,1.0,0.0,0.0,0.0,0.0,0.0,0.0,0.0,1.0,0.0,0.0,1.0,-1.0,-1.0,0.0,0.0,1.0,0.0,0.0
1448,3356.0,3.0,2.0,5.0,121.0,5.0,4.0,0.0,0.0,0.0,0.0,0.0,0.0,0.0,14.0,1.0,1.0,0.0,1.0,1.0,0.0,66.0,48.0,0.0,0.0,0.0,0.0,0.0555555556,0.0909090909,0.0,1.0,1.0,0.0,0.0,0.9444444444,0.0,0.0,1.0,0.0,0.0,1.0,0.0,0.0,0.0,-1.0,1.0,1.0,1.0,-1.0,1.0,1.0
1449,9073.0,1.0,0.0,3.0,38.0,1.0,0.0,0.0,0.0,0.0,0.0,0.0,0.0,0.0,0.0,1.0,0.0,0.0,0.0,1.0,0.0,14.0,17.0,0.0,0.0,0.0,0.0,0.4285714286,0.375,0.0,1.0,0.0,1.0,0.0,0.0,0.0,0.0,0.0,0.0,0.0,0.0,0.0,0.0,1.0,1.0,0.0,0.0,1.0,0.0,0.0,0.0
1450,8550.0,3.0,1.0,1.0,50.0,0.0,0.0,0.0,0.0,0.0,0.0,1.0,0.0,0.0,6.0,1.0,0.0,0.0,0.0,0.0,0.0,16.0,10.0,16.0,0.0,0.0,0.0,0.012987013,0.1111111111,0.0,1.0,0.0,0.0,0.0,0.0,0.0,0.0,0.0,0.0,0.0,1.0,0.0,1.0,1.0,1.0,1.0,1.0,1.0,1.0,0.0,0.0
1451,5381.0,3.0,1.0,2.0,84.0,8.0,0.0,0.0,0.0,0.0,0.0,0.0,0.0,0.0,5.0,1.0,1.0,0.0,0.0,1.0,0.0,22.0,55.0,0.0,0.0,0.0,0.0,0.0,0.3333333333,0.0,1.0,1.0,0.0,0.0,0.0,0.0,0.0,0.0,0.0,1.0,0.0,0.0,0.0,1.0,-1.0,1.0,1.0,0.0,1.0,0.0,0.0
1452,3043.0,5.0,1.0,3.0,62.0,0.0,0.0,0.0,0.0,0.0,0.0,0.0,0.0,0.0,0.0,1.0,0.0,0.0,0.0,0.0,0.0,29.0,26.0,0.0,0.0,1.0,0.0,0.8888888889,0.0,0.0,1.0,0.0,0.0,0.0,0.1111111111,0.0,0.0,0.0,0.0,0.0,0.0,0.0,0.0,1.0,0.0,1.0,1.0,1.0,-1.0,1.0,1.0
1453,5103.0,1.0,0.0,2.0,84.0,13.0,0.0,0.0,0.0,0.0,0.0,0.0,0.0,0.0,4.0,1.0,1.0,0.0,0.0,1.0,0.0,15.0,62.0,0.0,0.0,0.0,0.0,0.15625,0.9789473684,1.0,1.0,1.0,0.0,0.0,0.0859375,0.0,0.0,0.0,0.0,1.0,1.0,0.0,0.0,1.0,-1.0,-1.0,1.0,-1.0,1.0,0.0,0.0
1454,9285.0,2.0,1.0,3.0,49.0,2.0,0.0,0.0,0.0,0.0,0.0,0.0,0.0,0.0,6.0,1.0,1.0,0.0,0.0,1.0,0.0,14.0,28.0,0.0,0.0,0.0,0.0,0.1297709924,0.0555555556,0.0,1.0,0.0,0.0,0.0,0.0,0.0,0.0,0.0,0.0,0.0,1.0,0.0,0.0,1.0,1.0,1.0,1.0,0.0,1.0,0.0,0.0
1455,5607.0,2.0,1.0,8.0,89.0,0.0,0.0,0.0,0.0,0.0,0.0,0.0,0.0,0.0,0.0,1.0,1.0,0.0,0.0,1.0,0.0,27.0,55.0,0.0,0.0,0.0,0.0,0.0163934426,0.0222222222,0.0,0.0,0.0,0.0,0.0,0.0,0.0,0.0,0.0,0.0,1.0,0.0,0.0,0.0,1.0,-1.0,1.0,1.0,1.0,1.0,0.0,0.0
1456,7324.0,1.0,0.0,1.0,84.0,10.0,1.0,0.0,0.0,0.0,0.0,0.0,0.0,0.0,5.0,1.0,1.0,0.0,0.0,1.0,0.0,18.0,59.0,0.0,0.0,0.0,0.0,0.0316901408,0.9145728643,0.0,1.0,1.0,0.0,1.0,0.0052816901,0.0,0.0,0.0,0.0,0.0,1.0,0.0,0.0,1.0,-1.0,-1.0,-1.0,0.0,1.0,0.0,0.0
1457,7469.0,1.0,0.0,4.0,73.0,4.0,0.0,0.0,0.0,0.0,0.0,0.0,0.0,0.0,0.0,1.0,0.0,0.0,0.0,1.0,0.0,19.0,47.0,0.0,0.0,0.0,0.0,0.0389048991,0.0085959885,0.0,1.0,0.0,0.0,0.0,0.0,0.0,0.0,0.0,0.0,0.0,1.0,0.0,0.0,1.0,0.0,1.0,1.0,1.0,1.0,0.0,0.0
1458,4024.0,1.0,0.0,7.0,64.0,1.0,0.0,0.0,0.0,0.0,0.0,0.0,0.0,0.0,0.0,1.0,0.0,0.0,0.0,0.0,0.0,8.0,49.0,0.0,0.0,0.0,0.0,0.0,0.0,0.0,1.0,0.0,0.0,0.0,0.0,0.0,0.0,0.0,0.0,0.0,0.0,0.0,0.0,1.0,0.0,1.0,1.0,1.0,1.0,1.0,1.0
1459,5543.0,2.0,1.0,5.0,114.0,10.0,0.0,0.0,0.0,0.0,0.0,0.0,0.0,0.0,8.0,1.0,1.0,0.0,0.0,1.0,0.0,20.0,87.0,0.0,0.0,0.0,1.0,0.3267326733,0.0714285714,0.0,1.0,0.0,0.0,0.0,0.0396039604,0.0,0.0,0.0,0.0,0.0,0.0,0.0,0.0,1.0,-1.0,1.0,1.0,1.0,0.0,0.0,0.0
1460,578.0,2.0,1.0,4.0,48.0,0.0,0.0,0.0,0.0,0.0,0.0,0.0,0.0,0.0,4.0,1.0,1.0,0.0,0.0,0.0,0.0,22.0,19.0,0.0,0.0,0.0,0.0,0.0,0.0,0.0,1.0,0.0,0.0,0.0,1.0,0.0,0.0,0.0,0.0,0.0,0.0,0.0,1.0,1.0,1.0,1.0,1.0,1.0,-1.0,1.0,1.0
1461,4800.0,3.0,1.0,2.0,52.0,0.0,0.0,0.0,0.0,0.0,0.0,1.0,0.0,0.0,10.0,1.0,0.0,0.0,0.0,0.0,0.0,14.0,17.0,13.0,0.0,0.0,0.0,0.0,0.0,0.0,0.0,0.0,0.0,0.0,0.0,1.0,0.0,0.0,0.0,0.0,0.0,1.0,0.0,1.0,1.0,1.0,1.0,1.0,1.0,1.0,1.0
1462,2392.0,2.0,0.0,7.0,96.0,1.0,1.0,0.0,0.0,1.0,0.0,1.0,0.0,0.0,13.0,1.0,1.0,0.0,0.0,1.0,0.0,26.0,53.0,9.0,0.0,2.0,0.0,0.0,0.3333333333,0.0,1.0,0.0,0.0,0.0,0.0,0.0,0.0,0.0,0.0,0.0,0.0,0.0,0.0,1.0,-1.0,1.0,1.0,0.0,1.0,1.0,1.0
1463,474.0,3.0,0.0,2.0,39.0,0.0,0.0,0.0,0.0,0.0,0.0,0.0,0.0,0.0,0.0,1.0,0.0,0.0,0.0,0.0,0.0,15.0,17.0,0.0,0.0,0.0,0.0,1.0,1.0,0.0,1.0,0.0,0.0,0.0,0.0,1.0,0.0,0.0,0.0,0.0,0.0,0.0,0.0,1.0,1.0,-1.0,1.0,-1.0,-1.0,1.0,1.0
1464,5871.0,2.0,0.0,2.0,62.0,3.0,0.0,0.0,0.0,0.0,0.0,0.0,0.0,0.0,3.0,1.0,1.0,0.0,0.0,0.0,0.0,22.0,33.0,0.0,0.0,0.0,0.0,0.1486486486,0.015625,0.0,1.0,0.0,0.0,0.0,0.0,0.0,0.0,0.0,0.0,0.0,0.0,0.0,0.0,1.0,0.0,1.0,1.0,0.0,1.0,0.0,0.0
1465,6325.0,2.0,0.0,3.0,60.0,0.0,0.0,0.0,0.0,1.0,0.0,0.0,0.0,0.0,17.0,1.0,1.0,0.0,0.0,0.0,0.0,16.0,37.0,0.0,0.0,0.0,0.0,0.1081081081,0.75,0.0,0.0,0.0,0.0,0.0,0.0,0.0,0.0,0.0,0.0,0.0,1.0,0.0,0.0,1.0,0.0,0.0,1.0,-1.0,1.0,0.0,0.0
1466,1203.0,4.0,0.0,3.0,65.0,0.0,0.0,0.0,0.0,3.0,0.0,2.0,2.0,0.0,9.0,1.0,0.0,1.0,0.0,0.0,0.0,12.0,22.0,23.0,0.0,0.0,0.0,0.375,0.0,0.0,1.0,0.0,0.0,0.0,0.0,1.0,0.0,0.0,0.0,0.0,0.0,0.0,0.0,1.0,0.0,1.0,1.0,0.0,0.0,1.0,1.0
1467,1677.0,2.0,0.0,6.0,54.0,0.0,0.0,0.0,0.0,0.0,0.0,0.0,0.0,0.0,0.0,1.0,0.0,0.0,0.0,0.0,0.0,11.0,36.0,0.0,0.0,1.0,1.0,0.0,0.5,1.0,1.0,1.0,1.0,1.0,1.0,0.0,0.0,0.0,0.0,0.0,0.0,0.0,0.0,1.0,0.0,1.0,0.0,0.0,-1.0,1.0,1.0
1468,1904.0,3.0,0.0,3.0,41.0,0.0,0.0,0.0,0.0,0.0,0.0,0.0,0.0,0.0,4.0,1.0,1.0,0.0,0.0,1.0,0.0,12.0,22.0,0.0,0.0,0.0,0.0,0.0,0.0,0.0,1.0,0.0,0.0,0.0,0.0,0.0,0.0,0.0,0.0,0.0,0.0,0.0,0.0,1.0,1.0,1.0,1.0,1.0,1.0,1.0,1.0
1469,8755.0,2.0,0.0,1.0,50.0,0.0,0.0,0.0,0.0,2.0,0.0,1.0,0.0,0.0,6.0,1.0,0.0,0.0,0.0,1.0,0.0,13.0,15.0,14.0,0.0,0.0,0.0,0.00968523,0.1666666667,0.0,1.0,1.0,0.0,1.0,0.0,0.0,0.0,0.0,0.0,0.0,0.0,1.0,0.0,1.0,1.0,1.0,-1.0,0.0,1.0,0.0,0.0
1470,1655.0,3.0,1.0,7.0,93.0,1.0,0.0,0.0,0.0,0.0,0.0,0.0,0.0,0.0,23.0,1.0,1.0,0.0,0.0,1.0,0.0,22.0,64.0,0.0,0.0,0.0,0.0,0.0,0.125,0.0,1.0,1.0,0.0,0.0,0.9230769231,0.0,0.0,0.0,0.0,0.0,0.0,0.0,0.0,1.0,-1.0,1.0,1.0,1.0,-1.0,1.0,1.0
1471,5365.0,3.0,1.0,5.0,124.0,0.0,0.0,0.0,0.0,11.0,0.0,0.0,0.0,0.0,6.0,1.0,1.0,0.0,0.0,1.0,0.0,16.0,101.0,0.0,0.0,0.0,0.0,0.2480620155,0.4,0.0,1.0,0.0,1.0,0.0,0.0775193798,0.0,0.0,0.0,1.0,1.0,1.0,0.0,0.0,1.0,-1.0,1.0,0.0,0.0,0.0,0.0,0.0
1472,7053.0,1.0,0.0,5.0,64.0,1.0,0.0,0.0,0.0,0.0,0.0,0.0,0.0,0.0,14.0,1.0,1.0,0.0,0.0,0.0,0.0,13.0,44.0,0.0,0.0,0.0,0.0,0.093220339,0.75,0.0,0.0,0.0,0.0,0.0,0.0169491525,0.0,0.0,0.0,0.0,0.0,0.0,0.0,0.0,1.0,0.0,-1.0,1.0,0.0,1.0,0.0,0.0
1473,8451.0,1.0,0.0,2.0,34.0,0.0,0.0,0.0,0.0,0.0,0.0,1.0,0.0,0.0,2.0,1.0,0.0,0.0,0.0,1.0,0.0,14.0,6.0,6.0,0.0,0.0,0.0,0.0444444444,0.1739130435,0.0,1.0,0.0,0.0,0.0,0.0,0.0,0.0,0.0,0.0,0.0,0.0,0.0,0.0,1.0,1.0,1.0,1.0,0.0,1.0,0.0,0.0
1474,3465.0,2.0,1.0,3.0,43.0,0.0,0.0,0.0,0.0,0.0,0.0,0.0,0.0,0.0,4.0,1.0,1.0,0.0,0.0,0.0,0.0,18.0,18.0,0.0,0.0,0.0,0.0,0.0,0.0625,0.0,1.0,0.0,0.0,0.0,0.0,0.0,0.0,0.0,0.0,0.0,1.0,0.0,0.0,1.0,1.0,1.0,1.0,0.0,1.0,1.0,1.0
1475,1400.0,3.0,1.0,4.0,63.0,0.0,0.0,0.0,0.0,0.0,0.0,0.0,0.0,0.0,10.0,1.0,1.0,0.0,0.0,0.0,0.0,29.0,27.0,0.0,0.0,0.0,0.0,0.0,0.7857142857,0.0,1.0,0.0,0.0,0.0,1.0,1.0,0.0,0.0,0.0,0.0,1.0,0.0,0.0,1.0,0.0,-1.0,1.0,1.0,-1.0,1.0,1.0
1476,921.0,3.0,1.0,3.0,45.0,0.0,0.0,0.0,0.0,0.0,0.0,0.0,0.0,0.0,0.0,1.0,0.0,0.0,0.0,0.0,0.0,18.0,20.0,0.0,0.0,1.0,0.0,0.0,0.0,0.0,1.0,1.0,0.0,0.0,1.0,0.0,0.0,0.0,0.0,0.0,0.0,0.0,0.0,1.0,1.0,1.0,1.0,1.0,-1.0,1.0,1.0
1477,143.0,4.0,1.0,5.0,191.0,2.0,0.0,0.0,0.0,7.0,0.0,3.0,2.0,0.0,26.0,1.0,1.0,0.0,0.0,1.0,0.0,18.0,69.0,96.0,0.0,0.0,0.0,0.0,0.2,0.0,1.0,1.0,0.0,0.0,0.0,0.0,0.0,0.0,0.0,0.0,0.0,0.0,0.0,1.0,-1.0,1.0,1.0,0.0,1.0,1.0,1.0
1478,2853.0,3.0,1.0,2.0,31.0,0.0,0.0,0.0,0.0,0.0,0.0,0.0,0.0,0.0,0.0,1.0,0.0,0.0,0.0,0.0,0.0,10.0,14.0,0.0,0.0,0.0,0.0,0.9230769231,1.0,0.0,1.0,0.0,0.0,0.0,0.0,1.0,0.0,0.0,0.0,0.0,0.0,0.0,0.0,1.0,1.0,1.0,1.0,-1.0,-1.0,1.0,1.0
1479,6769.0,2.0,1.0,4.0,148.0,5.0,0.0,0.0,0.0,3.0,0.0,3.0,2.0,0.0,6.0,1.0,1.0,0.0,0.0,1.0,0.0,12.0,53.0,75.0,0.0,0.0,0.0,0.2030075188,0.9565217391,0.0,1.0,0.0,1.0,0.0,0.0,0.0,0.0,0.0,0.0,0.0,1.0,0.0,0.0,1.0,-1.0,0.0,0.0,0.0,1.0,0.0,0.0
1480,2643.0,3.0,1.0,4.0,66.0,1.0,0.0,0.0,0.0,0.0,0.0,0.0,0.0,0.0,0.0,1.0,0.0,0.0,0.0,1.0,0.0,28.0,31.0,0.0,0.0,0.0,0.0,1.0,1.0,0.0,1.0,0.0,1.0,0.0,0.0,1.0,0.0,0.0,0.0,0.0,1.0,0.0,0.0,1.0,0.0,-1.0,0.0,-1.0,-1.0,1.0,1.0
1481,832.0,1.0,0.0,4.0,45.0,0.0,0.0,0.0,0.0,0.0,0.0,0.0,0.0,0.0,0.0,1.0,0.0,0.0,0.0,1.0,0.0,18.0,20.0,0.0,0.0,1.0,0.0,0.0,0.0,0.0,1.0,0.0,0.0,0.0,0.0,0.0,0.0,0.0,0.0,0.0,0.0,0.0,0.0,1.0,1.0,1.0,1.0,1.0,1.0,1.0,1.0
1482,3973.0,3.0,0.0,5.0,72.0,3.0,0.0,0.0,0.0,0.0,0.0,0.0,0.0,0.0,0.0,1.0,0.0,0.0,0.0,0.0,0.0,15.0,50.0,0.0,0.0,0.0,0.0,1.0,1.0,0.0,1.0,0.0,0.0,0.0,0.0,1.0,0.0,0.0,0.0,0.0,1.0,0.0,0.0,1.0,0.0,-1.0,1.0,-1.0,-1.0,1.0,1.0
1483,7193.0,3.0,2.0,3.0,96.0,11.0,0.0,0.0,0.0,0.0,0.0,0.0,0.0,0.0,4.0,1.0,1.0,0.0,0.0,1.0,0.0,25.0,64.0,0.0,0.0,0.0,0.0,0.0333333333,0.5,0.0,0.0,0.0,0.0,0.0,0.0,0.0,0.0,0.0,0.0,1.0,1.0,0.0,0.0,0.0,-1.0,1.0,1.0,0.0,1.0,0.0,0.0
1484,4031.0,4.0,0.0,5.0,81.0,0.0,0.0,0.0,0.0,0.0,0.0,0.0,0.0,0.0,0.0,1.0,1.0,0.0,0.0,1.0,0.0,22.0,52.0,0.0,0.0,0.0,0.0,0.8,0.1052631579,1.0,1.0,0.0,0.0,0.0,0.0,0.0,0.0,0.0,0.0,0.0,0.0,0.0,0.0,1.0,-1.0,1.0,1.0,1.0,-1.0,1.0,1.0
1485,3273.0,2.0,1.0,3.0,55.0,0.0,0.0,0.0,0.0,0.0,1.0,0.0,0.0,0.0,2.0,1.0,1.0,0.0,0.0,0.0,0.0,27.0,21.0,0.0,0.0,0.0,0.0,0.0,0.0,0.0,1.0,0.0,0.0,0.0,0.0,0.0,0.0,0.0,0.0,0.0,0.0,0.0,0.0,1.0,0.0,1.0,1.0,1.0,1.0,1.0,1.0
1486,2609.0,3.0,0.0,2.0,40.0,0.0,0.0,0.0,0.0,0.0,0.0,0.0,0.0,0.0,0.0,1.0,0.0,0.0,0.0,1.0,0.0,17.0,16.0,0.0,0.0,0.0,0.0,0.9230769231,1.0,0.0,1.0,0.0,0.0,0.0,0.0,1.0,0.0,0.0,0.0,0.0,0.0,0.0,0.0,1.0,1.0,1.0,1.0,-1.0,-1.0,1.0,1.0
1487,2675.0,3.0,0.0,3.0,46.0,0.0,0.0,0.0,0.0,1.0,0.0,0.0,0.0,0.0,2.0,1.0,0.0,0.0,0.0,0.0,0.0,10.0,29.0,0.0,0.0,0.0,0.0,1.0,1.0,1.0,1.0,0.0,0.0,0.0,0.0,1.0,0.0,0.0,0.0,0.0,1.0,0.0,0.0,1.0,1.0,-1.0,1.0,-1.0,-1.0,1.0,1.0
1488,4272.0,2.0,0.0,1.0,31.0,0.0,0.0,0.0,0.0,0.0,0.0,0.0,0.0,0.0,1.0,1.0,1.0,0.0,0.0,0.0,0.0,18.0,6.0,0.0,0.0,0.0,0.0,1.0,1.0,0.0,1.0,0.0,1.0,0.0,0.0,1.0,0.0,0.0,0.0,0.0,1.0,0.0,0.0,1.0,1.0,-1.0,0.0,1.0,-1.0,1.0,1.0
1489,7908.0,2.0,1.0,4.0,145.0,14.0,0.0,0.0,0.0,0.0,0.0,0.0,0.0,0.0,6.0,1.0,1.0,0.0,0.0,1.0,0.0,15.0,123.0,0.0,0.0,0.0,1.0,0.1276595745,0.5,0.0,1.0,1.0,0.0,0.0,0.0,0.0,0.0,0.0,0.0,0.0,1.0,0.0,0.0,1.0,-1.0,1.0,1.0,0.0,1.0,0.0,0.0
1490,2352.0,3.0,0.0,5.0,69.0,0.0,0.0,0.0,0.0,0.0,0.0,0.0,0.0,0.0,0.0,1.0,1.0,0.0,0.0,1.0,0.0,17.0,45.0,0.0,0.0,0.0,0.0,0.0,0.0,0.0,1.0,0.0,0.0,0.0,0.0,0.0,0.0,0.0,0.0,0.0,0.0,0.0,0.0,1.0,0.0,1.0,1.0,1.0,1.0,1.0,1.0
1491,4508.0,4.0,1.0,10.0,105.0,2.0,0.0,0.0,0.0,0.0,1.0,0.0,0.0,0.0,4.0,1.0,1.0,0.0,0.0,1.0,0.0,22.0,76.0,0.0,0.0,0.0,0.0,0.0,0.0,0.0,1.0,0.0,0.0,0.0,0.0,0.0,0.0,0.0,0.0,0.0,0.0,0.0,0.0,1.0,-1.0,1.0,1.0,1.0,1.0,1.0,1.0
1492,4171.0,3.0,0.0,4.0,149.0,1.0,0.0,0.0,0.0,7.0,0.0,2.0,2.0,0.0,4.0,1.0,0.0,0.0,0.0,1.0,0.0,20.0,34.0,87.0,0.0,0.0,0.0,0.0,0.3333333333,0.0,1.0,1.0,0.0,0.0,0.0,0.0,0.0,0.0,0.0,0.0,0.0,0.0,0.0,1.0,-1.0,1.0,1.0,-1.0,1.0,1.0,1.0
1493,4617.0,2.0,0.0,5.0,61.0,0.0,0.0,0.0,0.0,0.0,0.0,0.0,0.0,0.0,1.0,1.0,0.0,0.0,0.0,0.0,0.0,8.0,46.0,0.0,0.0,0.0,0.0,0.0,0.0,0.0,1.0,0.0,0.0,0.0,0.0,0.0,0.0,0.0,0.0,0.0,0.0,0.0,0.0,1.0,0.0,1.0,1.0,1.0,1.0,1.0,1.0
1494,5574.0,2.0,1.0,6.0,98.0,3.0,0.0,0.0,0.0,0.0,0.0,0.0,0.0,0.0,4.0,1.0,1.0,0.0,0.0,1.0,0.0,25.0,66.0,0.0,0.0,0.0,0.0,0.2362204724,0.9444444444,1.0,1.0,0.0,0.0,0.0,0.0157480315,0.0,0.0,0.0,0.0,1.0,1.0,0.0,0.0,1.0,-1.0,-1.0,1.0,-1.0,1.0,0.0,0.0
1495,3102.0,2.0,1.0,3.0,82.0,0.0,0.0,0.0,0.0,0.0,0.0,0.0,0.0,0.0,0.0,1.0,1.0,0.0,0.0,0.0,0.0,22.0,53.0,0.0,0.0,0.0,0.0,0.0,0.0,0.0,1.0,0.0,0.0,0.0,1.0,0.0,0.0,0.0,0.0,0.0,0.0,0.0,0.0,1.0,-1.0,1.0,1.0,1.0,-1.0,1.0,1.0
1496,1384.0,3.0,0.0,5.0,64.0,0.0,0.0,0.0,0.0,0.0,0.0,0.0,0.0,0.0,0.0,1.0,1.0,0.0,0.0,0.0,0.0,14.0,43.0,0.0,0.0,0.0,0.0,0.0,0.7857142857,0.0,1.0,0.0,0.0,0.0,1.0,1.0,0.0,0.0,0.0,0.0,1.0,0.0,0.0,1.0,0.0,-1.0,1.0,1.0,-1.0,1.0,1.0
1497,9697.0,2.0,1.0,3.0,48.0,1.0,0.0,0.0,0.0,0.0,0.0,0.0,0.0,0.0,0.0,1.0,0.0,0.0,0.0,0.0,0.0,17.0,24.0,0.0,0.0,0.0,0.0,0.0166666667,0.1341463415,0.0,1.0,0.0,0.0,0.0,0.0,0.0,0.0,0.0,1.0,0.0,0.0,0.0,0.0,1.0,1.0,0.0,1.0,1.0,1.0,0.0,0.0
1498,7509.0,2.0,0.0,4.0,62.0,0.0,0.0,0.0,0.0,2.0,0.0,0.0,0.0,0.0,7.0,1.0,1.0,0.0,0.0,0.0,0.0,17.0,38.0,0.0,0.0,0.0,0.0,0.2638297872,0.125,0.0,1.0,0.0,0.0,0.0,0.0021276596,0.0,0.0,0.0,0.0,0.0,0.0,0.0,0.0,1.0,0.0,1.0,1.0,1.0,1.0,0.0,0.0
1499,7325.0,2.0,0.0,1.0,147.0,0.0,0.0,0.0,0.0,4.0,0.0,9.0,0.0,0.0,21.0,1.0,0.0,0.0,0.0,0.0,0.0,12.0,11.0,116.0,0.0,0.0,0.0,0.0533980583,0.0193548387,0.0,1.0,0.0,1.0,0.0,0.0,0.0,0.0,0.0,0.0,0.0,0.0,0.0,0.0,1.0,-1.0,1.0,0.0,-1.0,1.0,0.0,0.0
1500,8867.0,2.0,0.0,1.0,58.0,1.0,1.0,0.0,0.0,0.0,0.0,1.0,0.0,0.0,0.0,1.0,0.0,0.0,0.0,0.0,0.0,17.0,16.0,17.0,0.0,0.0,0.0,0.0084033613,0.75,0.0,1.0,0.0,0.0,0.0,0.0,0.0,0.0,0.0,0.0,0.0,0.0,0.0,0.0,1.0,0.0,0.0,1.0,0.0,1.0,0.0,0.0
1501,8255.0,1.0,0.0,4.0,113.0,12.0,0.0,0.0,0.0,0.0,0.0,0.0,0.0,0.0,6.0,1.0,1.0,0.0,0.0,0.0,0.0,17.0,89.0,0.0,0.0,0.0,0.0,0.1830985915,0.6470588235,0.0,0.0,0.0,0.0,0.0,0.0281690141,0.0,0.0,0.0,0.0,0.0,1.0,0.0,0.0,1.0,-1.0,-1.0,1.0,0.0,1.0,0.0,0.0
1502,7249.0,4.0,1.0,2.0,104.0,0.0,0.0,0.0,0.0,0.0,7.0,1.0,0.0,0.0,7.0,1.0,1.0,0.0,0.0,0.0,0.0,11.0,18.0,67.0,0.0,0.0,0.0,0.0427350427,0.9444444444,0.0,1.0,0.0,0.0,0.0,0.0,0.0,0.0,0.0,0.0,0.0,0.0,0.0,0.0,1.0,-1.0,-1.0,1.0,-1.0,1.0,0.0,0.0
1503,5537.0,2.0,1.0,2.0,87.0,1.0,0.0,0.0,0.0,0.0,3.0,1.0,0.0,0.0,10.0,1.0,0.0,0.0,0.0,0.0,0.0,14.0,14.0,51.0,0.0,0.0,0.0,0.0681818182,0.2142857143,0.0,1.0,1.0,0.0,0.0,0.0,0.0,0.0,0.0,0.0,0.0,0.0,0.0,0.0,1.0,-1.0,1.0,1.0,0.0,1.0,0.0,0.0
1504,2232.0,2.0,0.0,2.0,37.0,0.0,0.0,0.0,0.0,0.0,0.0,0.0,0.0,0.0,0.0,1.0,0.0,0.0,0.0,1.0,0.0,16.0,14.0,0.0,0.0,0.0,0.0,0.0,1.0,1.0,1.0,0.0,0.0,0.0,1.0,1.0,0.0,0.0,0.0,0.0,0.0,0.0,0.0,1.0,1.0,-1.0,1.0,-1.0,-1.0,1.0,1.0
1505,464.0,4.0,0.0,4.0,101.0,2.0,0.0,0.0,0.0,0.0,0.0,0.0,0.0,0.0,31.0,1.0,1.0,1.0,0.0,0.0,0.0,13.0,47.0,33.0,0.0,2.0,0.0,0.0,0.0357142857,1.0,1.0,0.0,0.0,0.0,0.0,1.0,0.0,0.0,0.0,0.0,1.0,0.0,0.0,1.0,-1.0,1.0,1.0,1.0,1.0,1.0,1.0
1506,5155.0,1.0,0.0,5.0,103.0,6.0,0.0,0.0,0.0,0.0,0.0,1.0,0.0,0.0,18.0,1.0,1.0,0.0,0.0,1.0,0.0,17.0,72.0,6.0,0.0,0.0,0.0,0.4375,0.6551724138,0.0,0.0,0.0,0.0,0.0,0.0,0.0,0.0,0.0,0.0,1.0,1.0,0.0,0.0,1.0,-1.0,0.0,1.0,0.0,0.0,0.0,0.0
1507,9287.0,2.0,1.0,1.0,39.0,0.0,0.0,0.0,0.0,0.0,0.0,0.0,0.0,0.0,0.0,1.0,1.0,0.0,0.0,0.0,0.0,22.0,10.0,0.0,0.0,0.0,0.0,0.1578947368,0.6363636364,0.0,1.0,0.0,1.0,0.0,0.1052631579,0.0,0.0,0.0,0.0,1.0,0.0,0.0,0.0,1.0,1.0,0.0,0.0,0.0,1.0,0.0,0.0
1508,1111.0,3.0,1.0,5.0,59.0,0.0,0.0,0.0,0.0,0.0,0.0,0.0,0.0,0.0,0.0,1.0,0.0,0.0,0.0,1.0,0.0,16.0,36.0,0.0,0.0,0.0,0.0,0.0,1.0,0.0,1.0,1.0,0.0,0.0,1.0,1.0,0.0,0.0,0.0,0.0,0.0,0.0,0.0,1.0,0.0,-1.0,1.0,-1.0,-1.0,1.0,1.0
1509,4505.0,3.0,1.0,5.0,58.0,0.0,0.0,0.0,0.0,0.0,0.0,0.0,0.0,0.0,0.0,1.0,0.0,0.0,0.0,0.0,0.0,15.0,36.0,0.0,0.0,0.0,0.0,0.0,0.3333333333,1.0,1.0,0.0,0.0,0.0,0.0,0.0,0.0,0.0,0.0,0.0,1.0,0.0,1.0,1.0,0.0,1.0,1.0,-1.0,1.0,1.0,1.0
1510,2654.0,3.0,0.0,3.0,61.0,0.0,0.0,0.0,0.0,0.0,0.0,0.0,0.0,0.0,0.0,1.0,1.0,0.0,0.0,1.0,0.0,17.0,37.0,0.0,0.0,1.0,0.0,0.9090909091,0.2857142857,1.0,1.0,0.0,0.0,0.0,0.0909090909,0.0,0.0,0.0,0.0,0.0,1.0,0.0,0.0,1.0,0.0,1.0,1.0,0.0,-1.0,1.0,1.0
1511,9507.0,3.0,1.0,4.0,55.0,0.0,0.0,0.0,0.0,0.0,1.0,0.0,0.0,0.0,6.0,1.0,1.0,0.0,0.0,1.0,0.0,18.0,30.0,0.0,0.0,0.0,0.0,0.1785714286,0.152173913,0.0,1.0,0.0,0.0,0.0,0.0,0.0,0.0,0.0,0.0,1.0,1.0,0.0,0.0,1.0,0.0,1.0,1.0,0.0,1.0,0.0,0.0
1512,820.0,1.0,0.0,3.0,29.0,0.0,0.0,0.0,0.0,0.0,0.0,0.0,0.0,0.0,0.0,1.0,0.0,0.0,0.0,1.0,0.0,12.0,10.0,0.0,0.0,0.0,0.0,1.0,0.1428571429,1.0,1.0,0.0,0.0,0.0,0.0,0.0,0.0,0.0,0.0,0.0,1.0,0.0,0.0,1.0,1.0,1.0,1.0,0.0,-1.0,1.0,1.0
1513,4773.0,3.0,0.0,3.0,66.0,2.0,0.0,0.0,0.0,0.0,0.0,0.0,0.0,0.0,0.0,1.0,1.0,0.0,0.0,1.0,0.0,18.0,41.0,0.0,0.0,1.0,1.0,0.9318181818,1.0,0.0,1.0,0.0,0.0,0.0,0.0681818182,1.0,0.0,0.0,0.0,0.0,0.0,0.0,0.0,1.0,0.0,-1.0,1.0,-1.0,-1.0,1.0,1.0
1514,5858.0,2.0,0.0,2.0,84.0,1.0,1.0,0.0,0.0,0.0,0.0,3.0,2.0,0.0,6.0,1.0,0.0,0.0,0.0,0.0,0.0,15.0,30.0,31.0,0.0,0.0,0.0,0.0087463557,0.3461538462,0.0,1.0,0.0,0.0,0.0,0.0,0.0,0.0,0.0,0.0,0.0,0.0,0.0,0.0,1.0,-1.0,-1.0,1.0,1.0,1.0,0.0,0.0
1515,2453.0,6.0,5.0,4.0,88.0,3.0,0.0,0.0,0.0,0.0,0.0,0.0,0.0,0.0,12.0,1.0,1.0,0.0,0.0,1.0,0.0,39.0,42.0,0.0,0.0,0.0,0.0,0.0,0.0,0.0,1.0,0.0,0.0,0.0,1.0,0.0,0.0,0.0,0.0,0.0,0.0,0.0,0.0,-1.0,-1.0,1.0,1.0,1.0,-1.0,1.0,1.0
1516,2543.0,2.0,0.0,3.0,48.0,0.0,0.0,0.0,0.0,0.0,0.0,0.0,0.0,0.0,1.0,1.0,1.0,0.0,0.0,0.0,0.0,18.0,23.0,0.0,0.0,0.0,0.0,1.0,1.0,0.0,1.0,0.0,0.0,0.0,0.0,1.0,0.0,0.0,0.0,0.0,0.0,0.0,0.0,1.0,1.0,-1.0,1.0,-1.0,-1.0,1.0,1.0
1517,6590.0,3.0,1.0,2.0,95.0,1.0,0.0,0.0,0.0,0.0,0.0,3.0,2.0,0.0,11.0,1.0,0.0,0.0,0.0,0.0,0.0,19.0,20.0,48.0,0.0,0.0,0.0,0.0,0.1538461538,0.0,1.0,0.0,0.0,0.0,0.25,0.0,0.0,0.0,0.0,0.0,0.0,0.0,0.0,1.0,-1.0,1.0,1.0,0.0,1.0,0.0,0.0
1518,7608.0,3.0,0.0,1.0,156.0,4.0,0.0,0.0,0.0,1.0,0.0,5.0,4.0,0.0,16.0,1.0,0.0,0.0,0.0,0.0,0.0,36.0,10.0,102.0,0.0,0.0,0.0,0.0363636364,0.0,0.0,0.0,0.0,0.0,0.0,0.0,0.0,0.0,0.0,0.0,1.0,0.0,0.0,0.0,1.0,-1.0,1.0,1.0,1.0,1.0,0.0,0.0
1519,6044.0,1.0,0.0,4.0,68.0,3.0,0.0,0.0,0.0,0.0,0.0,0.0,0.0,0.0,6.0,1.0,1.0,0.0,0.0,0.0,0.0,21.0,40.0,0.0,0.0,0.0,0.0,0.1195652174,0.1860465116,0.0,0.0,0.0,0.0,0.0,0.0717391304,0.0,0.0,0.0,0.0,1.0,1.0,0.0,0.0,1.0,0.0,1.0,1.0,0.0,1.0,0.0,0.0
1520,1485.0,4.0,0.0,3.0,154.0,0.0,0.0,0.0,0.0,4.0,0.0,11.0,6.0,0.0,19.0,1.0,0.0,1.0,0.0,0.0,0.0,12.0,22.0,112.0,0.0,1.0,0.0,0.375,0.0,0.0,1.0,0.0,0.0,0.0,0.0,1.0,0.0,0.0,0.0,0.0,0.0,0.0,0.0,1.0,-1.0,1.0,1.0,0.0,0.0,1.0,1.0
1521,2728.0,3.0,1.0,4.0,201.0,0.0,0.0,0.0,0.0,0.0,0.0,0.0,0.0,0.0,32.0,1.0,0.0,0.0,0.0,0.0,0.0,22.0,36.0,135.0,0.0,0.0,0.0,0.0,0.0,0.0,1.0,0.0,0.0,0.0,0.0,0.0,0.0,0.0,0.0,0.0,0.0,0.0,0.0,1.0,-1.0,1.0,1.0,1.0,1.0,1.0,1.0
1522,1620.0,3.0,1.0,3.0,40.0,1.0,1.0,0.0,0.0,0.0,0.0,0.0,0.0,0.0,2.0,1.0,1.0,0.0,0.0,1.0,0.0,13.0,20.0,0.0,0.0,0.0,0.0,1.0,0.1111111111,0.0,1.0,0.0,1.0,0.0,0.0,1.0,0.0,0.0,0.0,0.0,0.0,0.0,0.0,1.0,1.0,-1.0,0.0,1.0,-1.0,1.0,1.0
1523,1685.0,2.0,0.0,4.0,78.0,0.0,0.0,0.0,1.0,0.0,0.0,0.0,0.0,0.0,22.0,1.0,1.0,0.0,0.0,1.0,0.0,22.0,49.0,0.0,0.0,0.0,0.0,0.0,0.1875,1.0,1.0,0.0,0.0,0.0,1.0,0.0,0.0,0.0,0.0,0.0,0.0,0.0,0.0,1.0,-1.0,1.0,1.0,0.0,-1.0,1.0,1.0
1524,927.0,3.0,1.0,4.0,67.0,1.0,0.0,0.0,0.0,0.0,0.0,0.0,0.0,0.0,0.0,1.0,0.0,0.0,0.0,1.0,0.0,22.0,38.0,0.0,0.0,1.0,1.0,1.0,1.0,0.0,1.0,0.0,0.0,0.0,0.0,1.0,0.0,0.0,0.0,0.0,0.0,0.0,0.0,1.0,0.0,-1.0,1.0,-1.0,-1.0,1.0,1.0
1525,4393.0,3.0,1.0,4.0,64.0,1.0,0.0,0.0,0.0,0.0,0.0,0.0,0.0,0.0,1.0,1.0,0.0,0.0,0.0,1.0,0.0,22.0,35.0,0.0,0.0,0.0,0.0,1.0,0.9,1.0,1.0,0.0,0.0,0.0,0.0,1.0,0.0,0.0,0.0,0.0,0.0,0.0,0.0,1.0,0.0,-1.0,1.0,-1.0,-1.0,1.0,1.0
1526,4628.0,3.0,1.0,4.0,66.0,0.0,0.0,0.0,0.0,0.0,0.0,0.0,0.0,0.0,6.0,1.0,1.0,0.0,0.0,0.0,0.0,29.0,30.0,0.0,0.0,0.0,0.0,0.0,0.0,0.0,1.0,1.0,0.0,0.0,1.0,0.0,0.0,0.0,0.0,0.0,0.0,0.0,0.0,1.0,0.0,1.0,1.0,1.0,-1.0,1.0,1.0
1527,1001.0,2.0,0.0,2.0,51.0,0.0,0.0,0.0,0.0,0.0,0.0,1.0,0.0,0.0,0.0,1.0,0.0,0.0,0.0,0.0,0.0,12.0,24.0,7.0,0.0,0.0,0.0,0.0,1.0,0.0,1.0,1.0,0.0,0.0,0.0,1.0,0.0,0.0,0.0,0.0,0.0,0.0,0.0,1.0,1.0,-1.0,1.0,-1.0,1.0,1.0,1.0
1528,3363.0,4.0,1.0,4.0,65.0,0.0,0.0,0.0,0.0,0.0,0.0,0.0,0.0,0.0,2.0,1.0,1.0,0.0,0.0,0.0,0.0,28.0,30.0,0.0,0.0,0.0,0.0,0.0909090909,1.0,1.0,1.0,0.0,0.0,0.0,0.8181818182,1.0,0.0,0.0,0.0,0.0,0.0,0.0,0.0,1.0,0.0,-1.0,1.0,-1.0,-1.0,1.0,1.0
1529,6206.0,1.0,0.0,3.0,67.0,8.0,0.0,0.0,0.0,0.0,0.0,0.0,0.0,0.0,8.0,1.0,1.0,0.0,0.0,1.0,0.0,9.0,51.0,0.0,0.0,0.0,0.0,0.1333333333,1.0,1.0,1.0,1.0,0.0,0.0,0.037037037,0.0,0.0,0.0,0.0,0.0,0.0,0.0,0.0,1.0,0.0,-1.0,1.0,-1.0,1.0,0.0,0.0
1530,9846.0,2.0,1.0,5.0,53.0,2.0,0.0,0.0,0.0,0.0,0.0,0.0,0.0,0.0,8.0,1.0,1.0,0.0,0.0,1.0,0.0,16.0,30.0,0.0,0.0,0.0,0.0,0.0426829268,0.7230769231,0.0,1.0,1.0,0.0,0.0,0.0487804878,0.0,0.0,0.0,0.0,0.0,1.0,0.0,0.0,1.0,1.0,-1.0,1.0,0.0,1.0,0.0,0.0
1531,6467.0,1.0,0.0,2.0,65.0,5.0,0.0,0.0,0.0,0.0,0.0,0.0,0.0,0.0,0.0,1.0,0.0,0.0,0.0,1.0,0.0,11.0,47.0,0.0,0.0,0.0,0.0,0.0,0.1176470588,0.0,1.0,0.0,0.0,0.0,0.0,0.0,0.0,0.0,0.0,0.0,0.0,0.0,0.0,1.0,0.0,1.0,1.0,0.0,1.0,0.0,0.0
1532,1327.0,1.0,0.0,5.0,57.0,1.0,0.0,0.0,0.0,1.0,0.0,0.0,0.0,0.0,0.0,1.0,0.0,0.0,0.0,1.0,0.0,11.0,39.0,0.0,0.0,0.0,0.0,1.0,1.0,0.0,1.0,0.0,0.0,0.0,0.0,1.0,0.0,0.0,0.0,0.0,0.0,0.0,0.0,1.0,0.0,-1.0,1.0,-1.0,-1.0,1.0,1.0
1533,8493.0,3.0,1.0,2.0,36.0,0.0,0.0,0.0,0.0,0.0,0.0,0.0,0.0,0.0,7.0,1.0,1.0,0.0,0.0,0.0,0.0,11.0,18.0,0.0,0.0,0.0,0.0,0.0617977528,0.298245614,0.0,0.0,0.0,0.0,0.0,0.0,0.0,0.0,0.0,0.0,0.0,0.0,0.0,0.0,1.0,1.0,1.0,1.0,0.0,1.0,0.0,0.0
1534,2587.0,2.0,0.0,3.0,44.0,1.0,0.0,0.0,0.0,0.0,0.0,0.0,0.0,0.0,0.0,1.0,0.0,0.0,0.0,1.0,0.0,11.0,26.0,0.0,0.0,0.0,0.0,1.0,1.0,0.0,1.0,0.0,1.0,0.0,0.0,1.0,0.0,0.0,0.0,0.0,1.0,0.0,0.0,1.0,1.0,-1.0,0.0,-1.0,-1.0,1.0,1.0
1535,1938.0,3.0,0.0,3.0,43.0,0.0,0.0,0.0,0.0,0.0,0.0,0.0,0.0,0.0,0.0,1.0,1.0,0.0,0.0,0.0,0.0,14.0,22.0,0.0,0.0,0.0,0.0,0.0,0.0,0.0,1.0,1.0,0.0,0.0,0.0,1.0,0.0,0.0,0.0,0.0,0.0,0.0,0.0,1.0,1.0,1.0,1.0,1.0,1.0,1.0,1.0
1536,7301.0,1.0,0.0,5.0,65.0,5.0,0.0,0.0,0.0,0.0,0.0,0.0,0.0,0.0,14.0,1.0,1.0,0.0,0.0,1.0,0.0,15.0,43.0,0.0,0.0,0.0,0.0,0.6666666667,0.3714285714,0.0,1.0,0.0,1.0,0.0,0.0158730159,0.0,0.0,0.0,0.0,1.0,1.0,0.0,0.0,1.0,0.0,0.0,0.0,1.0,-1.0,0.0,0.0
1537,888.0,2.0,0.0,4.0,81.0,3.0,0.0,0.0,0.0,0.0,0.0,0.0,0.0,0.0,0.0,1.0,0.0,0.0,0.0,1.0,0.0,13.0,61.0,0.0,0.0,1.0,0.0,0.0,0.0,0.0,1.0,0.0,0.0,0.0,0.0,0.0,0.0,0.0,0.0,0.0,0.0,0.0,0.0,1.0,-1.0,1.0,1.0,1.0,1.0,1.0,1.0
1538,5661.0,3.0,2.0,2.0,78.0,0.0,0.0,0.0,0.0,0.0,0.0,2.0,1.0,0.0,0.0,1.0,0.0,0.0,0.0,0.0,0.0,22.0,14.0,34.0,0.0,0.0,1.0,0.0,0.0,0.0,0.0,0.0,0.0,0.0,0.0,0.0,0.0,0.0,0.0,0.0,0.0,1.0,0.0,0.0,-1.0,1.0,1.0,1.0,1.0,0.0,0.0
1539,5721.0,1.0,0.0,2.0,71.0,6.0,0.0,0.0,0.0,0.0,0.0,0.0,0.0,0.0,0.0,1.0,0.0,0.0,0.0,1.0,0.0,14.0,50.0,0.0,0.0,0.0,0.0,0.0625,0.2941176471,0.0,1.0,1.0,0.0,0.0,0.1145833333,0.0,0.0,0.0,0.0,1.0,0.0,0.0,0.0,1.0,0.0,1.0,1.0,0.0,1.0,0.0,0.0
1540,7359.0,4.0,1.0,2.0,144.0,0.0,0.0,0.0,0.0,0.0,8.0,1.0,0.0,0.0,15.0,1.0,0.0,0.0,0.0,0.0,0.0,26.0,14.0,96.0,0.0,1.0,0.0,0.052173913,0.5,0.0,0.0,0.0,0.0,0.0,0.0,0.0,0.0,0.0,0.0,0.0,0.0,0.0,0.0,1.0,-1.0,1.0,1.0,0.0,1.0,0.0,0.0
1541,6377.0,1.0,0.0,2.0,108.0,17.0,0.0,0.0,0.0,0.0,0.0,0.0,0.0,0.0,1.0,1.0,0.0,0.0,0.0,1.0,0.0,10.0,91.0,0.0,0.0,0.0,0.0,0.0652173913,0.2058823529,0.0,1.0,1.0,0.0,1.0,0.0527950311,0.0,0.0,1.0,0.0,1.0,1.0,0.0,0.0,1.0,-1.0,1.0,-1.0,0.0,1.0,0.0,0.0
1542,7248.0,2.0,1.0,4.0,62.0,2.0,0.0,0.0,0.0,0.0,0.0,0.0,0.0,0.0,5.0,1.0,0.0,0.0,0.0,0.0,0.0,19.0,36.0,0.0,0.0,0.0,0.0,0.0,0.34375,0.0,1.0,0.0,0.0,0.0,0.224,0.0,0.0,0.0,0.0,0.0,0.0,0.0,0.0,1.0,0.0,1.0,1.0,0.0,1.0,0.0,0.0
1543,9781.0,2.0,1.0,2.0,48.0,0.0,0.0,0.0,0.0,0.0,0.0,0.0,0.0,0.0,0.0,1.0,1.0,0.0,0.0,0.0,0.0,12.0,29.0,0.0,0.0,1.0,0.0,0.0902255639,0.45,0.0,1.0,0.0,0.0,0.0,0.007518797,0.0,0.0,0.0,0.0,0.0,1.0,0.0,0.0,1.0,1.0,1.0,1.0,0.0,1.0,0.0,0.0
1544,634.0,1.0,0.0,3.0,44.0,0.0,0.0,0.0,0.0,0.0,0.0,0.0,0.0,0.0,0.0,1.0,1.0,0.0,0.0,0.0,0.0,23.0,14.0,0.0,0.0,0.0,0.0,0.0,0.1538461538,0.0,1.0,0.0,0.0,0.0,0.0,0.0,0.0,0.0,0.0,0.0,0.0,0.0,0.0,1.0,1.0,1.0,1.0,1.0,1.0,1.0,1.0
1545,927.0,3.0,1.0,4.0,67.0,1.0,0.0,0.0,0.0,0.0,0.0,0.0,0.0,0.0,0.0,1.0,0.0,0.0,0.0,1.0,0.0,22.0,38.0,0.0,0.0,1.0,1.0,1.0,1.0,0.0,1.0,0.0,0.0,0.0,0.0,1.0,0.0,0.0,0.0,0.0,0.0,0.0,0.0,1.0,0.0,-1.0,1.0,-1.0,-1.0,1.0,1.0
1546,163.0,2.0,0.0,3.0,42.0,0.0,0.0,0.0,0.0,0.0,0.0,0.0,0.0,0.0,0.0,1.0,0.0,0.0,0.0,0.0,0.0,13.0,22.0,0.0,0.0,0.0,0.0,0.0,0.0,0.0,1.0,0.0,0.0,0.0,0.0,0.0,0.0,0.0,0.0,0.0,0.0,0.0,0.0,1.0,1.0,1.0,1.0,1.0,1.0,1.0,1.0
1547,2457.0,2.0,0.0,7.0,90.0,1.0,1.0,0.0,0.0,1.0,0.0,1.0,0.0,0.0,13.0,1.0,1.0,0.0,0.0,0.0,0.0,26.0,47.0,9.0,0.0,1.0,0.0,0.0,0.3333333333,0.0,1.0,0.0,0.0,0.0,0.0,0.0,0.0,0.0,0.0,0.0,0.0,0.0,0.0,1.0,-1.0,1.0,1.0,0.0,1.0,1.0,1.0
1548,5525.0,2.0,1.0,3.0,121.0,10.0,0.0,0.0,0.0,0.0,0.0,0.0,0.0,0.0,0.0,1.0,1.0,0.0,0.0,1.0,0.0,16.0,98.0,0.0,0.0,0.0,0.0,0.0588235294,0.1333333333,0.0,1.0,1.0,0.0,0.0,0.0,0.0,0.0,0.0,0.0,0.0,1.0,0.0,0.0,1.0,-1.0,1.0,1.0,0.0,1.0,0.0,0.0
1549,3749.0,2.0,1.0,7.0,91.0,0.0,0.0,0.0,0.0,0.0,0.0,0.0,0.0,0.0,18.0,1.0,1.0,0.0,0.0,0.0,0.0,18.0,66.0,0.0,0.0,0.0,0.0,0.0,0.0,0.0,1.0,1.0,0.0,0.0,0.4545454545,0.0,0.0,0.0,0.0,0.0,0.0,0.0,0.0,1.0,-1.0,1.0,1.0,1.0,0.0,1.0,1.0
1550,4638.0,3.0,0.0,4.0,46.0,0.0,0.0,0.0,0.0,0.0,0.0,0.0,0.0,0.0,0.0,1.0,0.0,0.0,0.0,0.0,0.0,17.0,22.0,0.0,0.0,0.0,0.0,0.0,0.6666666667,0.0,1.0,0.0,0.0,0.0,0.375,0.0,0.0,0.0,0.0,0.0,0.0,0.0,0.0,1.0,1.0,1.0,1.0,-1.0,0.0,1.0,1.0
1551,3612.0,4.0,1.0,2.0,54.0,0.0,0.0,0.0,0.0,0.0,0.0,0.0,0.0,0.0,0.0,1.0,0.0,0.0,0.0,0.0,0.0,26.0,21.0,0.0,0.0,1.0,0.0,1.0,0.8888888889,1.0,1.0,0.0,0.0,0.0,0.0,1.0,0.0,0.0,0.0,0.0,0.0,0.0,0.0,1.0,0.0,0.0,1.0,-1.0,-1.0,1.0,1.0
1552,2491.0,2.0,1.0,2.0,50.0,1.0,1.0,0.0,0.0,0.0,0.0,0.0,0.0,0.0,0.0,0.0,1.0,0.0,0.0,0.0,0.0,34.0,8.0,0.0,0.0,0.0,0.0,0.0,0.0,0.0,0.0,1.0,0.0,0.0,1.0,0.0,0.0,0.0,0.0,0.0,0.0,0.0,0.0,1.0,1.0,1.0,1.0,1.0,-1.0,1.0,1.0
1553,9255.0,2.0,1.0,2.0,41.0,0.0,0.0,0.0,0.0,0.0,0.0,0.0,0.0,0.0,4.0,1.0,1.0,0.0,0.0,0.0,0.0,24.0,10.0,0.0,0.0,0.0,0.0,0.1481481481,0.1363636364,0.0,1.0,0.0,1.0,0.0,0.1851851852,0.0,0.0,0.0,0.0,0.0,0.0,0.0,0.0,1.0,1.0,1.0,0.0,1.0,0.0,0.0,0.0
1554,3547.0,3.0,2.0,4.0,109.0,5.0,4.0,0.0,0.0,0.0,0.0,0.0,0.0,0.0,22.0,1.0,1.0,0.0,1.0,1.0,0.0,57.0,45.0,0.0,0.0,0.0,0.0,0.0555555556,0.0909090909,0.0,1.0,1.0,0.0,0.0,0.9444444444,0.0,0.0,1.0,0.0,0.0,1.0,0.0,0.0,0.0,-1.0,1.0,1.0,1.0,-1.0,1.0,1.0
1555,6517.0,1.0,0.0,2.0,107.0,11.0,0.0,0.0,0.0,0.0,0.0,0.0,0.0,0.0,0.0,1.0,1.0,0.0,0.0,1.0,0.0,24.0,76.0,0.0,0.0,0.0,0.0,0.1678321678,0.4494382022,0.0,1.0,1.0,0.0,0.0,0.0839160839,0.0,0.0,0.0,0.0,1.0,0.0,0.0,0.0,1.0,-1.0,0.0,1.0,0.0,1.0,0.0,0.0
1556,7560.0,1.0,0.0,2.0,60.0,6.0,0.0,0.0,0.0,0.0,0.0,0.0,0.0,0.0,0.0,1.0,0.0,0.0,0.0,0.0,0.0,16.0,37.0,0.0,0.0,0.0,0.0,0.0892857143,0.3958333333,0.0,0.0,0.0,0.0,0.0,0.0238095238,0.0,0.0,0.0,0.0,0.0,0.0,0.0,0.0,1.0,0.0,-1.0,1.0,0.0,1.0,0.0,0.0
1557,2962.0,2.0,1.0,3.0,68.0,1.0,1.0,0.0,0.0,0.0,0.0,0.0,0.0,0.0,20.0,1.0,1.0,0.0,0.0,1.0,0.0,21.0,40.0,0.0,0.0,0.0,0.0,0.0555555556,0.0909090909,0.0,1.0,1.0,0.0,0.0,0.9444444444,0.0,0.0,1.0,0.0,0.0,1.0,0.0,0.0,1.0,0.0,1.0,1.0,1.0,-1.0,1.0,1.0
1558,1262.0,2.0,0.0,5.0,55.0,0.0,0.0,0.0,0.0,0.0,0.0,0.0,0.0,0.0,0.0,1.0,0.0,0.0,0.0,1.0,0.0,12.0,36.0,0.0,0.0,0.0,0.0,0.0,1.0,0.0,1.0,1.0,0.0,0.0,1.0,1.0,0.0,0.0,0.0,0.0,0.0,0.0,0.0,1.0,0.0,-1.0,1.0,-1.0,-1.0,1.0,1.0
1559,2442.0,2.0,0.0,1.0,40.0,1.0,1.0,0.0,0.0,0.0,0.0,0.0,0.0,0.0,0.0,1.0,0.0,0.0,0.0,0.0,0.0,24.0,9.0,0.0,0.0,0.0,0.0,1.0,0.1666666667,0.0,1.0,0.0,0.0,0.0,0.0,1.0,0.0,0.0,0.0,0.0,1.0,0.0,0.0,1.0,1.0,1.0,1.0,1.0,-1.0,1.0,1.0
1560,869.0,1.0,0.0,3.0,58.0,0.0,0.0,0.0,0.0,0.0,0.0,0.0,0.0,0.0,21.0,1.0,1.0,0.0,0.0,0.0,0.0,14.0,37.0,0.0,0.0,0.0,0.0,0.0,0.0,0.0,1.0,0.0,0.0,0.0,0.0,0.0,0.0,0.0,0.0,0.0,0.0,0.0,0.0,1.0,0.0,1.0,1.0,1.0,1.0,1.0,1.0
1561,888.0,2.0,0.0,4.0,81.0,3.0,0.0,0.0,0.0,0.0,0.0,0.0,0.0,0.0,0.0,1.0,0.0,0.0,0.0,1.0,0.0,13.0,61.0,0.0,0.0,1.0,0.0,0.0,0.0,0.0,1.0,0.0,0.0,0.0,0.0,0.0,0.0,0.0,0.0,0.0,0.0,0.0,0.0,1.0,-1.0,1.0,1.0,1.0,1.0,1.0,1.0
1562,4771.0,3.0,1.0,2.0,56.0,1.0,1.0,0.0,0.0,0.0,0.0,0.0,0.0,0.0,0.0,1.0,0.0,0.0,0.0,1.0,0.0,33.0,16.0,0.0,0.0,0.0,1.0,1.0,1.0,0.0,1.0,1.0,0.0,0.0,0.0,1.0,0.0,0.0,0.0,0.0,0.0,0.0,0.0,1.0,0.0,-1.0,1.0,-1.0,-1.0,1.0,1.0
1563,2537.0,4.0,2.0,3.0,50.0,1.0,0.0,0.0,0.0,0.0,0.0,0.0,0.0,0.0,0.0,1.0,0.0,0.0,0.0,0.0,0.0,17.0,26.0,0.0,0.0,0.0,0.0,1.0,1.0,0.0,1.0,0.0,1.0,0.0,0.0,1.0,0.0,0.0,0.0,0.0,1.0,0.0,0.0,1.0,1.0,-1.0,0.0,-1.0,-1.0,1.0,1.0
1564,9364.0,2.0,1.0,1.0,39.0,0.0,0.0,0.0,0.0,0.0,0.0,0.0,0.0,0.0,0.0,1.0,0.0,0.0,0.0,0.0,0.0,18.0,14.0,0.0,0.0,0.0,0.0,0.1062992126,1.0,1.0,0.0,0.0,0.0,0.0,0.0236220472,0.0,0.0,0.0,0.0,0.0,0.0,0.0,0.0,1.0,1.0,-1.0,1.0,-1.0,1.0,0.0,0.0
1565,9121.0,1.0,0.0,3.0,34.0,1.0,0.0,0.0,0.0,0.0,0.0,0.0,0.0,0.0,0.0,1.0,0.0,0.0,0.0,0.0,0.0,8.0,19.0,0.0,0.0,0.0,0.0,0.1571428571,0.3292682927,0.0,1.0,1.0,0.0,0.0,0.0714285714,0.0,0.0,0.0,0.0,1.0,0.0,0.0,0.0,1.0,1.0,0.0,1.0,0.0,1.0,0.0,0.0
1566,9792.0,3.0,1.0,3.0,58.0,0.0,0.0,0.0,0.0,0.0,0.0,1.0,0.0,0.0,0.0,1.0,1.0,0.0,0.0,1.0,0.0,20.0,21.0,9.0,0.0,0.0,0.0,0.5136363636,0.1186440678,0.0,1.0,0.0,1.0,0.0,0.0,0.0,0.0,0.0,0.0,0.0,1.0,0.0,0.0,1.0,0.0,1.0,0.0,0.0,0.0,0.0,0.0
1567,9222.0,2.0,1.0,2.0,37.0,0.0,0.0,0.0,0.0,0.0,0.0,0.0,0.0,0.0,0.0,1.0,0.0,0.0,0.0,1.0,0.0,22.0,8.0,0.0,0.0,0.0,0.0,0.023255814,0.04,0.0,1.0,0.0,0.0,0.0,0.0930232558,0.0,0.0,0.0,0.0,0.0,0.0,0.0,0.0,1.0,1.0,1.0,1.0,1.0,1.0,0.0,0.0
1568,3133.0,2.0,1.0,5.0,65.0,1.0,0.0,0.0,0.0,0.0,0.0,0.0,0.0,0.0,2.0,1.0,0.0,0.0,0.0,0.0,0.0,18.0,40.0,0.0,0.0,0.0,0.0,0.0,0.0,0.0,1.0,0.0,0.0,0.0,1.0,0.0,0.0,0.0,0.0,0.0,1.0,0.0,0.0,1.0,0.0,1.0,1.0,1.0,-1.0,1.0,1.0
1569,2389.0,2.0,0.0,7.0,225.0,1.0,1.0,0.0,0.0,1.0,0.0,3.0,2.0,0.0,31.0,1.0,1.0,0.0,0.0,1.0,0.0,26.0,55.0,136.0,0.0,2.0,0.0,0.0,0.3333333333,0.0,1.0,0.0,0.0,0.0,0.0,0.0,0.0,0.0,0.0,0.0,0.0,0.0,0.0,1.0,-1.0,1.0,1.0,0.0,1.0,1.0,1.0
1570,1122.0,5.0,4.0,2.0,55.0,0.0,0.0,0.0,0.0,0.0,0.0,0.0,0.0,0.0,2.0,1.0,1.0,0.0,1.0,0.0,0.0,36.0,12.0,0.0,0.0,0.0,1.0,1.0,1.0,0.0,1.0,1.0,0.0,1.0,0.0,1.0,0.0,0.0,0.0,0.0,0.0,0.0,0.0,-1.0,0.0,-1.0,-1.0,-1.0,-1.0,1.0,1.0
1571,24.0,1.0,0.0,10.0,105.0,2.0,0.0,0.0,0.0,0.0,0.0,0.0,0.0,0.0,24.0,1.0,1.0,0.0,0.0,1.0,0.0,11.0,87.0,0.0,0.0,0.0,0.0,0.0,0.0,0.0,1.0,0.0,0.0,0.0,0.0,0.0,0.0,0.0,0.0,0.0,0.0,0.0,0.0,1.0,-1.0,1.0,1.0,1.0,1.0,1.0,1.0
1572,234.0,2.0,0.0,2.0,40.0,0.0,0.0,0.0,0.0,0.0,0.0,0.0,0.0,0.0,0.0,1.0,1.0,0.0,0.0,1.0,0.0,28.0,5.0,0.0,0.0,0.0,0.0,0.9333333333,1.0,0.0,1.0,0.0,0.0,0.0,0.0,1.0,0.0,0.0,0.0,0.0,0.0,0.0,0.0,1.0,1.0,1.0,1.0,-1.0,-1.0,1.0,1.0
1573,8496.0,1.0,0.0,2.0,29.0,0.0,0.0,0.0,0.0,0.0,0.0,0.0,0.0,0.0,6.0,1.0,1.0,0.0,0.0,0.0,0.0,9.0,13.0,0.0,0.0,0.0,0.0,0.2916666667,0.5,1.0,0.0,0.0,0.0,0.0,0.0,0.0,0.0,0.0,0.0,0.0,0.0,0.0,0.0,1.0,1.0,0.0,1.0,0.0,1.0,0.0,0.0
1574,1947.0,3.0,1.0,2.0,42.0,0.0,0.0,0.0,0.0,0.0,0.0,0.0,0.0,0.0,0.0,1.0,0.0,0.0,0.0,0.0,0.0,16.0,19.0,0.0,0.0,0.0,0.0,1.0,1.0,0.0,1.0,0.0,0.0,0.0,0.0,1.0,0.0,0.0,0.0,0.0,0.0,0.0,0.0,1.0,1.0,-1.0,1.0,-1.0,-1.0,1.0,1.0
1575,4277.0,3.0,0.0,1.0,39.0,0.0,0.0,0.0,0.0,0.0,0.0,0.0,0.0,0.0,0.0,1.0,1.0,0.0,0.0,0.0,0.0,20.0,12.0,0.0,0.0,0.0,0.0,0.0,0.0,0.0,0.0,0.0,0.0,0.0,0.0,1.0,0.0,0.0,0.0,0.0,0.0,1.0,0.0,1.0,1.0,1.0,1.0,1.0,1.0,1.0,1.0
1576,5970.0,2.0,0.0,1.0,110.0,4.0,0.0,0.0,0.0,1.0,2.0,2.0,1.0,0.0,16.0,1.0,1.0,0.0,0.0,1.0,0.0,22.0,39.0,41.0,0.0,0.0,0.0,0.0662251656,0.2820512821,0.0,1.0,1.0,0.0,1.0,0.0,0.0,0.0,0.0,0.0,0.0,1.0,0.0,0.0,1.0,-1.0,1.0,-1.0,0.0,1.0,0.0,0.0
1577,1862.0,4.0,1.0,4.0,59.0,0.0,0.0,0.0,0.0,0.0,0.0,0.0,0.0,0.0,0.0,1.0,0.0,0.0,0.0,1.0,0.0,16.0,36.0,0.0,0.0,0.0,0.0,0.0,0.0,0.0,1.0,0.0,0.0,0.0,0.0,0.0,0.0,0.0,0.0,0.0,0.0,0.0,0.0,1.0,0.0,1.0,1.0,1.0,1.0,1.0,1.0
1578,6647.0,2.0,0.0,2.0,77.0,0.0,0.0,0.0,0.0,0.0,0.0,1.0,1.0,0.0,24.0,1.0,0.0,0.0,0.0,0.0,0.0,11.0,21.0,37.0,0.0,0.0,0.0,0.0,0.0328947368,0.0,1.0,0.0,0.0,0.0,0.0,0.0,0.0,0.0,0.0,1.0,0.0,0.0,0.0,1.0,-1.0,1.0,1.0,1.0,1.0,0.0,0.0
1579,442.0,7.0,1.0,2.0,129.0,1.0,0.0,0.0,0.0,0.0,0.0,2.0,1.0,0.0,2.0,1.0,0.0,0.0,0.0,0.0,0.0,15.0,13.0,93.0,0.0,1.0,0.0,0.0,0.6666666667,0.0,0.0,0.0,0.0,0.0,0.0,1.0,0.0,0.0,0.0,0.0,1.0,0.0,0.0,1.0,-1.0,0.0,1.0,-1.0,1.0,1.0,1.0
1580,6299.0,1.0,0.0,2.0,86.0,8.0,0.0,0.0,0.0,0.0,0.0,0.0,0.0,0.0,2.0,1.0,0.0,0.0,0.0,1.0,0.0,19.0,60.0,0.0,0.0,0.0,0.0,0.1098265896,0.7777777778,1.0,0.0,0.0,0.0,0.0,0.0173410405,0.0,0.0,0.0,0.0,1.0,0.0,0.0,0.0,1.0,-1.0,-1.0,1.0,0.0,1.0,0.0,0.0
1581,7187.0,2.0,1.0,1.0,75.0,0.0,0.0,0.0,0.0,0.0,0.0,2.0,1.0,0.0,0.0,1.0,0.0,0.0,0.0,1.0,0.0,18.0,7.0,42.0,0.0,0.0,0.0,0.8219178082,0.8867924528,0.0,1.0,0.0,0.0,0.0,0.0,1.0,0.0,0.0,0.0,1.0,1.0,0.0,0.0,1.0,0.0,-1.0,1.0,0.0,-1.0,0.0,0.0
1582,6560.0,3.0,1.0,2.0,85.0,1.0,0.0,0.0,0.0,1.0,0.0,1.0,0.0,0.0,5.0,1.0,0.0,0.0,0.0,0.0,0.0,24.0,34.0,19.0,0.0,1.0,0.0,0.0142450142,0.9637681159,1.0,1.0,1.0,1.0,0.0,0.0,0.0,0.0,0.0,0.0,0.0,1.0,0.0,0.0,1.0,-1.0,-1.0,0.0,-1.0,1.0,0.0,0.0
1583,5276.0,2.0,0.0,2.0,71.0,1.0,0.0,0.0,0.0,0.0,0.0,0.0,0.0,0.0,25.0,1.0,1.0,0.0,0.0,0.0,0.0,16.0,48.0,0.0,0.0,0.0,0.0,0.0172910663,0.1428571429,0.0,0.0,0.0,0.0,0.0,0.0,0.0,0.0,0.0,0.0,1.0,0.0,0.0,0.0,1.0,0.0,1.0,1.0,1.0,1.0,0.0,0.0
1584,7347.0,1.0,0.0,4.0,65.0,6.0,0.0,0.0,0.0,0.0,0.0,0.0,0.0,0.0,10.0,1.0,1.0,0.0,0.0,1.0,0.0,13.0,45.0,0.0,0.0,0.0,0.0,0.0222222222,0.2857142857,0.0,1.0,0.0,0.0,0.0,0.0,0.0,0.0,0.0,0.0,1.0,0.0,0.0,0.0,1.0,0.0,1.0,1.0,0.0,1.0,0.0,0.0
1585,7115.0,1.0,0.0,5.0,75.0,7.0,0.0,0.0,0.0,0.0,0.0,0.0,0.0,0.0,8.0,1.0,1.0,0.0,0.0,0.0,0.0,11.0,57.0,0.0,0.0,0.0,0.0,0.3076923077,1.0,1.0,1.0,0.0,0.0,0.0,0.1153846154,0.0,0.0,0.0,0.0,0.0,1.0,0.0,0.0,1.0,0.0,-1.0,1.0,-1.0,0.0,0.0,0.0
1586,4646.0,4.0,0.0,3.0,80.0,0.0,0.0,0.0,0.0,0.0,0.0,0.0,0.0,0.0,0.0,1.0,0.0,0.0,0.0,0.0,0.0,15.0,56.0,1.0,0.0,1.0,0.0,0.0,0.2,0.0,1.0,1.0,0.0,0.0,0.0,0.0,0.0,0.0,0.0,0.0,0.0,0.0,0.0,1.0,-1.0,0.0,1.0,1.0,1.0,1.0,1.0
1587,8356.0,2.0,1.0,3.0,37.0,0.0,0.0,0.0,0.0,0.0,0.0,0.0,0.0,0.0,0.0,1.0,0.0,0.0,0.0,0.0,0.0,17.0,13.0,0.0,0.0,0.0,0.0,0.1025641026,0.1111111111,0.0,1.0,0.0,1.0,0.0,0.0,0.0,0.0,0.0,0.0,0.0,0.0,0.0,0.0,1.0,1.0,1.0,0.0,0.0,1.0,0.0,0.0
1588,8973.0,4.0,0.0,3.0,59.0,0.0,0.0,0.0,0.0,0.0,0.0,0.0,0.0,0.0,9.0,1.0,1.0,0.0,0.0,0.0,0.0,11.0,41.0,0.0,0.0,0.0,0.0,0.0759493671,0.0238095238,0.0,1.0,0.0,0.0,0.0,0.0,0.0,0.0,0.0,0.0,0.0,0.0,0.0,0.0,1.0,0.0,1.0,1.0,1.0,1.0,0.0,0.0
1589,6164.0,1.0,0.0,4.0,79.0,6.0,0.0,0.0,0.0,0.0,0.0,0.0,0.0,0.0,5.0,1.0,1.0,0.0,0.0,1.0,0.0,11.0,61.0,0.0,0.0,0.0,0.0,0.0666666667,0.2564102564,0.0,1.0,1.0,0.0,1.0,0.0,0.0,0.0,0.0,0.0,1.0,0.0,0.0,0.0,1.0,-1.0,0.0,-1.0,0.0,1.0,0.0,0.0
1590,5881.0,2.0,0.0,4.0,136.0,10.0,0.0,0.0,0.0,0.0,0.0,0.0,0.0,0.0,6.0,1.0,1.0,0.0,0.0,0.0,0.0,21.0,108.0,0.0,0.0,0.0,0.0,0.6816143498,0.8018018018,0.0,1.0,0.0,1.0,0.0,0.067264574,0.0,0.0,0.0,1.0,0.0,1.0,0.0,0.0,1.0,-1.0,-1.0,0.0,0.0,-1.0,0.0,0.0
1591,1508.0,2.0,0.0,4.0,60.0,0.0,0.0,0.0,0.0,0.0,0.0,0.0,0.0,0.0,0.0,1.0,0.0,0.0,0.0,0.0,0.0,26.0,27.0,0.0,0.0,0.0,0.0,0.0,1.0,0.0,1.0,1.0,0.0,0.0,1.0,1.0,0.0,0.0,0.0,0.0,0.0,0.0,0.0,1.0,0.0,-1.0,1.0,-1.0,-1.0,1.0,1.0
1592,9998.0,2.0,1.0,4.0,57.0,0.0,0.0,0.0,0.0,0.0,0.0,0.0,0.0,0.0,6.0,1.0,1.0,0.0,0.0,0.0,0.0,16.0,34.0,0.0,0.0,0.0,0.0,0.0704225352,0.5,0.0,1.0,0.0,0.0,0.0,0.0563380282,0.0,0.0,0.0,0.0,0.0,0.0,0.0,0.0,1.0,0.0,1.0,1.0,0.0,1.0,0.0,0.0
1593,6670.0,1.0,0.0,4.0,101.0,6.0,0.0,0.0,0.0,3.0,0.0,1.0,0.0,0.0,6.0,1.0,1.0,0.0,0.0,1.0,0.0,11.0,49.0,33.0,0.0,0.0,0.0,0.1276595745,0.0677966102,0.0,0.0,0.0,0.0,0.0,0.0,0.0,0.0,0.0,0.0,0.0,0.0,0.0,0.0,1.0,-1.0,1.0,1.0,0.0,1.0,0.0,0.0
1594,1513.0,3.0,1.0,4.0,65.0,1.0,0.0,0.0,0.0,0.0,0.0,0.0,0.0,0.0,4.0,1.0,1.0,0.0,0.0,0.0,0.0,18.0,40.0,0.0,0.0,0.0,0.0,0.0,0.0,0.0,1.0,1.0,0.0,0.0,1.0,0.0,0.0,0.0,0.0,0.0,0.0,0.0,0.0,1.0,0.0,1.0,1.0,1.0,-1.0,1.0,1.0
1595,4280.0,3.0,1.0,2.0,69.0,1.0,1.0,0.0,0.0,0.0,0.0,0.0,0.0,0.0,3.0,1.0,1.0,0.0,0.0,0.0,0.0,43.0,19.0,0.0,0.0,1.0,0.0,0.0,0.0,0.0,1.0,0.0,0.0,0.0,0.0,0.0,0.0,0.0,0.0,0.0,0.0,0.0,0.0,1.0,0.0,1.0,1.0,1.0,1.0,1.0,1.0
1596,2489.0,2.0,0.0,7.0,229.0,1.0,1.0,0.0,0.0,1.0,0.0,3.0,2.0,0.0,28.0,1.0,1.0,0.0,0.0,0.0,0.0,30.0,55.0,136.0,0.0,1.0,0.0,0.0,0.3333333333,0.0,1.0,0.0,0.0,0.0,0.0,0.0,0.0,0.0,0.0,0.0,0.0,0.0,0.0,1.0,-1.0,1.0,1.0,0.0,1.0,1.0,1.0
1597,7602.0,1.0,0.0,5.0,71.0,5.0,0.0,0.0,0.0,0.0,0.0,0.0,0.0,0.0,10.0,1.0,1.0,0.0,0.0,1.0,0.0,17.0,47.0,0.0,0.0,0.0,0.0,0.2244897959,0.9875,1.0,1.0,1.0,0.0,0.0,0.0051020408,0.0,0.0,0.0,0.0,0.0,1.0,0.0,1.0,1.0,0.0,-1.0,1.0,-1.0,1.0,0.0,0.0
1598,7440.0,3.0,1.0,3.0,71.0,0.0,0.0,0.0,0.0,0.0,0.0,0.0,0.0,0.0,17.0,1.0,1.0,0.0,0.0,1.0,0.0,21.0,43.0,0.0,0.0,0.0,0.0,0.1351351351,0.1052631579,0.0,1.0,1.0,0.0,1.0,0.1351351351,0.0,0.0,0.0,0.0,1.0,0.0,0.0,0.0,1.0,0.0,1.0,-1.0,0.0,1.0,0.0,0.0
1599,5433.0,3.0,1.0,2.0,119.0,8.0,0.0,0.0,0.0,1.0,0.0,0.0,0.0,0.0,6.0,1.0,1.0,0.0,0.0,1.0,0.0,23.0,89.0,0.0,0.0,0.0,0.0,0.2857142857,0.375,0.0,0.0,0.0,0.0,0.0,0.0,0.0,0.0,0.0,0.0,0.0,0.0,0.0,0.0,1.0,-1.0,1.0,1.0,0.0,1.0,0.0,0.0
1600,1133.0,4.0,0.0,3.0,93.0,0.0,0.0,0.0,0.0,3.0,0.0,3.0,3.0,0.0,9.0,1.0,0.0,1.0,0.0,0.0,0.0,12.0,22.0,51.0,0.0,0.0,0.0,0.375,0.0,0.0,1.0,0.0,0.0,0.0,0.0,1.0,0.0,0.0,0.0,0.0,0.0,0.0,0.0,1.0,-1.0,1.0,1.0,0.0,0.0,1.0,1.0
1601,8104.0,4.0,2.0,4.0,77.0,4.0,0.0,0.0,0.0,0.0,0.0,0.0,0.0,0.0,6.0,1.0,1.0,0.0,1.0,0.0,0.0,23.0,47.0,0.0,0.0,0.0,0.0,0.2366412214,0.4523809524,0.0,1.0,0.0,0.0,0.0,0.0076335878,0.0,0.0,0.0,0.0,0.0,0.0,0.0,0.0,0.0,-1.0,-1.0,1.0,1.0,1.0,0.0,0.0
1602,1986.0,2.0,0.0,1.0,29.0,0.0,0.0,0.0,0.0,0.0,0.0,0.0,0.0,0.0,0.0,1.0,1.0,0.0,0.0,0.0,0.0,12.0,10.0,0.0,0.0,0.0,0.0,0.0,0.0,0.0,1.0,1.0,0.0,0.0,0.0,1.0,0.0,0.0,0.0,0.0,0.0,0.0,0.0,1.0,1.0,1.0,1.0,1.0,1.0,1.0,1.0
1603,8490.0,1.0,0.0,0.0,28.0,0.0,0.0,0.0,0.0,0.0,0.0,1.0,0.0,0.0,3.0,1.0,0.0,0.0,0.0,0.0,0.0,11.0,1.0,8.0,0.0,0.0,0.0,0.2432432432,0.0,0.0,0.0,0.0,0.0,0.0,0.0,0.0,0.0,0.0,0.0,0.0,0.0,0.0,0.0,1.0,1.0,0.0,1.0,1.0,1.0,0.0,0.0
1604,9954.0,2.0,1.0,3.0,57.0,1.0,0.0,0.0,0.0,0.0,0.0,0.0,0.0,0.0,2.0,1.0,0.0,0.0,0.0,1.0,0.0,20.0,30.0,0.0,0.0,0.0,0.0,0.0495495495,0.5161290323,0.0,1.0,1.0,0.0,1.0,0.0720720721,0.0,0.0,1.0,0.0,0.0,1.0,0.0,0.0,1.0,0.0,0.0,-1.0,0.0,1.0,0.0,0.0
1605,8162.0,1.0,0.0,1.0,79.0,0.0,0.0,0.0,0.0,2.0,2.0,2.0,1.0,0.0,12.0,1.0,0.0,0.0,0.0,1.0,0.0,18.0,7.0,46.0,0.0,0.0,0.0,0.0523809524,0.1666666667,0.0,1.0,0.0,0.0,0.0,0.0,0.0,0.0,0.0,0.0,0.0,0.0,0.0,0.0,1.0,-1.0,1.0,1.0,0.0,1.0,0.0,0.0
1606,4250.0,3.0,1.0,3.0,49.0,0.0,0.0,0.0,0.0,0.0,0.0,0.0,0.0,0.0,0.0,1.0,0.0,0.0,0.0,0.0,0.0,20.0,22.0,0.0,0.0,0.0,0.0,0.0,0.2857142857,0.0,1.0,0.0,0.0,0.0,0.0,0.0,0.0,0.0,0.0,0.0,0.0,0.0,0.0,1.0,1.0,1.0,1.0,-1.0,1.0,1.0,1.0
1607,9565.0,3.0,1.0,3.0,58.0,1.0,0.0,0.0,0.0,0.0,0.0,0.0,0.0,0.0,6.0,1.0,1.0,0.0,0.0,0.0,0.0,17.0,34.0,0.0,0.0,0.0,0.0,0.4502762431,0.9842519685,0.0,0.0,0.0,1.0,0.0,0.0055248619,0.0,0.0,0.0,0.0,0.0,1.0,0.0,0.0,1.0,0.0,-1.0,0.0,0.0,0.0,0.0,0.0
1608,3460.0,4.0,1.0,3.0,56.0,0.0,0.0,0.0,0.0,0.0,0.0,0.0,0.0,0.0,0.0,1.0,0.0,0.0,0.0,1.0,0.0,29.0,20.0,0.0,0.0,2.0,0.0,0.0,0.0,0.0,1.0,0.0,0.0,0.0,0.0,0.0,0.0,0.0,0.0,0.0,0.0,0.0,1.0,1.0,0.0,1.0,1.0,1.0,1.0,1.0,1.0
1609,601.0,1.0,0.0,3.0,30.0,0.0,0.0,0.0,0.0,0.0,0.0,0.0,0.0,0.0,0.0,1.0,1.0,0.0,0.0,0.0,0.0,10.0,13.0,0.0,0.0,0.0,0.0,0.0,0.0,0.0,1.0,0.0,0.0,0.0,0.0,0.0,0.0,0.0,0.0,0.0,0.0,0.0,0.0,1.0,1.0,1.0,1.0,1.0,1.0,1.0,1.0
1610,4992.0,2.0,1.0,4.0,46.0,0.0,0.0,0.0,0.0,0.0,0.0,0.0,0.0,0.0,0.0,1.0,0.0,0.0,0.0,0.0,0.0,20.0,19.0,0.0,0.0,0.0,0.0,0.0,0.0,0.0,1.0,0.0,0.0,0.0,0.0,0.0,0.0,0.0,0.0,0.0,0.0,0.0,0.0,1.0,1.0,1.0,1.0,1.0,1.0,1.0,1.0
1611,6552.0,1.0,0.0,2.0,66.0,4.0,0.0,0.0,0.0,0.0,0.0,0.0,0.0,0.0,21.0,1.0,1.0,0.0,0.0,0.0,0.0,15.0,44.0,0.0,0.0,0.0,0.0,0.2179487179,1.0,0.0,1.0,1.0,0.0,1.0,0.0512820513,0.0,0.0,0.0,0.0,0.0,0.0,0.0,0.0,1.0,0.0,-1.0,-1.0,0.0,1.0,0.0,0.0
1612,2521.0,2.0,0.0,3.0,32.0,0.0,0.0,0.0,0.0,0.0,0.0,0.0,0.0,0.0,0.0,1.0,0.0,0.0,0.0,1.0,0.0,10.0,15.0,0.0,0.0,0.0,0.0,0.0,0.0,0.0,1.0,0.0,0.0,0.0,0.0,0.0,0.0,0.0,0.0,0.0,0.0,0.0,0.0,1.0,1.0,1.0,1.0,1.0,1.0,1.0,1.0
1613,171.0,2.0,0.0,2.0,37.0,0.0,0.0,0.0,0.0,0.0,0.0,0.0,0.0,0.0,0.0,1.0,0.0,0.0,0.0,0.0,0.0,14.0,16.0,0.0,0.0,0.0,0.0,0.9230769231,1.0,0.0,1.0,0.0,0.0,0.0,0.0,1.0,0.0,0.0,0.0,0.0,0.0,0.0,0.0,1.0,1.0,1.0,1.0,-1.0,-1.0,1.0,1.0
1614,7483.0,2.0,1.0,6.0,117.0,5.0,0.0,0.0,0.0,0.0,0.0,1.0,0.0,0.0,13.0,1.0,1.0,0.0,0.0,1.0,0.0,18.0,74.0,17.0,0.0,0.0,0.0,0.0650154799,0.96875,0.0,0.0,0.0,0.0,0.0,0.0,0.0,0.0,0.0,1.0,1.0,1.0,0.0,0.0,1.0,-1.0,-1.0,1.0,-1.0,1.0,0.0,0.0
1615,9758.0,2.0,1.0,1.0,26.0,0.0,0.0,0.0,0.0,0.0,0.0,0.0,0.0,0.0,0.0,1.0,0.0,0.0,0.0,0.0,0.0,14.0,5.0,0.0,0.0,0.0,0.0,0.0625,0.0456081081,0.0,1.0,1.0,0.0,0.0,0.0,0.0,0.0,0.0,0.0,1.0,1.0,0.0,0.0,1.0,1.0,1.0,1.0,0.0,1.0,0.0,0.0
1616,8714.0,1.0,0.0,4.0,51.0,0.0,0.0,0.0,0.0,0.0,0.0,0.0,0.0,0.0,0.0,1.0,0.0,0.0,0.0,0.0,0.0,20.0,24.0,0.0,0.0,0.0,0.0,0.0242424242,0.0909090909,0.0,1.0,0.0,0.0,0.0,0.0727272727,0.0,0.0,0.0,0.0,0.0,0.0,0.0,0.0,1.0,1.0,1.0,1.0,0.0,1.0,0.0,0.0
1617,7589.0,2.0,0.0,2.0,73.0,7.0,0.0,0.0,0.0,0.0,0.0,0.0,0.0,0.0,0.0,1.0,0.0,0.0,0.0,1.0,0.0,12.0,54.0,0.0,0.0,0.0,0.0,0.052173913,0.2941176471,0.0,1.0,0.0,0.0,0.0,0.0,0.0,0.0,0.0,0.0,0.0,1.0,0.0,0.0,1.0,0.0,0.0,1.0,0.0,1.0,0.0,0.0
1618,1680.0,2.0,0.0,3.0,43.0,0.0,0.0,0.0,0.0,0.0,0.0,0.0,0.0,0.0,0.0,1.0,0.0,0.0,0.0,0.0,0.0,12.0,24.0,0.0,0.0,0.0,0.0,0.0,0.0,0.0,1.0,0.0,0.0,0.0,0.0,0.0,0.0,0.0,0.0,0.0,0.0,0.0,0.0,1.0,1.0,1.0,1.0,1.0,1.0,1.0,1.0
1619,6612.0,1.0,0.0,1.0,66.0,5.0,0.0,0.0,0.0,0.0,0.0,1.0,0.0,0.0,4.0,1.0,0.0,0.0,0.0,0.0,0.0,12.0,38.0,8.0,0.0,0.0,0.0,0.1523178808,0.3333333333,0.0,1.0,0.0,0.0,0.0,0.0,0.0,0.0,0.0,0.0,1.0,0.0,0.0,0.0,1.0,0.0,1.0,1.0,0.0,1.0,0.0,0.0
1620,3830.0,4.0,1.0,5.0,73.0,0.0,0.0,0.0,0.0,1.0,0.0,0.0,0.0,0.0,0.0,1.0,0.0,0.0,0.0,1.0,0.0,26.0,40.0,0.0,0.0,0.0,0.0,0.0,0.0,0.0,0.0,0.0,0.0,0.0,0.0,1.0,0.0,0.0,0.0,0.0,0.0,1.0,0.0,1.0,0.0,1.0,1.0,1.0,1.0,1.0,1.0
1621,8283.0,1.0,0.0,3.0,32.0,0.0,0.0,0.0,0.0,0.0,0.0,0.0,0.0,0.0,8.0,1.0,1.0,0.0,0.0,0.0,0.0,8.0,17.0,0.0,0.0,0.0,0.0,0.2808988764,0.9772727273,1.0,1.0,1.0,0.0,1.0,0.0112359551,0.0,0.0,0.0,0.0,0.0,0.0,0.0,0.0,1.0,1.0,-1.0,-1.0,-1.0,1.0,0.0,0.0
1622,8792.0,1.0,0.0,3.0,51.0,1.0,0.0,0.0,0.0,0.0,0.0,0.0,0.0,0.0,0.0,1.0,0.0,0.0,0.0,0.0,0.0,13.0,31.0,0.0,0.0,0.0,0.0,0.0167597765,0.0588235294,0.0,1.0,0.0,0.0,0.0,0.0502793296,0.0,0.0,0.0,0.0,0.0,0.0,0.0,0.0,1.0,1.0,1.0,1.0,1.0,1.0,0.0,0.0
1623,3659.0,3.0,1.0,10.0,97.0,0.0,0.0,0.0,0.0,0.0,0.0,0.0,0.0,0.0,0.0,1.0,0.0,0.0,0.0,1.0,0.0,17.0,73.0,0.0,0.0,1.0,0.0,0.0,0.0,0.0,1.0,0.0,0.0,0.0,0.0,0.0,0.0,0.0,0.0,0.0,0.0,0.0,0.0,1.0,-1.0,1.0,1.0,1.0,1.0,1.0,1.0
1624,7433.0,3.0,1.0,4.0,71.0,0.0,0.0,0.0,0.0,0.0,0.0,1.0,0.0,0.0,6.0,1.0,1.0,0.0,0.0,0.0,0.0,29.0,22.0,12.0,0.0,0.0,0.0,0.0,0.375,0.0,1.0,0.0,0.0,0.0,0.0,0.0,0.0,0.0,0.0,0.0,1.0,0.0,0.0,1.0,0.0,1.0,1.0,0.0,1.0,0.0,0.0
1625,1758.0,2.0,0.0,4.0,79.0,0.0,0.0,0.0,0.0,0.0,0.0,0.0,0.0,0.0,0.0,1.0,1.0,0.0,0.0,0.0,0.0,23.0,49.0,0.0,0.0,0.0,1.0,1.0,1.0,1.0,1.0,0.0,1.0,0.0,0.0,1.0,0.0,0.0,0.0,0.0,0.0,0.0,0.0,1.0,-1.0,-1.0,0.0,-1.0,-1.0,1.0,1.0
1626,168.0,5.0,4.0,2.0,95.0,1.0,1.0,0.0,0.0,0.0,0.0,1.0,0.0,0.0,8.0,1.0,1.0,0.0,1.0,1.0,0.0,53.0,4.0,30.0,0.0,0.0,0.0,0.0,0.0,0.0,1.0,0.0,0.0,0.0,0.0,0.0,0.0,0.0,0.0,0.0,0.0,0.0,0.0,-1.0,-1.0,1.0,1.0,1.0,1.0,1.0,1.0
1627,255.0,4.0,0.0,4.0,80.0,0.0,0.0,0.0,0.0,0.0,0.0,0.0,0.0,0.0,0.0,1.0,0.0,0.0,0.0,0.0,0.0,33.0,40.0,0.0,0.0,1.0,0.0,1.0,0.0,0.0,1.0,0.0,0.0,0.0,0.0,0.0,0.0,0.0,0.0,0.0,1.0,0.0,0.0,1.0,-1.0,1.0,1.0,1.0,-1.0,1.0,1.0
1628,5750.0,2.0,0.0,2.0,71.0,0.0,0.0,0.0,0.0,1.0,0.0,2.0,1.0,0.0,9.0,1.0,0.0,0.0,0.0,1.0,0.0,10.0,26.0,27.0,0.0,0.0,0.0,1.0,1.0,0.0,0.0,0.0,0.0,0.0,0.0,1.0,0.0,0.0,0.0,0.0,1.0,0.0,0.0,1.0,0.0,-1.0,1.0,-1.0,-1.0,0.0,0.0
1629,209.0,2.0,1.0,4.0,54.0,1.0,1.0,0.0,0.0,0.0,0.0,0.0,0.0,0.0,0.0,1.0,1.0,0.0,0.0,0.0,0.0,27.0,20.0,0.0,0.0,0.0,0.0,0.0,0.0,0.0,1.0,0.0,0.0,0.0,0.0,0.0,0.0,0.0,0.0,0.0,0.0,0.0,0.0,1.0,0.0,1.0,1.0,1.0,1.0,1.0,1.0
1630,6604.0,1.0,0.0,2.0,61.0,6.0,0.0,0.0,0.0,0.0,0.0,0.0,0.0,0.0,8.0,1.0,1.0,0.0,0.0,1.0,0.0,16.0,38.0,0.0,0.0,0.0,0.0,0.1301369863,0.46875,0.0,1.0,1.0,0.0,0.0,0.0753424658,0.0,0.0,0.0,0.0,1.0,1.0,0.0,0.0,1.0,0.0,-1.0,1.0,0.0,1.0,0.0,0.0
1631,4113.0,3.0,1.0,9.0,212.0,1.0,0.0,0.0,0.0,0.0,0.0,1.0,0.0,0.0,55.0,0.0,1.0,0.0,0.0,1.0,0.0,27.0,99.0,77.0,0.0,2.0,0.0,0.0,0.0,0.0,0.0,0.0,0.0,0.0,0.0,0.0,0.0,0.0,0.0,0.0,0.0,0.0,0.0,1.0,-1.0,1.0,1.0,1.0,1.0,1.0,1.0
1632,6130.0,3.0,1.0,3.0,106.0,8.0,0.0,0.0,0.0,0.0,0.0,0.0,0.0,0.0,7.0,1.0,1.0,0.0,0.0,1.0,0.0,24.0,75.0,0.0,0.0,0.0,0.0,0.0295748614,0.0833333333,0.0,0.0,0.0,0.0,0.0,0.0,0.0,0.0,0.0,0.0,0.0,0.0,0.0,0.0,1.0,-1.0,1.0,1.0,0.0,1.0,0.0,0.0
1633,5117.0,1.0,0.0,2.0,101.0,11.0,0.0,0.0,0.0,0.0,0.0,0.0,0.0,0.0,7.0,1.0,1.0,0.0,0.0,0.0,0.0,14.0,80.0,0.0,0.0,0.0,0.0,0.2466666667,0.5,0.0,1.0,1.0,0.0,0.0,0.0866666667,0.0,0.0,0.0,0.0,1.0,0.0,0.0,0.0,1.0,-1.0,-1.0,1.0,0.0,0.0,0.0,0.0
1634,4658.0,4.0,0.0,3.0,64.0,1.0,0.0,0.0,0.0,0.0,0.0,0.0,0.0,0.0,0.0,1.0,0.0,0.0,0.0,1.0,0.0,17.0,40.0,0.0,0.0,1.0,0.0,0.8181818182,0.1538461538,1.0,1.0,0.0,0.0,0.0,0.0909090909,0.0,0.0,0.0,0.0,0.0,1.0,0.0,0.0,1.0,0.0,0.0,1.0,0.0,-1.0,1.0,1.0
1635,9420.0,2.0,1.0,2.0,41.0,1.0,0.0,0.0,0.0,0.0,0.0,0.0,0.0,0.0,0.0,1.0,0.0,0.0,0.0,0.0,0.0,17.0,17.0,0.0,0.0,0.0,0.0,0.0943396226,0.2,0.0,1.0,0.0,0.0,0.0,0.0188679245,0.0,0.0,0.0,0.0,0.0,1.0,0.0,0.0,1.0,1.0,1.0,1.0,0.0,1.0,0.0,0.0
1636,3922.0,3.0,1.0,2.0,37.0,0.0,0.0,0.0,0.0,0.0,0.0,0.0,0.0,0.0,0.0,1.0,0.0,0.0,0.0,0.0,0.0,15.0,15.0,0.0,0.0,0.0,0.0,0.0,0.0,0.0,1.0,0.0,0.0,0.0,0.0,0.0,0.0,0.0,0.0,0.0,1.0,0.0,0.0,1.0,1.0,1.0,1.0,1.0,1.0,1.0,1.0
1637,4847.0,2.0,0.0,3.0,49.0,0.0,0.0,0.0,0.0,0.0,0.0,0.0,0.0,0.0,0.0,1.0,0.0,0.0,0.0,0.0,0.0,14.0,28.0,0.0,0.0,1.0,0.0,0.9111111111,0.8571428571,0.0,1.0,0.0,0.0,0.0,0.0888888889,1.0,0.0,0.0,0.0,0.0,0.0,0.0,0.0,1.0,1.0,-1.0,1.0,-1.0,-1.0,1.0,1.0
1638,4923.0,7.0,6.0,3.0,62.0,0.0,0.0,0.0,0.0,0.0,0.0,0.0,0.0,0.0,6.0,1.0,1.0,0.0,1.0,0.0,0.0,46.0,9.0,0.0,0.0,2.0,0.0,0.0,0.0,0.0,1.0,0.0,0.0,0.0,1.0,0.0,0.0,0.0,0.0,0.0,0.0,0.0,0.0,-1.0,0.0,1.0,1.0,1.0,-1.0,1.0,1.0
1639,4036.0,2.0,0.0,2.0,50.0,0.0,0.0,0.0,0.0,0.0,0.0,0.0,0.0,0.0,0.0,1.0,1.0,0.0,0.0,0.0,0.0,17.0,26.0,0.0,0.0,1.0,1.0,1.0,1.0,0.0,1.0,0.0,0.0,0.0,0.0,1.0,0.0,0.0,0.0,0.0,0.0,0.0,0.0,1.0,1.0,-1.0,1.0,-1.0,-1.0,1.0,1.0
1640,2718.0,1.0,0.0,4.0,56.0,1.0,0.0,0.0,0.0,0.0,0.0,0.0,0.0,0.0,17.0,1.0,1.0,0.0,0.0,1.0,0.0,18.0,31.0,0.0,0.0,0.0,0.0,0.0,0.0,0.0,1.0,0.0,0.0,0.0,1.0,0.0,0.0,0.0,0.0,0.0,0.0,0.0,0.0,1.0,0.0,1.0,1.0,1.0,-1.0,1.0,1.0
1641,5996.0,2.0,0.0,1.0,114.0,0.0,0.0,0.0,0.0,6.0,0.0,4.0,3.0,0.0,20.0,1.0,0.0,0.0,0.0,0.0,0.0,10.0,10.0,86.0,0.0,0.0,0.0,0.1917808219,0.1818181818,0.0,1.0,0.0,0.0,0.0,0.0,0.0,0.0,0.0,0.0,0.0,0.0,0.0,0.0,1.0,-1.0,0.0,1.0,1.0,1.0,0.0,0.0
1642,2646.0,3.0,1.0,5.0,67.0,0.0,0.0,0.0,0.0,0.0,0.0,1.0,0.0,0.0,1.0,1.0,1.0,0.0,0.0,0.0,0.0,13.0,40.0,6.0,0.0,0.0,0.0,0.0,0.6428571429,1.0,1.0,0.0,0.0,0.0,0.0,0.0,0.0,0.0,0.0,0.0,0.0,0.0,0.0,1.0,0.0,-1.0,1.0,0.0,1.0,1.0,1.0
1643,5067.0,1.0,0.0,0.0,19.0,0.0,0.0,0.0,0.0,0.0,0.0,0.0,0.0,0.0,0.0,0.0,0.0,0.0,0.0,0.0,0.0,10.0,1.0,0.0,0.0,0.0,0.0,0.0285714286,0.0,0.0,0.0,0.0,0.0,0.0,0.1428571429,0.0,0.0,0.0,0.0,0.0,0.0,0.0,0.0,1.0,1.0,1.0,1.0,1.0,1.0,0.0,0.0
1644,5085.0,3.0,1.0,0.0,24.0,0.0,0.0,0.0,0.0,0.0,0.0,0.0,0.0,0.0,0.0,1.0,0.0,0.0,0.0,0.0,0.0,16.0,1.0,0.0,0.0,0.0,0.0,0.3333333333,0.3333333333,0.0,0.0,0.0,0.0,0.0,0.0,0.0,0.0,0.0,0.0,0.0,0.0,0.0,1.0,1.0,1.0,1.0,1.0,0.0,0.0,0.0,0.0
1645,9890.0,3.0,1.0,0.0,27.0,0.0,0.0,0.0,0.0,0.0,0.0,0.0,0.0,0.0,0.0,1.0,0.0,0.0,0.0,0.0,0.0,19.0,1.0,0.0,0.0,0.0,0.0,0.0,0.0789473684,0.0,1.0,1.0,0.0,0.0,0.275862069,0.0,0.0,0.0,0.0,0.0,0.0,0.0,0.0,1.0,1.0,1.0,1.0,1.0,1.0,0.0,0.0
1646,776.0,3.0,1.0,6.0,221.0,0.0,0.0,0.0,0.0,0.0,0.0,1.0,0.0,0.0,5.0,1.0,1.0,0.0,0.0,0.0,0.0,14.0,47.0,152.0,0.0,0.0,0.0,0.0,0.0,0.0,1.0,0.0,1.0,0.0,0.0,0.0,0.0,0.0,0.0,0.0,0.0,0.0,0.0,1.0,-1.0,1.0,0.0,1.0,1.0,1.0,1.0
1647,5688.0,3.0,1.0,2.0,68.0,5.0,0.0,0.0,0.0,0.0,0.0,0.0,0.0,0.0,5.0,1.0,1.0,0.0,0.0,1.0,0.0,20.0,41.0,0.0,0.0,0.0,0.0,1.0,0.0,0.0,0.0,0.0,0.0,0.0,0.0,1.0,0.0,0.0,0.0,0.0,0.0,0.0,0.0,1.0,0.0,1.0,1.0,1.0,-1.0,0.0,0.0
1648,9068.0,2.0,0.0,1.0,58.0,1.0,0.0,0.0,0.0,0.0,0.0,2.0,1.0,0.0,4.0,1.0,0.0,0.0,0.0,1.0,0.0,7.0,20.0,23.0,0.0,0.0,0.0,0.2833333333,0.3023255814,0.0,1.0,0.0,1.0,0.0,0.0,0.0,0.0,0.0,0.0,0.0,1.0,0.0,0.0,1.0,0.0,1.0,0.0,0.0,1.0,0.0,0.0
1649,3560.0,5.0,1.0,9.0,103.0,0.0,0.0,0.0,0.0,0.0,0.0,0.0,0.0,0.0,20.0,1.0,1.0,0.0,0.0,1.0,0.0,15.0,81.0,0.0,0.0,0.0,0.0,0.0,0.5,0.0,1.0,0.0,0.0,0.0,0.0,0.0,0.0,0.0,0.0,0.0,0.0,0.0,0.0,1.0,-1.0,1.0,1.0,0.0,1.0,1.0,1.0
1650,7386.0,3.0,2.0,7.0,112.0,1.0,1.0,0.0,0.0,0.0,2.0,0.0,0.0,0.0,4.0,1.0,1.0,0.0,0.0,0.0,0.0,33.0,72.0,0.0,0.0,0.0,0.0,0.0172413793,0.0,0.0,1.0,0.0,0.0,0.0,0.0,0.0,0.0,0.0,0.0,0.0,0.0,0.0,0.0,0.0,-1.0,1.0,1.0,1.0,1.0,0.0,0.0
1651,1834.0,1.0,0.0,3.0,63.0,0.0,0.0,0.0,0.0,0.0,0.0,0.0,0.0,0.0,21.0,1.0,1.0,0.0,0.0,0.0,0.0,18.0,38.0,0.0,0.0,0.0,0.0,0.0,0.0,0.0,1.0,0.0,0.0,0.0,0.0,0.0,0.0,0.0,0.0,0.0,0.0,0.0,0.0,1.0,0.0,1.0,1.0,1.0,1.0,1.0,1.0
1652,565.0,5.0,1.0,4.0,91.0,1.0,0.0,0.0,0.0,0.0,0.0,1.0,0.0,0.0,12.0,1.0,0.0,0.0,0.0,0.0,0.0,21.0,29.0,33.0,0.0,0.0,0.0,0.0,0.6428571429,1.0,1.0,0.0,0.0,0.0,0.0,0.0,0.0,0.0,0.0,0.0,0.0,0.0,0.0,1.0,-1.0,-1.0,1.0,0.0,1.0,1.0,1.0
1653,6678.0,2.0,1.0,2.0,84.0,8.0,0.0,0.0,0.0,0.0,0.0,0.0,0.0,0.0,11.0,1.0,1.0,0.0,0.0,1.0,0.0,29.0,48.0,0.0,0.0,0.0,0.0,0.0408163265,0.375,0.0,0.0,0.0,0.0,0.0,0.1632653061,0.0,0.0,0.0,0.0,0.0,1.0,0.0,0.0,1.0,-1.0,1.0,1.0,0.0,1.0,0.0,0.0
1654,4543.0,4.0,1.0,3.0,50.0,0.0,0.0,0.0,0.0,0.0,0.0,0.0,0.0,0.0,0.0,1.0,0.0,0.0,0.0,0.0,0.0,17.0,26.0,0.0,0.0,1.0,0.0,1.0,1.0,0.0,1.0,0.0,0.0,0.0,0.0,1.0,0.0,0.0,0.0,0.0,0.0,0.0,0.0,1.0,1.0,1.0,1.0,-1.0,-1.0,1.0,1.0
1655,9650.0,3.0,1.0,1.0,45.0,0.0,0.0,0.0,0.0,0.0,0.0,2.0,1.0,0.0,0.0,1.0,0.0,0.0,0.0,0.0,0.0,10.0,10.0,17.0,0.0,0.0,0.0,0.208,0.0918367347,0.0,1.0,1.0,0.0,0.0,0.0,0.0,0.0,0.0,0.0,0.0,0.0,0.0,0.0,1.0,1.0,1.0,1.0,0.0,1.0,0.0,0.0
1656,3092.0,2.0,1.0,3.0,53.0,0.0,0.0,0.0,0.0,0.0,1.0,0.0,0.0,0.0,5.0,1.0,1.0,0.0,0.0,0.0,0.0,22.0,24.0,0.0,0.0,0.0,0.0,0.0,0.0,0.0,1.0,0.0,0.0,0.0,0.0,0.0,0.0,0.0,0.0,0.0,0.0,0.0,0.0,1.0,1.0,1.0,1.0,1.0,1.0,1.0,1.0
1657,3640.0,2.0,1.0,6.0,64.0,1.0,0.0,0.0,0.0,0.0,0.0,0.0,0.0,0.0,0.0,1.0,1.0,0.0,0.0,0.0,0.0,17.0,40.0,0.0,0.0,0.0,0.0,0.0,0.1,0.0,1.0,0.0,0.0,0.0,0.0,0.0,0.0,0.0,0.0,0.0,0.0,0.0,0.0,1.0,0.0,1.0,1.0,1.0,1.0,1.0,1.0
1658,4312.0,1.0,0.0,8.0,57.0,0.0,0.0,0.0,0.0,0.0,0.0,0.0,0.0,0.0,0.0,1.0,1.0,0.0,0.0,0.0,0.0,13.0,37.0,0.0,0.0,0.0,0.0,0.0666666667,0.0769230769,0.0,1.0,1.0,0.0,0.0,0.8666666667,0.0,0.0,0.0,0.0,0.0,0.0,0.0,0.0,1.0,0.0,1.0,1.0,1.0,-1.0,1.0,1.0
1659,3606.0,2.0,1.0,4.0,59.0,1.0,0.0,0.0,0.0,0.0,0.0,0.0,0.0,0.0,0.0,1.0,0.0,0.0,0.0,1.0,0.0,28.0,24.0,0.0,0.0,1.0,0.0,0.0,0.1333333333,0.0,1.0,1.0,0.0,0.0,1.0,0.0,0.0,0.0,0.0,0.0,0.0,0.0,0.0,1.0,0.0,1.0,1.0,0.0,-1.0,1.0,1.0
1660,4098.0,2.0,0.0,4.0,54.0,0.0,0.0,0.0,0.0,0.0,0.0,0.0,0.0,0.0,0.0,1.0,0.0,0.0,0.0,0.0,0.0,21.0,26.0,0.0,0.0,1.0,0.0,0.9722222222,0.0459770115,1.0,1.0,0.0,0.0,0.0,0.0277777778,0.0,0.0,0.0,0.0,0.0,1.0,0.0,0.0,1.0,0.0,1.0,1.0,0.0,-1.0,1.0,1.0
1661,3147.0,3.0,1.0,8.0,191.0,4.0,1.0,0.0,0.0,0.0,0.0,1.0,0.0,0.0,58.0,1.0,1.0,0.0,0.0,1.0,0.0,20.0,126.0,37.0,0.0,0.0,0.0,0.0,0.0416666667,1.0,1.0,0.0,0.0,0.0,0.0,0.0,0.0,0.0,0.0,0.0,0.0,0.0,0.0,1.0,-1.0,1.0,1.0,0.0,1.0,1.0,1.0
1662,2174.0,3.0,0.0,3.0,58.0,0.0,0.0,0.0,0.0,0.0,0.0,0.0,0.0,0.0,0.0,1.0,0.0,0.0,0.0,0.0,0.0,22.0,29.0,0.0,0.0,0.0,0.0,0.0,0.7857142857,0.0,1.0,0.0,0.0,0.0,1.0,1.0,0.0,0.0,0.0,0.0,1.0,0.0,0.0,1.0,0.0,-1.0,1.0,1.0,-1.0,1.0,1.0
1663,5778.0,3.0,1.0,2.0,62.0,0.0,0.0,0.0,0.0,1.0,0.0,1.0,0.0,0.0,4.0,1.0,0.0,0.0,0.0,0.0,0.0,15.0,32.0,7.0,0.0,0.0,0.0,0.0,0.0,0.0,0.0,0.0,0.0,0.0,0.0,0.0,0.0,0.0,0.0,1.0,0.0,1.0,0.0,1.0,0.0,1.0,1.0,1.0,1.0,0.0,0.0
1664,7903.0,3.0,1.0,2.0,65.0,2.0,0.0,0.0,0.0,0.0,0.0,1.0,0.0,0.0,9.0,1.0,1.0,0.0,0.0,0.0,0.0,18.0,32.0,7.0,0.0,0.0,0.0,0.0,0.0857142857,0.0,1.0,0.0,0.0,0.0,0.0,0.0,0.0,0.0,0.0,0.0,0.0,0.0,0.0,1.0,0.0,1.0,1.0,0.0,1.0,0.0,0.0
1665,9901.0,3.0,1.0,3.0,57.0,0.0,0.0,0.0,0.0,1.0,0.0,0.0,0.0,0.0,4.0,1.0,1.0,0.0,0.0,1.0,0.0,15.0,35.0,0.0,0.0,0.0,0.0,0.0204081633,0.0,0.0,0.0,0.0,0.0,0.0,0.0068027211,0.0,0.0,0.0,0.0,1.0,0.0,0.0,0.0,1.0,0.0,1.0,1.0,1.0,1.0,0.0,0.0
1666,6411.0,2.0,0.0,2.0,62.0,0.0,0.0,0.0,0.0,0.0,0.0,2.0,1.0,0.0,2.0,1.0,0.0,0.0,0.0,0.0,0.0,15.0,21.0,18.0,0.0,0.0,0.0,0.0652173913,0.0,0.0,0.0,0.0,0.0,0.0,0.0,0.0,0.0,0.0,0.0,0.0,0.0,0.0,0.0,1.0,0.0,1.0,1.0,1.0,1.0,0.0,0.0
1667,4494.0,2.0,0.0,2.0,39.0,0.0,0.0,0.0,0.0,0.0,0.0,0.0,0.0,0.0,0.0,1.0,0.0,0.0,0.0,0.0,0.0,16.0,16.0,0.0,0.0,0.0,0.0,0.9230769231,1.0,0.0,1.0,0.0,0.0,0.0,0.0,1.0,0.0,0.0,0.0,0.0,0.0,0.0,0.0,1.0,1.0,1.0,1.0,-1.0,-1.0,1.0,1.0
1668,7058.0,2.0,1.0,2.0,64.0,5.0,0.0,0.0,0.0,0.0,0.0,0.0,0.0,0.0,12.0,1.0,1.0,0.0,0.0,1.0,0.0,16.0,41.0,0.0,0.0,0.0,0.0,0.0427350427,0.0416666667,0.0,1.0,0.0,0.0,0.0,0.2222222222,0.0,0.0,0.0,0.0,0.0,0.0,0.0,0.0,1.0,0.0,1.0,1.0,0.0,1.0,0.0,0.0
1669,2383.0,3.0,0.0,4.0,57.0,0.0,0.0,0.0,0.0,0.0,0.0,0.0,0.0,0.0,0.0,1.0,1.0,0.0,0.0,0.0,0.0,22.0,28.0,0.0,0.0,0.0,0.0,0.0,0.0,0.0,1.0,1.0,0.0,0.0,0.0,0.0,0.0,0.0,0.0,0.0,0.0,0.0,0.0,1.0,0.0,1.0,1.0,1.0,1.0,1.0,1.0
1670,9235.0,3.0,1.0,1.0,43.0,1.0,0.0,0.0,0.0,0.0,0.0,0.0,0.0,0.0,3.0,1.0,1.0,0.0,0.0,0.0,0.0,21.0,15.0,0.0,0.0,0.0,0.0,0.0127840909,1.0,0.0,1.0,0.0,1.0,0.0,0.0071022727,0.0,0.0,0.0,0.0,0.0,1.0,0.0,0.0,1.0,1.0,-1.0,0.0,-1.0,1.0,0.0,0.0
1671,7760.0,2.0,1.0,6.0,94.0,5.0,0.0,0.0,0.0,0.0,0.0,0.0,0.0,0.0,8.0,1.0,1.0,0.0,0.0,1.0,0.0,16.0,71.0,0.0,0.0,0.0,0.0,0.1101694915,0.7258064516,1.0,1.0,0.0,0.0,0.0,0.0169491525,0.0,0.0,0.0,0.0,0.0,1.0,0.0,0.0,1.0,-1.0,-1.0,1.0,0.0,1.0,0.0,0.0
1672,7430.0,8.0,2.0,4.0,144.0,1.0,0.0,0.0,0.0,1.0,2.0,2.0,1.0,0.0,21.0,1.0,1.0,0.0,0.0,1.0,0.0,28.0,32.0,76.0,0.0,0.0,0.0,0.0487804878,0.0666666667,0.0,1.0,0.0,0.0,0.0,0.0,0.0,0.0,0.0,0.0,0.0,0.0,0.0,0.0,0.0,-1.0,1.0,1.0,1.0,1.0,0.0,0.0
1673,5437.0,3.0,1.0,9.0,109.0,1.0,0.0,0.0,0.0,1.0,0.0,0.0,0.0,0.0,6.0,1.0,1.0,0.0,0.0,0.0,0.0,18.0,84.0,0.0,0.0,0.0,0.0,0.0588235294,0.0,0.0,0.0,0.0,0.0,0.0,0.0294117647,0.0,0.0,0.0,0.0,0.0,0.0,0.0,0.0,1.0,-1.0,1.0,1.0,1.0,1.0,0.0,0.0
1674,4331.0,3.0,1.0,4.0,128.0,4.0,1.0,0.0,0.0,2.0,3.0,0.0,0.0,0.0,5.0,1.0,1.0,0.0,0.0,0.0,0.0,21.0,100.0,0.0,0.0,0.0,0.0,0.0,0.0,0.0,0.0,0.0,0.0,0.0,0.0,0.0,0.0,0.0,0.0,0.0,1.0,0.0,0.0,1.0,-1.0,1.0,1.0,1.0,1.0,1.0,1.0
1675,4485.0,4.0,1.0,1.0,38.0,0.0,0.0,0.0,0.0,0.0,0.0,0.0,0.0,0.0,1.0,1.0,1.0,0.0,0.0,0.0,0.0,22.0,9.0,0.0,0.0,0.0,0.0,0.0,0.0,0.0,0.0,0.0,0.0,0.0,0.0,1.0,0.0,0.0,0.0,0.0,0.0,1.0,0.0,1.0,1.0,1.0,1.0,1.0,1.0,1.0,1.0
1676,7314.0,1.0,0.0,6.0,97.0,9.0,0.0,0.0,0.0,0.0,0.0,0.0,0.0,0.0,8.0,1.0,1.0,0.0,0.0,0.0,0.0,16.0,74.0,0.0,0.0,0.0,0.0,0.25,0.0,0.0,0.0,0.0,0.0,0.0,0.025,0.0,0.0,0.0,0.0,1.0,0.0,0.0,0.0,1.0,-1.0,1.0,1.0,1.0,1.0,0.0,0.0
1677,199.0,1.0,0.0,3.0,72.0,0.0,0.0,0.0,0.0,0.0,0.0,0.0,0.0,0.0,21.0,1.0,1.0,0.0,0.0,0.0,0.0,26.0,39.0,0.0,0.0,0.0,0.0,0.0,0.7857142857,0.0,1.0,0.0,0.0,0.0,1.0,1.0,0.0,0.0,0.0,0.0,1.0,0.0,0.0,1.0,0.0,-1.0,1.0,1.0,-1.0,1.0,1.0
1678,5060.0,2.0,1.0,0.0,21.0,0.0,0.0,0.0,0.0,0.0,0.0,0.0,0.0,0.0,0.0,1.0,0.0,0.0,0.0,0.0,0.0,13.0,1.0,0.0,0.0,0.0,0.0,0.3783783784,0.25,0.0,0.0,0.0,0.0,0.0,0.0,0.0,0.0,0.0,0.0,0.0,0.0,0.0,1.0,1.0,1.0,1.0,1.0,0.0,0.0,0.0,0.0
1679,8578.0,2.0,1.0,1.0,28.0,0.0,0.0,0.0,0.0,0.0,0.0,0.0,0.0,0.0,4.0,1.0,1.0,0.0,0.0,0.0,0.0,14.0,7.0,0.0,0.0,0.0,0.0,0.0,0.2068965517,0.0,1.0,0.0,0.0,0.0,0.024691358,0.0,0.0,0.0,0.0,1.0,1.0,0.0,0.0,1.0,1.0,1.0,1.0,-1.0,1.0,0.0,0.0
1680,5429.0,2.0,0.0,1.0,68.0,0.0,0.0,0.0,0.0,0.0,0.0,4.0,3.0,0.0,5.0,1.0,0.0,0.0,0.0,0.0,0.0,12.0,10.0,38.0,0.0,0.0,0.0,0.1860465116,0.2,0.0,0.0,0.0,0.0,0.0,0.0,0.0,0.0,0.0,0.0,0.0,0.0,0.0,0.0,1.0,0.0,1.0,1.0,0.0,1.0,0.0,0.0
1681,6605.0,1.0,0.0,2.0,101.0,14.0,0.0,0.0,0.0,0.0,0.0,0.0,0.0,0.0,3.0,1.0,1.0,0.0,0.0,1.0,0.0,14.0,80.0,0.0,0.0,0.0,0.0,0.1596638655,0.9873417722,1.0,1.0,1.0,0.0,0.0,0.0924369748,0.0,0.0,0.0,0.0,1.0,0.0,0.0,0.0,1.0,-1.0,-1.0,1.0,-1.0,1.0,0.0,0.0
1682,6502.0,2.0,0.0,6.0,162.0,16.0,0.0,0.0,0.0,0.0,0.0,1.0,0.0,0.0,17.0,1.0,1.0,0.0,0.0,1.0,0.0,11.0,127.0,16.0,0.0,0.0,0.0,0.0,0.5,0.0,0.0,0.0,0.0,0.0,0.0,0.0,0.0,0.0,0.0,0.0,1.0,1.0,0.0,1.0,-1.0,-1.0,1.0,1.0,1.0,0.0,0.0
1683,1779.0,3.0,1.0,2.0,47.0,0.0,0.0,0.0,0.0,0.0,0.0,0.0,0.0,0.0,0.0,1.0,0.0,0.0,0.0,1.0,0.0,23.0,17.0,0.0,0.0,0.0,0.0,0.0,0.6666666667,1.0,1.0,0.0,0.0,0.0,1.0,0.0,0.0,0.0,0.0,0.0,0.0,0.0,0.0,1.0,1.0,-1.0,1.0,0.0,-1.0,1.0,1.0
1684,3938.0,2.0,0.0,6.0,51.0,0.0,0.0,0.0,0.0,0.0,0.0,0.0,0.0,0.0,0.0,1.0,0.0,0.0,0.0,0.0,0.0,9.0,35.0,0.0,0.0,1.0,0.0,0.0666666667,0.0769230769,0.0,1.0,1.0,0.0,0.0,0.8666666667,0.0,0.0,0.0,0.0,0.0,0.0,0.0,0.0,1.0,1.0,1.0,1.0,1.0,-1.0,1.0,1.0
1685,2929.0,2.0,1.0,4.0,51.0,1.0,0.0,0.0,0.0,0.0,0.0,0.0,0.0,0.0,0.0,1.0,1.0,0.0,0.0,0.0,0.0,20.0,24.0,0.0,0.0,0.0,0.0,0.5,0.0,0.0,1.0,0.0,0.0,0.0,0.5,0.0,0.0,0.0,0.0,0.0,1.0,0.0,0.0,1.0,1.0,1.0,1.0,1.0,-1.0,1.0,1.0
1686,2861.0,3.0,0.0,4.0,72.0,0.0,0.0,0.0,0.0,0.0,0.0,0.0,0.0,0.0,3.0,1.0,1.0,0.0,0.0,0.0,0.0,27.0,38.0,0.0,0.0,0.0,0.0,0.0,0.0,0.0,1.0,1.0,0.0,0.0,0.0,0.0,0.0,0.0,0.0,0.0,0.0,1.0,0.0,1.0,0.0,1.0,1.0,1.0,1.0,1.0,1.0
1687,2603.0,2.0,0.0,1.0,42.0,1.0,1.0,0.0,0.0,0.0,0.0,0.0,0.0,0.0,0.0,1.0,0.0,0.0,0.0,0.0,0.0,19.0,16.0,0.0,0.0,0.0,1.0,1.0,1.0,1.0,1.0,0.0,1.0,0.0,0.0,1.0,0.0,0.0,0.0,0.0,0.0,0.0,0.0,1.0,1.0,-1.0,0.0,-1.0,-1.0,1.0,1.0
1688,4079.0,2.0,0.0,4.0,43.0,0.0,0.0,0.0,0.0,0.0,0.0,0.0,0.0,0.0,1.0,1.0,0.0,0.0,0.0,0.0,0.0,16.0,20.0,0.0,0.0,0.0,0.0,0.0,0.0,0.0,1.0,1.0,0.0,0.0,1.0,0.0,0.0,0.0,0.0,0.0,0.0,0.0,0.0,1.0,1.0,1.0,1.0,1.0,-1.0,1.0,1.0
1689,9220.0,3.0,1.0,2.0,47.0,0.0,0.0,0.0,0.0,0.0,0.0,0.0,0.0,0.0,8.0,1.0,1.0,0.0,0.0,0.0,0.0,13.0,27.0,0.0,0.0,0.0,1.0,0.0192307692,0.0,0.0,0.0,0.0,0.0,0.0,0.0,0.0,0.0,0.0,0.0,1.0,0.0,0.0,0.0,1.0,1.0,1.0,1.0,1.0,1.0,0.0,0.0
1690,9300.0,2.0,1.0,2.0,32.0,0.0,0.0,0.0,0.0,0.0,0.0,0.0,0.0,0.0,0.0,1.0,0.0,0.0,0.0,0.0,0.0,15.0,10.0,0.0,0.0,0.0,0.0,0.0909090909,0.5,0.0,0.0,0.0,0.0,0.0,0.0454545455,0.0,0.0,0.0,0.0,1.0,1.0,0.0,0.0,1.0,1.0,0.0,1.0,0.0,1.0,0.0,0.0
1691,8017.0,1.0,0.0,5.0,66.0,3.0,0.0,0.0,0.0,0.0,0.0,0.0,0.0,0.0,8.0,1.0,1.0,0.0,0.0,0.0,0.0,17.0,42.0,0.0,0.0,0.0,0.0,0.2195121951,0.2666666667,0.0,1.0,1.0,0.0,0.0,0.0243902439,0.0,0.0,0.0,0.0,0.0,0.0,0.0,0.0,1.0,0.0,0.0,1.0,0.0,1.0,0.0,0.0
1692,6646.0,2.0,0.0,2.0,157.0,1.0,0.0,0.0,0.0,8.0,0.0,6.0,5.0,0.0,17.0,1.0,0.0,0.0,0.0,0.0,0.0,21.0,19.0,109.0,0.0,0.0,0.0,0.0109739369,0.0070257611,0.0,1.0,0.0,0.0,0.0,0.0,0.0,0.0,0.0,0.0,0.0,0.0,0.0,0.0,1.0,-1.0,1.0,1.0,1.0,1.0,0.0,0.0
1693,5305.0,2.0,0.0,2.0,114.0,11.0,0.0,0.0,0.0,0.0,0.0,0.0,0.0,0.0,5.0,1.0,1.0,0.0,0.0,1.0,0.0,16.0,91.0,0.0,0.0,0.0,0.0,0.1411764706,0.1578947368,0.0,1.0,0.0,0.0,0.0,0.0470588235,0.0,0.0,0.0,0.0,0.0,1.0,0.0,0.0,1.0,-1.0,1.0,1.0,0.0,1.0,0.0,0.0
1694,9398.0,3.0,1.0,1.0,51.0,3.0,0.0,0.0,0.0,0.0,0.0,0.0,0.0,0.0,3.0,1.0,0.0,0.0,0.0,1.0,0.0,16.0,28.0,0.0,0.0,0.0,0.0,0.0085763293,0.1962616822,0.0,1.0,1.0,1.0,0.0,0.0102915952,0.0,0.0,0.0,0.0,0.0,1.0,0.0,0.0,1.0,1.0,1.0,0.0,0.0,1.0,0.0,0.0
1695,5246.0,1.0,0.0,1.0,96.0,9.0,0.0,0.0,0.0,0.0,0.0,1.0,0.0,0.0,4.0,1.0,0.0,0.0,0.0,1.0,0.0,22.0,58.0,8.0,0.0,0.0,0.0,0.0185185185,0.05,0.0,1.0,0.0,0.0,0.0,0.0,0.0,0.0,0.0,0.0,0.0,0.0,0.0,0.0,1.0,-1.0,1.0,1.0,1.0,1.0,0.0,0.0
1696,2762.0,4.0,0.0,2.0,44.0,0.0,0.0,0.0,0.0,0.0,0.0,0.0,0.0,0.0,0.0,1.0,1.0,0.0,0.0,1.0,0.0,20.0,17.0,0.0,0.0,0.0,0.0,1.0,0.0,0.0,1.0,1.0,0.0,0.0,0.0,1.0,0.0,0.0,0.0,0.0,0.0,0.0,0.0,1.0,1.0,1.0,1.0,1.0,-1.0,1.0,1.0
1697,8369.0,3.0,1.0,1.0,52.0,0.0,0.0,0.0,0.0,3.0,0.0,0.0,0.0,0.0,8.0,1.0,1.0,0.0,0.0,0.0,0.0,21.0,24.0,0.0,0.0,0.0,0.0,0.1031746032,0.4405594406,0.0,1.0,0.0,0.0,0.0,0.0,0.0,0.0,0.0,0.0,0.0,1.0,0.0,0.0,1.0,1.0,0.0,1.0,0.0,1.0,0.0,0.0
1698,1378.0,3.0,1.0,3.0,67.0,0.0,0.0,0.0,0.0,0.0,0.0,0.0,0.0,0.0,8.0,1.0,1.0,0.0,0.0,0.0,0.0,31.0,29.0,0.0,0.0,0.0,0.0,0.0,0.0,0.0,1.0,1.0,0.0,0.0,1.0,0.0,0.0,0.0,0.0,0.0,0.0,0.0,0.0,1.0,0.0,1.0,1.0,1.0,-1.0,1.0,1.0
1699,4065.0,1.0,0.0,2.0,43.0,1.0,1.0,0.0,0.0,0.0,0.0,0.0,0.0,0.0,3.0,1.0,1.0,0.0,0.0,0.0,0.0,24.0,12.0,0.0,0.0,0.0,0.0,0.0,0.0,0.0,1.0,0.0,0.0,0.0,0.8461538462,0.0,0.0,0.0,0.0,0.0,0.0,0.0,0.0,1.0,1.0,1.0,1.0,1.0,-1.0,1.0,1.0
1700,8590.0,1.0,0.0,2.0,40.0,0.0,0.0,0.0,0.0,0.0,0.0,0.0,0.0,0.0,2.0,1.0,0.0,0.0,0.0,0.0,0.0,25.0,8.0,0.0,0.0,0.0,0.0,0.4367088608,0.25,0.0,1.0,1.0,1.0,0.0,0.0063291139,0.0,0.0,0.0,0.0,0.0,0.0,0.0,0.0,1.0,1.0,0.0,0.0,0.0,0.0,0.0,0.0
1701,6441.0,2.0,1.0,3.0,72.0,2.0,0.0,0.0,0.0,0.0,0.0,1.0,0.0,0.0,7.0,1.0,0.0,0.0,0.0,1.0,0.0,11.0,38.0,15.0,0.0,0.0,0.0,0.2424242424,0.375,0.0,0.0,0.0,0.0,0.0,0.0,0.0,0.0,0.0,0.0,0.0,0.0,0.0,0.0,1.0,0.0,1.0,1.0,0.0,1.0,0.0,0.0
1702,4215.0,2.0,0.0,2.0,46.0,0.0,0.0,0.0,0.0,0.0,0.0,0.0,0.0,0.0,1.0,1.0,0.0,0.0,0.0,0.0,0.0,23.0,16.0,0.0,0.0,0.0,0.0,0.9230769231,1.0,0.0,1.0,0.0,0.0,0.0,0.0,1.0,0.0,0.0,0.0,0.0,0.0,0.0,0.0,1.0,1.0,1.0,1.0,-1.0,-1.0,1.0,1.0
1703,4501.0,3.0,1.0,2.0,47.0,0.0,0.0,0.0,0.0,0.0,0.0,0.0,0.0,0.0,1.0,1.0,0.0,0.0,0.0,0.0,0.0,22.0,18.0,0.0,0.0,0.0,0.0,0.2,0.037037037,1.0,1.0,0.0,0.0,0.0,0.8,0.0,0.0,0.0,0.0,0.0,1.0,0.0,0.0,1.0,1.0,1.0,1.0,1.0,-1.0,1.0,1.0
1704,246.0,4.0,0.0,2.0,46.0,1.0,0.0,0.0,0.0,0.0,0.0,0.0,0.0,0.0,0.0,1.0,0.0,0.0,0.0,1.0,0.0,9.0,30.0,0.0,0.0,1.0,1.0,0.4716981132,0.976744186,0.0,1.0,0.0,0.0,0.0,0.0377358491,1.0,0.0,0.0,0.0,0.0,0.0,0.0,0.0,1.0,1.0,-1.0,1.0,-1.0,0.0,1.0,1.0
1705,4226.0,2.0,1.0,2.0,53.0,1.0,1.0,0.0,0.0,0.0,0.0,0.0,0.0,0.0,0.0,0.0,1.0,0.0,0.0,0.0,0.0,39.0,6.0,0.0,0.0,0.0,0.0,0.0,0.0,0.0,0.0,1.0,0.0,0.0,1.0,0.0,0.0,0.0,0.0,0.0,0.0,0.0,0.0,1.0,1.0,1.0,1.0,1.0,-1.0,1.0,1.0
1706,4819.0,2.0,0.0,4.0,59.0,1.0,0.0,0.0,0.0,0.0,0.0,0.0,0.0,0.0,0.0,1.0,1.0,0.0,0.0,1.0,0.0,22.0,30.0,0.0,0.0,0.0,0.0,0.0,0.0,0.0,1.0,0.0,0.0,0.0,0.0,0.0,0.0,0.0,0.0,0.0,0.0,0.0,0.0,1.0,0.0,1.0,1.0,1.0,1.0,1.0,1.0
1707,8787.0,1.0,0.0,3.0,31.0,0.0,0.0,0.0,0.0,0.0,0.0,0.0,0.0,0.0,7.0,1.0,1.0,0.0,0.0,0.0,0.0,9.0,15.0,0.0,0.0,0.0,0.0,0.0526315789,0.3571428571,0.0,0.0,0.0,0.0,0.0,0.0,0.0,0.0,0.0,0.0,1.0,1.0,0.0,0.0,1.0,1.0,0.0,1.0,0.0,1.0,0.0,0.0
1708,7563.0,7.0,1.0,3.0,86.0,0.0,0.0,0.0,0.0,0.0,0.0,1.0,0.0,0.0,5.0,1.0,1.0,0.0,0.0,0.0,0.0,19.0,54.0,5.0,0.0,0.0,0.0,0.2666666667,0.5517241379,0.0,1.0,1.0,0.0,0.0,0.0,0.0,1.0,0.0,0.0,1.0,0.0,0.0,0.0,1.0,-1.0,1.0,1.0,0.0,1.0,0.0,0.0
1709,4231.0,2.0,0.0,4.0,51.0,0.0,0.0,0.0,0.0,0.0,0.0,0.0,0.0,0.0,0.0,1.0,0.0,0.0,0.0,0.0,0.0,17.0,27.0,0.0,0.0,0.0,0.0,0.0,0.0,0.0,1.0,1.0,0.0,0.0,1.0,0.0,0.0,0.0,0.0,0.0,0.0,0.0,0.0,1.0,1.0,1.0,1.0,1.0,-1.0,1.0,1.0
1710,7904.0,4.0,1.0,3.0,61.0,0.0,0.0,0.0,0.0,0.0,0.0,0.0,0.0,0.0,6.0,1.0,1.0,0.0,0.0,0.0,0.0,19.0,35.0,0.0,0.0,0.0,0.0,0.0416666667,0.0227272727,0.0,0.0,0.0,0.0,0.0,0.0,0.0,0.0,0.0,0.0,0.0,0.0,0.0,0.0,1.0,0.0,1.0,1.0,1.0,1.0,0.0,0.0
1711,5267.0,1.0,0.0,2.0,95.0,12.0,0.0,0.0,0.0,0.0,0.0,0.0,0.0,0.0,4.0,1.0,1.0,0.0,0.0,1.0,0.0,9.0,79.0,0.0,0.0,0.0,0.0,0.1492537313,0.988372093,1.0,1.0,1.0,0.0,0.0,0.0820895522,0.0,0.0,0.0,0.0,1.0,0.0,0.0,0.0,1.0,-1.0,-1.0,1.0,-1.0,1.0,0.0,0.0
1712,7029.0,2.0,1.0,4.0,69.0,3.0,1.0,0.0,0.0,0.0,0.0,0.0,0.0,0.0,3.0,1.0,0.0,0.0,0.0,1.0,0.0,28.0,34.0,0.0,0.0,0.0,0.0,0.1463414634,0.1818181818,0.0,0.0,0.0,0.0,0.0,0.0243902439,0.0,0.0,0.0,0.0,0.0,0.0,0.0,0.0,1.0,0.0,1.0,1.0,0.0,1.0,0.0,0.0
1713,4930.0,2.0,1.0,9.0,101.0,0.0,0.0,0.0,0.0,1.0,0.0,0.0,0.0,0.0,20.0,1.0,1.0,0.0,0.0,1.0,0.0,13.0,81.0,0.0,0.0,0.0,0.0,0.0,0.0,0.0,1.0,0.0,0.0,0.0,0.0,0.0,0.0,0.0,0.0,0.0,0.0,0.0,0.0,1.0,-1.0,1.0,1.0,1.0,1.0,1.0,1.0
1714,5489.0,3.0,1.0,1.0,95.0,6.0,0.0,0.0,0.0,0.0,0.0,0.0,0.0,0.0,5.0,1.0,1.0,0.0,0.0,0.0,0.0,15.0,73.0,0.0,0.0,0.0,0.0,0.2834645669,0.3518518519,0.0,1.0,0.0,0.0,0.0,0.0078740157,0.0,0.0,0.0,0.0,0.0,0.0,0.0,0.0,1.0,-1.0,1.0,1.0,0.0,1.0,0.0,0.0
1715,8034.0,1.0,0.0,2.0,95.0,11.0,0.0,0.0,0.0,0.0,0.0,0.0,0.0,0.0,0.0,1.0,0.0,0.0,0.0,1.0,0.0,8.0,80.0,0.0,0.0,0.0,0.0,0.1782945736,0.99,1.0,1.0,1.0,0.0,0.0,0.0775193798,0.0,0.0,0.0,0.0,1.0,1.0,0.0,0.0,1.0,-1.0,-1.0,1.0,-1.0,1.0,0.0,0.0
1716,2102.0,2.0,0.0,2.0,50.0,1.0,1.0,0.0,0.0,0.0,0.0,0.0,0.0,0.0,0.0,1.0,0.0,0.0,0.0,0.0,0.0,20.0,23.0,0.0,0.0,0.0,0.0,0.0,0.6666666667,0.0,1.0,0.0,0.0,0.0,0.0,1.0,0.0,0.0,0.0,0.0,0.0,0.0,0.0,1.0,1.0,-1.0,1.0,1.0,1.0,1.0,1.0
1717,1973.0,2.0,1.0,2.0,104.0,0.0,0.0,0.0,0.0,1.0,0.0,3.0,3.0,0.0,6.0,0.0,0.0,0.0,0.0,0.0,0.0,16.0,4.0,75.0,0.0,0.0,0.0,0.3333333333,0.0,0.0,0.0,1.0,0.0,1.0,0.0,0.0,0.0,0.0,0.0,1.0,0.0,0.0,0.0,1.0,-1.0,1.0,-1.0,1.0,0.0,1.0,1.0
1718,5507.0,1.0,0.0,3.0,89.0,9.0,0.0,0.0,0.0,0.0,0.0,0.0,0.0,0.0,2.0,1.0,0.0,0.0,0.0,1.0,0.0,17.0,65.0,0.0,0.0,0.0,0.0,0.1031390135,0.4933333333,0.0,1.0,0.0,1.0,0.0,0.0179372197,0.0,0.0,0.0,0.0,0.0,1.0,0.0,0.0,1.0,-1.0,0.0,0.0,0.0,1.0,0.0,0.0
1719,6585.0,1.0,0.0,5.0,97.0,10.0,0.0,0.0,0.0,0.0,0.0,0.0,0.0,0.0,8.0,1.0,1.0,0.0,0.0,1.0,0.0,15.0,75.0,0.0,0.0,0.0,0.0,0.375,0.4430379747,0.0,1.0,0.0,0.0,0.0,0.0,0.0,0.0,0.0,0.0,0.0,1.0,0.0,0.0,1.0,-1.0,0.0,1.0,0.0,0.0,0.0,0.0
1720,9735.0,3.0,1.0,1.0,46.0,0.0,0.0,0.0,0.0,2.0,0.0,0.0,0.0,0.0,4.0,1.0,0.0,0.0,0.0,1.0,0.0,21.0,18.0,0.0,0.0,0.0,0.0,0.0,0.0,0.0,0.0,0.0,0.0,0.0,0.0,0.0,0.0,0.0,0.0,1.0,0.0,0.0,0.0,1.0,1.0,1.0,1.0,1.0,1.0,0.0,0.0
1721,4481.0,4.0,1.0,4.0,54.0,1.0,0.0,0.0,0.0,0.0,0.0,0.0,0.0,0.0,0.0,1.0,0.0,0.0,0.0,0.0,0.0,14.0,33.0,0.0,0.0,0.0,0.0,0.0,0.0,0.0,1.0,1.0,0.0,0.0,1.0,0.0,0.0,0.0,0.0,0.0,0.0,0.0,0.0,1.0,0.0,1.0,1.0,1.0,-1.0,1.0,1.0
1722,5692.0,2.0,0.0,2.0,122.0,0.0,0.0,0.0,0.0,0.0,1.0,3.0,2.0,0.0,6.0,1.0,0.0,0.0,0.0,0.0,0.0,10.0,18.0,86.0,0.0,1.0,0.0,0.1304347826,0.0,0.0,1.0,1.0,0.0,0.0,0.0,0.0,0.0,0.0,0.0,0.0,0.0,0.0,0.0,1.0,-1.0,1.0,1.0,1.0,1.0,0.0,0.0
1723,5789.0,3.0,1.0,2.0,93.0,9.0,0.0,0.0,0.0,0.0,0.0,0.0,0.0,0.0,4.0,1.0,1.0,0.0,0.0,1.0,0.0,14.0,72.0,0.0,0.0,0.0,0.0,0.2553191489,0.2608695652,0.0,1.0,0.0,0.0,0.0,0.0638297872,0.0,0.0,0.0,0.0,0.0,1.0,0.0,0.0,1.0,-1.0,1.0,1.0,0.0,0.0,0.0,0.0
1724,9470.0,2.0,1.0,3.0,45.0,0.0,0.0,0.0,0.0,0.0,0.0,0.0,0.0,0.0,4.0,1.0,1.0,0.0,0.0,0.0,0.0,23.0,15.0,0.0,0.0,0.0,0.0,0.5096153846,0.9787234043,1.0,1.0,0.0,0.0,0.0,0.0,0.0,0.0,0.0,0.0,0.0,1.0,0.0,1.0,1.0,1.0,-1.0,1.0,-1.0,0.0,0.0,0.0
1725,1663.0,3.0,1.0,4.0,51.0,0.0,0.0,0.0,0.0,0.0,0.0,0.0,0.0,0.0,0.0,1.0,0.0,0.0,0.0,0.0,0.0,19.0,25.0,0.0,0.0,0.0,0.0,0.0,0.0,0.0,1.0,0.0,0.0,0.0,0.0,0.0,0.0,0.0,0.0,0.0,0.0,0.0,0.0,1.0,1.0,1.0,1.0,1.0,1.0,1.0,1.0
1726,4408.0,4.0,1.0,3.0,62.0,0.0,0.0,0.0,0.0,0.0,0.0,0.0,0.0,0.0,0.0,1.0,1.0,0.0,0.0,1.0,0.0,28.0,27.0,0.0,0.0,0.0,0.0,0.0,0.0,0.0,1.0,1.0,0.0,0.0,0.0,0.0,0.0,0.0,0.0,0.0,0.0,1.0,0.0,1.0,0.0,1.0,1.0,1.0,1.0,1.0,1.0
1727,6444.0,2.0,1.0,5.0,110.0,9.0,0.0,0.0,0.0,0.0,0.0,0.0,0.0,0.0,13.0,1.0,1.0,0.0,0.0,1.0,0.0,15.0,88.0,0.0,0.0,0.0,0.0,0.0344827586,0.5483870968,0.0,0.0,0.0,0.0,0.0,0.0,0.0,0.0,0.0,0.0,0.0,1.0,0.0,0.0,1.0,-1.0,0.0,1.0,0.0,1.0,0.0,0.0
1728,3474.0,3.0,1.0,2.0,106.0,1.0,0.0,0.0,0.0,12.0,0.0,0.0,0.0,0.0,4.0,1.0,1.0,0.0,0.0,1.0,0.0,15.0,84.0,0.0,0.0,2.0,0.0,0.0,0.0,0.0,1.0,0.0,1.0,0.0,0.0,0.0,0.0,0.0,0.0,0.0,0.0,0.0,0.0,1.0,-1.0,1.0,0.0,1.0,1.0,1.0,1.0
1729,5848.0,3.0,2.0,3.0,76.0,4.0,0.0,0.0,0.0,0.0,0.0,0.0,0.0,0.0,5.0,1.0,1.0,0.0,0.0,1.0,0.0,34.0,35.0,0.0,0.0,0.0,0.0,0.4042553191,0.4871794872,0.0,1.0,0.0,0.0,0.0,0.0425531915,0.0,0.0,0.0,0.0,0.0,1.0,0.0,0.0,0.0,-1.0,1.0,1.0,0.0,0.0,0.0,0.0
1730,9753.0,2.0,1.0,2.0,41.0,2.0,0.0,0.0,0.0,0.0,0.0,0.0,0.0,0.0,0.0,1.0,0.0,0.0,0.0,1.0,0.0,16.0,18.0,0.0,0.0,0.0,0.0,0.076433121,0.2916666667,0.0,1.0,0.0,0.0,0.0,0.0318471338,0.0,0.0,0.0,0.0,0.0,0.0,0.0,0.0,1.0,1.0,1.0,1.0,0.0,1.0,0.0,0.0
1731,1832.0,1.0,0.0,2.0,34.0,1.0,1.0,0.0,0.0,0.0,0.0,0.0,0.0,0.0,0.0,1.0,0.0,0.0,0.0,0.0,0.0,15.0,12.0,0.0,0.0,0.0,0.0,0.3076923077,1.0,0.0,1.0,0.0,0.0,0.0,0.0,0.0,0.0,0.0,0.0,0.0,0.0,0.0,0.0,1.0,1.0,1.0,1.0,-1.0,1.0,1.0,1.0
1732,2310.0,2.0,0.0,2.0,48.0,0.0,0.0,0.0,0.0,0.0,0.0,0.0,0.0,0.0,1.0,1.0,0.0,0.0,0.0,1.0,0.0,25.0,16.0,0.0,0.0,0.0,0.0,1.0,1.0,0.0,1.0,0.0,0.0,0.0,0.0,1.0,0.0,0.0,0.0,0.0,1.0,0.0,0.0,1.0,1.0,-1.0,1.0,1.0,-1.0,1.0,1.0
1733,486.0,1.0,0.0,1.0,26.0,0.0,0.0,0.0,0.0,0.0,0.0,0.0,0.0,0.0,0.0,1.0,1.0,0.0,0.0,0.0,0.0,13.0,6.0,0.0,0.0,0.0,0.0,0.0,0.0,0.0,1.0,0.0,0.0,0.0,0.0,0.0,0.0,0.0,0.0,0.0,0.0,0.0,0.0,1.0,1.0,1.0,1.0,1.0,1.0,1.0,1.0
1734,7273.0,3.0,1.0,1.0,77.0,8.0,0.0,0.0,0.0,0.0,0.0,0.0,0.0,0.0,15.0,1.0,1.0,0.0,0.0,1.0,0.0,11.0,59.0,0.0,0.0,0.0,0.0,0.0040322581,0.1094890511,0.0,1.0,0.0,0.0,0.0,0.0040322581,0.0,0.0,0.0,0.0,0.0,1.0,0.0,0.0,1.0,-1.0,1.0,1.0,0.0,1.0,0.0,0.0
1735,4154.0,3.0,0.0,3.0,72.0,0.0,0.0,0.0,0.0,0.0,0.0,0.0,0.0,0.0,0.0,1.0,0.0,0.0,0.0,0.0,0.0,28.0,37.0,0.0,0.0,1.0,1.0,1.0,1.0,0.0,1.0,0.0,0.0,0.0,0.0,1.0,0.0,0.0,0.0,0.0,0.0,0.0,0.0,1.0,0.0,-1.0,1.0,-1.0,-1.0,1.0,1.0
1736,1728.0,2.0,0.0,4.0,47.0,1.0,1.0,0.0,0.0,0.0,0.0,0.0,0.0,0.0,4.0,1.0,1.0,0.0,0.0,0.0,0.0,17.0,23.0,0.0,0.0,0.0,0.0,0.0,0.0,0.0,1.0,0.0,0.0,0.0,1.0,0.0,0.0,0.0,0.0,0.0,0.0,0.0,1.0,1.0,1.0,1.0,1.0,1.0,-1.0,1.0,1.0
1737,7841.0,3.0,1.0,2.0,67.0,0.0,0.0,0.0,0.0,0.0,0.0,2.0,1.0,0.0,8.0,1.0,1.0,0.0,0.0,0.0,0.0,13.0,22.0,24.0,0.0,0.0,0.0,0.0851851852,0.2884615385,0.0,1.0,0.0,0.0,0.0,0.0,0.0,0.0,0.0,0.0,0.0,1.0,0.0,0.0,1.0,0.0,0.0,1.0,0.0,1.0,0.0,0.0
1738,9146.0,1.0,0.0,5.0,53.0,0.0,0.0,0.0,0.0,0.0,0.0,0.0,0.0,0.0,5.0,1.0,1.0,0.0,0.0,1.0,0.0,17.0,29.0,0.0,0.0,0.0,0.0,0.0130434783,0.108974359,0.0,0.0,0.0,0.0,0.0,0.0,0.0,0.0,0.0,0.0,0.0,1.0,0.0,0.0,1.0,1.0,1.0,1.0,0.0,1.0,0.0,0.0
1739,5178.0,1.0,0.0,5.0,73.0,0.0,0.0,0.0,0.0,5.0,0.0,0.0,0.0,0.0,3.0,1.0,0.0,0.0,0.0,0.0,0.0,14.0,52.0,0.0,0.0,0.0,0.0,0.075,0.1111111111,0.0,1.0,0.0,0.0,0.0,0.025,0.0,0.0,0.0,0.0,0.0,0.0,0.0,0.0,1.0,0.0,1.0,1.0,1.0,1.0,0.0,0.0
1740,5645.0,2.0,0.0,2.0,61.0,0.0,0.0,0.0,0.0,0.0,0.0,1.0,0.0,0.0,12.0,1.0,1.0,0.0,0.0,0.0,0.0,17.0,28.0,8.0,0.0,0.0,0.0,0.0722891566,0.0879120879,0.0,1.0,0.0,0.0,0.0,0.0,0.0,0.0,0.0,0.0,0.0,1.0,0.0,0.0,1.0,0.0,1.0,1.0,0.0,1.0,0.0,0.0
1741,7122.0,2.0,0.0,5.0,101.0,9.0,0.0,0.0,0.0,0.0,0.0,0.0,0.0,0.0,8.0,1.0,1.0,0.0,0.0,1.0,0.0,17.0,77.0,0.0,0.0,0.0,0.0,0.1530612245,0.3529411765,0.0,1.0,1.0,0.0,0.0,0.0102040816,0.0,0.0,0.0,0.0,1.0,0.0,0.0,1.0,1.0,-1.0,0.0,1.0,0.0,1.0,0.0,0.0
1742,3202.0,3.0,1.0,8.0,153.0,3.0,1.0,0.0,0.0,0.0,0.0,0.0,0.0,0.0,48.0,1.0,1.0,0.0,0.0,1.0,0.0,20.0,126.0,0.0,0.0,0.0,0.0,0.0,0.0416666667,1.0,1.0,0.0,0.0,0.0,0.0,0.0,0.0,0.0,0.0,0.0,0.0,0.0,0.0,1.0,-1.0,1.0,1.0,0.0,1.0,1.0,1.0
1743,6846.0,2.0,1.0,2.0,61.0,1.0,0.0,0.0,0.0,0.0,0.0,1.0,0.0,0.0,0.0,1.0,1.0,0.0,0.0,0.0,0.0,17.0,27.0,9.0,0.0,0.0,0.0,0.0778816199,0.2352941176,0.0,0.0,0.0,0.0,0.0,0.0,0.0,0.0,0.0,0.0,0.0,1.0,0.0,0.0,1.0,0.0,1.0,1.0,0.0,1.0,0.0,0.0
1744,1649.0,3.0,1.0,7.0,93.0,1.0,0.0,0.0,0.0,0.0,0.0,0.0,0.0,0.0,19.0,1.0,1.0,0.0,0.0,1.0,0.0,22.0,64.0,0.0,0.0,0.0,0.0,0.0,0.125,0.0,1.0,1.0,0.0,0.0,0.9230769231,0.0,0.0,0.0,0.0,0.0,0.0,0.0,0.0,1.0,-1.0,1.0,1.0,1.0,-1.0,1.0,1.0
1745,4161.0,2.0,0.0,4.0,191.0,2.0,0.0,0.0,0.0,7.0,0.0,2.0,2.0,0.0,24.0,1.0,1.0,0.0,0.0,0.0,0.0,24.0,64.0,95.0,0.0,0.0,0.0,0.0,0.2,0.0,1.0,1.0,0.0,0.0,0.0,0.0,0.0,0.0,0.0,0.0,0.0,0.0,0.0,1.0,-1.0,1.0,1.0,0.0,1.0,1.0,1.0
1746,6146.0,2.0,1.0,3.0,86.0,1.0,0.0,0.0,0.0,0.0,0.0,0.0,0.0,0.0,27.0,1.0,1.0,0.0,0.0,1.0,0.0,18.0,61.0,0.0,0.0,0.0,0.0,0.0342679128,1.0,1.0,1.0,0.0,0.0,0.0,0.0,0.0,0.0,0.0,0.0,0.0,0.0,0.0,0.0,1.0,-1.0,-1.0,1.0,-1.0,1.0,0.0,0.0
1747,2349.0,2.0,0.0,5.0,59.0,0.0,0.0,0.0,0.0,0.0,0.0,0.0,0.0,0.0,0.0,1.0,0.0,0.0,0.0,0.0,0.0,24.0,28.0,0.0,0.0,0.0,0.0,0.0,0.0,0.0,1.0,0.0,0.0,0.0,0.0,0.0,0.0,0.0,0.0,0.0,0.0,0.0,0.0,1.0,0.0,1.0,1.0,1.0,1.0,1.0,1.0
1748,8773.0,2.0,0.0,1.0,51.0,3.0,0.0,0.0,0.0,0.0,0.0,0.0,0.0,0.0,5.0,1.0,1.0,0.0,0.0,0.0,0.0,10.0,15.0,18.0,0.0,0.0,0.0,0.0476190476,0.1074380165,0.0,1.0,0.0,0.0,0.0,0.0,0.0,0.0,0.0,0.0,1.0,1.0,0.0,0.0,1.0,1.0,1.0,1.0,0.0,1.0,0.0,0.0
1749,3739.0,3.0,1.0,3.0,52.0,0.0,0.0,0.0,0.0,1.0,0.0,0.0,0.0,0.0,0.0,1.0,0.0,0.0,0.0,0.0,0.0,15.0,30.0,0.0,0.0,0.0,0.0,1.0,1.0,0.0,1.0,0.0,0.0,0.0,0.0,1.0,0.0,0.0,0.0,0.0,0.0,0.0,0.0,1.0,1.0,-1.0,1.0,-1.0,-1.0,1.0,1.0
1750,987.0,3.0,1.0,3.0,57.0,1.0,0.0,0.0,0.0,0.0,0.0,0.0,0.0,0.0,0.0,1.0,0.0,0.0,0.0,0.0,0.0,19.0,31.0,0.0,0.0,0.0,0.0,1.0,1.0,0.0,1.0,0.0,0.0,0.0,0.0,1.0,0.0,0.0,0.0,0.0,0.0,0.0,0.0,1.0,0.0,-1.0,1.0,-1.0,-1.0,1.0,1.0
1751,9522.0,3.0,1.0,3.0,58.0,0.0,0.0,0.0,0.0,0.0,0.0,1.0,0.0,0.0,11.0,1.0,0.0,0.0,0.0,0.0,0.0,13.0,24.0,13.0,0.0,0.0,0.0,0.1173469388,0.1777777778,0.0,1.0,0.0,0.0,0.0,0.0,0.0,0.0,0.0,0.0,0.0,1.0,0.0,0.0,1.0,0.0,1.0,1.0,0.0,1.0,0.0,0.0
1752,5946.0,2.0,1.0,6.0,63.0,0.0,0.0,0.0,0.0,0.0,0.0,0.0,0.0,0.0,5.0,1.0,1.0,0.0,0.0,1.0,0.0,19.0,37.0,0.0,0.0,0.0,0.0,0.0487804878,0.0491803279,0.0,0.0,0.0,0.0,0.0,0.0243902439,0.0,0.0,0.0,0.0,0.0,1.0,0.0,0.0,1.0,0.0,1.0,1.0,1.0,1.0,0.0,0.0
1753,7641.0,3.0,1.0,1.0,67.0,3.0,0.0,0.0,0.0,0.0,0.0,0.0,0.0,0.0,0.0,1.0,0.0,0.0,0.0,0.0,0.0,25.0,35.0,0.0,0.0,0.0,0.0,0.1206896552,0.6744186047,0.0,1.0,0.0,0.0,0.0,0.0,0.0,0.0,0.0,0.0,0.0,1.0,0.0,0.0,1.0,0.0,0.0,1.0,0.0,1.0,0.0,0.0
1754,6400.0,7.0,2.0,2.0,206.0,55.0,0.0,0.0,0.0,0.0,0.0,4.0,3.0,0.0,47.0,1.0,0.0,0.0,0.0,0.0,0.0,19.0,20.0,159.0,0.0,0.0,0.0,0.0,0.0,0.0,0.0,0.0,0.0,0.0,0.0,0.0,0.0,0.0,0.0,0.0,0.0,0.0,0.0,0.0,-1.0,1.0,1.0,1.0,1.0,0.0,0.0
1755,4914.0,3.0,1.0,7.0,105.0,0.0,0.0,0.0,0.0,1.0,1.0,0.0,0.0,0.0,21.0,1.0,1.0,0.0,0.0,1.0,0.0,13.0,85.0,0.0,0.0,0.0,0.0,1.0,1.0,0.0,1.0,0.0,0.0,0.0,0.0,1.0,0.0,0.0,0.0,0.0,0.0,0.0,0.0,1.0,-1.0,-1.0,1.0,-1.0,-1.0,1.0,1.0
1756,7900.0,1.0,0.0,4.0,95.0,7.0,0.0,0.0,0.0,0.0,0.0,0.0,0.0,0.0,3.0,1.0,0.0,0.0,0.0,1.0,0.0,16.0,72.0,0.0,0.0,0.0,0.0,0.9853372434,0.248447205,0.0,1.0,0.0,1.0,0.0,0.0,1.0,0.0,0.0,0.0,0.0,1.0,0.0,0.0,1.0,-1.0,0.0,0.0,0.0,-1.0,0.0,0.0
1757,4310.0,4.0,1.0,3.0,57.0,0.0,0.0,0.0,0.0,0.0,0.0,0.0,0.0,0.0,3.0,1.0,1.0,0.0,0.0,1.0,0.0,22.0,28.0,0.0,0.0,1.0,1.0,1.0,1.0,0.0,1.0,0.0,0.0,0.0,0.0,1.0,0.0,0.0,0.0,0.0,1.0,0.0,0.0,1.0,0.0,-1.0,1.0,-1.0,-1.0,1.0,1.0
1758,8881.0,3.0,0.0,1.0,52.0,0.0,0.0,0.0,0.0,0.0,0.0,1.0,0.0,0.0,7.0,1.0,1.0,0.0,0.0,0.0,0.0,17.0,17.0,10.0,0.0,0.0,0.0,0.3606557377,0.9166666667,0.0,1.0,0.0,0.0,0.0,0.0,0.0,0.0,0.0,0.0,0.0,1.0,0.0,0.0,1.0,1.0,-1.0,1.0,-1.0,0.0,0.0,0.0
1759,3762.0,3.0,2.0,4.0,109.0,5.0,4.0,0.0,0.0,0.0,0.0,0.0,0.0,0.0,22.0,1.0,1.0,0.0,1.0,1.0,0.0,57.0,45.0,0.0,0.0,0.0,0.0,0.0555555556,0.0909090909,0.0,1.0,1.0,0.0,0.0,0.9444444444,0.0,0.0,1.0,0.0,0.0,1.0,0.0,0.0,0.0,-1.0,1.0,1.0,1.0,-1.0,1.0,1.0
1760,3967.0,2.0,0.0,3.0,44.0,0.0,0.0,0.0,0.0,0.0,0.0,0.0,0.0,0.0,1.0,1.0,1.0,0.0,0.0,0.0,0.0,13.0,24.0,0.0,0.0,0.0,0.0,0.9230769231,1.0,0.0,1.0,0.0,0.0,0.0,0.0,1.0,0.0,0.0,0.0,0.0,0.0,0.0,0.0,1.0,1.0,1.0,1.0,-1.0,-1.0,1.0,1.0
1761,6017.0,3.0,1.0,2.0,109.0,0.0,0.0,0.0,0.0,3.0,0.0,5.0,4.0,0.0,5.0,1.0,0.0,0.0,0.0,1.0,0.0,16.0,20.0,65.0,0.0,0.0,0.0,0.8095238095,0.1351351351,0.0,1.0,1.0,1.0,1.0,0.0,1.0,0.0,0.0,0.0,0.0,1.0,0.0,0.0,1.0,-1.0,1.0,0.0,0.0,-1.0,0.0,0.0
1762,8037.0,3.0,0.0,1.0,113.0,0.0,0.0,0.0,0.0,4.0,0.0,4.0,3.0,0.0,4.0,1.0,0.0,0.0,0.0,0.0,0.0,9.0,12.0,84.0,0.0,0.0,0.0,0.6363636364,0.6,0.0,0.0,0.0,0.0,0.0,0.0,1.0,0.0,0.0,0.0,1.0,0.0,0.0,0.0,1.0,-1.0,1.0,1.0,-1.0,0.0,0.0,0.0
1763,5679.0,1.0,0.0,5.0,103.0,3.0,0.0,0.0,0.0,2.0,0.0,3.0,2.0,0.0,19.0,1.0,1.0,0.0,0.0,1.0,0.0,15.0,36.0,44.0,0.0,0.0,0.0,0.2882882883,0.8936170213,1.0,1.0,1.0,0.0,0.0,0.0,0.0,0.0,0.0,0.0,1.0,1.0,0.0,0.0,1.0,-1.0,-1.0,1.0,0.0,1.0,0.0,0.0
1764,7362.0,2.0,1.0,8.0,127.0,7.0,1.0,0.0,0.0,0.0,0.0,0.0,0.0,0.0,20.0,1.0,1.0,0.0,0.0,0.0,0.0,28.0,92.0,0.0,0.0,0.0,0.0,0.1346153846,0.4637681159,0.0,1.0,1.0,1.0,0.0,0.0865384615,0.0,0.0,0.0,0.0,1.0,1.0,0.0,1.0,1.0,-1.0,1.0,0.0,0.0,1.0,0.0,0.0
1765,7104.0,1.0,0.0,2.0,94.0,0.0,0.0,0.0,0.0,8.0,0.0,0.0,0.0,0.0,0.0,1.0,0.0,0.0,0.0,1.0,0.0,16.0,71.0,0.0,0.0,0.0,0.0,0.1287128713,0.64,0.0,1.0,0.0,1.0,0.0,0.0594059406,0.0,0.0,0.0,0.0,0.0,1.0,0.0,0.0,1.0,-1.0,0.0,0.0,0.0,1.0,0.0,0.0
1766,987.0,3.0,1.0,3.0,57.0,1.0,0.0,0.0,0.0,0.0,0.0,0.0,0.0,0.0,0.0,1.0,0.0,0.0,0.0,0.0,0.0,19.0,31.0,0.0,0.0,0.0,0.0,1.0,1.0,0.0,1.0,0.0,0.0,0.0,0.0,1.0,0.0,0.0,0.0,0.0,0.0,0.0,0.0,1.0,0.0,-1.0,1.0,-1.0,-1.0,1.0,1.0
1767,8051.0,2.0,0.0,3.0,62.0,0.0,0.0,0.0,0.0,0.0,0.0,2.0,1.0,0.0,7.0,1.0,1.0,0.0,0.0,0.0,0.0,14.0,29.0,11.0,0.0,0.0,0.0,0.0869565217,0.2105263158,0.0,1.0,0.0,0.0,0.0,0.0,0.0,0.0,0.0,0.0,0.0,0.0,0.0,0.0,1.0,0.0,1.0,1.0,0.0,1.0,0.0,0.0
1768,5026.0,1.0,0.0,0.0,22.0,0.0,0.0,0.0,0.0,0.0,0.0,0.0,0.0,0.0,0.0,0.0,1.0,0.0,0.0,0.0,0.0,13.0,1.0,0.0,0.0,0.0,0.0,0.2380952381,1.0,1.0,0.0,0.0,0.0,0.0,0.0952380952,0.0,0.0,0.0,0.0,0.0,0.0,0.0,0.0,1.0,1.0,1.0,1.0,0.0,0.0,0.0,0.0
1769,1977.0,2.0,0.0,1.0,41.0,0.0,0.0,0.0,0.0,0.0,0.0,0.0,0.0,0.0,0.0,1.0,1.0,0.0,0.0,0.0,0.0,22.0,12.0,0.0,0.0,0.0,0.0,1.0,0.8571428571,1.0,1.0,0.0,1.0,0.0,0.0,1.0,0.0,0.0,0.0,0.0,0.0,0.0,0.0,1.0,1.0,-1.0,0.0,-1.0,-1.0,1.0,1.0
1770,5512.0,2.0,1.0,14.0,112.0,0.0,0.0,0.0,0.0,0.0,0.0,0.0,0.0,0.0,0.0,1.0,1.0,0.0,0.0,1.0,0.0,17.0,88.0,0.0,0.0,0.0,0.0,0.012987013,0.0,0.0,0.0,0.0,0.0,0.0,0.0,0.0,0.0,0.0,0.0,1.0,0.0,0.0,0.0,1.0,-1.0,1.0,1.0,1.0,1.0,0.0,0.0
1771,9556.0,3.0,1.0,1.0,49.0,0.0,0.0,0.0,0.0,0.0,0.0,0.0,0.0,0.0,5.0,1.0,1.0,0.0,0.0,0.0,0.0,27.0,15.0,0.0,0.0,0.0,0.0,0.421875,0.578125,0.0,1.0,0.0,0.0,0.0,0.0,0.0,0.0,0.0,0.0,0.0,1.0,0.0,0.0,1.0,1.0,0.0,1.0,0.0,0.0,0.0,0.0
1772,8305.0,1.0,0.0,2.0,45.0,0.0,0.0,0.0,0.0,0.0,0.0,0.0,0.0,0.0,0.0,1.0,0.0,0.0,0.0,1.0,0.0,27.0,11.0,0.0,0.0,0.0,0.0,0.2817679558,0.2881355932,0.0,1.0,0.0,1.0,0.0,0.0,0.0,0.0,0.0,0.0,0.0,1.0,0.0,0.0,1.0,1.0,0.0,0.0,0.0,1.0,0.0,0.0
1773,8463.0,2.0,0.0,1.0,30.0,1.0,1.0,0.0,0.0,0.0,0.0,0.0,0.0,0.0,0.0,1.0,0.0,0.0,0.0,0.0,0.0,12.0,11.0,0.0,0.0,0.0,0.0,0.2857142857,0.462962963,0.0,0.0,0.0,0.0,0.0,0.0,0.0,0.0,0.0,0.0,0.0,1.0,0.0,0.0,1.0,1.0,0.0,1.0,0.0,1.0,0.0,0.0
1774,1331.0,4.0,0.0,3.0,164.0,0.0,0.0,0.0,0.0,0.0,0.0,3.0,2.0,0.0,35.0,1.0,1.0,0.0,0.0,0.0,0.0,10.0,52.0,94.0,0.0,2.0,0.0,1.0,0.0769230769,0.0,1.0,0.0,0.0,0.0,0.0,0.0,0.0,0.0,0.0,0.0,0.0,0.0,0.0,1.0,-1.0,1.0,1.0,0.0,-1.0,1.0,1.0
1775,7796.0,3.0,1.0,1.0,67.0,1.0,0.0,0.0,0.0,0.0,0.0,1.0,0.0,0.0,0.0,1.0,0.0,0.0,0.0,1.0,0.0,20.0,23.0,16.0,0.0,0.0,0.0,0.0201342282,0.4,0.0,1.0,1.0,0.0,0.0,0.0,0.0,0.0,0.0,0.0,1.0,1.0,0.0,0.0,1.0,0.0,0.0,1.0,0.0,1.0,0.0,0.0
1776,1351.0,2.0,1.0,5.0,60.0,1.0,0.0,0.0,0.0,1.0,0.0,0.0,0.0,0.0,0.0,1.0,0.0,0.0,0.0,1.0,0.0,15.0,38.0,0.0,0.0,0.0,0.0,1.0,1.0,0.0,1.0,0.0,0.0,0.0,0.0,1.0,0.0,0.0,0.0,0.0,0.0,0.0,0.0,1.0,0.0,-1.0,1.0,-1.0,-1.0,1.0,1.0
1777,54.0,4.0,1.0,3.0,51.0,1.0,1.0,0.0,0.0,0.0,0.0,0.0,0.0,0.0,0.0,1.0,0.0,0.0,0.0,1.0,0.0,16.0,28.0,0.0,0.0,0.0,0.0,0.75,0.0,0.0,1.0,0.0,0.0,0.0,0.0,0.0,0.0,0.0,0.0,0.0,0.0,0.0,0.0,1.0,1.0,1.0,1.0,1.0,-1.0,1.0,1.0
1778,8695.0,1.0,0.0,2.0,54.0,3.0,0.0,0.0,0.0,0.0,0.0,0.0,0.0,0.0,12.0,1.0,1.0,0.0,0.0,0.0,0.0,19.0,28.0,0.0,0.0,0.0,0.0,0.0416666667,0.1666666667,0.0,1.0,1.0,0.0,0.0,0.0,0.0,0.0,0.0,0.0,1.0,0.0,0.0,0.0,1.0,0.0,1.0,1.0,0.0,1.0,0.0,0.0
1779,9219.0,3.0,1.0,2.0,53.0,0.0,0.0,0.0,0.0,0.0,0.0,1.0,0.0,0.0,6.0,1.0,1.0,0.0,0.0,0.0,0.0,15.0,22.0,8.0,0.0,0.0,0.0,0.0857142857,0.04,0.0,1.0,0.0,0.0,0.0,0.0,0.0,0.0,0.0,0.0,0.0,0.0,0.0,0.0,1.0,1.0,1.0,1.0,0.0,1.0,0.0,0.0
1780,5695.0,1.0,0.0,1.0,62.0,6.0,0.0,0.0,0.0,0.0,0.0,0.0,0.0,0.0,8.0,1.0,1.0,0.0,0.0,1.0,0.0,14.0,41.0,0.0,0.0,0.0,0.0,0.0384615385,0.2166666667,0.0,1.0,1.0,0.0,0.0,0.0,0.0,0.0,0.0,0.0,0.0,0.0,0.0,0.0,1.0,0.0,1.0,1.0,-1.0,1.0,0.0,0.0
1781,3042.0,7.0,5.0,2.0,178.0,6.0,6.0,0.0,0.0,0.0,0.0,0.0,0.0,0.0,68.0,1.0,1.0,0.0,1.0,0.0,0.0,137.0,34.0,0.0,0.0,1.0,1.0,0.9090909091,0.2,1.0,1.0,0.0,0.0,0.0,0.0909090909,1.0,0.0,0.0,0.0,0.0,0.0,0.0,0.0,-1.0,-1.0,1.0,1.0,0.0,-1.0,1.0,1.0
1782,5327.0,3.0,1.0,2.0,75.0,3.0,0.0,0.0,0.0,0.0,0.0,0.0,0.0,0.0,4.0,1.0,1.0,0.0,0.0,0.0,0.0,16.0,52.0,0.0,0.0,0.0,1.0,0.0389105058,0.3269230769,0.0,1.0,0.0,0.0,0.0,0.0077821012,0.0,0.0,0.0,0.0,0.0,1.0,0.0,0.0,1.0,0.0,0.0,1.0,0.0,1.0,0.0,0.0
1783,2846.0,2.0,0.0,4.0,53.0,1.0,0.0,0.0,0.0,0.0,0.0,0.0,0.0,0.0,0.0,1.0,1.0,0.0,0.0,0.0,0.0,9.0,37.0,0.0,0.0,0.0,0.0,0.0,0.0,0.0,1.0,0.0,0.0,0.0,0.0,1.0,0.0,0.0,0.0,0.0,0.0,0.0,0.0,1.0,1.0,1.0,1.0,1.0,1.0,1.0,1.0
1784,8765.0,1.0,0.0,3.0,52.0,2.0,0.0,0.0,0.0,0.0,0.0,0.0,0.0,0.0,5.0,1.0,1.0,0.0,0.0,0.0,0.0,15.0,30.0,0.0,0.0,0.0,0.0,0.0684931507,0.4736842105,0.0,1.0,1.0,0.0,1.0,0.0136986301,0.0,0.0,0.0,0.0,0.0,1.0,0.0,0.0,1.0,1.0,0.0,-1.0,0.0,1.0,0.0,0.0
1785,6421.0,2.0,0.0,2.0,91.0,0.0,0.0,0.0,0.0,1.0,0.0,4.0,3.0,0.0,6.0,1.0,0.0,0.0,0.0,1.0,0.0,25.0,15.0,43.0,0.0,0.0,0.0,0.0227272727,0.0487804878,0.0,1.0,0.0,0.0,0.0,0.0,0.0,0.0,0.0,0.0,0.0,0.0,0.0,0.0,1.0,-1.0,1.0,1.0,0.0,1.0,0.0,0.0
1786,8215.0,1.0,0.0,2.0,70.0,6.0,0.0,0.0,0.0,0.0,0.0,0.0,0.0,0.0,0.0,1.0,0.0,0.0,0.0,1.0,0.0,15.0,48.0,0.0,0.0,0.0,0.0,0.1470588235,0.3709677419,0.0,1.0,1.0,0.0,0.0,0.0294117647,0.0,0.0,0.0,0.0,0.0,0.0,0.0,0.0,1.0,0.0,0.0,1.0,0.0,1.0,0.0,0.0
1787,8172.0,2.0,1.0,1.0,84.0,7.0,0.0,0.0,0.0,0.0,0.0,0.0,0.0,0.0,12.0,1.0,1.0,0.0,0.0,1.0,0.0,33.0,44.0,0.0,0.0,0.0,0.0,0.2666666667,0.9375,0.0,1.0,0.0,0.0,0.0,0.0,0.0,0.0,0.0,0.0,0.0,0.0,0.0,1.0,1.0,-1.0,-1.0,1.0,0.0,1.0,0.0,0.0
1788,8703.0,2.0,1.0,0.0,53.0,1.0,1.0,0.0,0.0,0.0,0.0,2.0,1.0,0.0,2.0,1.0,0.0,0.0,0.0,0.0,0.0,25.0,1.0,19.0,0.0,0.0,0.0,0.0,0.3333333333,0.0,1.0,0.0,0.0,0.0,0.0,0.0,0.0,0.0,0.0,0.0,0.0,0.0,0.0,1.0,1.0,1.0,1.0,0.0,1.0,0.0,0.0
1789,5100.0,2.0,1.0,0.0,20.0,0.0,0.0,0.0,0.0,0.0,0.0,0.0,0.0,0.0,0.0,1.0,0.0,0.0,0.0,0.0,0.0,12.0,1.0,0.0,0.0,0.0,0.0,0.1889952153,0.5217391304,0.0,1.0,0.0,0.0,0.0,0.004784689,0.0,0.0,0.0,0.0,0.0,1.0,0.0,0.0,1.0,1.0,0.0,1.0,0.0,1.0,0.0,0.0
1790,3572.0,5.0,1.0,9.0,103.0,0.0,0.0,0.0,0.0,0.0,0.0,0.0,0.0,0.0,23.0,1.0,1.0,0.0,0.0,1.0,0.0,15.0,81.0,0.0,0.0,0.0,0.0,0.0,0.5,0.0,1.0,0.0,0.0,0.0,0.0,0.0,0.0,0.0,0.0,0.0,0.0,0.0,0.0,1.0,-1.0,1.0,1.0,0.0,1.0,1.0,1.0
1791,7921.0,3.0,0.0,2.0,60.0,3.0,0.0,0.0,0.0,0.0,0.0,0.0,0.0,0.0,2.0,1.0,0.0,0.0,0.0,0.0,0.0,18.0,35.0,0.0,0.0,0.0,0.0,0.1785714286,0.1,0.0,1.0,0.0,0.0,0.0,0.0357142857,0.0,0.0,0.0,0.0,0.0,0.0,0.0,0.0,1.0,0.0,1.0,1.0,1.0,1.0,0.0,0.0
1792,9715.0,3.0,1.0,2.0,50.0,0.0,0.0,0.0,0.0,0.0,0.0,0.0,0.0,0.0,0.0,1.0,0.0,0.0,0.0,1.0,0.0,25.0,18.0,0.0,0.0,0.0,0.0,0.0930232558,0.5652173913,0.0,1.0,0.0,0.0,0.0,0.1162790698,0.0,0.0,0.0,0.0,0.0,1.0,0.0,0.0,1.0,1.0,0.0,1.0,-1.0,1.0,0.0,0.0
1793,9034.0,2.0,0.0,2.0,37.0,0.0,0.0,0.0,0.0,0.0,0.0,0.0,0.0,0.0,0.0,1.0,0.0,0.0,0.0,0.0,0.0,14.0,16.0,0.0,0.0,0.0,0.0,0.0,0.0269230769,0.0,1.0,0.0,0.0,0.0,0.0,0.0,0.0,0.0,0.0,0.0,0.0,0.0,0.0,1.0,1.0,1.0,1.0,0.0,1.0,0.0,0.0
1794,2763.0,3.0,1.0,3.0,52.0,1.0,0.0,0.0,0.0,0.0,0.0,0.0,0.0,0.0,0.0,1.0,1.0,0.0,0.0,0.0,0.0,13.0,32.0,0.0,0.0,0.0,0.0,0.0,0.0,0.0,1.0,0.0,0.0,0.0,0.0,1.0,0.0,0.0,0.0,0.0,0.0,0.0,0.0,1.0,1.0,1.0,1.0,1.0,1.0,1.0,1.0
1795,1164.0,2.0,0.0,2.0,29.0,0.0,0.0,0.0,0.0,0.0,0.0,0.0,0.0,0.0,0.0,1.0,0.0,0.0,0.0,0.0,0.0,15.0,7.0,0.0,0.0,0.0,0.0,1.0,1.0,0.0,1.0,0.0,0.0,0.0,0.0,1.0,0.0,0.0,0.0,0.0,0.0,0.0,0.0,1.0,1.0,-1.0,1.0,-1.0,-1.0,1.0,1.0
1796,1197.0,4.0,1.0,6.0,80.0,3.0,2.0,0.0,0.0,1.0,0.0,0.0,0.0,0.0,0.0,1.0,1.0,0.0,0.0,0.0,0.0,26.0,47.0,0.0,0.0,0.0,0.0,0.0,0.2857142857,0.0,1.0,0.0,1.0,0.0,0.0,0.0,0.0,0.0,0.0,0.0,0.0,0.0,0.0,1.0,-1.0,-1.0,0.0,1.0,1.0,1.0,1.0
1797,3588.0,2.0,1.0,7.0,113.0,1.0,0.0,0.0,0.0,0.0,0.0,0.0,0.0,0.0,22.0,1.0,1.0,0.0,0.0,0.0,0.0,34.0,72.0,0.0,0.0,0.0,0.0,0.0,0.7857142857,0.0,1.0,0.0,0.0,0.0,1.0,1.0,0.0,0.0,0.0,0.0,1.0,0.0,0.0,1.0,-1.0,-1.0,1.0,1.0,-1.0,1.0,1.0
1798,4692.0,3.0,1.0,5.0,71.0,1.0,0.0,0.0,0.0,0.0,0.0,0.0,0.0,0.0,0.0,1.0,0.0,0.0,0.0,0.0,0.0,22.0,42.0,0.0,0.0,0.0,0.0,1.0,0.8125,1.0,1.0,0.0,0.0,0.0,0.0,1.0,0.0,0.0,0.0,0.0,1.0,0.0,0.0,1.0,0.0,-1.0,1.0,0.0,-1.0,1.0,1.0
1799,3244.0,2.0,1.0,3.0,57.0,0.0,0.0,0.0,0.0,0.0,0.0,0.0,0.0,0.0,16.0,1.0,1.0,0.0,0.0,0.0,0.0,14.0,36.0,0.0,0.0,0.0,0.0,0.0,0.0,0.0,1.0,0.0,0.0,0.0,0.0,0.0,0.0,0.0,0.0,0.0,0.0,0.0,0.0,1.0,0.0,1.0,1.0,1.0,1.0,1.0,1.0
1800,3863.0,3.0,0.0,7.0,101.0,0.0,0.0,0.0,0.0,2.0,0.0,2.0,1.0,0.0,0.0,1.0,0.0,0.0,0.0,1.0,0.0,18.0,33.0,42.0,0.0,0.0,0.0,0.6721311475,0.9574468085,0.0,1.0,1.0,0.0,1.0,0.0,1.0,0.0,0.0,0.0,0.0,1.0,0.0,0.0,1.0,-1.0,-1.0,-1.0,-1.0,-1.0,1.0,1.0
1801,4990.0,2.0,1.0,3.0,68.0,0.0,0.0,0.0,0.0,0.0,0.0,0.0,0.0,0.0,24.0,1.0,1.0,0.0,0.0,0.0,0.0,10.0,51.0,0.0,0.0,0.0,0.0,0.0,0.3333333333,0.0,1.0,0.0,0.0,0.0,0.0,0.0,0.0,0.0,0.0,0.0,0.0,0.0,0.0,1.0,0.0,1.0,1.0,0.0,1.0,1.0,1.0
1802,2524.0,2.0,0.0,3.0,53.0,0.0,0.0,0.0,0.0,0.0,0.0,0.0,0.0,0.0,1.0,1.0,0.0,0.0,0.0,0.0,0.0,15.0,31.0,0.0,0.0,0.0,0.0,0.0,0.0,0.0,1.0,1.0,0.0,0.0,1.0,0.0,0.0,0.0,0.0,0.0,0.0,0.0,0.0,1.0,1.0,1.0,1.0,1.0,-1.0,1.0,1.0
1803,3912.0,2.0,0.0,7.0,57.0,0.0,0.0,0.0,0.0,0.0,0.0,0.0,0.0,0.0,0.0,1.0,0.0,0.0,0.0,1.0,0.0,9.0,41.0,0.0,0.0,0.0,0.0,0.0666666667,0.0769230769,0.0,1.0,1.0,0.0,0.0,0.8666666667,0.0,0.0,0.0,0.0,0.0,0.0,0.0,0.0,1.0,0.0,1.0,1.0,1.0,-1.0,1.0,1.0
1804,5960.0,2.0,0.0,5.0,62.0,1.0,0.0,0.0,0.0,0.0,0.0,0.0,0.0,0.0,0.0,1.0,1.0,0.0,0.0,0.0,0.0,15.0,40.0,0.0,0.0,0.0,0.0,0.175,0.0363636364,0.0,1.0,0.0,0.0,0.0,0.025,0.0,0.0,0.0,0.0,0.0,1.0,0.0,0.0,1.0,0.0,1.0,1.0,0.0,1.0,0.0,0.0
1805,9649.0,2.0,1.0,3.0,57.0,3.0,0.0,0.0,0.0,0.0,0.0,0.0,0.0,0.0,3.0,1.0,1.0,0.0,0.0,1.0,0.0,12.0,38.0,0.0,0.0,0.0,0.0,0.0454545455,0.5555555556,0.0,1.0,0.0,0.0,0.0,0.0,0.0,0.0,0.0,0.0,0.0,1.0,0.0,0.0,1.0,0.0,0.0,1.0,0.0,1.0,0.0,0.0
1806,9992.0,3.0,1.0,2.0,42.0,0.0,0.0,0.0,0.0,0.0,0.0,0.0,0.0,0.0,0.0,1.0,0.0,0.0,0.0,1.0,0.0,17.0,18.0,0.0,0.0,0.0,0.0,0.0169491525,0.1834862385,0.0,1.0,0.0,1.0,0.0,0.0423728814,0.0,0.0,0.0,0.0,0.0,1.0,0.0,0.0,1.0,1.0,1.0,0.0,0.0,1.0,0.0,0.0
1807,5941.0,2.0,0.0,1.0,101.0,0.0,0.0,0.0,0.0,3.0,0.0,5.0,4.0,0.0,18.0,1.0,1.0,0.0,0.0,0.0,0.0,19.0,17.0,57.0,0.0,0.0,0.0,0.1967213115,0.5945945946,0.0,1.0,0.0,0.0,0.0,0.0,0.0,0.0,0.0,0.0,0.0,0.0,0.0,0.0,1.0,-1.0,-1.0,1.0,0.0,1.0,0.0,0.0
1808,7859.0,2.0,1.0,3.0,100.0,7.0,0.0,0.0,0.0,0.0,0.0,0.0,0.0,0.0,14.0,1.0,1.0,0.0,0.0,1.0,0.0,31.0,62.0,0.0,0.0,0.0,0.0,0.1176470588,0.9866666667,1.0,1.0,0.0,1.0,0.0,0.0196078431,0.0,0.0,0.0,0.0,0.0,1.0,0.0,0.0,1.0,-1.0,-1.0,0.0,0.0,1.0,0.0,0.0
1809,3191.0,2.0,1.0,3.0,68.0,1.0,1.0,0.0,0.0,0.0,0.0,0.0,0.0,0.0,16.0,1.0,1.0,0.0,0.0,1.0,0.0,21.0,40.0,0.0,0.0,0.0,0.0,0.0555555556,0.0909090909,0.0,1.0,1.0,0.0,0.0,0.9444444444,0.0,0.0,1.0,0.0,0.0,1.0,0.0,0.0,1.0,0.0,1.0,1.0,1.0,-1.0,1.0,1.0
1810,4507.0,2.0,0.0,2.0,32.0,0.0,0.0,0.0,0.0,0.0,0.0,0.0,0.0,0.0,0.0,1.0,0.0,0.0,0.0,0.0,0.0,10.0,15.0,0.0,0.0,0.0,0.0,0.0,0.0,0.0,1.0,1.0,0.0,0.0,0.0,0.0,0.0,0.0,0.0,0.0,0.0,1.0,0.0,1.0,1.0,1.0,1.0,1.0,1.0,1.0,1.0
1811,5428.0,1.0,0.0,3.0,63.0,1.0,0.0,0.0,0.0,0.0,0.0,1.0,0.0,0.0,1.0,1.0,1.0,0.0,0.0,0.0,0.0,16.0,33.0,6.0,0.0,0.0,0.0,0.0222222222,0.3888888889,0.0,1.0,0.0,0.0,0.0,0.0,0.0,0.0,0.0,0.0,0.0,1.0,0.0,0.0,1.0,0.0,-1.0,1.0,0.0,1.0,0.0,0.0
1812,250.0,1.0,0.0,2.0,28.0,0.0,0.0,0.0,0.0,0.0,0.0,0.0,0.0,0.0,0.0,1.0,0.0,0.0,0.0,1.0,0.0,17.0,4.0,0.0,0.0,0.0,0.0,1.0,1.0,0.0,1.0,0.0,0.0,0.0,0.0,1.0,0.0,0.0,0.0,0.0,0.0,0.0,0.0,1.0,1.0,-1.0,1.0,-1.0,-1.0,1.0,1.0
1813,7005.0,2.0,1.0,3.0,83.0,7.0,0.0,0.0,0.0,0.0,0.0,0.0,0.0,0.0,6.0,1.0,1.0,0.0,0.0,0.0,0.0,20.0,56.0,0.0,0.0,0.0,0.0,0.3612565445,0.2459016393,0.0,1.0,1.0,0.0,0.0,0.109947644,0.0,0.0,0.0,0.0,0.0,1.0,0.0,0.0,1.0,-1.0,1.0,1.0,0.0,0.0,0.0,0.0
1814,2126.0,2.0,0.0,4.0,66.0,1.0,0.0,0.0,0.0,0.0,0.0,0.0,0.0,0.0,0.0,1.0,0.0,0.0,0.0,0.0,0.0,24.0,35.0,0.0,0.0,0.0,0.0,0.0,0.5833333333,0.0,1.0,0.0,0.0,0.0,0.8,0.0,0.0,0.0,0.0,0.0,1.0,0.0,1.0,1.0,0.0,1.0,1.0,-1.0,-1.0,1.0,1.0
1815,5213.0,4.0,2.0,2.0,149.0,0.0,0.0,0.0,0.0,0.0,0.0,9.0,8.0,0.0,8.0,1.0,0.0,0.0,0.0,1.0,0.0,19.0,17.0,105.0,0.0,0.0,0.0,0.0175438596,0.2,0.0,1.0,0.0,1.0,0.0,0.0,0.0,0.0,0.0,0.0,0.0,0.0,0.0,0.0,0.0,-1.0,0.0,0.0,1.0,1.0,0.0,0.0
1816,1414.0,4.0,0.0,3.0,84.0,0.0,0.0,0.0,0.0,2.0,0.0,4.0,2.0,0.0,9.0,1.0,0.0,1.0,0.0,0.0,0.0,12.0,22.0,42.0,0.0,1.0,0.0,0.375,0.0,0.0,1.0,0.0,0.0,0.0,0.0,1.0,0.0,0.0,0.0,0.0,0.0,0.0,0.0,1.0,-1.0,1.0,1.0,0.0,0.0,1.0,1.0
1817,3132.0,2.0,1.0,5.0,65.0,1.0,0.0,0.0,0.0,0.0,0.0,0.0,0.0,0.0,2.0,1.0,0.0,0.0,0.0,0.0,0.0,18.0,40.0,0.0,0.0,0.0,0.0,0.0,0.0,0.0,1.0,0.0,0.0,0.0,1.0,0.0,0.0,0.0,0.0,0.0,1.0,0.0,0.0,1.0,0.0,1.0,1.0,1.0,-1.0,1.0,1.0
1818,5568.0,2.0,1.0,1.0,101.0,11.0,0.0,0.0,0.0,0.0,0.0,1.0,0.0,0.0,10.0,1.0,1.0,0.0,0.0,1.0,0.0,18.0,67.0,8.0,0.0,0.0,0.0,0.0243902439,0.4,0.0,0.0,0.0,0.0,0.0,0.0,0.0,0.0,0.0,0.0,0.0,0.0,0.0,0.0,1.0,-1.0,1.0,1.0,0.0,1.0,0.0,0.0
1819,3534.0,2.0,1.0,3.0,42.0,0.0,0.0,0.0,0.0,0.0,0.0,0.0,0.0,0.0,0.0,1.0,0.0,0.0,0.0,0.0,0.0,15.0,20.0,0.0,0.0,0.0,0.0,0.0,0.0740740741,1.0,1.0,0.0,0.0,0.0,0.0,0.0,0.0,0.0,0.0,0.0,0.0,0.0,0.0,1.0,1.0,1.0,1.0,1.0,1.0,1.0,1.0
1820,6440.0,2.0,1.0,3.0,94.0,1.0,0.0,0.0,0.0,0.0,2.0,2.0,1.0,0.0,11.0,1.0,0.0,0.0,0.0,1.0,0.0,19.0,27.0,40.0,0.0,0.0,0.0,0.0,0.8125,0.0,1.0,1.0,0.0,1.0,0.0,0.0,0.0,0.0,0.0,0.0,1.0,0.0,0.0,1.0,-1.0,-1.0,-1.0,0.0,1.0,0.0,0.0
1821,9171.0,2.0,1.0,4.0,59.0,2.0,0.0,0.0,0.0,0.0,0.0,1.0,0.0,0.0,11.0,1.0,1.0,0.0,0.0,1.0,0.0,17.0,28.0,6.0,0.0,0.0,0.0,0.4122807018,0.2903225806,0.0,1.0,0.0,0.0,0.0,0.0,0.0,0.0,0.0,0.0,0.0,0.0,0.0,0.0,1.0,0.0,1.0,1.0,0.0,0.0,0.0,0.0
1822,1069.0,5.0,1.0,2.0,52.0,0.0,0.0,0.0,0.0,0.0,0.0,0.0,0.0,0.0,6.0,1.0,1.0,0.0,0.0,1.0,0.0,19.0,26.0,0.0,0.0,0.0,0.0,0.0,1.0,0.0,1.0,0.0,0.0,0.0,0.0,1.0,0.0,0.0,0.0,0.0,0.0,0.0,0.0,1.0,1.0,-1.0,1.0,-1.0,1.0,1.0,1.0
1823,4948.0,2.0,1.0,2.0,32.0,2.0,1.0,0.0,0.0,0.0,0.0,0.0,0.0,0.0,0.0,1.0,0.0,0.0,0.0,1.0,0.0,16.0,9.0,0.0,0.0,0.0,0.0,0.0,0.08,0.0,1.0,1.0,0.0,1.0,0.9589041096,0.0,0.0,0.0,0.0,0.0,1.0,0.0,0.0,1.0,1.0,1.0,-1.0,1.0,-1.0,1.0,1.0
1824,7706.0,1.0,0.0,3.0,64.0,1.0,0.0,0.0,0.0,3.0,0.0,0.0,0.0,0.0,3.0,1.0,1.0,0.0,0.0,0.0,0.0,11.0,46.0,0.0,0.0,0.0,0.0,0.0454545455,0.8918918919,0.0,0.0,0.0,0.0,0.0,0.0,0.0,0.0,0.0,0.0,0.0,1.0,0.0,0.0,1.0,0.0,-1.0,1.0,-1.0,1.0,0.0,0.0
1825,2752.0,3.0,0.0,1.0,30.0,0.0,0.0,0.0,0.0,1.0,0.0,0.0,0.0,0.0,0.0,1.0,0.0,0.0,0.0,0.0,0.0,11.0,12.0,0.0,0.0,0.0,0.0,1.0,1.0,1.0,0.0,0.0,1.0,0.0,0.0,1.0,0.0,0.0,0.0,0.0,0.0,0.0,0.0,1.0,1.0,-1.0,0.0,-1.0,-1.0,1.0,1.0
1826,5204.0,1.0,0.0,5.0,107.0,7.0,0.0,0.0,0.0,0.0,0.0,0.0,0.0,0.0,5.0,1.0,1.0,0.0,0.0,0.0,0.0,8.0,92.0,0.0,0.0,0.0,0.0,0.0873015873,0.32,0.0,1.0,0.0,0.0,0.0,0.119047619,0.0,0.0,0.0,0.0,0.0,1.0,0.0,0.0,1.0,-1.0,0.0,1.0,0.0,1.0,0.0,0.0
1827,3838.0,4.0,1.0,9.0,135.0,1.0,0.0,0.0,1.0,0.0,0.0,0.0,0.0,0.0,27.0,1.0,1.0,0.0,0.0,1.0,0.0,18.0,110.0,0.0,0.0,1.0,0.0,0.0,0.0,0.0,1.0,0.0,0.0,0.0,0.0,0.0,0.0,0.0,0.0,0.0,0.0,0.0,0.0,1.0,-1.0,1.0,1.0,1.0,1.0,1.0,1.0
1828,9699.0,3.0,1.0,2.0,58.0,1.0,0.0,0.0,0.0,0.0,0.0,0.0,0.0,0.0,8.0,1.0,1.0,0.0,0.0,0.0,0.0,15.0,36.0,0.0,0.0,0.0,0.0,0.0833333333,0.2093023256,0.0,0.0,0.0,0.0,0.0,0.2222222222,0.0,0.0,0.0,0.0,0.0,1.0,0.0,0.0,1.0,0.0,1.0,1.0,0.0,1.0,0.0,0.0
1829,9786.0,2.0,1.0,4.0,49.0,1.0,0.0,0.0,0.0,0.0,0.0,0.0,0.0,0.0,7.0,1.0,1.0,0.0,0.0,1.0,0.0,15.0,27.0,0.0,0.0,0.0,0.0,0.3505154639,0.25,0.0,1.0,1.0,0.0,1.0,0.0,0.0,0.0,0.0,0.0,0.0,1.0,0.0,0.0,1.0,1.0,1.0,-1.0,0.0,0.0,0.0,0.0
1830,4728.0,2.0,0.0,5.0,142.0,2.0,1.0,0.0,0.0,2.0,0.0,1.0,0.0,0.0,39.0,0.0,1.0,0.0,0.0,0.0,0.0,15.0,113.0,5.0,0.0,0.0,1.0,0.9726027397,1.0,0.0,0.0,0.0,1.0,0.0,0.0,1.0,0.0,0.0,0.0,0.0,0.0,0.0,0.0,1.0,-1.0,-1.0,0.0,-1.0,-1.0,1.0,1.0
1831,8333.0,3.0,1.0,1.0,50.0,1.0,0.0,0.0,0.0,0.0,0.0,0.0,0.0,0.0,0.0,1.0,0.0,0.0,0.0,1.0,0.0,23.0,20.0,0.0,0.0,0.0,0.0,0.1059602649,0.0303030303,0.0,1.0,1.0,0.0,1.0,0.0,0.0,0.0,0.0,0.0,0.0,1.0,0.0,0.0,1.0,1.0,1.0,-1.0,0.0,1.0,0.0,0.0
1832,6663.0,1.0,0.0,3.0,64.0,0.0,0.0,0.0,0.0,0.0,0.0,0.0,0.0,0.0,0.0,1.0,1.0,0.0,0.0,0.0,0.0,9.0,48.0,0.0,0.0,0.0,0.0,0.015503876,0.0,0.0,1.0,0.0,0.0,0.0,0.0025839793,0.0,0.0,0.0,0.0,1.0,0.0,0.0,0.0,1.0,0.0,1.0,1.0,1.0,1.0,0.0,0.0
1833,9475.0,2.0,1.0,0.0,27.0,0.0,0.0,0.0,0.0,0.0,0.0,0.0,0.0,0.0,0.0,1.0,0.0,0.0,0.0,0.0,0.0,19.0,1.0,0.0,0.0,0.0,0.0,0.0,0.0425531915,0.0,0.0,0.0,0.0,0.0,0.125,0.0,0.0,0.0,0.0,0.0,0.0,0.0,0.0,1.0,1.0,1.0,1.0,1.0,1.0,0.0,0.0
1834,1730.0,2.0,1.0,5.0,92.0,1.0,0.0,0.0,0.0,0.0,0.0,0.0,0.0,0.0,22.0,1.0,1.0,0.0,0.0,1.0,0.0,29.0,56.0,0.0,0.0,0.0,0.0,0.0,0.7857142857,0.0,1.0,0.0,0.0,0.0,1.0,1.0,0.0,0.0,0.0,0.0,1.0,0.0,0.0,1.0,-1.0,-1.0,1.0,1.0,-1.0,1.0,1.0
1835,5893.0,3.0,1.0,2.0,110.0,8.0,0.0,0.0,0.0,1.0,0.0,0.0,0.0,0.0,5.0,1.0,1.0,0.0,0.0,1.0,0.0,28.0,75.0,0.0,0.0,0.0,0.0,0.1666666667,0.5128205128,0.0,1.0,1.0,0.0,0.0,0.0555555556,0.0,0.0,0.0,0.0,1.0,1.0,0.0,0.0,1.0,-1.0,0.0,1.0,0.0,1.0,0.0,0.0
1836,703.0,15.0,1.0,4.0,249.0,0.0,0.0,0.0,0.0,0.0,0.0,6.0,12.0,1.0,74.0,1.0,1.0,0.0,0.0,1.0,0.0,14.0,28.0,174.0,0.0,0.0,0.0,0.0,0.6666666667,1.0,1.0,0.0,0.0,0.0,0.0,0.0,0.0,0.0,0.0,0.0,0.0,0.0,0.0,1.0,-1.0,-1.0,1.0,0.0,1.0,1.0,1.0
1837,8662.0,1.0,0.0,5.0,40.0,1.0,0.0,0.0,0.0,0.0,0.0,0.0,0.0,0.0,1.0,1.0,0.0,0.0,0.0,1.0,0.0,10.0,23.0,0.0,0.0,0.0,0.0,0.5136054422,0.234375,0.0,1.0,0.0,0.0,0.0,0.0034013605,0.0,0.0,0.0,0.0,0.0,1.0,0.0,0.0,1.0,1.0,1.0,1.0,0.0,0.0,0.0,0.0
1838,7877.0,2.0,1.0,4.0,87.0,2.0,0.0,0.0,0.0,0.0,0.0,1.0,0.0,0.0,0.0,1.0,0.0,0.0,0.0,1.0,0.0,24.0,35.0,20.0,0.0,0.0,0.0,0.0824742268,0.1162790698,0.0,0.0,0.0,0.0,0.0,0.0,0.0,0.0,0.0,0.0,0.0,0.0,0.0,0.0,1.0,-1.0,0.0,1.0,1.0,1.0,0.0,0.0
1839,9919.0,3.0,1.0,1.0,46.0,2.0,0.0,0.0,0.0,0.0,0.0,0.0,0.0,0.0,5.0,1.0,1.0,0.0,0.0,1.0,0.0,20.0,19.0,0.0,0.0,0.0,0.0,0.2666666667,0.55,0.0,1.0,0.0,0.0,0.0,0.0,0.0,0.0,0.0,0.0,0.0,0.0,0.0,0.0,1.0,1.0,0.0,1.0,0.0,1.0,0.0,0.0
1840,2031.0,5.0,0.0,5.0,75.0,2.0,0.0,0.0,1.0,0.0,0.0,0.0,0.0,0.0,9.0,1.0,0.0,1.0,0.0,0.0,0.0,12.0,56.0,0.0,0.0,0.0,1.0,1.0,1.0,0.0,1.0,0.0,0.0,0.0,0.0,1.0,0.0,0.0,0.0,0.0,0.0,0.0,0.0,1.0,0.0,-1.0,1.0,-1.0,-1.0,1.0,1.0
1841,9908.0,3.0,1.0,1.0,46.0,2.0,0.0,0.0,0.0,0.0,0.0,0.0,0.0,0.0,2.0,1.0,0.0,0.0,0.0,0.0,0.0,15.0,24.0,0.0,0.0,0.0,0.0,0.0,0.0097087379,0.0,1.0,0.0,0.0,0.0,0.0040650407,0.0,0.0,0.0,0.0,0.0,0.0,0.0,0.0,1.0,1.0,1.0,1.0,1.0,1.0,0.0,0.0
1842,2761.0,3.0,0.0,4.0,82.0,1.0,0.0,0.0,0.0,0.0,1.0,0.0,0.0,0.0,2.0,1.0,1.0,0.0,0.0,0.0,0.0,29.0,46.0,0.0,0.0,0.0,0.0,0.0,0.75,0.0,1.0,0.0,0.0,0.0,0.0,0.0,0.0,0.0,0.0,0.0,0.0,0.0,0.0,1.0,-1.0,1.0,1.0,-1.0,1.0,1.0,1.0
1843,855.0,2.0,1.0,4.0,49.0,1.0,1.0,0.0,0.0,0.0,0.0,0.0,0.0,0.0,0.0,1.0,0.0,0.0,0.0,1.0,0.0,19.0,23.0,0.0,0.0,0.0,0.0,0.375,0.0,0.0,1.0,0.0,0.0,0.0,0.1875,0.0,0.0,0.0,0.0,0.0,0.0,0.0,0.0,1.0,1.0,1.0,1.0,0.0,0.0,1.0,1.0
1844,5427.0,2.0,1.0,7.0,74.0,4.0,0.0,0.0,0.0,0.0,0.0,0.0,0.0,0.0,12.0,1.0,1.0,0.0,0.0,1.0,0.0,19.0,48.0,0.0,0.0,0.0,0.0,0.1071428571,0.2222222222,0.0,1.0,1.0,0.0,1.0,0.0119047619,0.0,0.0,0.0,0.0,0.0,1.0,0.0,0.0,1.0,0.0,1.0,-1.0,0.0,1.0,0.0,0.0
1845,580.0,4.0,0.0,3.0,93.0,2.0,0.0,0.0,0.0,0.0,0.0,0.0,0.0,0.0,22.0,1.0,0.0,1.0,0.0,0.0,0.0,13.0,37.0,35.0,0.0,2.0,0.0,0.0,0.0357142857,1.0,1.0,0.0,0.0,0.0,0.0,1.0,0.0,0.0,0.0,0.0,1.0,0.0,0.0,1.0,-1.0,1.0,1.0,1.0,1.0,1.0,1.0
1846,5395.0,2.0,0.0,4.0,100.0,7.0,0.0,0.0,0.0,0.0,0.0,0.0,0.0,0.0,0.0,1.0,1.0,0.0,0.0,1.0,0.0,12.0,81.0,0.0,0.0,0.0,0.0,0.3333333333,0.0,0.0,1.0,1.0,0.0,0.0,0.0,0.0,0.0,0.0,0.0,0.0,0.0,0.0,0.0,1.0,-1.0,1.0,1.0,1.0,0.0,0.0,0.0
1847,7954.0,1.0,0.0,5.0,62.0,0.0,0.0,0.0,0.0,2.0,0.0,0.0,0.0,0.0,8.0,1.0,1.0,0.0,0.0,1.0,0.0,24.0,31.0,0.0,0.0,0.0,0.0,0.5357142857,1.0,1.0,1.0,1.0,1.0,0.0,0.03125,0.0,0.0,0.0,0.0,1.0,1.0,0.0,0.0,1.0,0.0,-1.0,0.0,0.0,0.0,0.0,0.0
1848,1169.0,2.0,0.0,4.0,82.0,3.0,0.0,0.0,0.0,0.0,0.0,0.0,0.0,0.0,0.0,1.0,0.0,0.0,0.0,0.0,0.0,13.0,62.0,0.0,0.0,1.0,0.0,0.0,0.0,0.0,1.0,0.0,0.0,0.0,0.0,0.0,0.0,0.0,0.0,0.0,0.0,0.0,0.0,1.0,-1.0,1.0,1.0,1.0,1.0,1.0,1.0
1849,5296.0,1.0,0.0,5.0,73.0,8.0,0.0,0.0,0.0,0.0,0.0,0.0,0.0,0.0,8.0,1.0,1.0,0.0,0.0,1.0,0.0,15.0,51.0,0.0,0.0,0.0,0.0,0.1910828025,0.7142857143,0.0,1.0,0.0,0.0,0.0,0.0063694268,0.0,0.0,0.0,0.0,0.0,0.0,0.0,0.0,1.0,0.0,-1.0,1.0,0.0,1.0,0.0,0.0
1850,774.0,4.0,2.0,2.0,66.0,0.0,0.0,0.0,0.0,0.0,0.0,0.0,0.0,0.0,21.0,1.0,1.0,0.0,0.0,0.0,0.0,25.0,34.0,0.0,0.0,0.0,0.0,0.0,0.7857142857,0.0,1.0,0.0,0.0,0.0,1.0,1.0,0.0,0.0,0.0,0.0,1.0,0.0,0.0,0.0,0.0,-1.0,1.0,1.0,-1.0,1.0,1.0
1851,5181.0,1.0,0.0,3.0,103.0,10.0,0.0,0.0,0.0,0.0,0.0,0.0,0.0,0.0,11.0,1.0,1.0,0.0,0.0,1.0,0.0,20.0,76.0,0.0,0.0,0.0,0.0,0.0,0.6,0.0,0.0,0.0,0.0,0.0,0.15625,0.0,0.0,0.0,0.0,0.0,1.0,0.0,0.0,1.0,-1.0,1.0,1.0,0.0,1.0,0.0,0.0
1852,7221.0,4.0,1.0,1.0,70.0,0.0,0.0,0.0,0.0,2.0,0.0,2.0,0.0,0.0,5.0,1.0,0.0,0.0,0.0,0.0,0.0,20.0,10.0,32.0,0.0,1.0,0.0,0.0,0.1379310345,0.0,1.0,1.0,0.0,0.0,0.0,0.0,0.0,0.0,0.0,0.0,1.0,0.0,0.0,1.0,0.0,1.0,1.0,0.0,1.0,0.0,0.0
1853,7443.0,1.0,0.0,3.0,175.0,23.0,0.0,0.0,0.0,0.0,0.0,1.0,0.0,0.0,5.0,1.0,1.0,0.0,0.0,0.0,0.0,17.0,139.0,11.0,0.0,0.0,0.0,0.5298013245,0.4897959184,0.0,1.0,0.0,0.0,0.0,0.0,0.0,0.0,0.0,0.0,0.0,1.0,0.0,0.0,1.0,-1.0,0.0,1.0,0.0,0.0,0.0,0.0
1854,3637.0,2.0,1.0,3.0,94.0,1.0,0.0,0.0,0.0,0.0,0.0,0.0,0.0,0.0,29.0,1.0,1.0,0.0,0.0,0.0,0.0,29.0,58.0,0.0,0.0,1.0,0.0,0.0,0.0,0.0,0.0,0.0,0.0,0.0,0.0,1.0,0.0,0.0,0.0,0.0,0.0,1.0,0.0,1.0,-1.0,1.0,1.0,1.0,1.0,1.0,1.0
1855,3256.0,2.0,1.0,3.0,72.0,0.0,0.0,0.0,0.0,0.0,0.0,0.0,0.0,0.0,22.0,1.0,1.0,0.0,0.0,0.0,0.0,27.0,38.0,0.0,0.0,0.0,0.0,0.0,0.7857142857,0.0,1.0,0.0,0.0,0.0,1.0,1.0,0.0,0.0,0.0,0.0,1.0,0.0,0.0,1.0,0.0,-1.0,1.0,1.0,-1.0,1.0,1.0
1856,4893.0,2.0,0.0,5.0,48.0,0.0,0.0,0.0,0.0,0.0,0.0,0.0,0.0,0.0,0.0,1.0,0.0,0.0,0.0,1.0,0.0,11.0,30.0,0.0,0.0,0.0,0.0,0.0,0.0,0.0,1.0,0.0,0.0,0.0,0.0,0.0,0.0,0.0,0.0,0.0,0.0,0.0,0.0,1.0,1.0,1.0,1.0,1.0,1.0,1.0,1.0
1857,5979.0,3.0,1.0,4.0,96.0,1.0,0.0,0.0,0.0,0.0,0.0,2.0,1.0,0.0,9.0,1.0,1.0,0.0,0.0,0.0,0.0,16.0,25.0,47.0,0.0,0.0,0.0,0.0285714286,0.2727272727,0.0,1.0,0.0,0.0,0.0,0.0,0.0,0.0,0.0,0.0,0.0,0.0,0.0,0.0,1.0,-1.0,1.0,1.0,0.0,1.0,0.0,0.0
1858,1052.0,2.0,1.0,5.0,59.0,1.0,0.0,0.0,0.0,0.0,0.0,0.0,0.0,0.0,0.0,1.0,0.0,0.0,0.0,0.0,0.0,23.0,29.0,0.0,0.0,0.0,0.0,0.0666666667,0.0769230769,0.0,1.0,1.0,0.0,0.0,0.8666666667,0.0,0.0,0.0,0.0,0.0,0.0,0.0,0.0,1.0,0.0,1.0,1.0,1.0,-1.0,1.0,1.0
1859,1556.0,2.0,0.0,4.0,73.0,1.0,0.0,0.0,0.0,0.0,0.0,0.0,0.0,0.0,19.0,1.0,1.0,0.0,0.0,0.0,0.0,13.0,53.0,0.0,0.0,0.0,1.0,1.0,1.0,0.0,1.0,0.0,0.0,0.0,0.0,1.0,0.0,0.0,0.0,0.0,1.0,0.0,0.0,1.0,0.0,-1.0,1.0,-1.0,-1.0,1.0,1.0
1860,5031.0,3.0,1.0,2.0,43.0,1.0,0.0,0.0,0.0,0.0,0.0,0.0,0.0,0.0,0.0,1.0,0.0,0.0,0.0,1.0,0.0,17.0,19.0,0.0,0.0,0.0,0.0,0.460106383,0.9594594595,0.0,1.0,1.0,0.0,0.0,0.0079787234,0.0,0.0,0.0,0.0,0.0,0.0,0.0,0.0,1.0,1.0,-1.0,1.0,0.0,0.0,0.0,0.0
1861,8748.0,1.0,0.0,4.0,35.0,0.0,0.0,0.0,0.0,0.0,0.0,0.0,0.0,0.0,8.0,1.0,1.0,0.0,0.0,0.0,0.0,16.0,12.0,0.0,0.0,0.0,0.0,0.1846965699,1.0,1.0,1.0,1.0,1.0,0.0,0.0079155673,0.0,0.0,0.0,0.0,0.0,1.0,0.0,0.0,1.0,1.0,-1.0,0.0,-1.0,1.0,0.0,0.0
1862,6894.0,1.0,0.0,2.0,75.0,7.0,1.0,0.0,0.0,0.0,0.0,0.0,0.0,0.0,0.0,1.0,0.0,0.0,0.0,1.0,0.0,19.0,49.0,0.0,0.0,0.0,1.0,0.0714285714,0.1428571429,0.0,1.0,0.0,0.0,0.0,0.0333333333,0.0,0.0,0.0,0.0,0.0,0.0,0.0,0.0,1.0,0.0,1.0,1.0,0.0,1.0,0.0,0.0
1863,5559.0,2.0,1.0,2.0,96.0,3.0,0.0,0.0,0.0,0.0,0.0,1.0,0.0,0.0,0.0,1.0,1.0,0.0,0.0,0.0,0.0,21.0,57.0,10.0,0.0,0.0,0.0,0.0076335878,1.0,1.0,1.0,0.0,0.0,0.0,0.0,0.0,0.0,0.0,0.0,0.0,1.0,0.0,0.0,1.0,-1.0,-1.0,1.0,-1.0,1.0,0.0,0.0
1864,1983.0,2.0,0.0,2.0,35.0,0.0,0.0,0.0,0.0,0.0,0.0,0.0,0.0,0.0,4.0,1.0,1.0,0.0,0.0,0.0,0.0,10.0,18.0,0.0,0.0,0.0,0.0,0.0,0.25,0.0,1.0,1.0,0.0,0.0,1.0,0.0,0.0,0.0,0.0,0.0,0.0,0.0,0.0,1.0,1.0,1.0,1.0,0.0,-1.0,1.0,1.0
1865,529.0,2.0,0.0,3.0,51.0,1.0,0.0,0.0,0.0,0.0,0.0,0.0,0.0,0.0,0.0,1.0,0.0,0.0,0.0,0.0,0.0,24.0,20.0,0.0,0.0,0.0,0.0,1.0,1.0,0.0,1.0,0.0,1.0,0.0,0.0,1.0,0.0,0.0,0.0,0.0,1.0,0.0,0.0,1.0,1.0,-1.0,0.0,1.0,-1.0,1.0,1.0
1866,4896.0,3.0,1.0,2.0,55.0,0.0,0.0,0.0,0.0,0.0,0.0,0.0,0.0,0.0,0.0,1.0,1.0,0.0,0.0,0.0,0.0,29.0,19.0,0.0,0.0,1.0,0.0,0.8888888889,0.0,0.0,1.0,0.0,0.0,0.0,0.1111111111,0.0,0.0,0.0,0.0,0.0,0.0,0.0,0.0,1.0,0.0,1.0,1.0,1.0,-1.0,1.0,1.0
1867,5216.0,3.0,1.0,4.0,91.0,1.0,0.0,0.0,0.0,0.0,0.0,2.0,1.0,0.0,3.0,1.0,0.0,0.0,0.0,1.0,0.0,15.0,46.0,22.0,0.0,0.0,0.0,0.0,0.1764705882,0.0,1.0,1.0,0.0,0.0,0.0,0.0,0.0,0.0,0.0,0.0,0.0,1.0,0.0,1.0,-1.0,1.0,1.0,0.0,1.0,0.0,0.0
1868,7524.0,3.0,1.0,3.0,61.0,2.0,0.0,0.0,0.0,0.0,0.0,0.0,0.0,0.0,6.0,1.0,1.0,0.0,0.0,0.0,0.0,16.0,38.0,0.0,0.0,0.0,0.0,0.5175572519,0.8618181818,0.0,0.0,0.0,1.0,0.0,0.0351145038,0.0,0.0,0.0,1.0,0.0,1.0,0.0,0.0,1.0,0.0,-1.0,0.0,-1.0,0.0,0.0,0.0
1869,7880.0,3.0,1.0,2.0,65.0,0.0,0.0,0.0,0.0,0.0,0.0,2.0,1.0,0.0,13.0,1.0,0.0,0.0,0.0,0.0,0.0,14.0,20.0,23.0,0.0,0.0,0.0,0.0,0.125,0.0,1.0,0.0,0.0,0.0,0.0,0.0,0.0,0.0,0.0,0.0,0.0,0.0,0.0,1.0,0.0,0.0,1.0,1.0,1.0,0.0,0.0
1870,5742.0,2.0,0.0,1.0,93.0,0.0,0.0,0.0,0.0,0.0,1.0,6.0,5.0,0.0,4.0,1.0,0.0,0.0,0.0,0.0,0.0,16.0,15.0,54.0,0.0,0.0,0.0,0.0,0.0314465409,0.0,1.0,0.0,1.0,0.0,0.0,0.0,0.0,0.0,0.0,1.0,0.0,0.0,0.0,1.0,-1.0,1.0,0.0,0.0,1.0,0.0,0.0
1871,1844.0,3.0,1.0,3.0,58.0,0.0,0.0,0.0,0.0,0.0,0.0,0.0,0.0,0.0,0.0,1.0,0.0,0.0,0.0,0.0,0.0,28.0,23.0,0.0,0.0,0.0,0.0,0.0,0.0,0.0,1.0,0.0,0.0,0.0,0.0,0.0,0.0,0.0,0.0,0.0,0.0,0.0,0.0,1.0,0.0,1.0,1.0,1.0,1.0,1.0,1.0
1872,1402.0,4.0,1.0,4.0,62.0,2.0,1.0,0.0,0.0,0.0,0.0,0.0,0.0,0.0,0.0,1.0,0.0,0.0,0.0,1.0,0.0,29.0,26.0,0.0,0.0,0.0,1.0,1.0,1.0,0.0,1.0,0.0,1.0,0.0,0.0,1.0,0.0,0.0,0.0,0.0,1.0,0.0,0.0,1.0,0.0,-1.0,0.0,-1.0,-1.0,1.0,1.0
1873,794.0,2.0,0.0,4.0,73.0,1.0,0.0,0.0,0.0,0.0,0.0,0.0,0.0,0.0,18.0,1.0,1.0,0.0,0.0,0.0,0.0,13.0,53.0,0.0,0.0,0.0,1.0,1.0,1.0,0.0,1.0,0.0,0.0,0.0,0.0,1.0,0.0,0.0,0.0,0.0,1.0,0.0,0.0,1.0,0.0,-1.0,1.0,-1.0,-1.0,1.0,1.0
1874,1504.0,2.0,0.0,3.0,38.0,0.0,0.0,0.0,0.0,0.0,0.0,0.0,0.0,0.0,0.0,1.0,0.0,0.0,0.0,0.0,0.0,17.0,14.0,0.0,0.0,0.0,0.0,0.0,0.1538461538,0.0,1.0,0.0,0.0,0.0,0.0,0.0,0.0,0.0,0.0,0.0,0.0,0.0,0.0,1.0,1.0,1.0,1.0,1.0,1.0,1.0,1.0
1875,6909.0,5.0,1.0,11.0,122.0,0.0,0.0,0.0,0.0,0.0,0.0,0.0,0.0,0.0,3.0,1.0,0.0,0.0,0.0,1.0,0.0,20.0,95.0,0.0,0.0,0.0,1.0,0.0,0.0,0.0,0.0,0.0,0.0,0.0,0.0363636364,0.0,0.0,0.0,0.0,0.0,0.0,0.0,0.0,1.0,-1.0,1.0,1.0,1.0,1.0,0.0,0.0
1876,9601.0,2.0,1.0,0.0,50.0,0.0,0.0,0.0,0.0,0.0,0.0,2.0,1.0,0.0,2.0,1.0,0.0,0.0,0.0,0.0,0.0,17.0,1.0,24.0,0.0,0.0,0.0,0.0610687023,0.3157894737,0.0,1.0,0.0,0.0,0.0,0.0,0.0,0.0,0.0,0.0,0.0,0.0,0.0,0.0,1.0,1.0,1.0,1.0,0.0,1.0,0.0,0.0
1877,7491.0,2.0,1.0,5.0,99.0,7.0,0.0,0.0,0.0,0.0,0.0,0.0,0.0,0.0,14.0,1.0,1.0,0.0,0.0,1.0,0.0,20.0,72.0,0.0,0.0,0.0,0.0,0.0707070707,0.5294117647,0.0,0.0,0.0,0.0,0.0,0.0101010101,0.0,0.0,0.0,0.0,0.0,1.0,0.0,0.0,1.0,-1.0,0.0,1.0,0.0,1.0,0.0,0.0
1878,7836.0,2.0,1.0,2.0,69.0,0.0,0.0,0.0,0.0,0.0,1.0,2.0,1.0,0.0,1.0,1.0,0.0,0.0,0.0,0.0,0.0,13.0,14.0,34.0,0.0,0.0,0.0,0.1325301205,0.0256410256,0.0,1.0,0.0,0.0,0.0,0.0,0.0,0.0,0.0,0.0,0.0,0.0,0.0,0.0,1.0,0.0,1.0,1.0,1.0,1.0,0.0,0.0
1879,4330.0,3.0,1.0,4.0,62.0,1.0,0.0,0.0,0.0,0.0,0.0,0.0,0.0,0.0,0.0,1.0,0.0,0.0,0.0,1.0,0.0,13.0,42.0,0.0,0.0,0.0,0.0,0.0,0.0,0.0,1.0,0.0,0.0,0.0,0.0,0.0,0.0,0.0,0.0,0.0,0.0,0.0,0.0,1.0,0.0,1.0,1.0,1.0,1.0,1.0,1.0
1880,3138.0,3.0,1.0,6.0,147.0,2.0,0.0,0.0,0.0,0.0,0.0,0.0,0.0,0.0,23.0,1.0,1.0,0.0,0.0,1.0,0.0,11.0,129.0,0.0,0.0,0.0,0.0,0.0,0.0416666667,1.0,1.0,0.0,0.0,0.0,0.0,0.0,0.0,0.0,0.0,0.0,0.0,0.0,0.0,1.0,-1.0,1.0,1.0,0.0,1.0,1.0,1.0
1881,583.0,4.0,1.0,4.0,57.0,1.0,0.0,0.0,0.0,0.0,0.0,0.0,0.0,0.0,0.0,1.0,0.0,0.0,0.0,0.0,0.0,21.0,29.0,0.0,0.0,0.0,0.0,0.0,0.6428571429,1.0,1.0,0.0,0.0,0.0,1.0,0.0,0.0,0.0,0.0,0.0,0.0,0.0,0.0,1.0,0.0,-1.0,1.0,0.0,-1.0,1.0,1.0
1882,4479.0,2.0,0.0,3.0,55.0,1.0,0.0,0.0,0.0,0.0,0.0,0.0,0.0,0.0,0.0,1.0,1.0,0.0,0.0,0.0,0.0,22.0,26.0,0.0,0.0,0.0,0.0,1.0,1.0,0.0,1.0,0.0,0.0,0.0,0.0,1.0,0.0,0.0,0.0,0.0,1.0,0.0,0.0,1.0,0.0,-1.0,1.0,-1.0,-1.0,1.0,1.0
1883,9872.0,2.0,1.0,1.0,30.0,0.0,0.0,0.0,0.0,0.0,0.0,0.0,0.0,0.0,6.0,1.0,1.0,0.0,0.0,0.0,0.0,15.0,8.0,0.0,0.0,0.0,0.0,0.0483870968,0.064516129,0.0,1.0,1.0,0.0,1.0,0.0322580645,0.0,0.0,0.0,0.0,0.0,0.0,0.0,0.0,1.0,1.0,1.0,-1.0,1.0,1.0,0.0,0.0
1884,7952.0,2.0,1.0,2.0,136.0,16.0,0.0,0.0,0.0,0.0,0.0,0.0,0.0,0.0,0.0,1.0,1.0,0.0,0.0,1.0,0.0,19.0,110.0,0.0,0.0,0.0,0.0,0.1379310345,0.3157894737,0.0,1.0,0.0,1.0,0.0,0.0431034483,0.0,0.0,0.0,0.0,0.0,0.0,0.0,0.0,1.0,-1.0,-1.0,0.0,1.0,1.0,0.0,0.0
1885,1016.0,4.0,0.0,3.0,111.0,0.0,0.0,0.0,0.0,2.0,0.0,7.0,6.0,0.0,9.0,1.0,0.0,1.0,0.0,0.0,0.0,12.0,22.0,69.0,0.0,0.0,0.0,0.375,0.0,0.0,1.0,0.0,0.0,0.0,0.0,1.0,0.0,0.0,0.0,0.0,0.0,0.0,0.0,1.0,-1.0,1.0,1.0,0.0,0.0,1.0,1.0
1886,7703.0,2.0,1.0,3.0,83.0,5.0,0.0,0.0,0.0,0.0,0.0,0.0,0.0,0.0,15.0,1.0,1.0,0.0,0.0,1.0,0.0,25.0,51.0,0.0,0.0,0.0,0.0,0.0731707317,0.0933333333,0.0,1.0,0.0,0.0,0.0,0.0243902439,0.0,0.0,0.0,0.0,0.0,0.0,0.0,0.0,1.0,-1.0,1.0,1.0,0.0,1.0,0.0,0.0
1887,5330.0,2.0,1.0,5.0,65.0,3.0,0.0,0.0,0.0,0.0,0.0,0.0,0.0,0.0,8.0,1.0,1.0,0.0,0.0,0.0,0.0,20.0,38.0,0.0,0.0,0.0,0.0,0.2608695652,0.696969697,0.0,0.0,0.0,0.0,0.0,0.0,0.0,0.0,0.0,0.0,1.0,1.0,0.0,0.0,1.0,0.0,-1.0,1.0,0.0,1.0,0.0,0.0
1888,9464.0,2.0,1.0,3.0,44.0,0.0,0.0,0.0,0.0,0.0,0.0,0.0,0.0,0.0,4.0,1.0,1.0,0.0,0.0,0.0,0.0,20.0,17.0,0.0,0.0,0.0,0.0,0.2682926829,0.5714285714,0.0,0.0,0.0,0.0,0.0,0.0487804878,0.0,0.0,0.0,0.0,0.0,1.0,0.0,0.0,1.0,1.0,1.0,1.0,0.0,0.0,0.0,0.0
1889,5227.0,2.0,0.0,1.0,65.0,0.0,0.0,0.0,0.0,3.0,0.0,3.0,2.0,0.0,8.0,1.0,0.0,0.0,0.0,0.0,0.0,12.0,10.0,35.0,0.0,0.0,0.0,0.4015748031,0.4893617021,0.0,1.0,1.0,0.0,1.0,0.0,0.0,0.0,1.0,0.0,1.0,1.0,0.0,0.0,1.0,0.0,0.0,-1.0,0.0,0.0,0.0,0.0
1890,7551.0,3.0,1.0,4.0,114.0,1.0,0.0,0.0,0.0,2.0,0.0,1.0,0.0,0.0,32.0,1.0,1.0,0.0,0.0,1.0,0.0,19.0,40.0,47.0,0.0,0.0,0.0,0.2256097561,0.7407407407,0.0,1.0,0.0,0.0,0.0,0.0,0.0,0.0,0.0,0.0,0.0,0.0,0.0,0.0,1.0,-1.0,-1.0,1.0,0.0,1.0,0.0,0.0
1891,9762.0,2.0,1.0,3.0,47.0,1.0,0.0,0.0,0.0,0.0,0.0,0.0,0.0,0.0,0.0,1.0,0.0,0.0,0.0,0.0,0.0,19.0,21.0,0.0,0.0,0.0,0.0,0.1828571429,0.7083333333,0.0,1.0,0.0,0.0,0.0,0.0571428571,0.0,0.0,0.0,0.0,0.0,1.0,0.0,0.0,1.0,1.0,-1.0,1.0,0.0,1.0,0.0,0.0
1892,2281.0,2.0,0.0,4.0,47.0,1.0,1.0,0.0,0.0,0.0,0.0,0.0,0.0,0.0,4.0,1.0,1.0,0.0,0.0,0.0,0.0,17.0,23.0,0.0,0.0,0.0,0.0,0.0,0.0,0.0,1.0,0.0,0.0,0.0,1.0,0.0,0.0,0.0,0.0,0.0,0.0,0.0,1.0,1.0,1.0,1.0,1.0,1.0,-1.0,1.0,1.0
1893,1699.0,1.0,0.0,2.0,24.0,0.0,0.0,0.0,0.0,0.0,0.0,0.0,0.0,0.0,0.0,1.0,1.0,0.0,0.0,0.0,0.0,11.0,6.0,0.0,0.0,0.0,0.0,0.0,0.0,0.0,1.0,0.0,0.0,0.0,0.0,0.0,0.0,0.0,0.0,0.0,0.0,0.0,0.0,1.0,1.0,1.0,1.0,1.0,1.0,1.0,1.0
1894,3060.0,2.0,1.0,0.0,23.0,1.0,1.0,0.0,0.0,0.0,0.0,0.0,0.0,0.0,0.0,1.0,0.0,0.0,0.0,0.0,0.0,15.0,1.0,0.0,0.0,0.0,0.0,0.7058823529,0.2272727273,1.0,1.0,0.0,0.0,0.0,0.0,1.0,0.0,0.0,0.0,0.0,1.0,0.0,0.0,1.0,1.0,0.0,1.0,0.0,-1.0,1.0,1.0
1895,371.0,2.0,1.0,3.0,40.0,0.0,0.0,0.0,0.0,0.0,0.0,0.0,0.0,0.0,0.0,1.0,1.0,0.0,0.0,1.0,0.0,22.0,11.0,0.0,0.0,0.0,0.0,1.0,0.1428571429,1.0,1.0,0.0,0.0,0.0,0.0,0.0,0.0,0.0,0.0,0.0,1.0,0.0,0.0,1.0,1.0,1.0,1.0,0.0,-1.0,1.0,1.0
1896,4943.0,2.0,1.0,6.0,95.0,1.0,0.0,0.0,0.0,0.0,0.0,0.0,0.0,0.0,20.0,1.0,1.0,0.0,0.0,0.0,0.0,35.0,53.0,0.0,0.0,0.0,0.0,0.0,0.0714285714,0.0,1.0,0.0,0.0,0.0,1.0,0.0,0.0,0.0,0.0,0.0,1.0,0.0,0.0,1.0,-1.0,1.0,1.0,1.0,-1.0,1.0,1.0
1897,2888.0,2.0,0.0,3.0,51.0,1.0,0.0,0.0,0.0,0.0,0.0,0.0,0.0,0.0,0.0,1.0,0.0,0.0,0.0,0.0,0.0,15.0,29.0,0.0,0.0,1.0,0.0,0.5,1.0,1.0,1.0,0.0,0.0,0.0,0.0,1.0,0.0,0.0,0.0,0.0,0.0,0.0,0.0,1.0,1.0,-1.0,1.0,-1.0,0.0,1.0,1.0
1898,7250.0,3.0,1.0,2.0,140.0,10.0,0.0,0.0,0.0,1.0,0.0,1.0,0.0,0.0,6.0,1.0,0.0,0.0,0.0,0.0,0.0,25.0,34.0,73.0,0.0,1.0,0.0,0.0337078652,0.4545454545,0.0,1.0,1.0,0.0,0.0,0.0,0.0,0.0,0.0,0.0,0.0,1.0,0.0,0.0,1.0,-1.0,0.0,1.0,0.0,1.0,0.0,0.0
1899,9120.0,2.0,0.0,2.0,52.0,0.0,0.0,0.0,0.0,0.0,0.0,1.0,0.0,0.0,5.0,1.0,0.0,0.0,0.0,0.0,0.0,12.0,17.0,15.0,0.0,0.0,0.0,0.0481927711,0.0786516854,0.0,1.0,0.0,0.0,0.0,0.0,0.0,0.0,0.0,0.0,0.0,1.0,0.0,0.0,1.0,1.0,1.0,1.0,0.0,1.0,0.0,0.0
1900,591.0,2.0,1.0,4.0,41.0,0.0,0.0,0.0,0.0,0.0,0.0,0.0,0.0,0.0,0.0,1.0,0.0,0.0,0.0,1.0,0.0,21.0,13.0,0.0,0.0,0.0,0.0,0.0,0.0,0.0,1.0,0.0,0.0,0.0,0.0,0.0,0.0,0.0,0.0,0.0,0.0,0.0,0.0,1.0,1.0,1.0,1.0,1.0,1.0,1.0,1.0
1901,4375.0,3.0,1.0,4.0,57.0,0.0,0.0,0.0,1.0,0.0,0.0,0.0,0.0,0.0,0.0,1.0,1.0,0.0,0.0,1.0,0.0,18.0,32.0,0.0,0.0,0.0,0.0,1.0,0.1052631579,0.0,1.0,0.0,0.0,0.0,0.0,0.0,0.0,0.0,0.0,0.0,0.0,0.0,0.0,1.0,0.0,1.0,1.0,1.0,-1.0,1.0,1.0
1902,1813.0,1.0,0.0,3.0,64.0,0.0,0.0,0.0,0.0,0.0,0.0,0.0,0.0,0.0,15.0,1.0,1.0,0.0,0.0,0.0,0.0,19.0,38.0,0.0,0.0,0.0,0.0,0.0,0.0,0.0,1.0,0.0,0.0,0.0,0.0,0.0,0.0,0.0,0.0,0.0,0.0,0.0,0.0,1.0,0.0,1.0,1.0,1.0,1.0,1.0,1.0
1903,2210.0,4.0,1.0,4.0,53.0,1.0,0.0,0.0,0.0,0.0,0.0,0.0,0.0,0.0,0.0,1.0,0.0,0.0,0.0,0.0,0.0,14.0,32.0,0.0,0.0,1.0,0.0,0.0,0.0,0.0,1.0,0.0,0.0,0.0,0.0,0.0,0.0,0.0,0.0,0.0,0.0,0.0,0.0,1.0,1.0,1.0,1.0,1.0,1.0,1.0,1.0
1904,9963.0,3.0,1.0,0.0,34.0,0.0,0.0,0.0,0.0,0.0,0.0,0.0,0.0,0.0,0.0,1.0,1.0,0.0,0.0,0.0,0.0,26.0,1.0,0.0,0.0,0.0,0.0,0.0,0.5,0.0,0.0,0.0,0.0,0.0,0.1666666667,0.0,0.0,0.0,0.0,0.0,0.0,0.0,0.0,1.0,1.0,-1.0,1.0,0.0,1.0,0.0,0.0
1905,2788.0,3.0,1.0,2.0,47.0,0.0,0.0,0.0,0.0,0.0,0.0,0.0,0.0,0.0,0.0,1.0,0.0,0.0,0.0,0.0,0.0,15.0,25.0,0.0,0.0,0.0,0.0,0.0,0.4166666667,0.0,1.0,0.0,0.0,0.0,1.0,0.0,0.0,0.0,0.0,0.0,0.0,0.0,0.0,1.0,1.0,1.0,1.0,0.0,-1.0,1.0,1.0
1906,5101.0,1.0,0.0,2.0,91.0,12.0,0.0,0.0,0.0,0.0,0.0,0.0,0.0,0.0,4.0,1.0,1.0,0.0,0.0,1.0,0.0,15.0,69.0,0.0,0.0,0.0,0.0,0.1811594203,0.9772727273,1.0,1.0,1.0,0.0,0.0,0.0869565217,0.0,0.0,0.0,0.0,1.0,1.0,0.0,0.0,1.0,-1.0,-1.0,1.0,-1.0,1.0,0.0,0.0
1907,7978.0,1.0,0.0,5.0,97.0,6.0,0.0,0.0,0.0,0.0,0.0,0.0,0.0,0.0,8.0,1.0,1.0,0.0,0.0,1.0,0.0,17.0,73.0,0.0,0.0,0.0,0.0,0.1011235955,0.2903225806,0.0,1.0,1.0,0.0,0.0,0.0674157303,0.0,0.0,0.0,0.0,0.0,0.0,0.0,0.0,1.0,-1.0,1.0,1.0,0.0,1.0,0.0,0.0
1908,3864.0,3.0,1.0,3.0,48.0,0.0,0.0,0.0,0.0,0.0,0.0,0.0,0.0,0.0,3.0,1.0,1.0,0.0,0.0,1.0,0.0,18.0,23.0,0.0,0.0,0.0,0.0,0.0,0.0,0.0,1.0,0.0,0.0,0.0,0.0,0.0,0.0,0.0,0.0,0.0,0.0,0.0,0.0,1.0,1.0,1.0,1.0,1.0,1.0,1.0,1.0
1909,5873.0,1.0,0.0,3.0,98.0,9.0,0.0,0.0,0.0,0.0,0.0,0.0,0.0,0.0,4.0,1.0,1.0,0.0,0.0,1.0,0.0,18.0,73.0,0.0,0.0,0.0,0.0,0.1304347826,0.0925925926,0.0,1.0,0.0,1.0,0.0,0.0489130435,0.0,0.0,0.0,0.0,1.0,0.0,0.0,0.0,1.0,-1.0,1.0,0.0,1.0,1.0,0.0,0.0
1910,1919.0,7.0,0.0,4.0,128.0,1.0,1.0,0.0,0.0,3.0,0.0,2.0,2.0,0.0,1.0,1.0,0.0,0.0,0.0,1.0,0.0,15.0,46.0,59.0,0.0,1.0,1.0,1.0,0.2,0.0,1.0,0.0,0.0,0.0,0.0,1.0,0.0,0.0,0.0,0.0,0.0,0.0,0.0,1.0,-1.0,1.0,1.0,0.0,-1.0,1.0,1.0
1911,3289.0,3.0,2.0,5.0,121.0,5.0,4.0,0.0,0.0,0.0,0.0,0.0,0.0,0.0,23.0,1.0,1.0,0.0,1.0,1.0,0.0,66.0,48.0,0.0,0.0,0.0,0.0,0.0555555556,0.0909090909,0.0,1.0,1.0,0.0,0.0,0.9444444444,0.0,0.0,1.0,0.0,0.0,1.0,0.0,0.0,0.0,-1.0,1.0,1.0,1.0,-1.0,1.0,1.0
1912,948.0,2.0,0.0,4.0,56.0,0.0,0.0,0.0,0.0,0.0,0.0,0.0,0.0,0.0,0.0,1.0,0.0,0.0,0.0,0.0,0.0,24.0,25.0,0.0,0.0,0.0,0.0,0.0,1.0,0.0,1.0,1.0,0.0,0.0,1.0,1.0,0.0,0.0,0.0,0.0,0.0,0.0,0.0,1.0,0.0,-1.0,1.0,-1.0,-1.0,1.0,1.0
1913,3480.0,3.0,1.0,3.0,47.0,0.0,0.0,0.0,0.0,0.0,0.0,0.0,0.0,0.0,0.0,1.0,0.0,0.0,0.0,0.0,0.0,14.0,26.0,0.0,0.0,0.0,0.0,0.0,0.0,0.0,1.0,1.0,0.0,0.0,0.0,0.0,0.0,0.0,0.0,0.0,0.0,1.0,0.0,1.0,1.0,1.0,1.0,1.0,1.0,1.0,1.0
1914,1810.0,1.0,0.0,3.0,58.0,1.0,1.0,0.0,0.0,0.0,0.0,0.0,0.0,0.0,21.0,1.0,1.0,0.0,0.0,0.0,0.0,13.0,38.0,0.0,0.0,0.0,0.0,0.0,0.0,0.0,1.0,0.0,0.0,0.0,0.0,0.0,0.0,0.0,0.0,0.0,0.0,0.0,0.0,1.0,0.0,1.0,1.0,1.0,1.0,1.0,1.0
1915,9849.0,3.0,1.0,2.0,57.0,4.0,0.0,0.0,0.0,0.0,0.0,0.0,0.0,0.0,6.0,1.0,0.0,0.0,0.0,1.0,0.0,14.0,36.0,0.0,0.0,0.0,0.0,0.2073170732,0.9777777778,0.0,1.0,1.0,0.0,0.0,0.0,0.0,0.0,0.0,0.0,0.0,1.0,0.0,0.0,1.0,0.0,-1.0,1.0,-1.0,1.0,0.0,0.0
1916,151.0,2.0,1.0,2.0,55.0,1.0,1.0,0.0,0.0,0.0,0.0,0.0,0.0,0.0,0.0,1.0,1.0,0.0,0.0,0.0,0.0,37.0,11.0,0.0,0.0,0.0,0.0,0.0,0.0,0.0,1.0,1.0,0.0,0.0,1.0,0.0,0.0,0.0,0.0,0.0,0.0,0.0,0.0,1.0,0.0,1.0,1.0,1.0,-1.0,1.0,1.0
1917,7541.0,3.0,1.0,2.0,62.0,0.0,0.0,0.0,0.0,0.0,0.0,1.0,0.0,0.0,6.0,1.0,0.0,0.0,0.0,0.0,0.0,19.0,22.0,13.0,0.0,0.0,0.0,0.0,0.0241935484,0.0,1.0,1.0,0.0,0.0,0.0,0.0,0.0,1.0,0.0,0.0,0.0,0.0,0.0,1.0,0.0,1.0,1.0,0.0,1.0,0.0,0.0
1918,8865.0,1.0,0.0,0.0,52.0,0.0,0.0,0.0,0.0,0.0,0.0,1.0,0.0,0.0,10.0,1.0,0.0,0.0,0.0,0.0,0.0,11.0,1.0,32.0,0.0,0.0,0.0,0.0275862069,0.2205882353,0.0,0.0,0.0,0.0,0.0,0.0275862069,0.0,0.0,0.0,0.0,0.0,1.0,0.0,0.0,1.0,1.0,1.0,1.0,0.0,1.0,0.0,0.0
1919,6747.0,1.0,0.0,5.0,79.0,6.0,0.0,0.0,0.0,0.0,0.0,0.0,0.0,0.0,8.0,1.0,1.0,0.0,0.0,1.0,0.0,16.0,56.0,0.0,0.0,0.0,0.0,0.2067039106,0.9736842105,1.0,1.0,1.0,1.0,0.0,0.0335195531,0.0,0.0,0.0,0.0,0.0,1.0,0.0,0.0,1.0,-1.0,-1.0,0.0,0.0,1.0,0.0,0.0
1920,6442.0,2.0,1.0,3.0,71.0,2.0,0.0,0.0,0.0,0.0,0.0,1.0,0.0,0.0,7.0,1.0,0.0,0.0,0.0,0.0,0.0,16.0,36.0,11.0,0.0,0.0,0.0,0.0606060606,0.6153846154,0.0,1.0,1.0,0.0,1.0,0.0,0.0,0.0,0.0,0.0,0.0,0.0,0.0,0.0,1.0,0.0,1.0,-1.0,0.0,1.0,0.0,0.0
1921,4385.0,5.0,2.0,1.0,56.0,0.0,0.0,0.0,0.0,0.0,0.0,0.0,0.0,0.0,0.0,1.0,1.0,0.0,0.0,1.0,0.0,27.0,22.0,0.0,0.0,0.0,0.0,0.0,0.0,0.0,1.0,1.0,0.0,1.0,0.03125,0.0,0.0,0.0,0.0,0.0,1.0,0.0,0.0,1.0,0.0,1.0,-1.0,1.0,1.0,1.0,1.0
1922,8001.0,4.0,2.0,3.0,87.0,0.0,0.0,0.0,0.0,4.0,0.0,0.0,0.0,0.0,4.0,1.0,1.0,0.0,0.0,1.0,0.0,24.0,56.0,0.0,0.0,0.0,0.0,0.1610169492,1.0,1.0,1.0,1.0,0.0,1.0,0.0084745763,0.0,0.0,0.0,0.0,0.0,0.0,0.0,0.0,0.0,-1.0,-1.0,-1.0,-1.0,1.0,0.0,0.0
1923,5301.0,1.0,0.0,2.0,61.0,5.0,0.0,0.0,0.0,0.0,0.0,0.0,0.0,0.0,6.0,1.0,1.0,0.0,0.0,1.0,0.0,16.0,38.0,0.0,0.0,0.0,0.0,0.2553191489,0.9852941176,1.0,1.0,0.0,0.0,0.0,0.1276595745,0.0,0.0,0.0,0.0,1.0,1.0,0.0,0.0,1.0,0.0,-1.0,1.0,-1.0,0.0,0.0,0.0
1924,6333.0,1.0,0.0,2.0,67.0,6.0,0.0,0.0,0.0,0.0,0.0,0.0,0.0,0.0,0.0,1.0,1.0,0.0,0.0,0.0,0.0,10.0,50.0,0.0,0.0,0.0,0.0,0.3717277487,0.3274336283,0.0,1.0,1.0,0.0,0.0,0.057591623,0.0,0.0,0.0,0.0,1.0,0.0,0.0,0.0,1.0,0.0,0.0,1.0,0.0,0.0,0.0,0.0
1925,1220.0,2.0,0.0,2.0,36.0,1.0,1.0,0.0,0.0,0.0,0.0,0.0,0.0,0.0,0.0,1.0,1.0,0.0,0.0,0.0,0.0,14.0,15.0,0.0,0.0,0.0,0.0,0.0,0.0,0.0,1.0,0.0,0.0,0.0,0.0,0.0,0.0,0.0,0.0,0.0,0.0,0.0,0.0,1.0,1.0,1.0,1.0,1.0,1.0,1.0,1.0
1926,9783.0,2.0,1.0,1.0,30.0,0.0,0.0,0.0,0.0,0.0,0.0,0.0,0.0,0.0,0.0,1.0,0.0,0.0,0.0,0.0,0.0,18.0,5.0,0.0,0.0,0.0,0.0,0.3333333333,0.25,0.0,1.0,1.0,0.0,1.0,0.0185185185,0.0,0.0,0.0,0.0,0.0,0.0,0.0,0.0,1.0,1.0,1.0,-1.0,0.0,0.0,0.0,0.0
1927,1894.0,1.0,0.0,1.0,39.0,0.0,0.0,0.0,0.0,0.0,0.0,0.0,0.0,0.0,0.0,1.0,1.0,0.0,0.0,0.0,0.0,24.0,8.0,0.0,0.0,0.0,0.0,0.0,0.0,0.0,1.0,0.0,0.0,0.0,0.0,0.0,0.0,0.0,0.0,0.0,0.0,0.0,0.0,1.0,1.0,1.0,1.0,1.0,1.0,1.0,1.0
1928,8609.0,1.0,0.0,5.0,58.0,1.0,0.0,0.0,0.0,0.0,0.0,0.0,0.0,0.0,8.0,1.0,1.0,0.0,0.0,1.0,0.0,23.0,28.0,0.0,0.0,0.0,0.0,0.2948717949,1.0,1.0,1.0,1.0,1.0,0.0,0.0448717949,0.0,0.0,0.0,0.0,0.0,1.0,0.0,0.0,1.0,0.0,-1.0,0.0,-1.0,0.0,0.0,0.0
1929,5637.0,2.0,1.0,3.0,104.0,0.0,0.0,0.0,0.0,2.0,0.0,4.0,3.0,0.0,12.0,1.0,0.0,0.0,0.0,0.0,0.0,16.0,26.0,54.0,0.0,0.0,0.0,0.0652173913,0.0526315789,0.0,1.0,0.0,0.0,0.0,0.0,0.0,0.0,0.0,0.0,0.0,0.0,0.0,0.0,1.0,-1.0,1.0,1.0,1.0,1.0,0.0,0.0
1930,3926.0,2.0,0.0,5.0,78.0,3.0,1.0,0.0,0.0,1.0,0.0,0.0,0.0,0.0,0.0,1.0,0.0,0.0,0.0,1.0,0.0,17.0,54.0,0.0,0.0,0.0,0.0,0.1428571429,0.1,1.0,1.0,0.0,0.0,0.0,0.8571428571,0.0,0.0,0.0,0.0,0.0,0.0,0.0,0.0,1.0,-1.0,1.0,1.0,0.0,-1.0,1.0,1.0
1931,6377.0,1.0,0.0,2.0,108.0,17.0,0.0,0.0,0.0,0.0,0.0,0.0,0.0,0.0,1.0,1.0,0.0,0.0,0.0,1.0,0.0,10.0,91.0,0.0,0.0,0.0,0.0,0.0652173913,0.2058823529,0.0,1.0,1.0,0.0,1.0,0.0527950311,0.0,0.0,1.0,0.0,1.0,1.0,0.0,0.0,1.0,-1.0,1.0,-1.0,0.0,1.0,0.0,0.0
1932,7912.0,3.0,1.0,2.0,81.0,8.0,0.0,0.0,0.0,0.0,0.0,0.0,0.0,0.0,8.0,1.0,1.0,0.0,0.0,0.0,0.0,16.0,58.0,0.0,0.0,0.0,0.0,0.1458333333,0.3692307692,0.0,0.0,0.0,0.0,0.0,0.1180555556,0.0,0.0,0.0,0.0,1.0,1.0,0.0,0.0,1.0,-1.0,1.0,1.0,0.0,1.0,0.0,0.0
1933,1823.0,1.0,0.0,6.0,52.0,0.0,0.0,0.0,0.0,0.0,1.0,0.0,0.0,0.0,3.0,1.0,1.0,0.0,0.0,0.0,0.0,12.0,33.0,0.0,0.0,0.0,0.0,0.0666666667,0.0769230769,0.0,1.0,1.0,0.0,0.0,0.8666666667,0.0,0.0,0.0,0.0,0.0,0.0,0.0,0.0,1.0,1.0,1.0,1.0,1.0,-1.0,1.0,1.0
1934,3984.0,2.0,1.0,4.0,72.0,0.0,0.0,0.0,0.0,0.0,0.0,0.0,0.0,0.0,7.0,1.0,1.0,0.0,0.0,0.0,0.0,33.0,32.0,0.0,0.0,0.0,0.0,0.1333333333,0.0,0.0,1.0,1.0,0.0,0.0,0.8666666667,0.0,0.0,0.0,0.0,0.0,0.0,0.0,0.0,1.0,0.0,1.0,1.0,1.0,-1.0,1.0,1.0
1935,9311.0,2.0,1.0,3.0,58.0,0.0,0.0,0.0,0.0,0.0,0.0,1.0,0.0,0.0,1.0,1.0,0.0,0.0,0.0,0.0,0.0,19.0,25.0,6.0,0.0,0.0,0.0,0.0393700787,0.2903225806,0.0,1.0,1.0,0.0,0.0,0.0,0.0,0.0,0.0,0.0,0.0,1.0,0.0,0.0,1.0,0.0,1.0,1.0,0.0,1.0,0.0,0.0
1936,6566.0,1.0,0.0,3.0,77.0,6.0,0.0,0.0,0.0,0.0,0.0,0.0,0.0,0.0,7.0,1.0,1.0,0.0,0.0,1.0,0.0,19.0,51.0,0.0,0.0,0.0,0.0,0.3214285714,1.0,1.0,1.0,1.0,0.0,0.0,0.0178571429,0.0,0.0,0.0,0.0,0.0,1.0,0.0,0.0,1.0,-1.0,-1.0,1.0,-1.0,0.0,0.0,0.0
1937,3849.0,4.0,1.0,5.0,74.0,0.0,0.0,0.0,0.0,0.0,0.0,0.0,0.0,0.0,0.0,1.0,1.0,0.0,0.0,1.0,0.0,26.0,41.0,0.0,0.0,0.0,0.0,0.2567567568,0.8666666667,0.0,1.0,0.0,0.0,0.0,0.0,0.0,0.0,0.0,0.0,0.0,0.0,0.0,0.0,1.0,0.0,-1.0,1.0,0.0,1.0,1.0,1.0
1938,4889.0,2.0,1.0,2.0,98.0,0.0,0.0,0.0,0.0,0.0,0.0,0.0,0.0,0.0,34.0,0.0,1.0,0.0,0.0,1.0,0.0,56.0,34.0,0.0,0.0,0.0,0.0,0.0,0.0,0.0,0.0,0.0,0.0,0.0,0.0,1.0,0.0,0.0,0.0,0.0,0.0,1.0,0.0,1.0,-1.0,1.0,1.0,1.0,1.0,1.0,1.0
1939,3717.0,2.0,1.0,3.0,68.0,0.0,0.0,0.0,0.0,0.0,0.0,0.0,0.0,0.0,22.0,1.0,1.0,0.0,0.0,1.0,0.0,19.0,42.0,0.0,0.0,0.0,0.0,0.9090909091,0.3043478261,1.0,1.0,0.0,0.0,0.0,0.0909090909,0.0,0.0,0.0,0.0,0.0,1.0,0.0,0.0,1.0,0.0,1.0,1.0,0.0,-1.0,1.0,1.0
1940,8161.0,2.0,0.0,5.0,63.0,2.0,0.0,0.0,0.0,0.0,0.0,0.0,0.0,0.0,8.0,1.0,1.0,0.0,0.0,1.0,0.0,28.0,28.0,0.0,0.0,0.0,0.0,0.2028985507,1.0,1.0,1.0,1.0,1.0,0.0,0.0869565217,0.0,0.0,0.0,0.0,0.0,1.0,0.0,0.0,1.0,0.0,-1.0,0.0,-1.0,1.0,0.0,0.0
1941,8244.0,1.0,0.0,4.0,114.0,5.0,0.0,0.0,0.0,0.0,0.0,0.0,0.0,0.0,7.0,1.0,1.0,0.0,0.0,1.0,0.0,52.0,55.0,0.0,0.0,0.0,0.0,0.1132075472,0.6285714286,0.0,1.0,0.0,0.0,0.0,0.0,0.0,0.0,0.0,0.0,0.0,0.0,0.0,0.0,1.0,-1.0,-1.0,1.0,1.0,1.0,0.0,0.0
1942,6334.0,1.0,0.0,2.0,77.0,1.0,0.0,0.0,0.0,0.0,3.0,1.0,0.0,0.0,9.0,1.0,0.0,0.0,0.0,0.0,0.0,8.0,11.0,50.0,0.0,1.0,0.0,0.2252252252,0.2647058824,0.0,1.0,1.0,0.0,0.0,0.0,0.0,0.0,0.0,0.0,0.0,0.0,0.0,0.0,1.0,-1.0,1.0,1.0,0.0,1.0,0.0,0.0
1943,4099.0,8.0,0.0,9.0,155.0,3.0,0.0,0.0,0.0,1.0,0.0,0.0,0.0,0.0,4.0,1.0,1.0,0.0,0.0,1.0,0.0,19.0,129.0,0.0,0.0,0.0,0.0,0.0,0.0,0.0,1.0,0.0,0.0,0.0,0.0,0.0,0.0,0.0,0.0,0.0,0.0,0.0,0.0,1.0,-1.0,1.0,1.0,1.0,1.0,1.0,1.0
1944,3419.0,2.0,1.0,9.0,152.0,15.0,0.0,0.0,1.0,0.0,0.0,0.0,0.0,0.0,22.0,1.0,1.0,0.0,0.0,1.0,0.0,16.0,129.0,0.0,0.0,0.0,0.0,0.0,0.0,0.0,1.0,0.0,0.0,0.0,0.0,0.0,0.0,0.0,0.0,0.0,0.0,0.0,0.0,1.0,-1.0,1.0,1.0,1.0,1.0,1.0,1.0
1945,8790.0,1.0,0.0,3.0,44.0,0.0,0.0,0.0,0.0,0.0,0.0,0.0,0.0,0.0,0.0,1.0,1.0,0.0,0.0,0.0,0.0,22.0,15.0,0.0,0.0,0.0,0.0,0.0459183673,0.0192307692,0.0,1.0,0.0,0.0,0.0,0.0510204082,0.0,0.0,0.0,0.0,0.0,0.0,0.0,0.0,1.0,1.0,1.0,1.0,1.0,1.0,0.0,0.0
1946,2908.0,3.0,1.0,2.0,41.0,0.0,0.0,0.0,0.0,0.0,0.0,0.0,0.0,0.0,0.0,1.0,0.0,0.0,0.0,0.0,0.0,23.0,11.0,0.0,0.0,0.0,0.0,0.0,0.7857142857,0.0,1.0,0.0,0.0,0.0,1.0,1.0,0.0,0.0,0.0,0.0,1.0,0.0,0.0,1.0,1.0,-1.0,1.0,1.0,-1.0,1.0,1.0
1947,3729.0,3.0,1.0,3.0,70.0,0.0,0.0,0.0,0.0,0.0,0.0,0.0,0.0,0.0,0.0,1.0,0.0,0.0,0.0,1.0,0.0,15.0,48.0,0.0,0.0,1.0,0.0,0.0666666667,0.875,1.0,1.0,0.0,0.0,0.0,0.9333333333,0.0,0.0,0.0,0.0,0.0,0.0,0.0,0.0,1.0,0.0,-1.0,1.0,-1.0,-1.0,1.0,1.0
1948,2863.0,3.0,1.0,5.0,61.0,0.0,0.0,0.0,0.0,1.0,0.0,0.0,0.0,0.0,0.0,1.0,0.0,0.0,0.0,1.0,0.0,16.0,38.0,0.0,0.0,0.0,0.0,0.5217391304,0.8888888889,0.0,1.0,0.0,0.0,0.0,0.4782608696,1.0,0.0,0.0,0.0,0.0,0.0,0.0,0.0,1.0,0.0,-1.0,1.0,-1.0,-1.0,1.0,1.0
1949,2746.0,3.0,1.0,4.0,65.0,0.0,0.0,0.0,0.0,1.0,0.0,0.0,0.0,0.0,0.0,1.0,1.0,0.0,0.0,1.0,0.0,25.0,33.0,0.0,0.0,0.0,0.0,0.0,0.0,0.0,1.0,0.0,0.0,0.0,1.0,0.0,0.0,0.0,0.0,0.0,0.0,0.0,0.0,1.0,0.0,1.0,1.0,1.0,-1.0,1.0,1.0
1950,3406.0,2.0,1.0,3.0,40.0,0.0,0.0,0.0,0.0,0.0,0.0,0.0,0.0,0.0,0.0,1.0,0.0,0.0,0.0,0.0,0.0,17.0,16.0,0.0,0.0,0.0,0.0,0.0,0.0625,0.0,1.0,0.0,0.0,0.0,0.0,0.0,0.0,0.0,0.0,0.0,1.0,0.0,0.0,1.0,1.0,1.0,1.0,0.0,1.0,1.0,1.0
1951,3878.0,2.0,1.0,3.0,43.0,0.0,0.0,0.0,0.0,0.0,0.0,0.0,0.0,0.0,2.0,1.0,0.0,0.0,0.0,0.0,0.0,19.0,17.0,0.0,0.0,0.0,0.0,0.0,0.0,0.0,1.0,0.0,0.0,0.0,0.0,0.0,0.0,0.0,0.0,0.0,0.0,0.0,0.0,1.0,1.0,1.0,1.0,1.0,1.0,1.0,1.0
1952,9320.0,2.0,1.0,2.0,53.0,0.0,0.0,0.0,0.0,0.0,0.0,0.0,0.0,0.0,0.0,1.0,0.0,0.0,0.0,0.0,0.0,21.0,25.0,0.0,0.0,0.0,0.0,0.2091503268,0.4565217391,0.0,1.0,1.0,0.0,1.0,0.0,0.0,0.0,0.0,0.0,0.0,1.0,0.0,0.0,1.0,1.0,0.0,-1.0,0.0,1.0,0.0,0.0
1953,6218.0,2.0,1.0,5.0,104.0,11.0,0.0,0.0,0.0,0.0,0.0,0.0,0.0,0.0,8.0,1.0,1.0,0.0,0.0,1.0,0.0,17.0,80.0,0.0,0.0,0.0,0.0,0.1491712707,0.8923076923,1.0,1.0,1.0,0.0,0.0,0.0110497238,0.0,0.0,0.0,0.0,0.0,1.0,0.0,0.0,1.0,-1.0,-1.0,1.0,0.0,1.0,0.0,0.0
1954,969.0,2.0,0.0,2.0,37.0,0.0,0.0,0.0,0.0,0.0,0.0,0.0,0.0,0.0,3.0,1.0,0.0,0.0,0.0,0.0,0.0,12.0,18.0,0.0,0.0,0.0,0.0,0.0,0.0,0.0,1.0,0.0,0.0,0.0,0.0,0.0,0.0,0.0,0.0,0.0,0.0,0.0,0.0,1.0,1.0,1.0,1.0,1.0,1.0,1.0,1.0
1955,1444.0,13.0,0.0,11.0,76.0,1.0,0.0,0.0,1.0,0.0,0.0,0.0,0.0,0.0,11.0,1.0,0.0,1.0,0.0,1.0,0.0,14.0,55.0,0.0,0.0,0.0,0.0,0.9743589744,0.0091743119,0.0,1.0,0.0,0.0,0.0,0.0,1.0,0.0,0.0,0.0,0.0,0.0,0.0,0.0,1.0,-1.0,1.0,1.0,1.0,-1.0,1.0,1.0
1956,8094.0,1.0,0.0,6.0,107.0,7.0,0.0,0.0,0.0,0.0,0.0,0.0,0.0,0.0,8.0,1.0,1.0,0.0,0.0,1.0,0.0,13.0,87.0,0.0,0.0,0.0,0.0,0.1517241379,0.2346938776,0.0,1.0,1.0,0.0,0.0,0.0,0.0,0.0,0.0,0.0,0.0,1.0,0.0,0.0,1.0,-1.0,1.0,1.0,0.0,1.0,0.0,0.0
1957,6647.0,2.0,0.0,2.0,77.0,0.0,0.0,0.0,0.0,0.0,0.0,1.0,1.0,0.0,24.0,1.0,0.0,0.0,0.0,0.0,0.0,11.0,21.0,37.0,0.0,0.0,0.0,0.0,0.0328947368,0.0,1.0,0.0,0.0,0.0,0.0,0.0,0.0,0.0,0.0,1.0,0.0,0.0,0.0,1.0,-1.0,1.0,1.0,1.0,1.0,0.0,0.0
1958,1127.0,2.0,0.0,2.0,47.0,0.0,0.0,0.0,0.0,0.0,0.0,1.0,0.0,0.0,10.0,1.0,1.0,0.0,0.0,0.0,0.0,9.0,17.0,13.0,0.0,0.0,0.0,0.7435897436,1.0,1.0,1.0,0.0,0.0,0.0,0.0,1.0,0.0,0.0,0.0,0.0,0.0,0.0,1.0,1.0,1.0,-1.0,1.0,-1.0,-1.0,1.0,1.0
1959,1333.0,1.0,0.0,4.0,79.0,1.0,0.0,0.0,0.0,0.0,0.0,0.0,0.0,0.0,30.0,1.0,1.0,0.0,0.0,0.0,0.0,13.0,59.0,0.0,0.0,0.0,0.0,0.0,0.0,0.0,1.0,0.0,0.0,0.0,0.0,0.0,0.0,0.0,0.0,0.0,0.0,0.0,0.0,1.0,-1.0,1.0,1.0,1.0,1.0,1.0,1.0
1960,2385.0,4.0,1.0,2.0,62.0,0.0,0.0,0.0,0.0,0.0,0.0,0.0,0.0,0.0,0.0,1.0,0.0,0.0,0.0,0.0,0.0,29.0,26.0,0.0,0.0,1.0,0.0,0.8888888889,0.0,0.0,1.0,0.0,0.0,0.0,0.1111111111,0.0,0.0,0.0,0.0,0.0,0.0,0.0,1.0,1.0,0.0,1.0,1.0,1.0,-1.0,1.0,1.0
1961,849.0,2.0,0.0,5.0,62.0,1.0,0.0,0.0,0.0,0.0,0.0,0.0,0.0,0.0,4.0,1.0,1.0,0.0,0.0,0.0,0.0,24.0,31.0,0.0,0.0,0.0,0.0,0.5,0.0,0.0,1.0,1.0,0.0,0.0,0.5,0.0,0.0,0.0,0.0,0.0,1.0,0.0,0.0,1.0,0.0,1.0,1.0,1.0,-1.0,1.0,1.0
1962,5706.0,2.0,0.0,1.0,63.0,0.0,0.0,0.0,0.0,0.0,0.0,2.0,1.0,0.0,5.0,1.0,1.0,0.0,0.0,0.0,0.0,21.0,14.0,20.0,0.0,0.0,0.0,0.5,0.25,0.0,0.0,0.0,0.0,0.0,0.0,0.0,0.0,0.0,0.0,0.0,0.0,0.0,0.0,1.0,0.0,1.0,1.0,0.0,0.0,0.0,0.0
1963,2683.0,3.0,1.0,3.0,64.0,1.0,0.0,0.0,0.0,0.0,0.0,0.0,0.0,0.0,0.0,1.0,1.0,0.0,0.0,0.0,0.0,17.0,40.0,0.0,0.0,0.0,0.0,0.0,1.0,0.0,1.0,1.0,0.0,0.0,1.0,1.0,0.0,0.0,0.0,0.0,0.0,0.0,0.0,1.0,0.0,-1.0,1.0,-1.0,-1.0,1.0,1.0
1964,6837.0,1.0,0.0,5.0,80.0,2.0,0.0,0.0,0.0,0.0,0.0,0.0,0.0,0.0,0.0,1.0,0.0,0.0,0.0,1.0,0.0,24.0,49.0,0.0,0.0,0.0,0.0,0.2210526316,0.4193548387,0.0,1.0,0.0,0.0,0.0,0.0421052632,0.0,0.0,0.0,0.0,0.0,1.0,0.0,0.0,1.0,-1.0,1.0,1.0,0.0,1.0,0.0,0.0
1965,5958.0,2.0,0.0,1.0,100.0,0.0,0.0,0.0,0.0,2.0,0.0,4.0,3.0,0.0,8.0,1.0,0.0,0.0,0.0,0.0,0.0,18.0,10.0,64.0,0.0,0.0,0.0,0.0,0.0,0.0,0.0,0.0,0.0,0.0,0.0,0.0,0.0,0.0,0.0,0.0,0.0,0.0,0.0,1.0,-1.0,1.0,1.0,1.0,1.0,0.0,0.0
1966,6543.0,1.0,0.0,3.0,106.0,0.0,0.0,0.0,0.0,10.0,0.0,0.0,0.0,0.0,0.0,1.0,0.0,0.0,0.0,1.0,0.0,13.0,86.0,0.0,0.0,0.0,0.0,0.0869565217,0.2564102564,0.0,0.0,0.0,0.0,0.0,0.0072463768,0.0,0.0,0.0,0.0,1.0,0.0,0.0,0.0,1.0,-1.0,0.0,1.0,0.0,1.0,0.0,0.0
1967,2246.0,4.0,1.0,1.0,145.0,1.0,0.0,0.0,0.0,4.0,0.0,2.0,1.0,0.0,46.0,1.0,0.0,0.0,0.0,0.0,0.0,21.0,16.0,100.0,0.0,1.0,0.0,0.0,0.0,0.0,1.0,0.0,0.0,0.0,0.0,0.0,0.0,0.0,0.0,0.0,0.0,0.0,0.0,1.0,-1.0,1.0,1.0,1.0,1.0,1.0,1.0
1968,1591.0,3.0,1.0,4.0,84.0,1.0,0.0,0.0,0.0,0.0,0.0,0.0,0.0,0.0,15.0,1.0,1.0,0.0,0.0,0.0,0.0,26.0,51.0,0.0,0.0,0.0,0.0,0.0,0.0,0.0,1.0,0.0,0.0,0.0,0.0,0.0,0.0,0.0,0.0,0.0,0.0,0.0,0.0,1.0,-1.0,1.0,1.0,1.0,1.0,1.0,1.0
1969,7033.0,2.0,0.0,6.0,105.0,9.0,0.0,0.0,0.0,0.0,0.0,0.0,0.0,0.0,8.0,1.0,1.0,0.0,0.0,1.0,0.0,12.0,86.0,0.0,0.0,0.0,0.0,0.2568807339,0.1818181818,0.0,1.0,0.0,0.0,0.0,0.0091743119,0.0,0.0,0.0,0.0,1.0,1.0,0.0,0.0,1.0,-1.0,0.0,1.0,1.0,1.0,0.0,0.0
1970,2823.0,2.0,0.0,3.0,59.0,0.0,0.0,0.0,0.0,0.0,0.0,0.0,0.0,0.0,4.0,1.0,1.0,0.0,0.0,0.0,0.0,23.0,29.0,0.0,0.0,0.0,0.0,0.0,0.0,0.0,1.0,1.0,0.0,0.0,1.0,0.0,0.0,0.0,0.0,0.0,0.0,0.0,0.0,1.0,0.0,1.0,1.0,1.0,-1.0,1.0,1.0
1971,1167.0,3.0,1.0,3.0,56.0,0.0,0.0,0.0,0.0,0.0,0.0,0.0,0.0,0.0,0.0,1.0,0.0,0.0,0.0,0.0,0.0,26.0,23.0,0.0,0.0,0.0,0.0,0.1481481481,0.8571428571,1.0,1.0,0.0,0.0,0.0,0.1851851852,0.0,0.0,0.0,0.0,0.0,0.0,0.0,0.0,1.0,0.0,-1.0,1.0,-1.0,0.0,1.0,1.0
1972,512.0,2.0,0.0,2.0,40.0,0.0,0.0,0.0,0.0,0.0,0.0,0.0,0.0,0.0,0.0,1.0,0.0,0.0,0.0,0.0,0.0,13.0,20.0,0.0,0.0,0.0,0.0,0.0,1.0,0.0,1.0,1.0,0.0,0.0,1.0,1.0,0.0,0.0,0.0,0.0,0.0,0.0,0.0,1.0,1.0,-1.0,1.0,-1.0,-1.0,1.0,1.0
1973,6534.0,3.0,0.0,1.0,60.0,0.0,0.0,0.0,0.0,0.0,0.0,3.0,2.0,0.0,2.0,1.0,0.0,0.0,0.0,0.0,0.0,16.0,10.0,26.0,0.0,0.0,0.0,0.3055555556,0.15,0.0,0.0,0.0,1.0,0.0,0.0,0.0,0.0,0.0,0.0,1.0,1.0,0.0,0.0,1.0,0.0,1.0,0.0,0.0,1.0,0.0,0.0
1974,320.0,3.0,1.0,2.0,44.0,0.0,0.0,0.0,0.0,0.0,0.0,0.0,0.0,0.0,0.0,1.0,1.0,0.0,0.0,0.0,0.0,27.0,10.0,0.0,0.0,0.0,0.0,0.0,0.7857142857,0.0,1.0,0.0,0.0,0.0,1.0,1.0,0.0,0.0,0.0,0.0,1.0,0.0,0.0,1.0,1.0,-1.0,1.0,1.0,-1.0,1.0,1.0
1975,8800.0,1.0,0.0,2.0,33.0,0.0,0.0,0.0,0.0,0.0,0.0,1.0,0.0,0.0,5.0,1.0,1.0,0.0,0.0,0.0,0.0,14.0,4.0,7.0,0.0,0.0,0.0,0.6253298153,0.5333333333,0.0,1.0,0.0,0.0,0.0,0.0,0.0,0.0,0.0,0.0,0.0,1.0,0.0,0.0,1.0,1.0,-1.0,1.0,0.0,0.0,0.0,0.0
1976,2002.0,3.0,0.0,3.0,56.0,1.0,1.0,0.0,0.0,0.0,0.0,0.0,0.0,0.0,0.0,1.0,1.0,0.0,0.0,0.0,0.0,27.0,22.0,0.0,0.0,0.0,0.0,0.0,0.0,0.0,1.0,1.0,0.0,0.0,0.0,1.0,0.0,0.0,0.0,0.0,0.0,0.0,0.0,1.0,0.0,1.0,1.0,1.0,1.0,1.0,1.0
1977,6308.0,1.0,0.0,6.0,121.0,9.0,0.0,0.0,0.0,0.0,0.0,0.0,0.0,0.0,14.0,1.0,1.0,0.0,0.0,1.0,0.0,16.0,98.0,0.0,0.0,0.0,0.0,0.2356687898,0.25,0.0,1.0,1.0,0.0,0.0,0.0318471338,0.0,0.0,0.0,0.0,1.0,1.0,0.0,0.0,1.0,-1.0,1.0,1.0,0.0,1.0,0.0,0.0
1978,6289.0,1.0,0.0,3.0,93.0,6.0,0.0,0.0,0.0,0.0,0.0,0.0,0.0,0.0,4.0,1.0,1.0,0.0,0.0,1.0,0.0,8.0,78.0,0.0,0.0,0.0,0.0,0.0068965517,0.5454545455,0.0,1.0,0.0,0.0,0.0,0.075862069,0.0,0.0,0.0,0.0,1.0,1.0,0.0,0.0,1.0,-1.0,-1.0,1.0,0.0,1.0,0.0,0.0
1979,8238.0,4.0,1.0,3.0,72.0,0.0,0.0,0.0,0.0,0.0,0.0,0.0,0.0,0.0,6.0,1.0,1.0,0.0,0.0,1.0,0.0,12.0,53.0,0.0,0.0,0.0,0.0,0.1111111111,0.0,0.0,1.0,0.0,0.0,0.0,0.1111111111,0.0,0.0,0.0,0.0,0.0,0.0,0.0,0.0,1.0,0.0,1.0,1.0,1.0,1.0,0.0,0.0
1980,2635.0,2.0,0.0,3.0,43.0,0.0,0.0,0.0,0.0,0.0,0.0,0.0,0.0,0.0,0.0,1.0,0.0,0.0,0.0,0.0,0.0,16.0,20.0,0.0,0.0,1.0,0.0,0.9230769231,1.0,0.0,1.0,0.0,0.0,0.0,0.0,1.0,0.0,0.0,0.0,0.0,0.0,0.0,0.0,1.0,1.0,1.0,1.0,-1.0,-1.0,1.0,1.0
1981,1448.0,1.0,0.0,2.0,32.0,0.0,0.0,0.0,0.0,0.0,0.0,0.0,0.0,0.0,0.0,1.0,1.0,0.0,0.0,0.0,0.0,16.0,9.0,0.0,0.0,0.0,0.0,0.0,0.7857142857,0.0,1.0,0.0,0.0,0.0,1.0,1.0,0.0,0.0,0.0,0.0,1.0,0.0,0.0,1.0,1.0,-1.0,1.0,1.0,-1.0,1.0,1.0
1982,7768.0,1.0,0.0,5.0,81.0,5.0,0.0,0.0,0.0,0.0,0.0,0.0,0.0,0.0,8.0,1.0,1.0,0.0,0.0,1.0,0.0,18.0,56.0,0.0,0.0,0.0,0.0,0.2385786802,0.9913793103,1.0,1.0,1.0,1.0,0.0,0.0101522843,0.0,0.0,0.0,0.0,0.0,1.0,0.0,0.0,1.0,-1.0,-1.0,0.0,-1.0,1.0,0.0,0.0
1983,6574.0,1.0,0.0,5.0,101.0,9.0,0.0,0.0,0.0,0.0,0.0,0.0,0.0,0.0,8.0,1.0,1.0,0.0,0.0,0.0,0.0,10.0,84.0,0.0,0.0,0.0,0.0,0.1052631579,0.1764705882,0.0,1.0,0.0,0.0,0.0,0.1052631579,0.0,0.0,0.0,0.0,0.0,1.0,0.0,0.0,1.0,-1.0,0.0,1.0,1.0,1.0,0.0,0.0
1984,2399.0,2.0,0.0,7.0,211.0,1.0,1.0,0.0,0.0,1.0,0.0,3.0,2.0,0.0,28.0,1.0,1.0,0.0,0.0,0.0,0.0,28.0,47.0,128.0,0.0,1.0,0.0,0.0,0.3333333333,0.0,1.0,0.0,0.0,0.0,0.0,0.0,0.0,0.0,0.0,0.0,0.0,0.0,0.0,1.0,-1.0,1.0,1.0,0.0,1.0,1.0,1.0
1985,6524.0,1.0,0.0,2.0,79.0,6.0,0.0,0.0,0.0,0.0,0.0,0.0,0.0,0.0,4.0,1.0,1.0,0.0,0.0,0.0,0.0,6.0,66.0,0.0,0.0,0.0,0.0,0.0753768844,0.1388888889,0.0,0.0,0.0,0.0,0.0,0.1105527638,0.0,0.0,0.0,0.0,1.0,0.0,0.0,0.0,1.0,-1.0,1.0,1.0,0.0,1.0,0.0,0.0
1986,6319.0,2.0,0.0,1.0,69.0,4.0,0.0,0.0,0.0,0.0,0.0,0.0,0.0,0.0,8.0,1.0,1.0,0.0,0.0,0.0,0.0,23.0,15.0,23.0,0.0,0.0,0.0,0.0705882353,0.1304347826,0.0,1.0,0.0,0.0,0.0,0.0,0.0,0.0,0.0,0.0,0.0,0.0,0.0,0.0,1.0,0.0,1.0,1.0,0.0,1.0,0.0,0.0
1987,7006.0,3.0,1.0,1.0,67.0,0.0,0.0,0.0,0.0,0.0,0.0,2.0,1.0,0.0,5.0,1.0,0.0,0.0,0.0,0.0,0.0,20.0,15.0,24.0,0.0,0.0,0.0,0.04,0.0,0.0,0.0,0.0,0.0,0.0,0.0,0.0,0.0,0.0,0.0,0.0,0.0,0.0,0.0,1.0,0.0,1.0,1.0,1.0,1.0,0.0,0.0
1988,4456.0,3.0,1.0,6.0,82.0,0.0,0.0,0.0,0.0,0.0,0.0,0.0,0.0,0.0,0.0,1.0,0.0,0.0,0.0,0.0,0.0,19.0,56.0,0.0,0.0,0.0,0.0,0.8333333333,0.2631578947,1.0,1.0,0.0,0.0,0.0,0.0,0.0,0.0,0.0,0.0,0.0,1.0,0.0,0.0,1.0,-1.0,1.0,1.0,0.0,-1.0,1.0,1.0
1989,886.0,3.0,1.0,4.0,63.0,0.0,0.0,0.0,0.0,0.0,0.0,0.0,0.0,0.0,0.0,1.0,0.0,0.0,0.0,1.0,0.0,27.0,29.0,0.0,0.0,0.0,0.0,0.0,0.0,0.0,1.0,0.0,0.0,0.0,0.0,0.0,0.0,0.0,0.0,0.0,0.0,0.0,0.0,1.0,0.0,1.0,1.0,1.0,1.0,1.0,1.0
1990,1419.0,4.0,1.0,5.0,72.0,1.0,0.0,0.0,0.0,0.0,0.0,0.0,0.0,0.0,0.0,1.0,1.0,0.0,0.0,0.0,0.0,28.0,37.0,0.0,0.0,0.0,0.0,0.0,0.0,0.0,1.0,0.0,0.0,0.0,0.0,0.0,0.0,0.0,0.0,0.0,0.0,0.0,0.0,1.0,0.0,1.0,1.0,1.0,1.0,1.0,1.0
1991,7548.0,2.0,1.0,2.0,61.0,5.0,1.0,0.0,0.0,0.0,0.0,0.0,0.0,0.0,0.0,1.0,0.0,0.0,0.0,1.0,0.0,24.0,30.0,0.0,0.0,0.0,0.0,0.299270073,0.3387096774,0.0,1.0,1.0,0.0,0.0,0.0,0.0,0.0,0.0,0.0,0.0,1.0,0.0,0.0,1.0,0.0,1.0,1.0,0.0,1.0,0.0,0.0
1992,1527.0,3.0,1.0,5.0,60.0,1.0,0.0,0.0,0.0,0.0,0.0,0.0,0.0,0.0,4.0,1.0,1.0,0.0,0.0,0.0,0.0,19.0,34.0,0.0,0.0,0.0,0.0,1.0,0.1428571429,1.0,1.0,0.0,0.0,0.0,0.0,0.0,0.0,0.0,0.0,0.0,1.0,0.0,0.0,1.0,0.0,1.0,1.0,0.0,-1.0,1.0,1.0
1993,9779.0,3.0,1.0,2.0,53.0,1.0,0.0,0.0,0.0,0.0,0.0,0.0,0.0,0.0,0.0,1.0,0.0,0.0,0.0,0.0,0.0,13.0,33.0,0.0,0.0,0.0,0.0,0.1171171171,0.4210526316,0.0,0.0,0.0,0.0,0.0,0.036036036,0.0,0.0,0.0,0.0,0.0,0.0,0.0,0.0,1.0,1.0,0.0,1.0,0.0,1.0,0.0,0.0
1994,3440.0,3.0,2.0,5.0,121.0,5.0,4.0,0.0,0.0,0.0,0.0,0.0,0.0,0.0,17.0,1.0,1.0,0.0,1.0,1.0,0.0,66.0,48.0,0.0,0.0,0.0,0.0,0.0555555556,0.0909090909,0.0,1.0,1.0,0.0,0.0,0.9444444444,0.0,0.0,1.0,0.0,0.0,1.0,0.0,0.0,0.0,-1.0,1.0,1.0,1.0,-1.0,1.0,1.0
1995,9829.0,3.0,1.0,2.0,48.0,0.0,0.0,0.0,0.0,0.0,0.0,1.0,0.0,0.0,0.0,1.0,0.0,0.0,0.0,0.0,0.0,13.0,18.0,9.0,0.0,0.0,0.0,0.1271186441,0.3043478261,0.0,1.0,1.0,1.0,1.0,0.0,0.0,0.0,0.0,0.0,0.0,0.0,0.0,0.0,1.0,1.0,1.0,0.0,0.0,1.0,0.0,0.0
1996,2675.0,3.0,0.0,3.0,46.0,0.0,0.0,0.0,0.0,1.0,0.0,0.0,0.0,0.0,2.0,1.0,0.0,0.0,0.0,0.0,0.0,10.0,29.0,0.0,0.0,0.0,0.0,1.0,1.0,1.0,1.0,0.0,0.0,0.0,0.0,1.0,0.0,0.0,0.0,0.0,1.0,0.0,0.0,1.0,1.0,-1.0,1.0,-1.0,-1.0,1.0,1.0
1997,2955.0,2.0,1.0,4.0,73.0,0.0,0.0,0.0,0.0,0.0,0.0,0.0,0.0,0.0,23.0,1.0,1.0,0.0,0.0,0.0,0.0,18.0,48.0,0.0,0.0,0.0,0.0,1.0,1.0,0.0,1.0,0.0,0.0,0.0,0.0,1.0,0.0,0.0,0.0,0.0,0.0,0.0,0.0,1.0,0.0,-1.0,1.0,-1.0,-1.0,1.0,1.0
1998,5066.0,2.0,1.0,0.0,27.0,0.0,0.0,0.0,0.0,0.0,0.0,0.0,0.0,0.0,0.0,1.0,0.0,0.0,0.0,0.0,0.0,19.0,1.0,0.0,0.0,0.0,0.0,0.0192307692,1.0,1.0,1.0,1.0,0.0,0.0,0.0256410256,0.0,0.0,0.0,0.0,0.0,1.0,0.0,0.0,1.0,1.0,-1.0,1.0,-1.0,1.0,0.0,0.0
1999,6537.0,1.0,0.0,3.0,81.0,7.0,0.0,0.0,0.0,0.0,0.0,0.0,0.0,0.0,4.0,1.0,1.0,0.0,0.0,1.0,0.0,19.0,55.0,0.0,0.0,0.0,0.0,0.3067484663,0.4946236559,1.0,1.0,1.0,0.0,1.0,0.036809816,0.0,0.0,0.0,0.0,1.0,1.0,0.0,0.0,1.0,-1.0,1.0,-1.0,-1.0,0.0,0.0,0.0
2000,6382.0,1.0,0.0,3.0,190.0,14.0,0.0,0.0,0.0,1.0,2.0,4.0,3.0,0.0,10.0,1.0,0.0,0.0,0.0,1.0,0.0,19.0,8.0,155.0,0.0,0.0,0.0,0.0701754386,0.1780821918,0.0,1.0,1.0,1.0,1.0,0.0,0.0,0.0,0.0,0.0,0.0,0.0,0.0,0.0,1.0,-1.0,1.0,-1.0,0.0,1.0,0.0,0.0
2001,1886.0,2.0,0.0,5.0,77.0,1.0,0.0,0.0,0.0,0.0,0.0,0.0,0.0,0.0,0.0,1.0,0.0,0.0,0.0,0.0,0.0,24.0,46.0,0.0,0.0,0.0,0.0,0.9090909091,0.3157894737,1.0,1.0,0.0,0.0,0.0,0.0909090909,0.0,0.0,0.0,0.0,0.0,1.0,0.0,0.0,1.0,-1.0,0.0,1.0,0.0,-1.0,1.0,1.0
2002,1322.0,3.0,0.0,5.0,56.0,0.0,0.0,0.0,0.0,0.0,0.0,0.0,0.0,0.0,0.0,1.0,0.0,0.0,0.0,1.0,0.0,15.0,34.0,0.0,0.0,0.0,0.0,0.0,1.0,0.0,1.0,1.0,0.0,0.0,1.0,1.0,0.0,0.0,0.0,0.0,0.0,0.0,0.0,1.0,0.0,-1.0,1.0,-1.0,-1.0,1.0,1.0
2003,8170.0,1.0,0.0,5.0,60.0,1.0,0.0,0.0,0.0,0.0,0.0,0.0,0.0,0.0,6.0,1.0,1.0,0.0,0.0,1.0,0.0,14.0,39.0,0.0,0.0,0.0,0.0,0.1860465116,0.380952381,0.0,0.0,0.0,0.0,0.0,0.0,0.0,0.0,0.0,0.0,1.0,0.0,0.0,0.0,1.0,0.0,-1.0,1.0,0.0,1.0,0.0,0.0
2004,1858.0,2.0,0.0,3.0,42.0,0.0,0.0,0.0,0.0,0.0,0.0,0.0,0.0,0.0,2.0,1.0,0.0,0.0,0.0,1.0,0.0,12.0,23.0,0.0,0.0,0.0,0.0,0.0,1.0,1.0,1.0,0.0,0.0,0.0,1.0,1.0,0.0,0.0,0.0,0.0,0.0,0.0,0.0,1.0,1.0,-1.0,1.0,-1.0,-1.0,1.0,1.0
2005,7811.0,1.0,0.0,6.0,101.0,8.0,0.0,0.0,0.0,0.0,0.0,0.0,0.0,0.0,23.0,1.0,1.0,0.0,0.0,0.0,0.0,19.0,75.0,0.0,0.0,0.0,0.0,0.125,0.5714285714,0.0,1.0,0.0,0.0,0.0,0.03125,0.0,0.0,0.0,0.0,0.0,1.0,0.0,0.0,1.0,-1.0,0.0,1.0,0.0,1.0,0.0,0.0
2006,8708.0,2.0,1.0,3.0,35.0,0.0,0.0,0.0,0.0,0.0,0.0,0.0,0.0,0.0,1.0,1.0,0.0,0.0,0.0,1.0,0.0,20.0,8.0,0.0,0.0,0.0,0.0,0.2569444444,0.5581395349,0.0,1.0,0.0,1.0,0.0,0.0,0.0,0.0,0.0,0.0,0.0,1.0,0.0,0.0,1.0,1.0,0.0,0.0,0.0,1.0,0.0,0.0
2007,2803.0,2.0,0.0,2.0,48.0,0.0,0.0,0.0,0.0,1.0,0.0,0.0,0.0,0.0,0.0,1.0,0.0,0.0,0.0,0.0,0.0,16.0,25.0,0.0,0.0,1.0,0.0,0.9333333333,0.9,0.0,1.0,0.0,0.0,0.0,0.0,1.0,0.0,0.0,0.0,0.0,0.0,0.0,0.0,1.0,1.0,1.0,1.0,-1.0,-1.0,1.0,1.0
2008,2628.0,2.0,0.0,2.0,48.0,0.0,0.0,0.0,0.0,0.0,0.0,0.0,0.0,0.0,0.0,1.0,1.0,0.0,0.0,0.0,0.0,9.0,32.0,0.0,0.0,0.0,1.0,1.0,1.0,0.0,1.0,0.0,0.0,0.0,0.0,1.0,0.0,0.0,0.0,0.0,1.0,0.0,0.0,1.0,1.0,-1.0,1.0,-1.0,-1.0,1.0,1.0
2009,4194.0,3.0,0.0,3.0,43.0,1.0,0.0,0.0,0.0,0.0,0.0,0.0,0.0,0.0,0.0,1.0,0.0,0.0,0.0,1.0,0.0,12.0,24.0,0.0,0.0,0.0,1.0,0.0,1.0,1.0,1.0,0.0,0.0,0.0,0.0,1.0,0.0,0.0,0.0,0.0,0.0,0.0,0.0,1.0,1.0,-1.0,1.0,-1.0,1.0,1.0,1.0
2010,4.0,3.0,1.0,6.0,79.0,1.0,0.0,0.0,0.0,0.0,0.0,0.0,0.0,0.0,0.0,1.0,0.0,0.0,0.0,1.0,0.0,22.0,50.0,0.0,0.0,0.0,1.0,1.0,0.0952380952,1.0,1.0,0.0,0.0,0.0,0.0,1.0,0.0,0.0,0.0,1.0,0.0,0.0,0.0,1.0,-1.0,1.0,1.0,1.0,-1.0,1.0,1.0
2011,1225.0,4.0,0.0,5.0,75.0,0.0,0.0,0.0,0.0,0.0,0.0,0.0,0.0,0.0,0.0,1.0,0.0,0.0,0.0,1.0,0.0,19.0,49.0,0.0,0.0,0.0,0.0,0.0,0.0,0.0,1.0,0.0,0.0,0.0,0.0,0.0,0.0,0.0,0.0,0.0,0.0,0.0,0.0,1.0,0.0,1.0,1.0,1.0,1.0,1.0,1.0
2012,3497.0,5.0,2.0,6.0,91.0,4.0,4.0,0.0,0.0,0.0,0.0,0.0,0.0,0.0,9.0,1.0,1.0,0.0,0.0,1.0,0.0,33.0,51.0,0.0,0.0,0.0,0.0,0.0,0.0,0.0,1.0,0.0,0.0,0.0,0.0,0.0,0.0,0.0,0.0,0.0,0.0,0.0,1.0,0.0,-1.0,1.0,1.0,1.0,1.0,1.0,1.0
2013,5665.0,3.0,2.0,14.0,125.0,0.0,0.0,0.0,0.0,0.0,0.0,0.0,0.0,0.0,0.0,1.0,1.0,0.0,0.0,1.0,0.0,24.0,94.0,0.0,0.0,0.0,0.0,0.0555555556,0.03125,0.0,0.0,0.0,0.0,0.0,0.0,0.0,0.0,0.0,0.0,0.0,0.0,0.0,0.0,0.0,-1.0,1.0,1.0,1.0,1.0,0.0,0.0
2014,1838.0,2.0,0.0,2.0,56.0,0.0,0.0,0.0,0.0,0.0,0.0,0.0,0.0,0.0,1.0,1.0,1.0,0.0,0.0,0.0,0.0,29.0,20.0,0.0,0.0,0.0,0.0,0.0,0.0,0.0,1.0,0.0,0.0,0.0,0.0,0.0,0.0,0.0,0.0,0.0,0.0,0.0,0.0,1.0,0.0,1.0,1.0,1.0,1.0,1.0,1.0
2015,1660.0,1.0,0.0,6.0,54.0,1.0,0.0,0.0,0.0,0.0,0.0,0.0,0.0,0.0,4.0,1.0,1.0,0.0,0.0,1.0,0.0,16.0,31.0,0.0,0.0,0.0,0.0,0.0,0.0,0.0,1.0,0.0,0.0,0.0,0.0,0.0,0.0,0.0,0.0,0.0,0.0,0.0,0.0,1.0,0.0,1.0,1.0,1.0,1.0,1.0,1.0
2016,1519.0,3.0,1.0,2.0,47.0,0.0,0.0,0.0,0.0,0.0,0.0,0.0,0.0,0.0,0.0,1.0,1.0,0.0,0.0,0.0,0.0,20.0,20.0,0.0,0.0,0.0,0.0,0.0,0.0,0.0,1.0,1.0,0.0,0.0,0.0,0.0,0.0,0.0,0.0,0.0,0.0,1.0,0.0,1.0,1.0,1.0,1.0,1.0,1.0,1.0,1.0
2017,2604.0,4.0,0.0,2.0,71.0,0.0,0.0,0.0,0.0,0.0,0.0,1.0,0.0,0.0,14.0,1.0,0.0,0.0,0.0,0.0,0.0,10.0,20.0,33.0,0.0,0.0,0.0,0.8571428571,1.0,1.0,1.0,0.0,0.0,0.0,0.0,1.0,0.0,0.0,0.0,0.0,1.0,0.0,0.0,1.0,0.0,-1.0,1.0,-1.0,-1.0,1.0,1.0
2018,3884.0,2.0,0.0,3.0,47.0,0.0,0.0,0.0,0.0,0.0,0.0,0.0,0.0,0.0,0.0,1.0,0.0,0.0,0.0,0.0,0.0,15.0,25.0,0.0,0.0,1.0,0.0,0.0,1.0,0.0,1.0,0.0,0.0,0.0,0.0,0.0,0.0,0.0,0.0,0.0,0.0,0.0,0.0,1.0,1.0,-1.0,1.0,-1.0,1.0,1.0,1.0
2019,3385.0,3.0,1.0,1.0,35.0,0.0,0.0,0.0,0.0,0.0,0.0,0.0,0.0,0.0,4.0,1.0,1.0,0.0,0.0,0.0,0.0,17.0,11.0,0.0,0.0,1.0,0.0,0.0,0.0,0.0,1.0,0.0,0.0,0.0,1.0,0.0,0.0,0.0,0.0,0.0,0.0,0.0,0.0,1.0,1.0,1.0,1.0,1.0,-1.0,1.0,1.0
2020,5720.0,2.0,1.0,0.0,26.0,0.0,0.0,0.0,0.0,0.0,0.0,0.0,0.0,0.0,0.0,1.0,0.0,0.0,0.0,0.0,0.0,18.0,1.0,0.0,0.0,0.0,0.0,0.0258064516,0.2586206897,0.0,1.0,1.0,0.0,0.0,0.0,0.0,0.0,0.0,0.0,0.0,1.0,0.0,0.0,1.0,1.0,1.0,1.0,0.0,1.0,0.0,0.0
2021,298.0,2.0,0.0,4.0,68.0,1.0,0.0,0.0,0.0,0.0,0.0,0.0,0.0,0.0,0.0,1.0,1.0,0.0,0.0,0.0,0.0,24.0,37.0,0.0,0.0,0.0,0.0,0.6666666667,1.0,0.0,1.0,0.0,0.0,0.0,0.3333333333,1.0,0.0,0.0,0.0,0.0,0.0,0.0,0.0,1.0,0.0,-1.0,1.0,-1.0,-1.0,1.0,1.0
2022,7346.0,3.0,1.0,3.0,70.0,3.0,0.0,0.0,0.0,0.0,0.0,0.0,0.0,0.0,9.0,1.0,1.0,0.0,0.0,0.0,0.0,22.0,41.0,0.0,0.0,0.0,0.0,0.1428571429,0.8125,0.0,0.0,0.0,0.0,0.0,0.0238095238,0.0,0.0,0.0,0.0,1.0,0.0,0.0,0.0,1.0,0.0,-1.0,1.0,0.0,1.0,0.0,0.0
2023,6524.0,1.0,0.0,2.0,79.0,6.0,0.0,0.0,0.0,0.0,0.0,0.0,0.0,0.0,4.0,1.0,1.0,0.0,0.0,0.0,0.0,6.0,66.0,0.0,0.0,0.0,0.0,0.0753768844,0.1388888889,0.0,0.0,0.0,0.0,0.0,0.1105527638,0.0,0.0,0.0,0.0,1.0,0.0,0.0,0.0,1.0,-1.0,1.0,1.0,0.0,1.0,0.0,0.0
2024,2549.0,2.0,0.0,1.0,32.0,0.0,0.0,0.0,0.0,0.0,0.0,0.0,0.0,0.0,1.0,1.0,0.0,0.0,0.0,0.0,0.0,13.0,12.0,0.0,0.0,0.0,0.0,0.3333333333,1.0,1.0,1.0,0.0,0.0,0.0,0.6666666667,1.0,0.0,0.0,0.0,0.0,0.0,0.0,0.0,1.0,1.0,-1.0,1.0,-1.0,-1.0,1.0,1.0
2025,8033.0,3.0,0.0,1.0,142.0,6.0,0.0,0.0,0.0,1.0,7.0,1.0,0.0,0.0,19.0,1.0,1.0,0.0,0.0,0.0,0.0,12.0,13.0,109.0,0.0,1.0,0.0,0.3333333333,0.0833333333,0.0,1.0,0.0,0.0,0.0,0.0,0.0,0.0,0.0,0.0,0.0,0.0,0.0,0.0,1.0,-1.0,1.0,1.0,1.0,0.0,0.0,0.0
2026,7636.0,2.0,1.0,4.0,125.0,0.0,0.0,0.0,0.0,2.0,5.0,1.0,0.0,0.0,12.0,1.0,0.0,0.0,0.0,0.0,0.0,22.0,37.0,58.0,0.0,0.0,0.0,0.6666666667,0.1162790698,0.0,0.0,0.0,0.0,0.0,0.0,0.0,0.0,0.0,0.0,0.0,0.0,0.0,0.0,1.0,-1.0,1.0,1.0,1.0,0.0,0.0,0.0
2027,6786.0,2.0,1.0,3.0,125.0,10.0,0.0,0.0,0.0,0.0,0.0,0.0,0.0,0.0,0.0,1.0,0.0,0.0,0.0,1.0,0.0,28.0,90.0,0.0,0.0,0.0,0.0,0.1176470588,0.2608695652,0.0,0.0,0.0,0.0,0.0,0.1529411765,0.0,0.0,0.0,0.0,0.0,0.0,0.0,0.0,1.0,-1.0,1.0,1.0,0.0,1.0,0.0,0.0
2028,9366.0,2.0,1.0,2.0,58.0,3.0,0.0,0.0,0.0,0.0,0.0,0.0,0.0,0.0,0.0,1.0,0.0,0.0,0.0,1.0,0.0,22.0,29.0,0.0,0.0,0.0,0.0,0.12,0.4285714286,0.0,1.0,0.0,1.0,0.0,0.06,0.0,0.0,0.0,0.0,0.0,1.0,0.0,0.0,1.0,0.0,0.0,0.0,0.0,1.0,0.0,0.0
2029,7405.0,3.0,0.0,2.0,83.0,8.0,0.0,0.0,0.0,0.0,0.0,0.0,0.0,0.0,3.0,1.0,0.0,0.0,0.0,1.0,0.0,12.0,64.0,0.0,0.0,0.0,0.0,0.0209424084,0.0918367347,0.0,1.0,1.0,0.0,0.0,0.0052356021,0.0,0.0,0.0,0.0,0.0,1.0,0.0,0.0,1.0,-1.0,1.0,1.0,0.0,1.0,0.0,0.0
2030,7305.0,1.0,0.0,0.0,104.0,0.0,0.0,0.0,0.0,1.0,1.0,5.0,4.0,0.0,4.0,1.0,0.0,0.0,0.0,0.0,0.0,15.0,1.0,80.0,0.0,0.0,0.0,0.1531531532,0.1538461538,0.0,1.0,1.0,0.0,1.0,0.0,0.0,0.0,0.0,0.0,0.0,1.0,0.0,0.0,1.0,-1.0,0.0,-1.0,1.0,1.0,0.0,0.0
2031,2747.0,2.0,0.0,3.0,37.0,0.0,0.0,0.0,0.0,0.0,0.0,0.0,0.0,0.0,1.0,1.0,0.0,0.0,0.0,0.0,0.0,12.0,18.0,0.0,0.0,0.0,0.0,0.0,0.6428571429,1.0,1.0,0.0,0.0,0.0,1.0,0.0,0.0,0.0,0.0,0.0,0.0,0.0,0.0,1.0,1.0,-1.0,1.0,0.0,-1.0,1.0,1.0
2032,2705.0,4.0,2.0,2.0,45.0,0.0,0.0,0.0,0.0,0.0,0.0,0.0,0.0,0.0,1.0,1.0,0.0,0.0,1.0,0.0,0.0,20.0,18.0,0.0,0.0,0.0,0.0,1.0,0.9230769231,1.0,1.0,1.0,0.0,1.0,0.0,1.0,0.0,0.0,0.0,0.0,1.0,0.0,0.0,0.0,1.0,-1.0,-1.0,-1.0,-1.0,1.0,1.0
2033,4191.0,6.0,0.0,4.0,91.0,1.0,1.0,0.0,0.0,0.0,0.0,2.0,0.0,0.0,15.0,1.0,0.0,0.0,0.0,1.0,0.0,24.0,23.0,36.0,0.0,0.0,0.0,1.0,1.0,1.0,1.0,0.0,0.0,0.0,0.0,1.0,0.0,0.0,0.0,0.0,0.0,0.0,0.0,1.0,-1.0,-1.0,1.0,-1.0,-1.0,1.0,1.0
2034,699.0,3.0,0.0,2.0,43.0,1.0,0.0,0.0,0.0,0.0,0.0,0.0,0.0,0.0,0.0,1.0,0.0,0.0,0.0,0.0,0.0,20.0,16.0,0.0,0.0,0.0,0.0,0.0,0.0833333333,0.0,1.0,0.0,0.0,0.0,0.0,0.0,0.0,0.0,0.0,0.0,0.0,0.0,0.0,1.0,1.0,1.0,1.0,1.0,1.0,1.0,1.0
2035,7569.0,1.0,0.0,6.0,76.0,8.0,0.0,0.0,0.0,0.0,0.0,0.0,0.0,0.0,8.0,1.0,1.0,0.0,0.0,1.0,0.0,18.0,51.0,0.0,0.0,0.0,0.0,0.1466666667,0.1666666667,0.0,1.0,1.0,0.0,0.0,0.16,0.0,0.0,0.0,0.0,1.0,1.0,0.0,0.0,1.0,-1.0,1.0,1.0,0.0,1.0,0.0,0.0
2036,9659.0,2.0,1.0,6.0,57.0,0.0,0.0,0.0,0.0,0.0,0.0,0.0,0.0,0.0,1.0,1.0,0.0,0.0,0.0,1.0,0.0,21.0,29.0,0.0,0.0,0.0,0.0,0.0363636364,0.1,0.0,1.0,0.0,0.0,0.0,0.3636363636,0.0,0.0,0.0,0.0,1.0,0.0,0.0,0.0,1.0,0.0,1.0,1.0,1.0,0.0,0.0,0.0
2037,8275.0,2.0,0.0,1.0,33.0,0.0,0.0,0.0,0.0,0.0,0.0,0.0,0.0,0.0,3.0,1.0,1.0,0.0,0.0,0.0,0.0,12.0,14.0,0.0,0.0,0.0,0.0,0.9615384615,0.7857142857,0.0,1.0,1.0,0.0,1.0,0.0,1.0,0.0,0.0,0.0,0.0,1.0,0.0,0.0,1.0,1.0,-1.0,-1.0,-1.0,-1.0,0.0,0.0
2038,5472.0,5.0,1.0,3.0,67.0,0.0,0.0,0.0,0.0,0.0,0.0,0.0,0.0,0.0,3.0,1.0,0.0,0.0,0.0,0.0,0.0,16.0,44.0,0.0,0.0,0.0,0.0,0.0925925926,0.15625,0.0,1.0,0.0,0.0,0.0,0.0925925926,0.0,0.0,0.0,0.0,1.0,0.0,0.0,0.0,1.0,0.0,1.0,1.0,0.0,1.0,0.0,0.0
2039,6766.0,3.0,1.0,3.0,76.0,6.0,0.0,0.0,0.0,0.0,0.0,0.0,0.0,0.0,6.0,1.0,1.0,0.0,0.0,1.0,0.0,16.0,53.0,0.0,0.0,0.0,0.0,0.1826484018,0.9534883721,0.0,1.0,0.0,1.0,0.0,0.0228310502,0.0,0.0,0.0,0.0,1.0,1.0,0.0,0.0,1.0,-1.0,-1.0,0.0,0.0,1.0,0.0,0.0
2040,8128.0,1.0,0.0,2.0,91.0,0.0,0.0,0.0,0.0,9.0,0.0,0.0,0.0,0.0,5.0,1.0,1.0,0.0,0.0,1.0,0.0,22.0,62.0,0.0,0.0,0.0,0.0,0.0277777778,1.0,1.0,1.0,0.0,0.0,0.0,0.1222222222,0.0,0.0,0.0,0.0,0.0,0.0,0.0,0.0,1.0,-1.0,-1.0,1.0,-1.0,1.0,0.0,0.0
2041,3406.0,2.0,1.0,3.0,40.0,0.0,0.0,0.0,0.0,0.0,0.0,0.0,0.0,0.0,0.0,1.0,0.0,0.0,0.0,0.0,0.0,17.0,16.0,0.0,0.0,0.0,0.0,0.0,0.0625,0.0,1.0,0.0,0.0,0.0,0.0,0.0,0.0,0.0,0.0,0.0,1.0,0.0,0.0,1.0,1.0,1.0,1.0,0.0,1.0,1.0,1.0
2042,4392.0,3.0,1.0,5.0,65.0,0.0,0.0,0.0,0.0,0.0,0.0,0.0,0.0,0.0,0.0,1.0,0.0,0.0,0.0,0.0,0.0,26.0,32.0,0.0,0.0,0.0,0.0,0.0,0.0,0.0,1.0,0.0,0.0,0.0,0.0,0.0,0.0,0.0,0.0,0.0,0.0,0.0,0.0,1.0,0.0,1.0,1.0,1.0,1.0,1.0,1.0
2043,4450.0,3.0,1.0,3.0,68.0,2.0,0.0,0.0,0.0,0.0,0.0,0.0,0.0,0.0,0.0,1.0,0.0,0.0,0.0,0.0,0.0,12.0,49.0,0.0,0.0,0.0,0.0,0.0,0.0,0.0,1.0,1.0,0.0,0.0,0.0,0.0,0.0,0.0,0.0,0.0,0.0,1.0,0.0,1.0,0.0,1.0,1.0,1.0,1.0,1.0,1.0
2044,9069.0,1.0,0.0,3.0,59.0,1.0,0.0,0.0,0.0,0.0,0.0,0.0,0.0,0.0,0.0,1.0,0.0,0.0,0.0,0.0,0.0,17.0,35.0,0.0,0.0,0.0,0.0,0.0571428571,0.1176470588,0.0,1.0,0.0,0.0,0.0,0.0285714286,0.0,0.0,0.0,0.0,0.0,0.0,0.0,0.0,1.0,0.0,1.0,1.0,1.0,1.0,0.0,0.0
2045,3932.0,2.0,0.0,4.0,64.0,0.0,0.0,0.0,0.0,0.0,0.0,0.0,0.0,0.0,0.0,1.0,0.0,0.0,0.0,0.0,0.0,21.0,36.0,0.0,0.0,0.0,0.0,1.0,1.0,0.0,1.0,0.0,0.0,0.0,0.0,1.0,0.0,0.0,0.0,0.0,0.0,0.0,0.0,1.0,0.0,-1.0,1.0,-1.0,-1.0,1.0,1.0
2046,4866.0,4.0,0.0,4.0,76.0,4.0,2.0,0.0,0.0,0.0,0.0,0.0,0.0,0.0,0.0,1.0,0.0,0.0,0.0,1.0,0.0,25.0,44.0,0.0,0.0,1.0,1.0,0.9333333333,1.0,0.0,1.0,0.0,0.0,0.0,0.0666666667,1.0,0.0,0.0,0.0,0.0,0.0,0.0,0.0,1.0,-1.0,-1.0,1.0,-1.0,-1.0,1.0,1.0
2047,7814.0,2.0,1.0,4.0,106.0,13.0,0.0,0.0,0.0,0.0,0.0,0.0,0.0,0.0,5.0,1.0,1.0,0.0,0.0,1.0,0.0,10.0,89.0,0.0,0.0,0.0,0.0,0.0810810811,0.7096774194,0.0,1.0,0.0,0.0,0.0,0.0,0.0,0.0,0.0,0.0,0.0,1.0,0.0,0.0,1.0,-1.0,0.0,1.0,0.0,1.0,0.0,0.0
2048,4019.0,5.0,1.0,9.0,116.0,0.0,0.0,0.0,0.0,0.0,0.0,0.0,0.0,0.0,0.0,1.0,1.0,0.0,0.0,1.0,0.0,16.0,93.0,0.0,0.0,0.0,0.0,0.8,0.1052631579,1.0,1.0,0.0,0.0,0.0,0.0,0.0,0.0,0.0,0.0,0.0,0.0,0.0,0.0,1.0,-1.0,1.0,1.0,1.0,-1.0,1.0,1.0
2049,729.0,2.0,1.0,5.0,81.0,0.0,0.0,0.0,1.0,0.0,0.0,0.0,0.0,0.0,27.0,0.0,1.0,0.0,0.0,0.0,0.0,23.0,50.0,0.0,0.0,0.0,0.0,0.0,0.0,0.0,0.0,0.0,0.0,0.0,0.0,0.0,0.0,0.0,0.0,0.0,0.0,0.0,0.0,1.0,-1.0,1.0,1.0,1.0,1.0,1.0,1.0
2050,1709.0,1.0,0.0,5.0,49.0,1.0,0.0,0.0,0.0,0.0,0.0,0.0,0.0,0.0,0.0,1.0,0.0,0.0,0.0,0.0,0.0,21.0,21.0,0.0,0.0,0.0,0.0,0.0666666667,0.0769230769,0.0,1.0,1.0,0.0,0.0,0.8666666667,0.0,0.0,0.0,0.0,0.0,0.0,0.0,0.0,1.0,1.0,1.0,1.0,1.0,-1.0,1.0,1.0
2051,5465.0,2.0,0.0,1.0,110.0,0.0,0.0,0.0,0.0,4.0,0.0,4.0,3.0,0.0,6.0,1.0,0.0,0.0,0.0,0.0,0.0,18.0,12.0,72.0,0.0,0.0,0.0,0.1153846154,0.0789473684,0.0,0.0,0.0,0.0,0.0,0.0,0.0,0.0,0.0,0.0,0.0,1.0,0.0,0.0,1.0,-1.0,1.0,1.0,0.0,1.0,0.0,0.0
2052,1898.0,4.0,2.0,4.0,54.0,0.0,0.0,0.0,0.0,0.0,0.0,0.0,0.0,0.0,0.0,1.0,0.0,0.0,0.0,1.0,0.0,18.0,29.0,0.0,0.0,0.0,0.0,0.8333333333,0.2352941176,1.0,1.0,0.0,0.0,0.0,0.0833333333,0.0,0.0,0.0,0.0,0.0,1.0,0.0,0.0,1.0,0.0,1.0,1.0,0.0,-1.0,1.0,1.0
2053,866.0,4.0,0.0,3.0,187.0,0.0,0.0,0.0,0.0,6.0,0.0,11.0,7.0,0.0,10.0,1.0,0.0,1.0,0.0,0.0,0.0,12.0,22.0,145.0,0.0,1.0,0.0,0.375,0.0,0.0,1.0,0.0,0.0,0.0,0.0,1.0,0.0,0.0,0.0,0.0,0.0,0.0,0.0,1.0,-1.0,1.0,1.0,0.0,0.0,1.0,1.0
2054,6375.0,1.0,0.0,5.0,99.0,1.0,0.0,0.0,0.0,2.0,0.0,3.0,2.0,0.0,17.0,1.0,1.0,0.0,0.0,1.0,0.0,24.0,23.0,44.0,0.0,0.0,0.0,0.375,1.0,1.0,1.0,1.0,0.0,0.0,0.0,0.0,0.0,0.0,0.0,0.0,1.0,0.0,0.0,1.0,-1.0,-1.0,1.0,0.0,0.0,0.0,0.0
2055,176.0,2.0,0.0,3.0,39.0,0.0,0.0,0.0,0.0,0.0,0.0,0.0,0.0,0.0,0.0,1.0,0.0,0.0,0.0,0.0,0.0,9.0,23.0,0.0,0.0,0.0,0.0,0.0,0.3333333333,1.0,0.0,0.0,0.0,0.0,0.0,0.0,0.0,0.0,0.0,0.0,0.0,0.0,0.0,1.0,1.0,1.0,1.0,0.0,1.0,1.0,1.0
2056,6048.0,3.0,1.0,2.0,114.0,5.0,0.0,0.0,0.0,0.0,0.0,2.0,2.0,0.0,12.0,1.0,1.0,0.0,0.0,0.0,0.0,24.0,22.0,60.0,0.0,0.0,0.0,0.0378787879,0.0784313725,0.0,1.0,0.0,0.0,0.0,0.0,0.0,0.0,0.0,0.0,0.0,1.0,0.0,0.0,1.0,-1.0,1.0,1.0,1.0,1.0,0.0,0.0
2057,4951.0,2.0,1.0,6.0,95.0,1.0,0.0,0.0,0.0,0.0,0.0,0.0,0.0,0.0,18.0,1.0,1.0,0.0,0.0,0.0,0.0,35.0,53.0,0.0,0.0,0.0,0.0,0.0,0.0714285714,0.0,1.0,0.0,0.0,0.0,1.0,0.0,0.0,0.0,0.0,0.0,1.0,0.0,0.0,1.0,-1.0,1.0,1.0,1.0,-1.0,1.0,1.0
2058,2538.0,2.0,0.0,3.0,50.0,0.0,0.0,0.0,0.0,0.0,0.0,0.0,0.0,0.0,0.0,1.0,0.0,0.0,0.0,0.0,0.0,11.0,32.0,0.0,0.0,0.0,0.0,0.9230769231,1.0,0.0,1.0,0.0,0.0,0.0,0.0,1.0,0.0,0.0,0.0,0.0,0.0,0.0,0.0,1.0,1.0,1.0,1.0,-1.0,-1.0,1.0,1.0
2059,8259.0,2.0,0.0,2.0,67.0,4.0,0.0,0.0,0.0,0.0,0.0,0.0,0.0,0.0,5.0,1.0,1.0,0.0,0.0,1.0,0.0,10.0,21.0,28.0,0.0,0.0,0.0,0.0909090909,0.0,0.0,1.0,0.0,0.0,0.0,0.0,0.0,0.0,0.0,0.0,1.0,0.0,0.0,0.0,1.0,0.0,1.0,1.0,1.0,1.0,0.0,0.0
2060,8556.0,3.0,1.0,1.0,46.0,0.0,0.0,0.0,0.0,0.0,0.0,1.0,0.0,0.0,5.0,1.0,1.0,0.0,0.0,0.0,0.0,16.0,15.0,7.0,0.0,0.0,0.0,0.1886792453,0.012195122,0.0,1.0,0.0,0.0,0.0,0.0,0.0,0.0,0.0,0.0,0.0,0.0,0.0,0.0,1.0,1.0,1.0,1.0,1.0,1.0,0.0,0.0
2061,5933.0,1.0,0.0,5.0,92.0,8.0,0.0,0.0,0.0,0.0,0.0,0.0,0.0,0.0,8.0,1.0,1.0,0.0,0.0,1.0,0.0,15.0,70.0,0.0,0.0,0.0,0.0,0.1632653061,0.3561643836,0.0,1.0,1.0,1.0,1.0,0.0510204082,0.0,0.0,0.0,0.0,0.0,1.0,0.0,0.0,1.0,-1.0,1.0,-1.0,0.0,1.0,0.0,0.0
2062,7099.0,1.0,0.0,5.0,74.0,4.0,0.0,0.0,0.0,0.0,0.0,0.0,0.0,0.0,8.0,1.0,1.0,0.0,0.0,0.0,0.0,17.0,50.0,0.0,0.0,0.0,0.0,0.123655914,0.0984848485,0.0,1.0,1.0,0.0,1.0,0.0161290323,0.0,0.0,0.0,0.0,0.0,1.0,0.0,0.0,1.0,0.0,1.0,-1.0,1.0,1.0,0.0,0.0
2063,6108.0,3.0,1.0,1.0,93.0,4.0,0.0,0.0,0.0,0.0,0.0,1.0,1.0,0.0,13.0,1.0,1.0,0.0,0.0,0.0,0.0,19.0,15.0,51.0,0.0,0.0,0.0,0.1890756303,0.2864864865,0.0,1.0,0.0,0.0,0.0,0.0,0.0,0.0,0.0,0.0,1.0,1.0,0.0,0.0,1.0,-1.0,0.0,1.0,0.0,1.0,0.0,0.0
2064,8298.0,2.0,0.0,3.0,43.0,0.0,0.0,0.0,0.0,0.0,0.0,0.0,0.0,0.0,0.0,1.0,0.0,0.0,0.0,0.0,0.0,11.0,25.0,0.0,0.0,0.0,0.0,0.265060241,0.2857142857,0.0,0.0,0.0,0.0,0.0,0.0120481928,0.0,0.0,0.0,0.0,1.0,0.0,0.0,0.0,1.0,1.0,-1.0,1.0,0.0,1.0,0.0,0.0
2065,302.0,3.0,1.0,8.0,54.0,1.0,1.0,0.0,0.0,0.0,0.0,0.0,0.0,0.0,2.0,1.0,0.0,0.0,0.0,0.0,0.0,16.0,31.0,0.0,0.0,0.0,0.0,1.0,0.1428571429,1.0,1.0,0.0,0.0,0.0,0.0,0.0,0.0,0.0,0.0,0.0,1.0,0.0,0.0,1.0,0.0,1.0,1.0,0.0,-1.0,1.0,1.0
2066,1672.0,3.0,0.0,5.0,175.0,1.0,0.0,0.0,0.0,0.0,0.0,2.0,9.0,0.0,22.0,1.0,0.0,1.0,0.0,1.0,0.0,11.0,31.0,125.0,0.0,1.0,0.0,0.1875,0.0,0.0,1.0,0.0,0.0,0.0,0.0,1.0,0.0,0.0,0.0,0.0,0.0,0.0,0.0,1.0,-1.0,1.0,1.0,1.0,1.0,1.0,1.0
2067,8362.0,2.0,1.0,2.0,43.0,1.0,0.0,0.0,0.0,0.0,0.0,0.0,0.0,0.0,0.0,1.0,0.0,0.0,0.0,0.0,0.0,19.0,17.0,0.0,0.0,0.0,0.0,0.1879699248,0.5882352941,0.0,1.0,0.0,0.0,0.0,0.007518797,0.0,0.0,0.0,0.0,0.0,1.0,0.0,0.0,1.0,1.0,-1.0,1.0,0.0,1.0,0.0,0.0
2068,7005.0,2.0,1.0,3.0,83.0,7.0,0.0,0.0,0.0,0.0,0.0,0.0,0.0,0.0,6.0,1.0,1.0,0.0,0.0,0.0,0.0,20.0,56.0,0.0,0.0,0.0,0.0,0.3612565445,0.2459016393,0.0,1.0,1.0,0.0,0.0,0.109947644,0.0,0.0,0.0,0.0,0.0,1.0,0.0,0.0,1.0,-1.0,1.0,1.0,0.0,0.0,0.0,0.0
2069,3855.0,3.0,1.0,3.0,64.0,0.0,0.0,0.0,0.0,1.0,0.0,0.0,0.0,0.0,0.0,1.0,1.0,0.0,0.0,0.0,0.0,13.0,44.0,0.0,0.0,0.0,1.0,1.0,1.0,1.0,1.0,0.0,1.0,0.0,0.0,1.0,0.0,0.0,0.0,0.0,0.0,0.0,0.0,1.0,0.0,-1.0,0.0,-1.0,-1.0,1.0,1.0
2070,2697.0,3.0,1.0,2.0,55.0,1.0,1.0,0.0,0.0,0.0,0.0,1.0,0.0,0.0,11.0,1.0,1.0,0.0,0.0,0.0,0.0,17.0,17.0,13.0,0.0,0.0,0.0,0.7435897436,1.0,1.0,1.0,0.0,0.0,0.0,0.0,1.0,0.0,0.0,0.0,0.0,0.0,0.0,1.0,1.0,0.0,-1.0,1.0,-1.0,-1.0,1.0,1.0
2071,9441.0,2.0,1.0,1.0,38.0,0.0,0.0,0.0,1.0,0.0,0.0,0.0,0.0,0.0,3.0,1.0,1.0,0.0,0.0,0.0,0.0,19.0,12.0,0.0,0.0,0.0,0.0,0.8288288288,0.6233766234,0.0,1.0,1.0,0.0,1.0,0.0,1.0,0.0,0.0,0.0,0.0,1.0,0.0,0.0,1.0,1.0,0.0,-1.0,0.0,-1.0,0.0,0.0
2072,8908.0,1.0,0.0,2.0,48.0,4.0,0.0,0.0,0.0,0.0,0.0,0.0,0.0,0.0,0.0,1.0,0.0,0.0,0.0,1.0,0.0,15.0,26.0,0.0,0.0,0.0,0.0,0.2666666667,0.6666666667,0.0,1.0,1.0,0.0,1.0,0.0,0.0,0.0,0.0,0.0,1.0,0.0,0.0,0.0,1.0,1.0,1.0,-1.0,0.0,1.0,0.0,0.0
2073,7588.0,2.0,1.0,2.0,91.0,2.0,1.0,0.0,0.0,0.0,2.0,3.0,2.0,0.0,5.0,1.0,0.0,0.0,0.0,1.0,0.0,19.0,12.0,52.0,0.0,0.0,0.0,0.0,0.0,0.0,1.0,1.0,0.0,1.0,0.0,0.0,0.0,0.0,0.0,1.0,0.0,0.0,0.0,1.0,-1.0,1.0,-1.0,1.0,1.0,0.0,0.0
2074,271.0,4.0,2.0,4.0,71.0,5.0,4.0,0.0,0.0,0.0,0.0,0.0,0.0,0.0,9.0,1.0,0.0,0.0,0.0,0.0,0.0,35.0,29.0,0.0,0.0,1.0,0.0,0.0,0.6428571429,1.0,1.0,0.0,0.0,0.0,1.0,0.0,0.0,0.0,0.0,0.0,0.0,0.0,0.0,0.0,0.0,-1.0,1.0,0.0,-1.0,1.0,1.0
2075,7065.0,1.0,0.0,4.0,97.0,7.0,0.0,0.0,0.0,0.0,0.0,0.0,0.0,0.0,6.0,1.0,1.0,0.0,0.0,1.0,0.0,16.0,49.0,24.0,0.0,0.0,0.0,0.4146341463,0.4666666667,0.0,1.0,1.0,0.0,1.0,0.0,0.0,0.0,0.0,0.0,0.0,1.0,0.0,0.0,1.0,-1.0,-1.0,-1.0,0.0,0.0,0.0,0.0
2076,8741.0,2.0,1.0,4.0,50.0,0.0,0.0,0.0,0.0,0.0,0.0,0.0,0.0,0.0,8.0,1.0,1.0,0.0,0.0,0.0,0.0,16.0,27.0,0.0,0.0,0.0,0.0,0.125,0.0526315789,0.0,0.0,0.0,0.0,0.0,0.0,0.0,0.0,0.0,0.0,0.0,0.0,0.0,0.0,1.0,1.0,1.0,1.0,1.0,1.0,0.0,0.0
2077,4123.0,2.0,1.0,3.0,51.0,0.0,0.0,0.0,0.0,0.0,0.0,0.0,0.0,0.0,0.0,1.0,0.0,0.0,0.0,0.0,0.0,19.0,25.0,0.0,0.0,0.0,0.0,0.0,0.0,0.0,1.0,0.0,0.0,0.0,0.0,0.0,0.0,0.0,0.0,0.0,0.0,0.0,0.0,1.0,1.0,1.0,1.0,1.0,1.0,1.0,1.0
2078,3323.0,2.0,1.0,8.0,88.0,3.0,0.0,0.0,0.0,0.0,0.0,0.0,0.0,0.0,0.0,1.0,1.0,0.0,0.0,0.0,0.0,21.0,60.0,0.0,0.0,0.0,0.0,0.0,0.7857142857,0.0,1.0,0.0,0.0,0.0,1.0,1.0,0.0,0.0,0.0,0.0,1.0,0.0,0.0,1.0,-1.0,-1.0,1.0,1.0,-1.0,1.0,1.0
2079,7414.0,2.0,0.0,3.0,61.0,1.0,0.0,0.0,0.0,0.0,0.0,0.0,0.0,0.0,6.0,1.0,1.0,0.0,0.0,0.0,0.0,18.0,36.0,0.0,0.0,0.0,0.0,0.0434782609,0.2222222222,0.0,1.0,1.0,0.0,1.0,0.049689441,0.0,0.0,0.0,0.0,0.0,0.0,0.0,0.0,1.0,0.0,1.0,-1.0,0.0,1.0,0.0,0.0
2080,5248.0,1.0,0.0,2.0,94.0,9.0,0.0,0.0,0.0,0.0,0.0,0.0,0.0,0.0,0.0,1.0,0.0,0.0,0.0,1.0,0.0,13.0,74.0,0.0,0.0,0.0,0.0,0.2013422819,0.4814814815,0.0,1.0,1.0,0.0,0.0,0.0067114094,0.0,0.0,0.0,0.0,1.0,1.0,0.0,0.0,1.0,-1.0,0.0,1.0,0.0,1.0,0.0,0.0
2081,7220.0,2.0,0.0,2.0,61.0,0.0,0.0,0.0,0.0,0.0,0.0,2.0,1.0,0.0,5.0,1.0,0.0,0.0,0.0,1.0,0.0,18.0,20.0,15.0,0.0,0.0,0.0,0.037037037,0.0,0.0,1.0,0.0,0.0,0.0,0.0,0.0,0.0,0.0,0.0,1.0,0.0,0.0,0.0,1.0,0.0,1.0,1.0,1.0,1.0,0.0,0.0
2082,6192.0,1.0,0.0,5.0,77.0,1.0,0.0,0.0,0.0,2.0,0.0,1.0,0.0,0.0,7.0,1.0,1.0,0.0,0.0,0.0,0.0,13.0,48.0,8.0,0.0,0.0,0.0,0.2676399027,0.5,0.0,1.0,0.0,0.0,0.0,0.0,0.0,0.0,0.0,0.0,0.0,1.0,0.0,0.0,1.0,-1.0,0.0,1.0,0.0,1.0,0.0,0.0
2083,4533.0,11.0,1.0,4.0,96.0,0.0,0.0,0.0,0.0,0.0,0.0,0.0,0.0,0.0,0.0,1.0,1.0,0.0,0.0,1.0,0.0,26.0,63.0,0.0,0.0,1.0,1.0,0.9444444444,0.0,0.0,1.0,0.0,0.0,0.0,0.0,1.0,0.0,0.0,0.0,0.0,1.0,0.0,0.0,1.0,-1.0,1.0,1.0,1.0,-1.0,1.0,1.0
2084,6677.0,1.0,0.0,3.0,60.0,3.0,0.0,0.0,0.0,0.0,0.0,0.0,0.0,0.0,1.0,1.0,0.0,0.0,0.0,1.0,0.0,13.0,40.0,0.0,0.0,0.0,0.0,0.085106383,0.1538461538,0.0,1.0,0.0,0.0,0.0,0.0212765957,0.0,0.0,0.0,0.0,0.0,1.0,0.0,0.0,1.0,0.0,0.0,1.0,1.0,1.0,0.0,0.0
2085,5016.0,2.0,1.0,0.0,21.0,0.0,0.0,0.0,0.0,0.0,0.0,0.0,0.0,0.0,0.0,1.0,0.0,0.0,0.0,0.0,0.0,13.0,1.0,0.0,0.0,0.0,0.0,0.3783783784,0.3333333333,0.0,0.0,0.0,0.0,0.0,0.0,0.0,0.0,0.0,0.0,0.0,0.0,0.0,1.0,1.0,1.0,1.0,1.0,0.0,0.0,0.0,0.0
2086,8278.0,1.0,0.0,2.0,29.0,0.0,0.0,0.0,0.0,0.0,0.0,0.0,0.0,0.0,1.0,1.0,0.0,0.0,0.0,0.0,0.0,6.0,16.0,0.0,0.0,0.0,0.0,0.0,0.0952380952,0.0,0.0,0.0,0.0,0.0,0.0,0.0,0.0,0.0,0.0,0.0,0.0,0.0,0.0,1.0,1.0,1.0,1.0,0.0,1.0,0.0,0.0
2087,6444.0,2.0,1.0,5.0,110.0,9.0,0.0,0.0,0.0,0.0,0.0,0.0,0.0,0.0,13.0,1.0,1.0,0.0,0.0,1.0,0.0,15.0,88.0,0.0,0.0,0.0,0.0,0.0344827586,0.5483870968,0.0,0.0,0.0,0.0,0.0,0.0,0.0,0.0,0.0,0.0,0.0,1.0,0.0,0.0,1.0,-1.0,0.0,1.0,0.0,1.0,0.0,0.0
2088,9171.0,2.0,1.0,4.0,59.0,2.0,0.0,0.0,0.0,0.0,0.0,1.0,0.0,0.0,11.0,1.0,1.0,0.0,0.0,1.0,0.0,17.0,28.0,6.0,0.0,0.0,0.0,0.4122807018,0.2903225806,0.0,1.0,0.0,0.0,0.0,0.0,0.0,0.0,0.0,0.0,0.0,0.0,0.0,0.0,1.0,0.0,1.0,1.0,0.0,0.0,0.0,0.0
2089,746.0,2.0,0.0,7.0,138.0,0.0,0.0,0.0,0.0,0.0,0.0,2.0,1.0,0.0,22.0,1.0,1.0,0.0,0.0,0.0,0.0,18.0,55.0,57.0,0.0,0.0,0.0,0.375,0.7142857143,0.0,1.0,0.0,0.0,0.0,0.0,1.0,0.0,0.0,0.0,0.0,0.0,0.0,0.0,1.0,-1.0,-1.0,1.0,0.0,0.0,1.0,1.0
2090,2726.0,3.0,1.0,3.0,54.0,0.0,0.0,0.0,0.0,0.0,0.0,0.0,0.0,0.0,0.0,1.0,0.0,0.0,0.0,0.0,0.0,15.0,32.0,0.0,0.0,0.0,0.0,0.9230769231,1.0,0.0,1.0,0.0,0.0,0.0,0.0,1.0,0.0,0.0,0.0,0.0,0.0,0.0,0.0,1.0,0.0,1.0,1.0,-1.0,-1.0,1.0,1.0
2091,4653.0,3.0,1.0,8.0,102.0,2.0,0.0,0.0,0.0,0.0,0.0,0.0,0.0,0.0,1.0,1.0,1.0,0.0,0.0,0.0,0.0,25.0,70.0,0.0,0.0,0.0,0.0,1.0,1.0,0.0,1.0,0.0,1.0,0.0,0.0,1.0,0.0,0.0,0.0,0.0,1.0,0.0,0.0,1.0,-1.0,-1.0,0.0,-1.0,-1.0,1.0,1.0
2092,204.0,3.0,1.0,4.0,50.0,0.0,0.0,0.0,0.0,0.0,0.0,0.0,0.0,0.0,0.0,1.0,0.0,0.0,0.0,1.0,0.0,21.0,22.0,0.0,0.0,0.0,0.0,0.0,0.0,0.0,1.0,0.0,0.0,0.0,0.0,0.0,0.0,0.0,0.0,0.0,0.0,0.0,0.0,1.0,1.0,1.0,1.0,1.0,1.0,1.0,1.0
2093,6972.0,1.0,0.0,5.0,76.0,3.0,0.0,0.0,0.0,0.0,0.0,0.0,0.0,0.0,0.0,1.0,1.0,0.0,0.0,1.0,0.0,24.0,45.0,0.0,0.0,0.0,0.0,0.1186440678,1.0,1.0,1.0,1.0,0.0,0.0,0.0395480226,0.0,0.0,0.0,0.0,0.0,1.0,0.0,0.0,1.0,-1.0,-1.0,1.0,-1.0,1.0,0.0,0.0
2094,5613.0,2.0,1.0,10.0,86.0,0.0,0.0,0.0,0.0,0.0,0.0,0.0,0.0,0.0,0.0,1.0,1.0,0.0,0.0,1.0,0.0,20.0,59.0,0.0,0.0,0.0,0.0,0.037037037,0.0185185185,0.0,0.0,0.0,0.0,0.0,0.0,0.0,0.0,0.0,0.0,1.0,0.0,0.0,0.0,1.0,-1.0,1.0,1.0,1.0,1.0,0.0,0.0
2095,7657.0,1.0,0.0,4.0,83.0,8.0,0.0,0.0,0.0,0.0,0.0,0.0,0.0,0.0,7.0,1.0,1.0,0.0,0.0,0.0,0.0,18.0,58.0,0.0,0.0,0.0,0.0,0.1428571429,0.488372093,0.0,1.0,1.0,0.0,0.0,0.0047619048,0.0,0.0,0.0,0.0,0.0,1.0,0.0,0.0,1.0,-1.0,-1.0,1.0,0.0,1.0,0.0,0.0
2096,5303.0,1.0,0.0,2.0,85.0,7.0,0.0,0.0,0.0,0.0,0.0,0.0,0.0,0.0,2.0,1.0,1.0,0.0,0.0,0.0,0.0,21.0,57.0,0.0,0.0,0.0,0.0,0.3095238095,0.5897435897,0.0,1.0,1.0,1.0,0.0,0.0,0.0,0.0,0.0,0.0,1.0,1.0,0.0,0.0,1.0,-1.0,-1.0,0.0,0.0,1.0,0.0,0.0
2097,2025.0,2.0,0.0,5.0,60.0,1.0,0.0,0.0,0.0,0.0,0.0,0.0,0.0,0.0,0.0,1.0,0.0,0.0,0.0,1.0,0.0,11.0,42.0,0.0,0.0,0.0,0.0,0.3333333333,0.1875,1.0,1.0,0.0,0.0,0.0,0.6666666667,0.0,0.0,0.0,0.0,0.0,1.0,0.0,0.0,1.0,0.0,1.0,1.0,0.0,-1.0,1.0,1.0
2098,7121.0,2.0,0.0,5.0,164.0,9.0,1.0,0.0,0.0,0.0,0.0,1.0,0.0,0.0,33.0,1.0,0.0,0.0,0.0,1.0,0.0,16.0,98.0,42.0,0.0,0.0,0.0,0.0666666667,0.029535865,0.0,1.0,0.0,0.0,0.0,0.0,0.0,0.0,0.0,0.0,0.0,0.0,0.0,0.0,1.0,-1.0,1.0,1.0,0.0,1.0,0.0,0.0
2099,1469.0,2.0,0.0,5.0,48.0,1.0,0.0,0.0,0.0,0.0,0.0,0.0,0.0,0.0,1.0,1.0,1.0,0.0,0.0,0.0,0.0,12.0,29.0,0.0,0.0,0.0,0.0,1.0,1.0,0.0,1.0,0.0,1.0,0.0,0.0,1.0,0.0,0.0,0.0,0.0,1.0,0.0,0.0,1.0,1.0,-1.0,0.0,1.0,-1.0,1.0,1.0
2100,4483.0,3.0,1.0,5.0,73.0,0.0,0.0,0.0,0.0,1.0,0.0,0.0,0.0,0.0,3.0,1.0,0.0,0.0,0.0,1.0,0.0,25.0,41.0,0.0,0.0,0.0,0.0,1.0,0.1666666667,1.0,1.0,0.0,0.0,0.0,0.0,1.0,0.0,0.0,0.0,0.0,0.0,0.0,0.0,1.0,0.0,1.0,1.0,0.0,-1.0,1.0,1.0
2101,7971.0,3.0,1.0,3.0,185.0,1.0,0.0,0.0,0.0,0.0,4.0,6.0,5.0,0.0,12.0,1.0,0.0,0.0,0.0,0.0,0.0,17.0,34.0,126.0,0.0,0.0,1.0,0.0769230769,0.0,0.0,1.0,0.0,0.0,0.0,0.0,0.0,0.0,0.0,0.0,0.0,0.0,0.0,0.0,1.0,-1.0,1.0,1.0,1.0,1.0,0.0,0.0
2102,4230.0,2.0,0.0,3.0,40.0,1.0,0.0,0.0,0.0,0.0,0.0,0.0,0.0,0.0,2.0,1.0,0.0,0.0,0.0,0.0,0.0,10.0,23.0,0.0,0.0,0.0,0.0,0.9230769231,1.0,0.0,1.0,0.0,0.0,0.0,0.0,1.0,0.0,0.0,0.0,0.0,0.0,0.0,0.0,1.0,1.0,1.0,1.0,-1.0,-1.0,1.0,1.0
2103,7676.0,1.0,0.0,5.0,95.0,8.0,0.0,0.0,0.0,0.0,0.0,0.0,0.0,0.0,8.0,1.0,1.0,0.0,0.0,0.0,0.0,10.0,78.0,0.0,0.0,0.0,0.0,0.1111111111,0.5238095238,0.0,1.0,0.0,0.0,0.0,0.0111111111,0.0,0.0,0.0,0.0,0.0,1.0,0.0,0.0,1.0,-1.0,-1.0,1.0,0.0,1.0,0.0,0.0
2104,1300.0,4.0,0.0,3.0,149.0,0.0,0.0,0.0,0.0,5.0,0.0,10.0,4.0,0.0,9.0,1.0,0.0,1.0,0.0,0.0,0.0,12.0,22.0,107.0,0.0,1.0,0.0,0.375,0.0,0.0,1.0,0.0,0.0,0.0,0.0,1.0,0.0,0.0,0.0,0.0,0.0,0.0,0.0,1.0,-1.0,1.0,1.0,0.0,0.0,1.0,1.0
2105,73.0,2.0,0.0,2.0,52.0,0.0,0.0,0.0,0.0,0.0,0.0,0.0,0.0,0.0,1.0,1.0,0.0,0.0,0.0,0.0,0.0,25.0,20.0,0.0,0.0,1.0,0.0,0.75,0.2222222222,1.0,1.0,0.0,0.0,0.0,0.125,0.0,0.0,0.0,0.0,0.0,0.0,0.0,0.0,1.0,1.0,1.0,1.0,0.0,-1.0,1.0,1.0
2106,3457.0,4.0,2.0,2.0,64.0,0.0,0.0,0.0,0.0,0.0,0.0,0.0,0.0,0.0,0.0,1.0,0.0,0.0,0.0,0.0,0.0,32.0,25.0,0.0,0.0,0.0,0.0,0.0,0.0,0.0,1.0,1.0,0.0,0.0,0.0,0.0,0.0,0.0,0.0,0.0,0.0,1.0,0.0,1.0,0.0,1.0,1.0,1.0,1.0,1.0,1.0
2107,2482.0,3.0,0.0,3.0,46.0,1.0,0.0,0.0,0.0,0.0,0.0,0.0,0.0,0.0,0.0,1.0,0.0,0.0,0.0,1.0,0.0,10.0,29.0,0.0,0.0,1.0,1.0,0.9333333333,1.0,0.0,1.0,0.0,0.0,0.0,0.0666666667,1.0,0.0,0.0,0.0,0.0,0.0,0.0,0.0,1.0,1.0,-1.0,1.0,-1.0,-1.0,1.0,1.0
2108,7458.0,2.0,0.0,1.0,74.0,0.0,0.0,0.0,0.0,1.0,0.0,4.0,3.0,0.0,4.0,1.0,0.0,0.0,0.0,0.0,0.0,12.0,10.0,44.0,0.0,0.0,0.0,0.2631578947,0.0,0.0,0.0,0.0,0.0,0.0,0.0,0.0,0.0,0.0,0.0,0.0,0.0,0.0,0.0,1.0,0.0,1.0,1.0,1.0,1.0,0.0,0.0
2109,1827.0,5.0,0.0,6.0,79.0,0.0,0.0,0.0,0.0,0.0,0.0,0.0,0.0,0.0,0.0,1.0,0.0,0.0,0.0,1.0,0.0,19.0,53.0,0.0,0.0,0.0,0.0,0.8333333333,0.2352941176,1.0,1.0,0.0,0.0,0.0,0.0833333333,0.0,0.0,0.0,0.0,0.0,1.0,0.0,0.0,1.0,-1.0,1.0,1.0,0.0,-1.0,1.0,1.0
2110,7570.0,3.0,1.0,1.0,63.0,3.0,0.0,0.0,0.0,0.0,0.0,0.0,0.0,0.0,4.0,1.0,1.0,0.0,0.0,0.0,0.0,21.0,35.0,0.0,0.0,0.0,0.0,0.1496062992,0.625,0.0,1.0,0.0,0.0,0.0,0.0393700787,0.0,0.0,0.0,0.0,1.0,0.0,0.0,0.0,1.0,0.0,-1.0,1.0,0.0,1.0,0.0,0.0
2111,8496.0,1.0,0.0,2.0,29.0,0.0,0.0,0.0,0.0,0.0,0.0,0.0,0.0,0.0,6.0,1.0,1.0,0.0,0.0,0.0,0.0,9.0,13.0,0.0,0.0,0.0,0.0,0.2916666667,0.5,1.0,0.0,0.0,0.0,0.0,0.0,0.0,0.0,0.0,0.0,0.0,0.0,0.0,0.0,1.0,1.0,0.0,1.0,0.0,1.0,0.0,0.0
2112,468.0,3.0,0.0,5.0,61.0,0.0,0.0,0.0,0.0,0.0,0.0,0.0,0.0,0.0,0.0,1.0,0.0,0.0,0.0,1.0,0.0,24.0,30.0,0.0,0.0,0.0,0.0,0.0,0.4285714286,1.0,1.0,0.0,0.0,0.0,1.0,0.0,0.0,0.0,0.0,0.0,0.0,0.0,0.0,1.0,0.0,1.0,1.0,0.0,-1.0,1.0,1.0
2113,5240.0,1.0,0.0,4.0,123.0,12.0,0.0,0.0,0.0,0.0,0.0,0.0,0.0,0.0,10.0,1.0,1.0,0.0,0.0,1.0,0.0,13.0,103.0,0.0,0.0,0.0,0.0,0.5630252101,1.0,1.0,0.0,0.0,0.0,0.0,0.0504201681,0.0,0.0,0.0,0.0,0.0,0.0,0.0,0.0,1.0,-1.0,1.0,1.0,0.0,0.0,0.0,0.0
2114,7105.0,1.0,0.0,2.0,97.0,4.0,0.0,0.0,0.0,0.0,0.0,1.0,0.0,0.0,5.0,1.0,1.0,0.0,0.0,0.0,0.0,18.0,57.0,14.0,0.0,0.0,0.0,0.119047619,0.3333333333,0.0,1.0,1.0,0.0,0.0,0.0,0.0,0.0,0.0,0.0,0.0,1.0,0.0,0.0,1.0,-1.0,0.0,1.0,0.0,1.0,0.0,0.0
2115,7113.0,3.0,1.0,4.0,63.0,0.0,0.0,0.0,0.0,0.0,0.0,1.0,0.0,0.0,11.0,1.0,1.0,0.0,0.0,0.0,0.0,13.0,31.0,11.0,0.0,0.0,0.0,0.0181818182,0.74,0.0,1.0,0.0,0.0,0.0,0.0,0.0,0.0,0.0,0.0,0.0,1.0,0.0,0.0,1.0,0.0,-1.0,1.0,0.0,1.0,0.0,0.0
2116,428.0,4.0,0.0,3.0,43.0,0.0,0.0,0.0,0.0,1.0,0.0,0.0,0.0,0.0,9.0,1.0,0.0,1.0,0.0,0.0,0.0,12.0,22.0,1.0,0.0,0.0,0.0,0.375,0.0,0.0,1.0,0.0,0.0,0.0,0.0,1.0,0.0,0.0,0.0,0.0,0.0,0.0,0.0,1.0,1.0,1.0,1.0,0.0,0.0,1.0,1.0
2117,5511.0,2.0,1.0,8.0,76.0,0.0,0.0,0.0,0.0,0.0,0.0,0.0,0.0,0.0,2.0,1.0,1.0,0.0,0.0,1.0,0.0,17.0,52.0,0.0,0.0,0.0,0.0,0.0178571429,0.0188679245,0.0,0.0,0.0,0.0,0.0,0.0,0.0,0.0,0.0,0.0,1.0,0.0,0.0,0.0,1.0,-1.0,1.0,1.0,1.0,1.0,0.0,0.0
2118,8485.0,2.0,1.0,2.0,25.0,0.0,0.0,0.0,0.0,0.0,0.0,0.0,0.0,0.0,5.0,1.0,1.0,0.0,0.0,0.0,0.0,11.0,7.0,0.0,0.0,0.0,0.0,0.1025641026,0.1176470588,0.0,1.0,0.0,0.0,0.0,0.1025641026,0.0,0.0,0.0,0.0,0.0,0.0,0.0,0.0,1.0,1.0,1.0,1.0,1.0,1.0,0.0,0.0
2119,5919.0,2.0,1.0,2.0,62.0,1.0,1.0,0.0,0.0,0.0,0.0,0.0,0.0,0.0,0.0,1.0,0.0,0.0,0.0,0.0,0.0,31.0,24.0,0.0,0.0,0.0,0.0,0.3442622951,0.8444444444,1.0,1.0,0.0,0.0,0.0,0.2049180328,0.0,0.0,0.0,0.0,0.0,1.0,0.0,1.0,1.0,0.0,-1.0,1.0,-1.0,0.0,0.0,0.0
2120,7777.0,3.0,1.0,2.0,135.0,0.0,0.0,0.0,0.0,0.0,2.0,1.0,0.0,0.0,17.0,1.0,1.0,0.0,0.0,0.0,0.0,21.0,33.0,73.0,0.0,0.0,0.0,0.0,0.1111111111,0.0,1.0,0.0,0.0,0.0,0.0,0.0,0.0,0.0,0.0,1.0,1.0,0.0,0.0,1.0,-1.0,1.0,1.0,1.0,1.0,0.0,0.0
2121,7203.0,2.0,1.0,4.0,82.0,0.0,0.0,0.0,0.0,6.0,0.0,0.0,0.0,0.0,0.0,1.0,1.0,0.0,0.0,1.0,0.0,27.0,48.0,0.0,0.0,0.0,0.0,0.1527777778,0.8194444444,0.0,1.0,0.0,0.0,0.0,0.0138888889,0.0,0.0,0.0,0.0,0.0,0.0,0.0,0.0,1.0,-1.0,-1.0,1.0,-1.0,1.0,0.0,0.0
2122,2036.0,5.0,0.0,5.0,65.0,1.0,0.0,0.0,1.0,0.0,0.0,0.0,0.0,0.0,9.0,1.0,0.0,1.0,0.0,1.0,0.0,12.0,46.0,0.0,0.0,0.0,1.0,1.0,1.0,0.0,1.0,0.0,0.0,0.0,0.0,1.0,0.0,0.0,0.0,0.0,0.0,0.0,0.0,1.0,0.0,-1.0,1.0,-1.0,-1.0,1.0,1.0
2123,5042.0,1.0,0.0,0.0,15.0,0.0,0.0,0.0,0.0,0.0,0.0,0.0,0.0,0.0,0.0,0.0,0.0,0.0,0.0,0.0,0.0,7.0,0.0,0.0,0.0,0.0,0.0,0.0731707317,0.5714285714,1.0,0.0,0.0,0.0,0.0,0.0,0.0,0.0,0.0,0.0,0.0,0.0,0.0,0.0,1.0,1.0,0.0,1.0,-1.0,1.0,0.0,0.0
2124,6580.0,1.0,0.0,3.0,100.0,5.0,0.0,0.0,0.0,0.0,0.0,2.0,1.0,0.0,21.0,1.0,1.0,0.0,0.0,0.0,0.0,8.0,53.0,31.0,0.0,0.0,0.0,0.0,0.0434782609,0.0,1.0,0.0,0.0,0.0,0.0,0.0,0.0,0.0,0.0,0.0,0.0,0.0,0.0,1.0,-1.0,1.0,1.0,1.0,1.0,0.0,0.0
2125,2064.0,2.0,0.0,3.0,44.0,1.0,1.0,0.0,0.0,0.0,0.0,0.0,0.0,0.0,0.0,1.0,0.0,0.0,0.0,1.0,0.0,21.0,16.0,0.0,0.0,0.0,1.0,0.0,1.0,1.0,1.0,0.0,0.0,0.0,0.0,1.0,0.0,0.0,0.0,0.0,0.0,0.0,0.0,1.0,1.0,-1.0,1.0,-1.0,1.0,1.0,1.0
2126,5201.0,1.0,0.0,2.0,73.0,6.0,0.0,0.0,0.0,0.0,0.0,0.0,0.0,0.0,0.0,1.0,0.0,0.0,0.0,1.0,0.0,7.0,59.0,0.0,0.0,0.0,0.0,0.135483871,0.76,1.0,0.0,0.0,0.0,0.0,0.0193548387,0.0,0.0,0.0,0.0,1.0,0.0,0.0,0.0,1.0,0.0,-1.0,1.0,0.0,1.0,0.0,0.0
2127,4192.0,2.0,0.0,6.0,67.0,1.0,0.0,0.0,0.0,0.0,0.0,0.0,0.0,0.0,0.0,1.0,0.0,0.0,0.0,1.0,0.0,11.0,49.0,0.0,0.0,0.0,0.0,0.0,0.0714285714,1.0,1.0,0.0,0.0,0.0,1.0,0.0,0.0,0.0,0.0,0.0,1.0,0.0,0.0,1.0,0.0,1.0,1.0,1.0,-1.0,1.0,1.0
2128,6270.0,2.0,0.0,1.0,82.0,0.0,0.0,0.0,0.0,1.0,0.0,4.0,3.0,0.0,6.0,1.0,0.0,0.0,0.0,0.0,0.0,14.0,10.0,50.0,0.0,0.0,0.0,0.1935483871,0.2592592593,0.0,1.0,0.0,0.0,0.0,0.0,0.0,0.0,0.0,0.0,1.0,0.0,0.0,0.0,1.0,-1.0,1.0,1.0,0.0,1.0,0.0,0.0
2129,3477.0,3.0,1.0,3.0,59.0,2.0,1.0,0.0,0.0,0.0,0.0,0.0,0.0,0.0,0.0,1.0,0.0,0.0,0.0,0.0,0.0,24.0,28.0,0.0,0.0,0.0,0.0,1.0,1.0,0.0,1.0,0.0,1.0,0.0,0.0,1.0,0.0,0.0,0.0,0.0,1.0,0.0,0.0,1.0,0.0,-1.0,0.0,-1.0,-1.0,1.0,1.0
2130,2359.0,6.0,0.0,4.0,71.0,0.0,0.0,0.0,0.0,0.0,0.0,1.0,0.0,0.0,0.0,1.0,0.0,0.0,0.0,1.0,0.0,13.0,46.0,4.0,0.0,1.0,1.0,0.9230769231,1.0,1.0,1.0,0.0,0.0,0.0,0.0,1.0,0.0,0.0,0.0,0.0,0.0,0.0,0.0,1.0,0.0,1.0,1.0,-1.0,-1.0,1.0,1.0
2131,2062.0,2.0,0.0,5.0,56.0,1.0,0.0,0.0,0.0,0.0,0.0,0.0,0.0,0.0,0.0,1.0,1.0,0.0,0.0,0.0,0.0,9.0,40.0,0.0,0.0,0.0,0.0,0.9855072464,1.0,1.0,0.0,0.0,1.0,0.0,0.0,1.0,0.0,0.0,0.0,0.0,0.0,0.0,0.0,1.0,0.0,-1.0,0.0,-1.0,-1.0,1.0,1.0
2132,8983.0,1.0,0.0,5.0,53.0,0.0,0.0,0.0,0.0,0.0,0.0,0.0,0.0,0.0,1.0,1.0,1.0,0.0,0.0,1.0,0.0,18.0,28.0,0.0,0.0,0.0,0.0,0.1314553991,0.4642857143,0.0,1.0,1.0,0.0,0.0,0.0328638498,0.0,0.0,0.0,0.0,1.0,0.0,0.0,0.0,1.0,1.0,0.0,1.0,0.0,1.0,0.0,0.0
2133,8201.0,3.0,1.0,3.0,116.0,0.0,0.0,0.0,0.0,0.0,0.0,3.0,2.0,0.0,36.0,1.0,0.0,0.0,0.0,0.0,0.0,15.0,27.0,66.0,0.0,0.0,0.0,0.0384615385,0.1666666667,0.0,1.0,0.0,0.0,0.0,0.0,0.0,0.0,0.0,0.0,0.0,1.0,0.0,0.0,1.0,-1.0,1.0,1.0,1.0,1.0,0.0,0.0
2134,8860.0,3.0,0.0,4.0,58.0,0.0,0.0,0.0,0.0,0.0,0.0,0.0,0.0,0.0,6.0,1.0,1.0,0.0,0.0,1.0,0.0,18.0,33.0,0.0,0.0,0.0,0.0,0.2666666667,0.0714285714,0.0,1.0,0.0,0.0,0.0,0.0,0.0,0.0,0.0,0.0,0.0,0.0,0.0,0.0,1.0,0.0,1.0,1.0,1.0,1.0,0.0,0.0
2135,8957.0,1.0,0.0,0.0,30.0,0.0,0.0,0.0,0.0,0.0,0.0,0.0,0.0,0.0,0.0,1.0,1.0,0.0,0.0,0.0,0.0,22.0,1.0,0.0,0.0,0.0,0.0,0.3609958506,0.2,0.0,1.0,1.0,1.0,0.0,0.0082987552,0.0,0.0,0.0,0.0,0.0,0.0,0.0,0.0,1.0,1.0,1.0,0.0,0.0,0.0,0.0,0.0
2136,5943.0,3.0,1.0,5.0,60.0,0.0,0.0,0.0,0.0,0.0,0.0,0.0,0.0,0.0,6.0,1.0,1.0,0.0,0.0,1.0,0.0,11.0,42.0,0.0,0.0,0.0,0.0,0.0714285714,0.0,0.0,0.0,0.0,0.0,0.0,0.3571428571,0.0,0.0,0.0,0.0,0.0,0.0,0.0,0.0,1.0,0.0,1.0,1.0,0.0,0.0,0.0,0.0
2137,4624.0,3.0,1.0,4.0,57.0,1.0,0.0,0.0,0.0,0.0,0.0,0.0,0.0,0.0,0.0,1.0,0.0,0.0,0.0,0.0,0.0,13.0,37.0,0.0,0.0,0.0,0.0,0.0,0.0,0.0,1.0,0.0,0.0,0.0,0.0,0.0,0.0,0.0,0.0,0.0,0.0,0.0,0.0,1.0,0.0,1.0,1.0,1.0,1.0,1.0,1.0
2138,5843.0,2.0,1.0,5.0,73.0,4.0,0.0,0.0,0.0,0.0,0.0,0.0,0.0,0.0,8.0,1.0,1.0,0.0,0.0,1.0,0.0,22.0,44.0,0.0,0.0,0.0,0.0,0.8827838828,0.15,0.0,1.0,0.0,0.0,0.0,0.043956044,0.0,0.0,0.0,0.0,0.0,0.0,0.0,0.0,1.0,0.0,1.0,1.0,1.0,-1.0,0.0,0.0
2139,537.0,2.0,1.0,3.0,51.0,2.0,1.0,0.0,0.0,0.0,0.0,0.0,0.0,0.0,0.0,1.0,0.0,0.0,0.0,0.0,0.0,24.0,20.0,0.0,0.0,0.0,0.0,1.0,1.0,0.0,1.0,0.0,1.0,0.0,0.0,1.0,0.0,0.0,0.0,0.0,1.0,0.0,0.0,1.0,1.0,-1.0,0.0,1.0,-1.0,1.0,1.0
2140,1683.0,4.0,1.0,3.0,51.0,0.0,0.0,0.0,0.0,0.0,0.0,0.0,0.0,0.0,0.0,1.0,0.0,0.0,0.0,0.0,0.0,19.0,25.0,0.0,0.0,0.0,0.0,0.0,0.5,1.0,1.0,1.0,0.0,1.0,1.0,0.0,0.0,0.0,0.0,0.0,0.0,0.0,0.0,1.0,1.0,1.0,-1.0,0.0,-1.0,1.0,1.0
2141,6783.0,2.0,1.0,6.0,113.0,8.0,0.0,0.0,0.0,0.0,0.0,0.0,0.0,0.0,8.0,1.0,1.0,0.0,0.0,1.0,0.0,24.0,82.0,0.0,0.0,0.0,0.0,0.0909090909,0.3428571429,0.0,1.0,0.0,0.0,0.0,0.0454545455,0.0,0.0,0.0,0.0,0.0,0.0,0.0,0.0,1.0,-1.0,0.0,1.0,0.0,1.0,0.0,0.0
2142,6803.0,1.0,0.0,9.0,93.0,0.0,0.0,0.0,0.0,3.0,0.0,0.0,0.0,0.0,0.0,1.0,0.0,0.0,0.0,1.0,0.0,8.0,78.0,0.0,0.0,0.0,0.0,0.2972972973,0.6153846154,0.0,0.0,0.0,0.0,0.0,0.027027027,0.0,0.0,0.0,0.0,0.0,1.0,0.0,0.0,1.0,-1.0,-1.0,1.0,0.0,0.0,0.0,0.0
2143,5723.0,2.0,0.0,2.0,62.0,0.0,0.0,0.0,0.0,0.0,0.0,2.0,1.0,0.0,7.0,1.0,0.0,0.0,0.0,0.0,0.0,22.0,18.0,14.0,0.0,0.0,0.0,0.0416666667,0.0151515152,0.0,1.0,0.0,0.0,0.0,0.0,0.0,0.0,0.0,0.0,0.0,0.0,0.0,0.0,1.0,0.0,1.0,1.0,0.0,1.0,0.0,0.0
2144,7323.0,1.0,0.0,1.0,70.0,2.0,0.0,0.0,0.0,0.0,0.0,3.0,2.0,0.0,4.0,1.0,0.0,0.0,0.0,1.0,0.0,21.0,14.0,27.0,0.0,0.0,0.0,0.3081761006,0.1458333333,0.0,1.0,1.0,0.0,0.0,0.0,0.0,0.0,0.0,0.0,0.0,0.0,0.0,0.0,1.0,0.0,1.0,1.0,0.0,1.0,0.0,0.0
2145,5654.0,3.0,1.0,4.0,118.0,11.0,0.0,0.0,0.0,0.0,0.0,0.0,0.0,0.0,11.0,1.0,1.0,0.0,0.0,1.0,0.0,21.0,90.0,0.0,0.0,0.0,0.0,0.0333333333,0.5,0.0,1.0,0.0,0.0,0.0,0.1,0.0,0.0,0.0,0.0,0.0,0.0,0.0,0.0,1.0,-1.0,1.0,1.0,0.0,1.0,0.0,0.0
2146,2092.0,2.0,0.0,4.0,56.0,0.0,0.0,0.0,0.0,0.0,0.0,0.0,0.0,0.0,0.0,1.0,0.0,0.0,0.0,1.0,0.0,24.0,25.0,0.0,0.0,0.0,0.0,0.0,0.5833333333,0.0,1.0,0.0,0.0,0.0,0.8,0.0,0.0,0.0,0.0,0.0,1.0,0.0,1.0,1.0,0.0,1.0,1.0,-1.0,-1.0,1.0,1.0
2147,209.0,2.0,1.0,4.0,54.0,1.0,1.0,0.0,0.0,0.0,0.0,0.0,0.0,0.0,0.0,1.0,1.0,0.0,0.0,0.0,0.0,27.0,20.0,0.0,0.0,0.0,0.0,0.0,0.0,0.0,1.0,0.0,0.0,0.0,0.0,0.0,0.0,0.0,0.0,0.0,0.0,0.0,0.0,1.0,0.0,1.0,1.0,1.0,1.0,1.0,1.0
2148,7705.0,2.0,0.0,4.0,91.0,7.0,0.0,0.0,0.0,0.0,0.0,0.0,0.0,0.0,8.0,1.0,1.0,0.0,0.0,1.0,0.0,10.0,74.0,0.0,0.0,0.0,0.0,0.0714285714,0.5714285714,0.0,0.0,0.0,0.0,0.0,0.0,0.0,0.0,0.0,0.0,0.0,1.0,0.0,0.0,1.0,-1.0,0.0,1.0,0.0,1.0,0.0,0.0
2149,5575.0,2.0,0.0,2.0,95.0,6.0,0.0,0.0,0.0,0.0,0.0,0.0,0.0,0.0,8.0,1.0,1.0,0.0,0.0,1.0,0.0,17.0,71.0,0.0,0.0,0.0,0.0,0.064516129,0.0714285714,0.0,0.0,0.0,0.0,0.0,0.0080645161,0.0,0.0,0.0,0.0,0.0,0.0,0.0,0.0,1.0,-1.0,1.0,1.0,1.0,1.0,0.0,0.0
2150,839.0,2.0,0.0,4.0,73.0,1.0,0.0,0.0,0.0,0.0,0.0,0.0,0.0,0.0,20.0,1.0,1.0,0.0,0.0,0.0,0.0,13.0,53.0,0.0,0.0,0.0,1.0,1.0,1.0,0.0,1.0,0.0,0.0,0.0,0.0,1.0,0.0,0.0,0.0,0.0,1.0,0.0,0.0,1.0,0.0,-1.0,1.0,-1.0,-1.0,1.0,1.0
2151,7714.0,1.0,0.0,2.0,77.0,4.0,0.0,0.0,0.0,0.0,0.0,1.0,1.0,0.0,1.0,1.0,1.0,0.0,0.0,1.0,0.0,13.0,45.0,11.0,0.0,0.0,0.0,0.1707317073,0.1428571429,0.0,1.0,1.0,0.0,0.0,0.0,0.0,0.0,0.0,0.0,0.0,1.0,0.0,0.0,1.0,-1.0,1.0,1.0,0.0,1.0,0.0,0.0
2152,493.0,2.0,1.0,3.0,46.0,0.0,0.0,0.0,0.0,0.0,0.0,0.0,0.0,0.0,6.0,1.0,1.0,0.0,0.0,1.0,0.0,27.0,12.0,0.0,0.0,0.0,0.0,0.8333333333,0.2631578947,1.0,1.0,0.0,0.0,0.0,0.0833333333,0.0,0.0,0.0,0.0,0.0,1.0,0.0,0.0,1.0,1.0,1.0,1.0,0.0,-1.0,1.0,1.0
2153,7140.0,2.0,0.0,4.0,143.0,23.0,0.0,0.0,0.0,0.0,0.0,0.0,0.0,0.0,0.0,1.0,0.0,0.0,0.0,1.0,0.0,14.0,122.0,0.0,0.0,0.0,0.0,0.0134228188,0.2407407407,0.0,1.0,0.0,0.0,0.0,0.0604026846,0.0,0.0,0.0,0.0,0.0,1.0,0.0,1.0,1.0,-1.0,1.0,1.0,0.0,1.0,0.0,0.0
2154,2542.0,2.0,0.0,2.0,38.0,0.0,0.0,0.0,0.0,0.0,0.0,0.0,0.0,0.0,0.0,1.0,0.0,0.0,0.0,0.0,0.0,13.0,18.0,0.0,0.0,0.0,0.0,0.9230769231,1.0,0.0,1.0,0.0,0.0,0.0,0.0,1.0,0.0,0.0,0.0,0.0,0.0,0.0,0.0,1.0,1.0,1.0,1.0,-1.0,-1.0,1.0,1.0
2155,8266.0,1.0,0.0,6.0,130.0,11.0,0.0,0.0,0.0,0.0,0.0,0.0,0.0,0.0,8.0,1.0,1.0,0.0,0.0,1.0,0.0,16.0,107.0,0.0,0.0,0.0,0.0,0.0604026846,0.2424242424,0.0,1.0,0.0,0.0,0.0,0.0,0.0,0.0,0.0,0.0,1.0,1.0,0.0,0.0,1.0,-1.0,1.0,1.0,0.0,1.0,0.0,0.0
2156,7184.0,1.0,0.0,2.0,76.0,1.0,0.0,0.0,0.0,0.0,2.0,1.0,0.0,0.0,12.0,1.0,0.0,0.0,0.0,0.0,0.0,11.0,14.0,43.0,0.0,0.0,0.0,0.2181818182,0.125,0.0,1.0,1.0,0.0,0.0,0.0,0.0,0.0,0.0,0.0,0.0,0.0,0.0,0.0,1.0,-1.0,1.0,1.0,1.0,1.0,0.0,0.0
2157,9763.0,2.0,1.0,4.0,49.0,2.0,0.0,0.0,0.0,0.0,0.0,0.0,0.0,0.0,5.0,1.0,1.0,0.0,0.0,0.0,0.0,17.0,25.0,0.0,0.0,0.0,0.0,0.0571428571,0.2083333333,0.0,0.0,0.0,0.0,0.0,0.1857142857,0.0,0.0,0.0,0.0,0.0,0.0,0.0,0.0,1.0,1.0,0.0,1.0,0.0,1.0,0.0,0.0
2158,4334.0,4.0,1.0,4.0,63.0,0.0,0.0,0.0,0.0,0.0,0.0,0.0,0.0,0.0,0.0,1.0,0.0,0.0,0.0,1.0,0.0,18.0,38.0,0.0,0.0,1.0,0.0,1.0,0.8888888889,1.0,1.0,0.0,0.0,0.0,0.0,1.0,0.0,0.0,0.0,0.0,0.0,0.0,0.0,1.0,0.0,0.0,1.0,-1.0,-1.0,1.0,1.0
2159,5741.0,3.0,1.0,1.0,67.0,2.0,0.0,0.0,0.0,0.0,0.0,2.0,1.0,0.0,5.0,1.0,0.0,0.0,0.0,0.0,0.0,19.0,15.0,25.0,0.0,0.0,0.0,0.0363636364,1.0,0.0,0.0,0.0,0.0,0.0,0.0,0.0,0.0,0.0,0.0,0.0,0.0,0.0,0.0,1.0,0.0,-1.0,1.0,-1.0,1.0,0.0,0.0
2160,9916.0,2.0,1.0,2.0,40.0,0.0,0.0,0.0,0.0,0.0,0.0,0.0,0.0,0.0,4.0,1.0,1.0,0.0,0.0,0.0,0.0,23.0,10.0,0.0,0.0,0.0,0.0,0.4184782609,0.4848484848,0.0,1.0,0.0,1.0,0.0,0.0380434783,0.0,0.0,0.0,0.0,0.0,1.0,0.0,0.0,1.0,1.0,1.0,0.0,0.0,0.0,0.0,0.0
2161,7745.0,2.0,1.0,0.0,71.0,4.0,1.0,0.0,0.0,0.0,0.0,1.0,0.0,0.0,0.0,1.0,0.0,0.0,0.0,0.0,0.0,23.0,1.0,39.0,0.0,0.0,0.0,0.0092592593,0.0,0.0,1.0,0.0,0.0,0.0,0.0,0.0,0.0,0.0,0.0,0.0,0.0,0.0,0.0,1.0,0.0,1.0,1.0,1.0,1.0,0.0,0.0
2162,80.0,1.0,0.0,2.0,47.0,1.0,1.0,0.0,0.0,0.0,0.0,1.0,0.0,0.0,0.0,1.0,0.0,0.0,0.0,0.0,0.0,23.0,9.0,7.0,0.0,0.0,0.0,0.0,0.0,0.0,1.0,0.0,0.0,0.0,0.0,0.0,0.0,0.0,0.0,0.0,0.0,0.0,0.0,1.0,1.0,1.0,1.0,1.0,1.0,1.0,1.0
2163,8964.0,2.0,0.0,3.0,56.0,0.0,0.0,0.0,0.0,1.0,0.0,0.0,0.0,0.0,14.0,1.0,1.0,0.0,0.0,0.0,0.0,15.0,34.0,0.0,0.0,0.0,0.0,0.0606060606,0.9285714286,1.0,0.0,0.0,0.0,0.0,0.0,0.0,0.0,0.0,0.0,0.0,1.0,0.0,0.0,1.0,0.0,-1.0,1.0,-1.0,1.0,0.0,0.0
2164,5388.0,1.0,0.0,4.0,121.0,13.0,0.0,0.0,0.0,0.0,0.0,0.0,0.0,0.0,9.0,1.0,1.0,0.0,0.0,1.0,0.0,10.0,104.0,0.0,0.0,0.0,0.0,0.0751633987,1.0,1.0,0.0,0.0,1.0,0.0,0.0522875817,0.0,0.0,0.0,0.0,0.0,1.0,0.0,0.0,1.0,-1.0,-1.0,0.0,-1.0,1.0,0.0,0.0
2165,183.0,3.0,1.0,2.0,47.0,0.0,0.0,0.0,0.0,0.0,0.0,0.0,0.0,0.0,0.0,1.0,0.0,0.0,0.0,0.0,0.0,17.0,23.0,0.0,0.0,0.0,0.0,1.0,0.7142857143,1.0,1.0,0.0,0.0,0.0,0.0,1.0,0.0,0.0,0.0,0.0,1.0,0.0,0.0,1.0,1.0,-1.0,1.0,0.0,-1.0,1.0,1.0
2166,1271.0,3.0,1.0,3.0,52.0,0.0,0.0,0.0,0.0,0.0,0.0,0.0,0.0,0.0,0.0,1.0,0.0,0.0,0.0,0.0,0.0,24.0,21.0,0.0,0.0,0.0,0.0,0.0,1.0,0.0,1.0,1.0,0.0,0.0,1.0,1.0,0.0,0.0,0.0,0.0,0.0,0.0,0.0,1.0,1.0,-1.0,1.0,-1.0,-1.0,1.0,1.0
2167,3636.0,3.0,1.0,2.0,60.0,5.0,1.0,0.0,0.0,0.0,0.0,0.0,0.0,0.0,0.0,1.0,0.0,0.0,0.0,1.0,0.0,17.0,36.0,0.0,0.0,0.0,0.0,0.0769230769,0.0,0.0,1.0,1.0,0.0,0.0,0.0769230769,0.0,0.0,0.0,0.0,0.0,0.0,0.0,1.0,1.0,0.0,1.0,1.0,1.0,1.0,1.0,1.0
2168,829.0,1.0,0.0,3.0,39.0,0.0,0.0,0.0,0.0,0.0,0.0,0.0,0.0,0.0,0.0,1.0,0.0,0.0,0.0,0.0,0.0,18.0,14.0,0.0,0.0,0.0,0.0,0.0,0.0,0.0,1.0,0.0,0.0,0.0,0.0,0.0,0.0,0.0,0.0,0.0,0.0,0.0,0.0,1.0,1.0,1.0,1.0,1.0,1.0,1.0,1.0
2169,7472.0,1.0,0.0,2.0,82.0,5.0,0.0,0.0,0.0,0.0,0.0,0.0,0.0,0.0,0.0,1.0,0.0,0.0,0.0,0.0,0.0,25.0,50.0,0.0,0.0,0.0,0.0,0.1732673267,0.5263157895,0.0,1.0,1.0,0.0,0.0,0.0099009901,0.0,0.0,0.0,0.0,1.0,1.0,0.0,0.0,1.0,-1.0,0.0,1.0,0.0,1.0,0.0,0.0
2170,4557.0,2.0,0.0,3.0,69.0,2.0,0.0,0.0,0.0,0.0,0.0,0.0,0.0,0.0,7.0,1.0,1.0,0.0,0.0,1.0,0.0,15.0,47.0,0.0,0.0,0.0,1.0,1.0,0.3571428571,0.0,1.0,1.0,0.0,1.0,0.0,1.0,0.0,0.0,0.0,0.0,0.0,0.0,0.0,1.0,0.0,1.0,-1.0,0.0,-1.0,1.0,1.0
2171,3937.0,2.0,0.0,2.0,43.0,1.0,1.0,0.0,0.0,0.0,0.0,0.0,0.0,0.0,0.0,1.0,0.0,0.0,0.0,1.0,0.0,22.0,14.0,0.0,0.0,1.0,0.0,0.5,1.0,1.0,1.0,0.0,1.0,0.0,0.4583333333,1.0,0.0,0.0,0.0,0.0,0.0,0.0,0.0,1.0,1.0,-1.0,0.0,-1.0,-1.0,1.0,1.0
2172,3303.0,3.0,2.0,5.0,121.0,5.0,4.0,0.0,0.0,0.0,0.0,0.0,0.0,0.0,20.0,1.0,1.0,0.0,1.0,1.0,0.0,66.0,48.0,0.0,0.0,0.0,0.0,0.0555555556,0.0909090909,0.0,1.0,1.0,0.0,0.0,0.9444444444,0.0,0.0,1.0,0.0,0.0,1.0,0.0,0.0,0.0,-1.0,1.0,1.0,1.0,-1.0,1.0,1.0
2173,824.0,3.0,1.0,4.0,64.0,0.0,0.0,0.0,0.0,0.0,0.0,0.0,0.0,0.0,0.0,1.0,0.0,0.0,0.0,1.0,0.0,24.0,33.0,0.0,0.0,0.0,0.0,1.0,1.0,0.0,1.0,0.0,0.0,0.0,0.0,1.0,0.0,0.0,0.0,0.0,0.0,0.0,0.0,1.0,0.0,-1.0,1.0,-1.0,-1.0,1.0,1.0
2174,3306.0,3.0,2.0,5.0,121.0,5.0,4.0,0.0,0.0,0.0,0.0,0.0,0.0,0.0,22.0,1.0,1.0,0.0,1.0,1.0,0.0,66.0,48.0,0.0,0.0,0.0,0.0,0.0555555556,0.0909090909,0.0,1.0,1.0,0.0,0.0,0.9444444444,0.0,0.0,1.0,0.0,0.0,1.0,0.0,0.0,0.0,-1.0,1.0,1.0,1.0,-1.0,1.0,1.0
2175,1145.0,2.0,0.0,3.0,46.0,0.0,0.0,0.0,0.0,0.0,0.0,0.0,0.0,0.0,0.0,1.0,0.0,0.0,0.0,1.0,0.0,14.0,25.0,0.0,0.0,0.0,0.0,1.0,0.0,0.0,1.0,0.0,0.0,0.0,0.0,0.0,0.0,0.0,0.0,0.0,0.0,0.0,0.0,1.0,1.0,1.0,1.0,1.0,-1.0,1.0,1.0
2176,5350.0,3.0,1.0,3.0,79.0,6.0,0.0,0.0,0.0,0.0,0.0,0.0,0.0,0.0,6.0,1.0,1.0,0.0,0.0,1.0,0.0,20.0,52.0,0.0,0.0,0.0,0.0,0.2368421053,0.9803921569,0.0,0.0,0.0,0.0,0.0,0.0105263158,0.0,0.0,0.0,0.0,0.0,1.0,0.0,0.0,1.0,-1.0,-1.0,1.0,0.0,1.0,0.0,0.0
2177,5950.0,1.0,0.0,2.0,86.0,1.0,0.0,0.0,0.0,1.0,2.0,3.0,2.0,0.0,6.0,1.0,0.0,0.0,0.0,0.0,0.0,14.0,7.0,57.0,0.0,0.0,0.0,0.0175438596,0.0285714286,0.0,1.0,1.0,0.0,0.0,0.0,0.0,0.0,0.0,1.0,1.0,0.0,0.0,0.0,1.0,-1.0,1.0,1.0,1.0,1.0,0.0,0.0
2178,4954.0,2.0,1.0,6.0,95.0,1.0,0.0,0.0,0.0,0.0,0.0,0.0,0.0,0.0,27.0,1.0,1.0,0.0,0.0,0.0,0.0,35.0,53.0,0.0,0.0,0.0,0.0,0.0,0.0714285714,0.0,1.0,0.0,0.0,0.0,1.0,0.0,0.0,0.0,0.0,0.0,1.0,0.0,0.0,1.0,-1.0,1.0,1.0,1.0,-1.0,1.0,1.0
2179,1935.0,3.0,2.0,3.0,52.0,3.0,3.0,0.0,0.0,0.0,0.0,0.0,0.0,0.0,12.0,1.0,1.0,0.0,0.0,0.0,0.0,32.0,13.0,0.0,0.0,0.0,0.0,0.375,0.0,0.0,1.0,0.0,0.0,0.0,0.1875,0.0,0.0,0.0,0.0,0.0,0.0,0.0,0.0,0.0,1.0,1.0,1.0,0.0,0.0,1.0,1.0
2180,1468.0,2.0,0.0,4.0,44.0,1.0,0.0,0.0,0.0,0.0,0.0,0.0,0.0,0.0,0.0,1.0,1.0,0.0,0.0,0.0,0.0,12.0,25.0,0.0,0.0,0.0,0.0,1.0,1.0,0.0,1.0,0.0,1.0,0.0,0.0,1.0,0.0,0.0,0.0,0.0,1.0,0.0,0.0,1.0,1.0,-1.0,0.0,1.0,-1.0,1.0,1.0
2181,6614.0,2.0,1.0,3.0,85.0,5.0,0.0,0.0,0.0,0.0,0.0,0.0,0.0,0.0,5.0,1.0,1.0,0.0,0.0,0.0,0.0,16.0,62.0,0.0,0.0,0.0,0.0,0.0,1.0,1.0,0.0,0.0,0.0,0.0,0.0,1.0,0.0,0.0,0.0,0.0,0.0,0.0,0.0,1.0,-1.0,1.0,1.0,-1.0,1.0,0.0,0.0
2182,2775.0,6.0,0.0,4.0,134.0,0.0,0.0,0.0,0.0,0.0,0.0,1.0,0.0,0.0,1.0,1.0,0.0,0.0,0.0,1.0,0.0,22.0,43.0,61.0,0.0,1.0,1.0,0.9230769231,1.0,0.0,0.0,0.0,1.0,0.0,0.0,1.0,0.0,0.0,0.0,0.0,0.0,0.0,0.0,1.0,-1.0,1.0,0.0,-1.0,-1.0,1.0,1.0
2183,3162.0,2.0,1.0,3.0,68.0,1.0,1.0,0.0,0.0,0.0,0.0,0.0,0.0,0.0,26.0,1.0,1.0,0.0,0.0,1.0,0.0,21.0,40.0,0.0,0.0,0.0,0.0,0.0555555556,0.0909090909,0.0,1.0,1.0,0.0,0.0,0.9444444444,0.0,0.0,1.0,0.0,0.0,1.0,0.0,0.0,1.0,0.0,1.0,1.0,1.0,-1.0,1.0,1.0
2184,6874.0,2.0,0.0,4.0,165.0,0.0,0.0,0.0,0.0,6.0,0.0,0.0,0.0,0.0,14.0,1.0,1.0,0.0,0.0,0.0,0.0,13.0,145.0,0.0,0.0,0.0,0.0,1.0,1.0,0.0,0.0,0.0,0.0,0.0,0.0,1.0,0.0,0.0,0.0,0.0,1.0,0.0,0.0,1.0,-1.0,-1.0,1.0,-1.0,-1.0,0.0,0.0
2185,7898.0,4.0,1.0,3.0,60.0,0.0,0.0,0.0,0.0,0.0,0.0,0.0,0.0,0.0,6.0,1.0,1.0,0.0,0.0,0.0,0.0,34.0,19.0,0.0,0.0,0.0,0.0,0.4721407625,0.6273291925,0.0,1.0,0.0,0.0,0.0,0.0029325513,0.0,0.0,0.0,0.0,0.0,1.0,0.0,0.0,1.0,0.0,-1.0,1.0,0.0,0.0,0.0,0.0
2186,8757.0,2.0,0.0,1.0,51.0,3.0,0.0,0.0,0.0,0.0,0.0,0.0,0.0,0.0,0.0,1.0,0.0,0.0,0.0,1.0,0.0,14.0,30.0,0.0,0.0,0.0,0.0,0.5,0.3333333333,0.0,0.0,0.0,0.0,0.0,0.0,0.0,0.0,0.0,0.0,0.0,1.0,0.0,0.0,1.0,1.0,1.0,1.0,0.0,0.0,0.0,0.0
2187,5676.0,1.0,0.0,2.0,81.0,11.0,0.0,0.0,0.0,0.0,0.0,0.0,0.0,0.0,3.0,1.0,1.0,0.0,0.0,1.0,0.0,11.0,63.0,0.0,0.0,0.0,0.0,0.1230769231,0.9887640449,1.0,1.0,1.0,0.0,0.0,0.0846153846,0.0,0.0,0.0,0.0,1.0,0.0,0.0,0.0,1.0,-1.0,-1.0,1.0,-1.0,1.0,0.0,0.0
2188,7004.0,3.0,1.0,2.0,122.0,12.0,0.0,0.0,0.0,0.0,0.0,0.0,0.0,0.0,6.0,1.0,1.0,0.0,0.0,1.0,0.0,18.0,97.0,0.0,0.0,0.0,0.0,0.0643274854,0.2315789474,0.0,1.0,0.0,0.0,0.0,0.0467836257,0.0,0.0,0.0,0.0,0.0,1.0,0.0,1.0,1.0,-1.0,1.0,1.0,0.0,1.0,0.0,0.0
2189,7010.0,3.0,1.0,2.0,106.0,11.0,0.0,0.0,0.0,0.0,0.0,0.0,0.0,0.0,9.0,1.0,1.0,0.0,0.0,1.0,0.0,22.0,77.0,0.0,0.0,0.0,0.0,0.0967741935,0.2222222222,0.0,1.0,0.0,0.0,0.0,0.0838709677,0.0,0.0,0.0,0.0,1.0,1.0,0.0,0.0,1.0,-1.0,1.0,1.0,0.0,1.0,0.0,0.0
2190,7977.0,2.0,0.0,2.0,98.0,1.0,0.0,0.0,0.0,1.0,1.0,4.0,3.0,0.0,8.0,1.0,0.0,0.0,0.0,1.0,0.0,19.0,13.0,58.0,0.0,0.0,0.0,0.045045045,0.3571428571,0.0,1.0,1.0,0.0,0.0,0.0,0.0,0.0,0.0,0.0,1.0,1.0,0.0,0.0,1.0,-1.0,0.0,1.0,0.0,1.0,0.0,0.0
2191,3172.0,2.0,1.0,2.0,69.0,2.0,2.0,0.0,0.0,0.0,0.0,0.0,0.0,0.0,18.0,1.0,1.0,0.0,1.0,0.0,0.0,28.0,34.0,0.0,0.0,0.0,0.0,0.0,0.0625,0.0,1.0,0.0,0.0,0.0,0.0,0.0,0.0,0.0,0.0,0.0,1.0,0.0,0.0,1.0,0.0,1.0,1.0,0.0,1.0,1.0,1.0
2192,4734.0,3.0,1.0,5.0,61.0,0.0,0.0,0.0,0.0,0.0,0.0,0.0,0.0,0.0,0.0,1.0,1.0,0.0,0.0,0.0,0.0,16.0,38.0,0.0,0.0,0.0,0.0,0.0833333333,0.9,1.0,1.0,1.0,0.0,0.0,0.9166666667,1.0,0.0,0.0,0.0,0.0,1.0,0.0,0.0,1.0,0.0,1.0,1.0,-1.0,-1.0,1.0,1.0
2193,811.0,3.0,1.0,5.0,63.0,0.0,0.0,0.0,0.0,0.0,0.0,0.0,0.0,0.0,0.0,1.0,0.0,0.0,0.0,0.0,0.0,12.0,44.0,0.0,0.0,0.0,0.0,0.9230769231,1.0,0.0,1.0,0.0,0.0,0.0,0.0,1.0,0.0,0.0,0.0,0.0,0.0,0.0,0.0,1.0,0.0,1.0,1.0,-1.0,-1.0,1.0,1.0
2194,8981.0,1.0,0.0,5.0,52.0,3.0,0.0,0.0,0.0,0.0,0.0,0.0,0.0,0.0,6.0,1.0,1.0,0.0,0.0,1.0,0.0,15.0,30.0,0.0,0.0,0.0,0.0,0.0178571429,0.1764705882,0.0,1.0,0.0,0.0,0.0,0.0892857143,0.0,0.0,0.0,0.0,0.0,0.0,0.0,0.0,1.0,1.0,0.0,1.0,0.0,1.0,0.0,0.0
2195,3514.0,3.0,1.0,4.0,120.0,1.0,0.0,0.0,0.0,0.0,0.0,0.0,0.0,0.0,39.0,1.0,1.0,0.0,0.0,0.0,0.0,16.0,97.0,0.0,0.0,3.0,0.0,0.0,0.0,0.0,1.0,0.0,0.0,0.0,0.0,0.0,0.0,0.0,0.0,0.0,0.0,0.0,0.0,1.0,-1.0,1.0,1.0,1.0,1.0,1.0,1.0
2196,9565.0,3.0,1.0,3.0,58.0,1.0,0.0,0.0,0.0,0.0,0.0,0.0,0.0,0.0,6.0,1.0,1.0,0.0,0.0,0.0,0.0,17.0,34.0,0.0,0.0,0.0,0.0,0.4502762431,0.9842519685,0.0,0.0,0.0,1.0,0.0,0.0055248619,0.0,0.0,0.0,0.0,0.0,1.0,0.0,0.0,1.0,0.0,-1.0,0.0,0.0,0.0,0.0,0.0
2197,1889.0,6.0,0.0,4.0,134.0,0.0,0.0,0.0,0.0,0.0,0.0,1.0,0.0,0.0,1.0,1.0,0.0,0.0,0.0,1.0,0.0,22.0,43.0,61.0,0.0,1.0,1.0,0.9230769231,1.0,0.0,0.0,0.0,1.0,0.0,0.0,1.0,0.0,0.0,0.0,0.0,0.0,0.0,0.0,1.0,-1.0,1.0,0.0,-1.0,-1.0,1.0,1.0
2198,4153.0,4.0,1.0,7.0,87.0,0.0,0.0,0.0,0.0,0.0,0.0,0.0,0.0,0.0,5.0,1.0,1.0,0.0,0.0,0.0,0.0,21.0,59.0,0.0,0.0,0.0,0.0,0.0,0.0,0.0,1.0,1.0,0.0,0.0,1.0,0.0,0.0,0.0,0.0,0.0,0.0,0.0,0.0,1.0,-1.0,1.0,1.0,1.0,-1.0,1.0,1.0
2199,9784.0,3.0,1.0,0.0,26.0,0.0,0.0,0.0,0.0,0.0,0.0,0.0,0.0,0.0,0.0,1.0,0.0,0.0,0.0,0.0,0.0,18.0,1.0,0.0,0.0,0.0,0.0,0.4,0.1590909091,0.0,0.0,0.0,0.0,0.0,0.1,0.0,0.0,0.0,0.0,0.0,1.0,0.0,0.0,1.0,1.0,1.0,1.0,0.0,0.0,0.0,0.0
2200,6348.0,1.0,0.0,2.0,87.0,9.0,0.0,0.0,0.0,0.0,0.0,0.0,0.0,0.0,0.0,1.0,0.0,0.0,0.0,1.0,0.0,14.0,66.0,0.0,0.0,0.0,0.0,0.1826086957,0.9882352941,1.0,1.0,1.0,0.0,0.0,0.0956521739,0.0,0.0,0.0,0.0,1.0,0.0,0.0,0.0,1.0,-1.0,-1.0,1.0,-1.0,1.0,0.0,0.0
2201,1803.0,1.0,0.0,3.0,67.0,0.0,0.0,0.0,0.0,0.0,0.0,0.0,0.0,0.0,18.0,1.0,1.0,0.0,0.0,0.0,0.0,22.0,38.0,0.0,0.0,0.0,0.0,0.0,0.0,0.0,1.0,0.0,0.0,0.0,0.0,0.0,0.0,0.0,0.0,0.0,0.0,0.0,0.0,1.0,0.0,1.0,1.0,1.0,1.0,1.0,1.0
2202,902.0,5.0,0.0,3.0,131.0,0.0,0.0,0.0,0.0,0.0,0.0,2.0,0.0,0.0,30.0,1.0,0.0,0.0,0.0,1.0,0.0,18.0,32.0,73.0,0.0,1.0,0.0,0.9523809524,0.0405405405,0.0,1.0,0.0,0.0,0.0,0.0,0.0,0.0,0.0,0.0,0.0,0.0,0.0,0.0,1.0,-1.0,1.0,1.0,1.0,-1.0,1.0,1.0
2203,575.0,5.0,0.0,2.0,66.0,1.0,0.0,0.0,0.0,0.0,0.0,0.0,0.0,0.0,22.0,1.0,0.0,1.0,0.0,1.0,0.0,14.0,17.0,27.0,0.0,1.0,0.0,1.0,0.16,1.0,1.0,0.0,0.0,0.0,0.0,1.0,0.0,0.0,0.0,0.0,1.0,0.0,0.0,1.0,0.0,1.0,1.0,0.0,-1.0,1.0,1.0
2204,1502.0,4.0,0.0,3.0,52.0,1.0,0.0,0.0,1.0,0.0,0.0,0.0,0.0,0.0,11.0,1.0,0.0,1.0,0.0,1.0,0.0,14.0,31.0,0.0,0.0,0.0,0.0,0.0,1.0,0.0,1.0,0.0,1.0,0.0,0.0,1.0,0.0,0.0,0.0,0.0,0.0,0.0,0.0,1.0,1.0,1.0,0.0,-1.0,1.0,1.0,1.0
2205,8435.0,2.0,0.0,2.0,58.0,0.0,0.0,0.0,0.0,0.0,0.0,3.0,2.0,0.0,5.0,1.0,1.0,0.0,0.0,1.0,0.0,11.0,20.0,19.0,0.0,0.0,0.0,0.0769230769,0.0454545455,0.0,1.0,0.0,0.0,0.0,0.0,0.0,0.0,0.0,0.0,0.0,0.0,0.0,0.0,1.0,0.0,1.0,1.0,0.0,1.0,0.0,0.0
2206,916.0,3.0,0.0,3.0,52.0,1.0,0.0,0.0,0.0,0.0,0.0,0.0,0.0,0.0,0.0,1.0,0.0,0.0,0.0,0.0,0.0,21.0,24.0,0.0,0.0,0.0,0.0,1.0,1.0,0.0,1.0,0.0,0.0,0.0,0.0,1.0,0.0,0.0,0.0,0.0,0.0,0.0,0.0,1.0,1.0,-1.0,1.0,-1.0,-1.0,1.0,1.0
2207,5834.0,2.0,1.0,2.0,76.0,7.0,0.0,0.0,0.0,0.0,0.0,0.0,0.0,0.0,0.0,1.0,0.0,0.0,0.0,1.0,0.0,24.0,45.0,0.0,0.0,0.0,0.0,0.04,0.4705882353,0.0,1.0,0.0,0.0,0.0,0.016,0.0,0.0,0.0,0.0,0.0,0.0,0.0,0.0,1.0,-1.0,1.0,1.0,0.0,1.0,0.0,0.0
2208,2719.0,2.0,0.0,2.0,43.0,0.0,0.0,0.0,0.0,0.0,0.0,0.0,0.0,0.0,0.0,1.0,0.0,0.0,0.0,0.0,0.0,17.0,19.0,0.0,0.0,0.0,0.0,0.0,0.0,0.0,1.0,1.0,0.0,0.0,1.0,0.0,0.0,0.0,0.0,0.0,0.0,0.0,0.0,1.0,1.0,1.0,1.0,1.0,-1.0,1.0,1.0
2209,3652.0,2.0,1.0,3.0,68.0,0.0,0.0,0.0,0.0,0.0,0.0,0.0,0.0,0.0,25.0,1.0,1.0,0.0,0.0,1.0,0.0,19.0,42.0,0.0,0.0,0.0,0.0,0.9090909091,0.3043478261,1.0,1.0,0.0,0.0,0.0,0.0909090909,0.0,0.0,0.0,0.0,0.0,1.0,0.0,0.0,1.0,0.0,1.0,1.0,0.0,-1.0,1.0,1.0
2210,3007.0,3.0,1.0,7.0,104.0,2.0,0.0,0.0,0.0,0.0,0.0,0.0,0.0,0.0,21.0,1.0,1.0,0.0,0.0,0.0,0.0,15.0,82.0,0.0,0.0,1.0,0.0,0.9090909091,0.625,0.0,1.0,0.0,0.0,0.0,0.0909090909,1.0,0.0,0.0,0.0,0.0,0.0,0.0,0.0,1.0,-1.0,0.0,1.0,0.0,-1.0,1.0,1.0
2211,9600.0,3.0,1.0,1.0,56.0,3.0,0.0,0.0,0.0,0.0,0.0,0.0,0.0,0.0,0.0,1.0,0.0,0.0,0.0,1.0,0.0,19.0,30.0,0.0,0.0,0.0,0.0,0.0216216216,1.0,1.0,1.0,0.0,1.0,0.0,0.0018018018,0.0,0.0,0.0,0.0,0.0,1.0,0.0,0.0,1.0,0.0,-1.0,0.0,-1.0,1.0,0.0,0.0
2212,3453.0,3.0,2.0,5.0,121.0,5.0,4.0,0.0,0.0,0.0,0.0,0.0,0.0,0.0,20.0,1.0,1.0,0.0,1.0,1.0,0.0,66.0,48.0,0.0,0.0,0.0,0.0,0.0555555556,0.0909090909,0.0,1.0,1.0,0.0,0.0,0.9444444444,0.0,0.0,1.0,0.0,0.0,1.0,0.0,0.0,0.0,-1.0,1.0,1.0,1.0,-1.0,1.0,1.0
2213,4645.0,4.0,1.0,6.0,108.0,5.0,0.0,0.0,0.0,1.0,0.0,0.0,0.0,0.0,0.0,1.0,0.0,0.0,0.0,1.0,0.0,17.0,84.0,0.0,0.0,0.0,0.0,1.0,0.1111111111,0.0,1.0,0.0,0.0,0.0,0.0,1.0,0.0,0.0,0.0,0.0,0.0,0.0,0.0,1.0,-1.0,1.0,1.0,1.0,-1.0,1.0,1.0
2214,5892.0,2.0,0.0,9.0,72.0,0.0,0.0,0.0,0.0,0.0,0.0,0.0,0.0,0.0,7.0,1.0,1.0,0.0,0.0,1.0,0.0,13.0,52.0,0.0,0.0,0.0,0.0,0.020746888,0.4,0.0,1.0,0.0,0.0,0.0,0.0414937759,0.0,0.0,0.0,0.0,0.0,1.0,0.0,0.0,1.0,0.0,1.0,1.0,0.0,1.0,0.0,0.0
2215,5023.0,2.0,1.0,0.0,23.0,0.0,0.0,0.0,0.0,0.0,0.0,0.0,0.0,0.0,0.0,0.0,1.0,0.0,0.0,0.0,0.0,14.0,1.0,0.0,0.0,0.0,0.0,0.0,0.2142857143,0.0,0.0,0.0,0.0,0.0,0.125,0.0,0.0,0.0,0.0,0.0,1.0,0.0,0.0,1.0,1.0,0.0,1.0,1.0,1.0,0.0,0.0
2216,9464.0,2.0,1.0,3.0,44.0,0.0,0.0,0.0,0.0,0.0,0.0,0.0,0.0,0.0,4.0,1.0,1.0,0.0,0.0,0.0,0.0,20.0,17.0,0.0,0.0,0.0,0.0,0.2682926829,0.5714285714,0.0,0.0,0.0,0.0,0.0,0.0487804878,0.0,0.0,0.0,0.0,0.0,1.0,0.0,0.0,1.0,1.0,1.0,1.0,0.0,0.0,0.0,0.0
2217,5496.0,2.0,1.0,2.0,83.0,6.0,0.0,0.0,0.0,0.0,0.0,0.0,0.0,0.0,3.0,1.0,0.0,0.0,0.0,1.0,0.0,32.0,44.0,0.0,0.0,0.0,0.0,0.0975609756,0.0277777778,0.0,1.0,1.0,0.0,1.0,0.0,0.0,0.0,0.0,0.0,0.0,0.0,0.0,0.0,1.0,-1.0,1.0,-1.0,1.0,1.0,0.0,0.0
2218,3080.0,2.0,1.0,3.0,65.0,0.0,0.0,0.0,0.0,0.0,0.0,0.0,0.0,0.0,21.0,1.0,1.0,0.0,0.0,0.0,0.0,22.0,36.0,0.0,0.0,0.0,0.0,0.0,0.0,0.0,1.0,0.0,0.0,0.0,1.0,0.0,0.0,0.0,0.0,0.0,0.0,0.0,0.0,1.0,0.0,1.0,1.0,1.0,-1.0,1.0,1.0
2219,918.0,1.0,0.0,2.0,25.0,1.0,1.0,0.0,0.0,0.0,0.0,0.0,0.0,0.0,0.0,1.0,0.0,0.0,0.0,0.0,0.0,10.0,8.0,0.0,0.0,0.0,0.0,0.3076923077,1.0,0.0,1.0,0.0,0.0,0.0,0.0,0.0,0.0,0.0,0.0,0.0,0.0,0.0,0.0,1.0,1.0,1.0,1.0,-1.0,1.0,1.0,1.0
2220,6543.0,1.0,0.0,3.0,106.0,0.0,0.0,0.0,0.0,10.0,0.0,0.0,0.0,0.0,0.0,1.0,0.0,0.0,0.0,1.0,0.0,13.0,86.0,0.0,0.0,0.0,0.0,0.0869565217,0.2564102564,0.0,0.0,0.0,0.0,0.0,0.0072463768,0.0,0.0,0.0,0.0,1.0,0.0,0.0,0.0,1.0,-1.0,0.0,1.0,0.0,1.0,0.0,0.0
2221,3647.0,2.0,1.0,3.0,41.0,0.0,0.0,0.0,0.0,0.0,0.0,0.0,0.0,0.0,0.0,1.0,0.0,0.0,0.0,0.0,0.0,15.0,19.0,0.0,0.0,0.0,0.0,0.0,0.0740740741,1.0,1.0,0.0,0.0,0.0,0.0,0.0,0.0,0.0,0.0,0.0,0.0,0.0,0.0,1.0,1.0,1.0,1.0,1.0,1.0,1.0,1.0
2222,6256.0,3.0,0.0,1.0,104.0,0.0,0.0,0.0,0.0,7.0,0.0,2.0,1.0,0.0,11.0,1.0,0.0,0.0,0.0,0.0,0.0,14.0,12.0,70.0,0.0,0.0,0.0,0.2459016393,0.3720930233,0.0,1.0,0.0,0.0,0.0,0.0,0.0,0.0,0.0,0.0,0.0,1.0,0.0,0.0,1.0,-1.0,0.0,1.0,0.0,1.0,0.0,0.0
2223,9005.0,1.0,0.0,3.0,47.0,1.0,0.0,0.0,0.0,0.0,0.0,0.0,0.0,0.0,0.0,1.0,0.0,0.0,0.0,1.0,0.0,23.0,17.0,0.0,0.0,0.0,0.0,0.2475247525,1.0,1.0,1.0,1.0,0.0,0.0,0.0099009901,0.0,0.0,0.0,0.0,0.0,1.0,0.0,0.0,1.0,1.0,-1.0,1.0,-1.0,1.0,0.0,0.0
2224,4856.0,1.0,0.0,7.0,132.0,2.0,1.0,0.0,0.0,0.0,0.0,1.0,0.0,0.0,43.0,1.0,1.0,0.0,0.0,1.0,0.0,14.0,76.0,34.0,0.0,0.0,0.0,0.0,0.0,0.0,1.0,0.0,0.0,0.0,0.0,0.0,0.0,0.0,0.0,0.0,0.0,0.0,0.0,1.0,-1.0,1.0,1.0,1.0,1.0,1.0,1.0
2225,9945.0,2.0,1.0,3.0,52.0,0.0,0.0,0.0,0.0,0.0,0.0,0.0,0.0,0.0,0.0,1.0,0.0,0.0,0.0,0.0,0.0,24.0,21.0,0.0,0.0,0.0,0.0,0.0838323353,0.8888888889,1.0,0.0,0.0,0.0,0.0,0.002994012,0.0,0.0,0.0,0.0,0.0,0.0,0.0,0.0,1.0,1.0,1.0,1.0,-1.0,1.0,0.0,0.0
2226,1987.0,2.0,0.0,3.0,47.0,0.0,0.0,0.0,0.0,0.0,0.0,0.0,0.0,0.0,0.0,1.0,1.0,0.0,0.0,0.0,0.0,18.0,22.0,0.0,0.0,0.0,0.0,0.0,0.0,0.0,1.0,1.0,0.0,0.0,0.0,1.0,0.0,0.0,0.0,0.0,0.0,0.0,0.0,1.0,1.0,1.0,1.0,1.0,1.0,1.0,1.0
2227,6703.0,2.0,1.0,7.0,90.0,2.0,0.0,0.0,0.0,0.0,0.0,0.0,0.0,0.0,6.0,1.0,1.0,0.0,0.0,0.0,0.0,30.0,53.0,0.0,0.0,0.0,0.0,0.1733333333,0.4444444444,0.0,0.0,0.0,0.0,0.0,0.0666666667,0.0,0.0,0.0,0.0,0.0,1.0,0.0,0.0,1.0,-1.0,0.0,1.0,0.0,1.0,0.0,0.0
2228,5935.0,2.0,0.0,5.0,66.0,4.0,0.0,0.0,0.0,0.0,0.0,0.0,0.0,0.0,7.0,1.0,1.0,0.0,0.0,0.0,0.0,18.0,41.0,0.0,0.0,0.0,0.0,0.0985915493,0.1052631579,0.0,1.0,1.0,1.0,1.0,0.0,0.0,0.0,0.0,0.0,0.0,0.0,0.0,0.0,1.0,0.0,1.0,0.0,0.0,1.0,0.0,0.0
2229,3198.0,3.0,1.0,3.0,44.0,0.0,0.0,0.0,0.0,0.0,0.0,0.0,0.0,0.0,0.0,1.0,0.0,0.0,0.0,0.0,0.0,26.0,11.0,0.0,0.0,0.0,0.0,0.0,0.8,0.0,1.0,0.0,0.0,0.0,1.0,1.0,0.0,0.0,0.0,0.0,1.0,0.0,0.0,1.0,1.0,-1.0,1.0,1.0,-1.0,1.0,1.0
2230,7603.0,3.0,1.0,3.0,80.0,2.0,0.0,0.0,0.0,1.0,0.0,1.0,0.0,0.0,5.0,1.0,0.0,0.0,0.0,0.0,0.0,19.0,39.0,14.0,0.0,0.0,0.0,0.0111111111,0.2571428571,0.0,1.0,0.0,0.0,0.0,0.0,0.0,0.0,0.0,0.0,0.0,1.0,0.0,0.0,1.0,-1.0,1.0,1.0,0.0,1.0,0.0,0.0
2231,8461.0,1.0,0.0,2.0,26.0,0.0,0.0,0.0,0.0,0.0,0.0,0.0,0.0,0.0,0.0,1.0,0.0,0.0,0.0,0.0,0.0,8.0,11.0,0.0,0.0,1.0,0.0,0.0212765957,0.1025641026,0.0,1.0,1.0,0.0,0.0,0.0425531915,0.0,0.0,0.0,0.0,0.0,0.0,0.0,0.0,1.0,1.0,1.0,1.0,1.0,1.0,0.0,0.0
2232,6945.0,1.0,0.0,5.0,109.0,14.0,0.0,0.0,0.0,0.0,0.0,0.0,0.0,0.0,11.0,1.0,1.0,0.0,0.0,0.0,0.0,13.0,89.0,0.0,0.0,0.0,0.0,0.0734463277,0.7368421053,1.0,0.0,0.0,0.0,0.0,0.0338983051,0.0,0.0,0.0,0.0,1.0,0.0,0.0,0.0,1.0,-1.0,-1.0,1.0,0.0,1.0,0.0,0.0
2233,3867.0,3.0,0.0,3.0,56.0,0.0,0.0,0.0,0.0,0.0,0.0,0.0,0.0,0.0,0.0,1.0,0.0,0.0,0.0,0.0,0.0,15.0,34.0,0.0,0.0,0.0,0.0,0.0,0.0,0.0,1.0,0.0,0.0,0.0,0.0,0.0,0.0,0.0,0.0,0.0,0.0,0.0,0.0,1.0,0.0,1.0,1.0,1.0,1.0,1.0,1.0
2234,5806.0,3.0,1.0,6.0,69.0,3.0,0.0,0.0,0.0,0.0,0.0,0.0,0.0,0.0,8.0,1.0,1.0,0.0,0.0,0.0,0.0,17.0,45.0,0.0,0.0,0.0,0.0,0.0,0.5,0.0,0.0,0.0,0.0,0.0,0.0,0.0,0.0,0.0,0.0,0.0,1.0,1.0,0.0,1.0,0.0,-1.0,1.0,1.0,1.0,0.0,0.0
2235,1002.0,2.0,0.0,4.0,73.0,1.0,0.0,0.0,0.0,0.0,0.0,0.0,0.0,0.0,23.0,1.0,1.0,0.0,0.0,0.0,0.0,13.0,53.0,0.0,0.0,0.0,1.0,1.0,1.0,0.0,1.0,0.0,0.0,0.0,0.0,1.0,0.0,0.0,0.0,0.0,1.0,0.0,0.0,1.0,0.0,-1.0,1.0,-1.0,-1.0,1.0,1.0
2236,1866.0,3.0,1.0,1.0,40.0,0.0,0.0,0.0,0.0,0.0,0.0,0.0,0.0,0.0,0.0,1.0,1.0,0.0,0.0,1.0,0.0,24.0,9.0,0.0,0.0,0.0,0.0,0.9230769231,1.0,0.0,1.0,0.0,0.0,0.0,0.0,1.0,0.0,0.0,0.0,0.0,0.0,0.0,0.0,1.0,1.0,1.0,1.0,-1.0,-1.0,1.0,1.0
2237,9106.0,1.0,0.0,3.0,48.0,1.0,0.0,0.0,0.0,0.0,0.0,0.0,0.0,0.0,0.0,1.0,0.0,0.0,0.0,1.0,0.0,13.0,28.0,0.0,0.0,0.0,0.0,0.0291262136,0.962962963,1.0,1.0,1.0,0.0,0.0,0.1650485437,0.0,0.0,0.0,0.0,0.0,0.0,0.0,0.0,1.0,1.0,-1.0,1.0,-1.0,1.0,0.0,0.0
2238,4236.0,3.0,1.0,3.0,70.0,2.0,0.0,0.0,0.0,0.0,0.0,0.0,0.0,0.0,1.0,1.0,0.0,0.0,0.0,0.0,0.0,30.0,33.0,0.0,0.0,0.0,0.0,0.375,1.0,1.0,1.0,0.0,0.0,0.0,0.0,0.0,0.0,0.0,0.0,0.0,0.0,0.0,0.0,1.0,0.0,-1.0,1.0,-1.0,0.0,1.0,1.0
2239,7587.0,1.0,0.0,3.0,78.0,1.0,0.0,0.0,0.0,5.0,0.0,0.0,0.0,0.0,8.0,1.0,1.0,0.0,0.0,1.0,0.0,7.0,64.0,0.0,0.0,0.0,0.0,0.0458015267,0.9882352941,1.0,1.0,1.0,0.0,1.0,0.0458015267,0.0,0.0,0.0,0.0,0.0,1.0,0.0,0.0,1.0,-1.0,-1.0,-1.0,-1.0,1.0,0.0,0.0
2240,2210.0,4.0,1.0,4.0,53.0,1.0,0.0,0.0,0.0,0.0,0.0,0.0,0.0,0.0,0.0,1.0,0.0,0.0,0.0,0.0,0.0,14.0,32.0,0.0,0.0,1.0,0.0,0.0,0.0,0.0,1.0,0.0,0.0,0.0,0.0,0.0,0.0,0.0,0.0,0.0,0.0,0.0,0.0,1.0,1.0,1.0,1.0,1.0,1.0,1.0,1.0
2241,6399.0,1.0,0.0,5.0,73.0,6.0,0.0,0.0,0.0,0.0,0.0,0.0,0.0,0.0,8.0,1.0,1.0,0.0,0.0,1.0,0.0,8.0,58.0,0.0,0.0,0.0,0.0,0.1818181818,0.375,0.0,1.0,1.0,0.0,0.0,0.0045454545,0.0,0.0,0.0,0.0,0.0,1.0,0.0,0.0,1.0,0.0,0.0,1.0,0.0,1.0,0.0,0.0
2242,9538.0,3.0,1.0,2.0,50.0,0.0,0.0,0.0,0.0,0.0,0.0,1.0,0.0,0.0,5.0,1.0,1.0,0.0,0.0,1.0,0.0,15.0,20.0,7.0,0.0,0.0,0.0,0.0072992701,0.0361445783,0.0,1.0,0.0,0.0,0.0,0.0,0.0,0.0,0.0,0.0,0.0,0.0,0.0,0.0,1.0,1.0,1.0,1.0,1.0,1.0,0.0,0.0
2243,202.0,4.0,1.0,7.0,83.0,0.0,0.0,0.0,0.0,0.0,2.0,0.0,0.0,0.0,10.0,1.0,1.0,0.0,0.0,0.0,0.0,18.0,58.0,0.0,0.0,0.0,0.0,0.0,0.0,0.0,1.0,0.0,0.0,0.0,1.0,0.0,0.0,0.0,0.0,0.0,0.0,0.0,1.0,1.0,-1.0,1.0,1.0,1.0,-1.0,1.0,1.0
2244,6949.0,5.0,2.0,4.0,71.0,0.0,0.0,0.0,0.0,0.0,0.0,0.0,0.0,0.0,4.0,1.0,1.0,0.0,0.0,0.0,0.0,23.0,41.0,0.0,0.0,0.0,0.0,0.0612244898,0.0,0.0,1.0,0.0,0.0,0.0,0.0816326531,0.0,0.0,0.0,0.0,0.0,0.0,0.0,0.0,0.0,0.0,1.0,1.0,1.0,1.0,0.0,0.0
2245,2548.0,4.0,1.0,3.0,55.0,0.0,0.0,0.0,0.0,0.0,0.0,0.0,0.0,0.0,4.0,1.0,1.0,0.0,0.0,0.0,0.0,20.0,28.0,0.0,0.0,0.0,0.0,0.0,0.0,0.0,1.0,1.0,0.0,0.0,1.0,0.0,0.0,0.0,0.0,0.0,0.0,0.0,0.0,1.0,0.0,1.0,1.0,1.0,-1.0,1.0,1.0
2246,9889.0,2.0,1.0,3.0,59.0,1.0,0.0,0.0,0.0,0.0,0.0,0.0,0.0,0.0,0.0,1.0,0.0,0.0,0.0,0.0,0.0,29.0,23.0,0.0,0.0,0.0,0.0,0.0406091371,0.2857142857,0.0,1.0,0.0,0.0,0.0,0.1472081218,0.0,0.0,0.0,0.0,0.0,0.0,0.0,0.0,1.0,0.0,1.0,1.0,0.0,1.0,0.0,0.0
2247,8958.0,3.0,1.0,1.0,37.0,0.0,0.0,0.0,0.0,0.0,0.0,0.0,0.0,0.0,0.0,1.0,0.0,0.0,0.0,1.0,0.0,14.0,16.0,0.0,0.0,0.0,0.0,0.5862068966,0.0434782609,0.0,1.0,0.0,0.0,0.0,0.0344827586,0.0,0.0,0.0,0.0,1.0,0.0,0.0,0.0,1.0,1.0,1.0,1.0,1.0,0.0,0.0,0.0
2248,1617.0,4.0,3.0,5.0,100.0,0.0,0.0,0.0,0.0,0.0,0.0,0.0,0.0,0.0,25.0,1.0,1.0,0.0,0.0,0.0,0.0,44.0,49.0,0.0,0.0,1.0,0.0,0.0,0.0,0.0,1.0,0.0,0.0,0.0,0.0,0.0,0.0,0.0,0.0,0.0,0.0,0.0,0.0,-1.0,-1.0,1.0,1.0,1.0,1.0,1.0,1.0
2249,742.0,3.0,0.0,5.0,134.0,11.0,0.0,0.0,0.0,0.0,0.0,0.0,0.0,0.0,5.0,1.0,0.0,0.0,0.0,1.0,0.0,16.0,111.0,0.0,0.0,0.0,0.0,0.5,0.9375,0.0,1.0,0.0,0.0,0.0,0.0,1.0,0.0,0.0,0.0,0.0,1.0,0.0,0.0,1.0,-1.0,-1.0,1.0,-1.0,0.0,1.0,1.0
2250,1426.0,12.0,1.0,11.0,76.0,1.0,0.0,0.0,1.0,0.0,0.0,0.0,0.0,0.0,0.0,1.0,0.0,0.0,0.0,1.0,0.0,14.0,55.0,0.0,0.0,0.0,0.0,0.9743589744,0.0091743119,0.0,1.0,0.0,0.0,0.0,0.0,0.0,0.0,0.0,0.0,0.0,0.0,0.0,0.0,1.0,-1.0,1.0,1.0,1.0,-1.0,1.0,1.0
2251,8807.0,1.0,0.0,5.0,51.0,3.0,1.0,0.0,0.0,0.0,0.0,0.0,0.0,0.0,0.0,1.0,0.0,0.0,0.0,1.0,0.0,13.0,31.0,0.0,0.0,0.0,0.0,0.0,0.5,0.0,1.0,1.0,0.0,1.0,0.2232142857,0.0,0.0,0.0,0.0,0.0,0.0,0.0,0.0,1.0,1.0,1.0,-1.0,0.0,1.0,0.0,0.0
2252,856.0,3.0,1.0,3.0,55.0,0.0,0.0,0.0,0.0,0.0,0.0,0.0,0.0,0.0,0.0,1.0,0.0,0.0,0.0,0.0,0.0,12.0,36.0,0.0,0.0,0.0,0.0,1.0,0.1428571429,1.0,1.0,0.0,0.0,0.0,0.0,0.0,0.0,0.0,0.0,0.0,1.0,0.0,0.0,1.0,0.0,1.0,1.0,0.0,-1.0,1.0,1.0
2253,6542.0,1.0,0.0,3.0,103.0,9.0,0.0,0.0,0.0,0.0,0.0,0.0,0.0,0.0,0.0,1.0,0.0,0.0,0.0,1.0,0.0,22.0,74.0,0.0,0.0,0.0,0.0,0.1379310345,0.3571428571,0.0,0.0,0.0,0.0,0.0,0.0,0.0,0.0,0.0,0.0,0.0,0.0,0.0,0.0,1.0,-1.0,1.0,1.0,0.0,1.0,0.0,0.0
2254,9768.0,3.0,1.0,3.0,57.0,0.0,0.0,0.0,0.0,2.0,0.0,0.0,0.0,0.0,6.0,1.0,1.0,0.0,0.0,1.0,0.0,21.0,29.0,0.0,0.0,0.0,0.0,0.2360248447,0.9423076923,0.0,1.0,1.0,1.0,1.0,0.0559006211,0.0,0.0,0.0,0.0,0.0,0.0,0.0,0.0,1.0,0.0,-1.0,0.0,0.0,1.0,0.0,0.0
2255,9957.0,3.0,1.0,1.0,45.0,0.0,0.0,0.0,0.0,0.0,0.0,0.0,0.0,0.0,7.0,1.0,1.0,0.0,0.0,0.0,0.0,25.0,13.0,0.0,0.0,0.0,0.0,0.0857142857,0.5,0.0,1.0,1.0,0.0,0.0,0.0,0.0,0.0,0.0,0.0,0.0,0.0,0.0,0.0,1.0,1.0,1.0,1.0,0.0,1.0,0.0,0.0
2256,7511.0,3.0,0.0,1.0,82.0,2.0,0.0,0.0,0.0,4.0,0.0,1.0,0.0,0.0,0.0,1.0,1.0,0.0,0.0,0.0,0.0,13.0,56.0,5.0,0.0,0.0,0.0,0.064516129,0.125,0.0,1.0,1.0,0.0,1.0,0.0,0.0,0.0,0.0,0.0,0.0,1.0,0.0,0.0,1.0,-1.0,1.0,-1.0,0.0,1.0,0.0,0.0
2257,5028.0,1.0,0.0,0.0,21.0,0.0,0.0,0.0,0.0,0.0,0.0,0.0,0.0,0.0,0.0,1.0,0.0,0.0,0.0,0.0,0.0,13.0,1.0,0.0,0.0,0.0,0.0,0.0,1.0,1.0,1.0,1.0,0.0,1.0,0.0,0.0,0.0,0.0,0.0,0.0,0.0,0.0,0.0,1.0,1.0,-1.0,-1.0,0.0,1.0,0.0,0.0
2258,4502.0,3.0,1.0,5.0,47.0,0.0,0.0,0.0,0.0,0.0,0.0,0.0,0.0,0.0,6.0,1.0,1.0,0.0,0.0,0.0,0.0,13.0,27.0,0.0,0.0,0.0,0.0,0.9230769231,1.0,0.0,1.0,0.0,0.0,0.0,0.0,1.0,0.0,0.0,0.0,0.0,0.0,0.0,0.0,1.0,1.0,1.0,1.0,-1.0,-1.0,1.0,1.0
2259,1017.0,3.0,0.0,2.0,38.0,0.0,0.0,0.0,0.0,0.0,0.0,0.0,0.0,0.0,0.0,1.0,0.0,0.0,0.0,0.0,0.0,14.0,17.0,0.0,0.0,0.0,0.0,0.9230769231,1.0,0.0,1.0,0.0,0.0,0.0,0.0,1.0,0.0,0.0,0.0,0.0,0.0,0.0,0.0,1.0,1.0,1.0,1.0,-1.0,-1.0,1.0,1.0
2260,9308.0,3.0,1.0,1.0,54.0,0.0,0.0,0.0,0.0,3.0,0.0,0.0,0.0,0.0,8.0,1.0,1.0,0.0,0.0,0.0,0.0,23.0,24.0,0.0,0.0,0.0,0.0,0.6013363029,0.9960784314,0.0,1.0,0.0,1.0,0.0,0.0,0.0,0.0,0.0,0.0,1.0,1.0,0.0,0.0,1.0,0.0,-1.0,0.0,-1.0,0.0,0.0,0.0
2261,9757.0,3.0,1.0,1.0,59.0,0.0,0.0,0.0,0.0,1.0,0.0,3.0,2.0,0.0,6.0,1.0,0.0,0.0,0.0,1.0,0.0,15.0,16.0,20.0,0.0,0.0,0.0,0.0380952381,0.3928571429,1.0,1.0,0.0,0.0,0.0,0.0,0.0,0.0,0.0,0.0,0.0,1.0,0.0,0.0,1.0,0.0,1.0,1.0,-1.0,1.0,0.0,0.0
2262,6342.0,1.0,0.0,2.0,77.0,7.0,0.0,0.0,0.0,0.0,0.0,0.0,0.0,0.0,0.0,1.0,0.0,0.0,0.0,1.0,0.0,8.0,62.0,0.0,0.0,0.0,0.0,0.1578947368,0.7931034483,1.0,0.0,0.0,0.0,0.0,0.030075188,0.0,0.0,0.0,0.0,1.0,0.0,0.0,0.0,1.0,-1.0,-1.0,1.0,0.0,1.0,0.0,0.0
2263,9393.0,2.0,1.0,4.0,38.0,0.0,0.0,0.0,0.0,0.0,0.0,0.0,0.0,0.0,8.0,1.0,1.0,0.0,0.0,1.0,0.0,14.0,17.0,0.0,0.0,0.0,0.0,0.0602409639,0.1463414634,0.0,1.0,1.0,0.0,1.0,0.0481927711,0.0,0.0,0.0,0.0,0.0,0.0,0.0,0.0,1.0,1.0,1.0,-1.0,0.0,1.0,0.0,0.0
2264,6896.0,2.0,1.0,8.0,75.0,0.0,0.0,0.0,0.0,0.0,0.0,0.0,0.0,0.0,11.0,1.0,1.0,0.0,0.0,1.0,0.0,16.0,52.0,0.0,0.0,0.0,0.0,0.0923076923,0.1707317073,0.0,0.0,0.0,0.0,0.0,0.0,0.0,0.0,0.0,0.0,1.0,1.0,0.0,0.0,1.0,0.0,1.0,1.0,0.0,1.0,0.0,0.0
2265,6101.0,5.0,1.0,2.0,91.0,1.0,0.0,0.0,0.0,2.0,0.0,3.0,3.0,0.0,5.0,1.0,0.0,0.0,0.0,1.0,0.0,15.0,25.0,43.0,0.0,0.0,0.0,0.0357142857,0.0869565217,0.0,0.0,0.0,0.0,0.0,0.0,0.0,0.0,0.0,0.0,0.0,0.0,0.0,0.0,1.0,-1.0,1.0,1.0,0.0,1.0,0.0,0.0
2266,9152.0,1.0,0.0,3.0,36.0,0.0,0.0,0.0,0.0,0.0,0.0,0.0,0.0,0.0,0.0,1.0,0.0,0.0,0.0,0.0,0.0,9.0,20.0,0.0,0.0,0.0,0.0,0.6470588235,0.4166666667,0.0,0.0,0.0,0.0,0.0,0.0,0.0,0.0,0.0,0.0,0.0,0.0,0.0,0.0,1.0,1.0,-1.0,1.0,0.0,0.0,0.0,0.0
2267,326.0,1.0,0.0,3.0,33.0,0.0,0.0,0.0,0.0,0.0,0.0,0.0,0.0,0.0,0.0,1.0,1.0,0.0,0.0,1.0,0.0,18.0,8.0,0.0,0.0,0.0,0.0,1.0,0.1428571429,1.0,1.0,0.0,0.0,0.0,0.0,0.0,0.0,0.0,0.0,0.0,1.0,0.0,0.0,1.0,1.0,1.0,1.0,0.0,-1.0,1.0,1.0
2268,1764.0,2.0,0.0,2.0,37.0,0.0,0.0,0.0,0.0,0.0,0.0,0.0,0.0,0.0,0.0,1.0,1.0,0.0,0.0,0.0,0.0,15.0,15.0,0.0,0.0,0.0,0.0,0.9230769231,1.0,0.0,1.0,0.0,0.0,0.0,0.0,1.0,0.0,0.0,0.0,0.0,0.0,0.0,0.0,1.0,1.0,1.0,1.0,-1.0,-1.0,1.0,1.0
2269,3275.0,3.0,1.0,7.0,104.0,2.0,0.0,0.0,0.0,0.0,0.0,0.0,0.0,0.0,23.0,1.0,1.0,0.0,0.0,0.0,0.0,15.0,82.0,0.0,0.0,1.0,0.0,0.9111111111,0.6666666667,0.0,1.0,0.0,0.0,0.0,0.0888888889,1.0,0.0,0.0,0.0,0.0,0.0,0.0,0.0,1.0,-1.0,-1.0,1.0,0.0,-1.0,1.0,1.0
2270,2574.0,3.0,0.0,5.0,51.0,0.0,0.0,0.0,0.0,0.0,0.0,0.0,0.0,0.0,0.0,1.0,0.0,0.0,0.0,1.0,0.0,21.0,23.0,0.0,0.0,0.0,1.0,1.0,1.0,1.0,1.0,0.0,0.0,0.0,0.0,1.0,0.0,0.0,0.0,0.0,0.0,0.0,0.0,1.0,1.0,-1.0,1.0,-1.0,-1.0,1.0,1.0
2271,7872.0,2.0,0.0,4.0,122.0,9.0,0.0,0.0,0.0,1.0,0.0,1.0,0.0,0.0,9.0,1.0,1.0,0.0,0.0,1.0,0.0,14.0,92.0,8.0,0.0,0.0,0.0,0.0887372014,0.525862069,1.0,1.0,1.0,0.0,1.0,0.0,0.0,0.0,0.0,0.0,1.0,1.0,0.0,0.0,1.0,-1.0,0.0,-1.0,0.0,1.0,0.0,0.0
2272,8521.0,2.0,0.0,4.0,51.0,0.0,0.0,0.0,0.0,1.0,0.0,0.0,0.0,0.0,4.0,1.0,1.0,0.0,0.0,1.0,0.0,11.0,33.0,0.0,0.0,0.0,0.0,0.3870967742,0.8125,0.0,1.0,0.0,0.0,0.0,0.0,0.0,0.0,0.0,0.0,0.0,1.0,0.0,0.0,1.0,1.0,-1.0,1.0,-1.0,0.0,0.0,0.0
2273,506.0,3.0,1.0,4.0,49.0,0.0,0.0,0.0,0.0,0.0,0.0,0.0,0.0,0.0,9.0,1.0,1.0,0.0,0.0,0.0,0.0,16.0,26.0,0.0,0.0,0.0,0.0,0.0,0.7857142857,0.0,1.0,0.0,0.0,0.0,1.0,1.0,0.0,0.0,0.0,0.0,1.0,0.0,0.0,1.0,1.0,-1.0,1.0,1.0,-1.0,1.0,1.0
2274,5819.0,2.0,1.0,6.0,94.0,8.0,0.0,0.0,0.0,0.0,0.0,0.0,0.0,0.0,14.0,1.0,1.0,0.0,0.0,1.0,0.0,12.0,75.0,0.0,0.0,0.0,0.0,0.1590909091,0.1081081081,0.0,1.0,0.0,0.0,0.0,0.0378787879,0.0,0.0,0.0,0.0,1.0,0.0,0.0,0.0,1.0,-1.0,1.0,1.0,1.0,1.0,0.0,0.0
2275,5845.0,2.0,0.0,2.0,61.0,0.0,0.0,0.0,0.0,3.0,0.0,0.0,0.0,0.0,3.0,1.0,1.0,0.0,0.0,1.0,0.0,11.0,43.0,0.0,0.0,0.0,0.0,0.1538461538,0.5714285714,0.0,0.0,0.0,0.0,0.0,0.0,0.0,0.0,0.0,0.0,0.0,0.0,0.0,0.0,1.0,0.0,0.0,1.0,0.0,1.0,0.0,0.0
2276,8774.0,2.0,0.0,1.0,51.0,0.0,0.0,0.0,0.0,1.0,0.0,0.0,0.0,0.0,0.0,1.0,1.0,0.0,0.0,0.0,0.0,22.0,22.0,0.0,0.0,0.0,0.0,0.0526315789,0.0,0.0,0.0,0.0,0.0,0.0,0.0526315789,0.0,0.0,0.0,0.0,0.0,0.0,0.0,0.0,1.0,1.0,1.0,1.0,1.0,1.0,0.0,0.0
2277,8226.0,3.0,1.0,0.0,131.0,0.0,0.0,0.0,0.0,3.0,0.0,6.0,5.0,0.0,24.0,1.0,0.0,0.0,0.0,0.0,0.0,33.0,1.0,89.0,0.0,0.0,0.0,0.6141732283,0.6666666667,0.0,0.0,0.0,0.0,0.0,0.0,1.0,0.0,0.0,0.0,0.0,1.0,0.0,0.0,1.0,-1.0,0.0,1.0,0.0,0.0,0.0,0.0
2278,1365.0,2.0,0.0,7.0,96.0,3.0,0.0,0.0,0.0,0.0,0.0,0.0,0.0,0.0,0.0,1.0,1.0,0.0,0.0,1.0,0.0,16.0,73.0,0.0,0.0,0.0,0.0,0.0,0.5,1.0,1.0,0.0,0.0,0.0,1.0,0.0,0.0,0.0,0.0,0.0,0.0,0.0,0.0,1.0,-1.0,1.0,1.0,0.0,-1.0,1.0,1.0
2279,7261.0,2.0,1.0,5.0,98.0,10.0,0.0,0.0,0.0,0.0,0.0,0.0,0.0,0.0,8.0,1.0,1.0,0.0,0.0,1.0,0.0,16.0,75.0,0.0,0.0,0.0,0.0,0.0458715596,0.5111111111,0.0,1.0,0.0,0.0,0.0,0.0183486239,0.0,0.0,0.0,0.0,0.0,1.0,0.0,0.0,1.0,-1.0,-1.0,1.0,0.0,1.0,0.0,0.0
2280,3336.0,2.0,1.0,2.0,45.0,1.0,1.0,0.0,0.0,0.0,0.0,0.0,0.0,0.0,4.0,1.0,1.0,0.0,0.0,0.0,0.0,29.0,9.0,0.0,0.0,0.0,0.0,0.0,0.0,0.0,1.0,1.0,0.0,0.0,1.0,0.0,0.0,0.0,0.0,1.0,1.0,0.0,0.0,1.0,1.0,1.0,1.0,1.0,-1.0,1.0,1.0
2281,9937.0,2.0,1.0,2.0,56.0,5.0,0.0,0.0,0.0,0.0,0.0,0.0,0.0,0.0,0.0,1.0,0.0,0.0,0.0,1.0,0.0,15.0,34.0,0.0,0.0,0.0,0.0,0.0658761528,0.5588235294,0.0,1.0,0.0,0.0,0.0,0.1040843215,0.0,0.0,0.0,0.0,0.0,1.0,0.0,0.0,1.0,0.0,0.0,1.0,0.0,1.0,0.0,0.0
2282,8456.0,3.0,1.0,3.0,44.0,0.0,0.0,0.0,0.0,0.0,0.0,0.0,0.0,0.0,0.0,1.0,0.0,0.0,0.0,0.0,0.0,21.0,16.0,0.0,0.0,0.0,0.0,0.0893854749,0.8823529412,0.0,1.0,0.0,1.0,0.0,0.0111731844,0.0,0.0,0.0,0.0,0.0,0.0,0.0,0.0,1.0,1.0,-1.0,0.0,0.0,1.0,0.0,0.0
2283,221.0,3.0,1.0,4.0,126.0,0.0,0.0,0.0,0.0,0.0,0.0,1.0,0.0,0.0,41.0,1.0,0.0,0.0,0.0,0.0,0.0,15.0,35.0,68.0,0.0,1.0,0.0,0.0,0.0,0.0,1.0,0.0,0.0,0.0,0.0,0.0,0.0,0.0,0.0,0.0,0.0,0.0,0.0,1.0,-1.0,1.0,1.0,1.0,1.0,1.0,1.0
2284,9582.0,2.0,1.0,0.0,29.0,0.0,0.0,0.0,0.0,0.0,0.0,0.0,0.0,0.0,0.0,1.0,0.0,0.0,0.0,0.0,0.0,21.0,1.0,0.0,0.0,0.0,0.0,0.0769230769,0.1111111111,0.0,0.0,0.0,0.0,0.0,0.1538461538,0.0,0.0,0.0,0.0,1.0,0.0,0.0,0.0,1.0,1.0,1.0,1.0,1.0,1.0,0.0,0.0
2285,8535.0,1.0,0.0,3.0,49.0,0.0,0.0,0.0,0.0,0.0,0.0,0.0,0.0,0.0,6.0,1.0,1.0,0.0,0.0,0.0,0.0,14.0,28.0,0.0,0.0,0.0,1.0,0.125,0.2941176471,0.0,1.0,1.0,0.0,0.0,0.0416666667,0.0,0.0,0.0,0.0,0.0,0.0,0.0,0.0,1.0,1.0,1.0,1.0,0.0,1.0,0.0,0.0
2286,3327.0,2.0,1.0,2.0,45.0,1.0,1.0,0.0,0.0,0.0,0.0,0.0,0.0,0.0,3.0,1.0,1.0,0.0,0.0,0.0,0.0,29.0,9.0,0.0,0.0,0.0,0.0,0.0,0.0,0.0,1.0,1.0,0.0,0.0,1.0,0.0,0.0,0.0,0.0,1.0,1.0,0.0,0.0,1.0,1.0,1.0,1.0,1.0,-1.0,1.0,1.0
2287,8129.0,2.0,0.0,3.0,84.0,0.0,0.0,0.0,0.0,0.0,0.0,0.0,1.0,0.0,21.0,1.0,1.0,0.0,0.0,1.0,0.0,18.0,59.0,0.0,0.0,0.0,0.0,0.1428571429,0.0666666667,0.0,1.0,0.0,0.0,0.0,0.0,0.0,0.0,0.0,0.0,0.0,0.0,0.0,0.0,1.0,-1.0,1.0,1.0,1.0,1.0,0.0,0.0
2288,9705.0,3.0,1.0,1.0,57.0,0.0,0.0,0.0,0.0,3.0,0.0,0.0,0.0,0.0,8.0,1.0,1.0,0.0,0.0,0.0,0.0,26.0,24.0,0.0,0.0,0.0,0.0,0.2724014337,0.9873417722,0.0,1.0,0.0,1.0,0.0,0.0035842294,0.0,0.0,0.0,0.0,0.0,1.0,0.0,0.0,1.0,0.0,-1.0,0.0,-1.0,1.0,0.0,0.0
2289,3892.0,3.0,0.0,5.0,69.0,1.0,0.0,0.0,0.0,0.0,0.0,0.0,0.0,0.0,0.0,1.0,0.0,0.0,0.0,0.0,0.0,20.0,42.0,0.0,0.0,0.0,0.0,0.0,0.0,0.0,1.0,0.0,0.0,0.0,0.0,0.0,0.0,0.0,0.0,0.0,0.0,0.0,0.0,1.0,0.0,1.0,1.0,1.0,1.0,1.0,1.0
2290,4690.0,3.0,0.0,6.0,76.0,1.0,0.0,0.0,0.0,0.0,0.0,0.0,0.0,0.0,0.0,1.0,1.0,0.0,0.0,1.0,0.0,16.0,53.0,0.0,0.0,1.0,0.0,1.0,0.0,0.0,1.0,0.0,0.0,0.0,0.0,1.0,0.0,0.0,0.0,0.0,0.0,0.0,0.0,1.0,-1.0,1.0,1.0,1.0,-1.0,1.0,1.0
2291,481.0,2.0,0.0,1.0,41.0,0.0,0.0,0.0,0.0,0.0,0.0,0.0,0.0,0.0,0.0,1.0,1.0,0.0,0.0,0.0,0.0,23.0,11.0,0.0,0.0,0.0,0.0,0.9230769231,1.0,0.0,1.0,0.0,0.0,0.0,0.0,1.0,0.0,0.0,0.0,0.0,0.0,0.0,0.0,1.0,1.0,1.0,1.0,-1.0,-1.0,1.0,1.0
2292,4274.0,3.0,0.0,4.0,60.0,1.0,1.0,0.0,0.0,1.0,0.0,0.0,0.0,0.0,3.0,1.0,0.0,0.0,0.0,1.0,0.0,24.0,29.0,0.0,0.0,0.0,0.0,1.0,1.0,1.0,1.0,0.0,0.0,0.0,0.0,1.0,0.0,0.0,0.0,0.0,1.0,0.0,0.0,1.0,0.0,-1.0,1.0,-1.0,-1.0,1.0,1.0
2293,6593.0,1.0,0.0,5.0,99.0,8.0,0.0,0.0,0.0,0.0,0.0,0.0,0.0,0.0,8.0,1.0,1.0,0.0,0.0,1.0,0.0,30.0,62.0,0.0,0.0,0.0,0.0,0.1507936508,1.0,1.0,1.0,1.0,0.0,0.0,0.0396825397,0.0,0.0,0.0,0.0,0.0,1.0,0.0,0.0,1.0,-1.0,-1.0,1.0,-1.0,1.0,0.0,0.0
2294,2911.0,2.0,1.0,8.0,60.0,0.0,0.0,0.0,0.0,0.0,0.0,0.0,0.0,0.0,0.0,1.0,1.0,0.0,0.0,0.0,0.0,21.0,32.0,0.0,0.0,0.0,0.0,0.0,0.0,0.0,1.0,0.0,0.0,0.0,0.0,0.0,0.0,0.0,0.0,0.0,0.0,0.0,0.0,1.0,0.0,1.0,1.0,1.0,1.0,1.0,1.0
2295,9302.0,2.0,1.0,3.0,57.0,1.0,0.0,0.0,0.0,0.0,0.0,0.0,0.0,0.0,0.0,1.0,0.0,0.0,0.0,1.0,0.0,28.0,22.0,0.0,0.0,0.0,0.0,0.3962264151,0.2631578947,0.0,1.0,0.0,0.0,0.0,0.0,0.0,0.0,0.0,0.0,1.0,1.0,0.0,0.0,1.0,0.0,1.0,1.0,0.0,0.0,0.0,0.0
2296,5026.0,1.0,0.0,0.0,22.0,0.0,0.0,0.0,0.0,0.0,0.0,0.0,0.0,0.0,0.0,0.0,1.0,0.0,0.0,0.0,0.0,13.0,1.0,0.0,0.0,0.0,0.0,0.2380952381,1.0,1.0,0.0,0.0,0.0,0.0,0.0952380952,0.0,0.0,0.0,0.0,0.0,0.0,0.0,0.0,1.0,1.0,1.0,1.0,0.0,0.0,0.0,0.0
2297,3495.0,5.0,1.0,3.0,61.0,0.0,0.0,0.0,0.0,0.0,0.0,0.0,0.0,0.0,2.0,1.0,1.0,0.0,0.0,0.0,0.0,20.0,34.0,0.0,0.0,1.0,0.0,0.8333333333,0.2631578947,1.0,1.0,0.0,0.0,0.0,0.0,0.0,0.0,0.0,0.0,0.0,1.0,0.0,0.0,1.0,0.0,1.0,1.0,0.0,-1.0,1.0,1.0
2298,6627.0,3.0,1.0,2.0,65.0,0.0,0.0,0.0,0.0,0.0,0.0,3.0,2.0,0.0,8.0,1.0,0.0,0.0,0.0,0.0,0.0,15.0,15.0,27.0,0.0,0.0,0.0,0.0394736842,0.0327868852,0.0,1.0,0.0,0.0,0.0,0.0,0.0,0.0,0.0,0.0,0.0,0.0,0.0,0.0,1.0,0.0,1.0,1.0,0.0,1.0,0.0,0.0
2299,8883.0,3.0,1.0,1.0,57.0,1.0,0.0,0.0,0.0,0.0,0.0,0.0,0.0,0.0,0.0,1.0,0.0,0.0,0.0,0.0,0.0,27.0,23.0,0.0,0.0,0.0,0.0,0.0350877193,0.0714285714,0.0,1.0,1.0,0.0,1.0,0.0058479532,0.0,0.0,0.0,0.0,0.0,0.0,0.0,0.0,1.0,0.0,1.0,-1.0,0.0,1.0,0.0,0.0
2300,3623.0,3.0,1.0,2.0,58.0,1.0,0.0,0.0,0.0,1.0,0.0,0.0,0.0,0.0,0.0,1.0,0.0,0.0,0.0,1.0,0.0,27.0,24.0,0.0,0.0,0.0,0.0,1.0,1.0,0.0,1.0,0.0,0.0,0.0,0.0,1.0,0.0,0.0,0.0,0.0,1.0,1.0,0.0,1.0,0.0,-1.0,1.0,-1.0,-1.0,1.0,1.0
2301,4745.0,4.0,0.0,3.0,81.0,0.0,0.0,0.0,0.0,0.0,0.0,1.0,0.0,0.0,0.0,1.0,0.0,0.0,0.0,0.0,0.0,15.0,56.0,2.0,0.0,1.0,0.0,0.0,0.2,0.0,1.0,1.0,0.0,0.0,0.0,0.0,0.0,0.0,0.0,0.0,0.0,0.0,0.0,1.0,-1.0,0.0,1.0,1.0,1.0,1.0,1.0
2302,9170.0,4.0,1.0,2.0,50.0,0.0,0.0,0.0,0.0,0.0,0.0,1.0,0.0,0.0,4.0,1.0,1.0,0.0,0.0,0.0,0.0,18.0,14.0,10.0,0.0,0.0,0.0,0.0185873606,0.0,0.0,1.0,0.0,0.0,0.0,0.0,0.0,0.0,0.0,0.0,0.0,0.0,0.0,0.0,1.0,1.0,1.0,1.0,1.0,1.0,0.0,0.0
2303,5010.0,2.0,1.0,0.0,25.0,0.0,0.0,0.0,0.0,0.0,0.0,0.0,0.0,0.0,0.0,0.0,0.0,0.0,0.0,0.0,0.0,16.0,1.0,0.0,0.0,0.0,0.0,0.0,1.0,1.0,0.0,0.0,0.0,0.0,0.0,0.0,0.0,0.0,0.0,0.0,0.0,0.0,0.0,1.0,1.0,-1.0,1.0,1.0,1.0,0.0,0.0
2304,9703.0,2.0,1.0,0.0,38.0,0.0,0.0,0.0,0.0,0.0,0.0,0.0,0.0,0.0,0.0,1.0,0.0,0.0,0.0,0.0,0.0,30.0,1.0,0.0,0.0,0.0,0.0,0.3214285714,0.1166666667,0.0,1.0,1.0,1.0,0.0,0.0357142857,0.0,0.0,0.0,0.0,0.0,0.0,0.0,1.0,1.0,1.0,1.0,0.0,1.0,0.0,0.0,0.0
2305,4522.0,3.0,1.0,2.0,52.0,0.0,0.0,0.0,0.0,0.0,0.0,0.0,0.0,0.0,1.0,1.0,1.0,0.0,0.0,0.0,0.0,12.0,33.0,0.0,0.0,0.0,0.0,0.9230769231,1.0,0.0,1.0,0.0,0.0,0.0,0.0,1.0,0.0,0.0,0.0,0.0,0.0,0.0,0.0,1.0,1.0,1.0,1.0,-1.0,-1.0,1.0,1.0
2306,852.0,3.0,1.0,2.0,46.0,0.0,0.0,0.0,0.0,0.0,0.0,0.0,0.0,0.0,0.0,1.0,1.0,0.0,0.0,1.0,0.0,20.0,19.0,0.0,0.0,0.0,0.0,0.0,0.0,0.0,1.0,0.0,0.0,0.0,0.0,0.0,0.0,0.0,0.0,0.0,0.0,0.0,0.0,1.0,1.0,1.0,1.0,1.0,1.0,1.0,1.0
2307,1436.0,2.0,0.0,5.0,50.0,1.0,0.0,0.0,0.0,0.0,0.0,0.0,0.0,0.0,1.0,1.0,1.0,0.0,0.0,1.0,0.0,12.0,31.0,0.0,0.0,0.0,0.0,1.0,1.0,0.0,1.0,0.0,1.0,0.0,0.0,1.0,0.0,0.0,0.0,0.0,1.0,0.0,0.0,1.0,1.0,-1.0,0.0,-1.0,-1.0,1.0,1.0
2308,854.0,2.0,1.0,5.0,58.0,0.0,0.0,0.0,0.0,0.0,0.0,0.0,0.0,0.0,0.0,1.0,0.0,0.0,0.0,0.0,0.0,23.0,28.0,0.0,0.0,0.0,0.0,0.0,0.0,0.0,1.0,0.0,0.0,0.0,0.0,0.0,0.0,0.0,0.0,0.0,0.0,0.0,0.0,1.0,0.0,1.0,1.0,1.0,1.0,1.0,1.0
2309,7329.0,1.0,0.0,2.0,92.0,9.0,0.0,0.0,0.0,0.0,0.0,0.0,0.0,0.0,0.0,1.0,0.0,0.0,0.0,1.0,0.0,13.0,72.0,0.0,0.0,0.0,0.0,0.0151515152,0.6,0.0,1.0,1.0,0.0,1.0,0.0,0.0,0.0,0.0,0.0,0.0,0.0,0.0,0.0,1.0,-1.0,1.0,-1.0,0.0,1.0,0.0,0.0
2310,3642.0,6.0,1.0,3.0,175.0,2.0,0.0,0.0,0.0,0.0,0.0,0.0,0.0,0.0,64.0,1.0,1.0,0.0,0.0,1.0,0.0,20.0,148.0,0.0,0.0,0.0,0.0,0.0,0.6666666667,1.0,1.0,1.0,0.0,0.0,0.0,0.0,0.0,0.0,0.0,0.0,0.0,0.0,0.0,1.0,-1.0,1.0,1.0,0.0,1.0,1.0,1.0
2311,9100.0,1.0,0.0,3.0,56.0,1.0,0.0,0.0,0.0,0.0,0.0,0.0,0.0,0.0,0.0,1.0,0.0,0.0,0.0,1.0,0.0,22.0,27.0,0.0,0.0,0.0,0.0,0.1328125,0.9770992366,0.0,1.0,1.0,0.0,0.0,0.0390625,0.0,0.0,0.0,1.0,1.0,1.0,0.0,0.0,1.0,0.0,-1.0,1.0,-1.0,1.0,0.0,0.0
2312,1230.0,3.0,0.0,3.0,41.0,0.0,0.0,0.0,0.0,0.0,0.0,0.0,0.0,0.0,0.0,1.0,0.0,0.0,0.0,0.0,0.0,14.0,20.0,0.0,0.0,0.0,0.0,0.0,0.1538461538,0.0,1.0,0.0,0.0,0.0,0.0,0.0,0.0,0.0,0.0,0.0,0.0,0.0,0.0,1.0,1.0,1.0,1.0,1.0,1.0,1.0,1.0
2313,4961.0,7.0,6.0,3.0,62.0,0.0,0.0,0.0,0.0,0.0,0.0,0.0,0.0,0.0,6.0,1.0,1.0,0.0,1.0,0.0,0.0,46.0,9.0,0.0,0.0,2.0,0.0,0.0,0.0,0.0,1.0,0.0,0.0,0.0,1.0,0.0,0.0,0.0,0.0,0.0,0.0,0.0,0.0,-1.0,0.0,1.0,1.0,1.0,-1.0,1.0,1.0
2314,3521.0,3.0,2.0,4.0,109.0,5.0,4.0,0.0,0.0,0.0,0.0,0.0,0.0,0.0,22.0,1.0,1.0,0.0,1.0,1.0,0.0,57.0,45.0,0.0,0.0,0.0,0.0,0.0555555556,0.0909090909,0.0,1.0,1.0,0.0,0.0,0.9444444444,0.0,0.0,1.0,0.0,0.0,1.0,0.0,0.0,0.0,-1.0,1.0,1.0,1.0,-1.0,1.0,1.0
2315,8309.0,2.0,0.0,1.0,39.0,1.0,0.0,0.0,0.0,0.0,0.0,0.0,0.0,0.0,0.0,1.0,0.0,0.0,0.0,0.0,0.0,13.0,19.0,0.0,0.0,0.0,0.0,0.0869565217,0.6176470588,0.0,0.0,0.0,0.0,0.0,0.0434782609,0.0,0.0,1.0,0.0,0.0,1.0,0.0,0.0,1.0,1.0,1.0,1.0,0.0,1.0,0.0,0.0
2316,7710.0,2.0,0.0,2.0,88.0,0.0,0.0,0.0,0.0,3.0,0.0,2.0,1.0,0.0,5.0,1.0,0.0,0.0,0.0,0.0,0.0,19.0,32.0,29.0,0.0,0.0,0.0,0.0138888889,0.2692307692,0.0,1.0,0.0,0.0,0.0,0.0,0.0,0.0,0.0,0.0,0.0,1.0,0.0,0.0,1.0,-1.0,0.0,1.0,0.0,1.0,0.0,0.0
2317,5100.0,2.0,1.0,0.0,20.0,0.0,0.0,0.0,0.0,0.0,0.0,0.0,0.0,0.0,0.0,1.0,0.0,0.0,0.0,0.0,0.0,12.0,1.0,0.0,0.0,0.0,0.0,0.1889952153,0.5217391304,0.0,1.0,0.0,0.0,0.0,0.004784689,0.0,0.0,0.0,0.0,0.0,1.0,0.0,0.0,1.0,1.0,0.0,1.0,0.0,1.0,0.0,0.0
2318,9428.0,3.0,1.0,2.0,31.0,0.0,0.0,0.0,0.0,0.0,0.0,0.0,0.0,0.0,0.0,1.0,1.0,0.0,0.0,0.0,0.0,20.0,4.0,0.0,0.0,0.0,0.0,0.1481481481,0.5789473684,1.0,1.0,1.0,0.0,0.0,0.0740740741,0.0,0.0,0.0,0.0,0.0,1.0,0.0,0.0,1.0,1.0,-1.0,1.0,0.0,1.0,0.0,0.0
2319,5797.0,2.0,1.0,5.0,87.0,6.0,0.0,0.0,0.0,0.0,0.0,0.0,0.0,0.0,8.0,1.0,1.0,0.0,0.0,0.0,0.0,18.0,62.0,0.0,0.0,0.0,0.0,0.1818181818,0.425,0.0,1.0,1.0,0.0,1.0,0.0454545455,0.0,0.0,0.0,0.0,1.0,1.0,0.0,0.0,1.0,-1.0,-1.0,-1.0,0.0,1.0,0.0,0.0
2320,9331.0,3.0,1.0,1.0,47.0,0.0,0.0,0.0,0.0,0.0,0.0,1.0,0.0,0.0,5.0,1.0,0.0,0.0,0.0,1.0,0.0,17.0,10.0,12.0,0.0,0.0,0.0,0.2074074074,0.5185185185,0.0,1.0,1.0,0.0,0.0,0.0,0.0,0.0,0.0,0.0,0.0,0.0,0.0,0.0,1.0,1.0,0.0,1.0,0.0,1.0,0.0,0.0
2321,9627.0,3.0,1.0,3.0,49.0,0.0,0.0,0.0,0.0,0.0,0.0,0.0,0.0,0.0,5.0,1.0,1.0,0.0,0.0,0.0,0.0,23.0,19.0,0.0,0.0,0.0,0.0,0.0,0.1153846154,0.0,0.0,0.0,0.0,0.0,0.0,0.0,0.0,0.0,0.0,1.0,0.0,0.0,0.0,1.0,1.0,1.0,1.0,1.0,1.0,0.0,0.0
2322,7662.0,2.0,0.0,1.0,127.0,14.0,0.0,0.0,0.0,0.0,0.0,0.0,0.0,0.0,4.0,1.0,1.0,0.0,0.0,1.0,0.0,18.0,102.0,0.0,0.0,0.0,0.0,0.1052631579,0.5714285714,0.0,1.0,0.0,0.0,0.0,0.0526315789,0.0,0.0,0.0,0.0,0.0,0.0,0.0,0.0,1.0,-1.0,1.0,1.0,0.0,1.0,0.0,0.0
2323,236.0,2.0,0.0,2.0,132.0,1.0,0.0,0.0,0.0,7.0,0.0,1.0,2.0,0.0,4.0,1.0,1.0,0.0,0.0,0.0,0.0,19.0,19.0,86.0,0.0,0.0,0.0,0.0,0.3333333333,0.0,1.0,1.0,0.0,0.0,0.0,0.0,0.0,0.0,0.0,0.0,0.0,0.0,0.0,1.0,-1.0,1.0,1.0,-1.0,1.0,1.0,1.0
2324,3733.0,3.0,1.0,2.0,37.0,1.0,0.0,0.0,0.0,0.0,0.0,0.0,0.0,0.0,0.0,1.0,1.0,0.0,0.0,1.0,0.0,13.0,17.0,0.0,0.0,0.0,0.0,0.0,0.0,0.0,1.0,0.0,0.0,0.0,1.0,0.0,0.0,0.0,0.0,0.0,0.0,0.0,0.0,1.0,1.0,1.0,1.0,1.0,-1.0,1.0,1.0
2325,9238.0,2.0,1.0,3.0,47.0,3.0,0.0,0.0,0.0,0.0,0.0,0.0,0.0,0.0,0.0,1.0,0.0,0.0,0.0,0.0,0.0,15.0,25.0,0.0,0.0,0.0,0.0,0.0,0.0465116279,0.0,0.0,0.0,0.0,0.0,0.0714285714,0.0,0.0,0.0,0.0,0.0,0.0,0.0,0.0,1.0,1.0,1.0,1.0,0.0,1.0,0.0,0.0
2326,8137.0,1.0,0.0,1.0,205.0,1.0,0.0,0.0,0.0,0.0,6.0,4.0,3.0,0.0,7.0,1.0,1.0,0.0,0.0,1.0,0.0,18.0,16.0,163.0,0.0,0.0,0.0,0.1264367816,0.2,0.0,1.0,0.0,0.0,0.0,0.0,0.0,0.0,0.0,0.0,1.0,0.0,0.0,0.0,1.0,-1.0,1.0,1.0,0.0,1.0,0.0,0.0
2327,4707.0,2.0,0.0,1.0,51.0,3.0,3.0,0.0,0.0,0.0,0.0,0.0,0.0,0.0,0.0,1.0,1.0,0.0,0.0,0.0,0.0,33.0,11.0,0.0,0.0,1.0,0.0,0.2,0.2,0.0,1.0,0.0,1.0,0.0,0.0769230769,0.0,0.0,0.0,0.0,0.0,0.0,0.0,0.0,1.0,1.0,1.0,0.0,0.0,1.0,1.0,1.0
2328,6465.0,2.0,0.0,3.0,82.0,8.0,0.0,0.0,0.0,0.0,0.0,0.0,0.0,0.0,4.0,1.0,1.0,0.0,0.0,1.0,0.0,15.0,60.0,0.0,0.0,0.0,0.0,0.0289017341,0.0357142857,0.0,0.0,0.0,0.0,0.0,0.0,0.0,0.0,0.0,0.0,0.0,0.0,0.0,0.0,1.0,-1.0,1.0,1.0,1.0,1.0,0.0,0.0
2329,4951.0,2.0,1.0,6.0,95.0,1.0,0.0,0.0,0.0,0.0,0.0,0.0,0.0,0.0,18.0,1.0,1.0,0.0,0.0,0.0,0.0,35.0,53.0,0.0,0.0,0.0,0.0,0.0,0.0714285714,0.0,1.0,0.0,0.0,0.0,1.0,0.0,0.0,0.0,0.0,0.0,1.0,0.0,0.0,1.0,-1.0,1.0,1.0,1.0,-1.0,1.0,1.0
2330,2631.0,2.0,0.0,4.0,48.0,0.0,0.0,0.0,0.0,0.0,0.0,0.0,0.0,0.0,0.0,1.0,0.0,0.0,0.0,0.0,0.0,15.0,26.0,0.0,0.0,0.0,0.0,0.0,1.0,0.0,1.0,1.0,0.0,0.0,1.0,1.0,0.0,0.0,0.0,0.0,0.0,0.0,0.0,1.0,1.0,-1.0,1.0,-1.0,-1.0,1.0,1.0
2331,3380.0,2.0,1.0,3.0,55.0,1.0,0.0,0.0,1.0,0.0,0.0,0.0,0.0,0.0,0.0,1.0,0.0,0.0,0.0,0.0,0.0,19.0,29.0,0.0,0.0,1.0,0.0,0.0,0.0,0.0,1.0,0.0,0.0,0.0,0.0,0.0,0.0,0.0,0.0,0.0,0.0,0.0,0.0,1.0,0.0,1.0,1.0,1.0,1.0,1.0,1.0
2332,374.0,2.0,0.0,3.0,55.0,1.0,0.0,0.0,0.0,0.0,0.0,0.0,0.0,0.0,0.0,1.0,0.0,0.0,0.0,0.0,0.0,24.0,24.0,0.0,0.0,0.0,0.0,1.0,1.0,0.0,1.0,0.0,1.0,0.0,0.0,1.0,0.0,0.0,0.0,0.0,1.0,0.0,0.0,1.0,0.0,-1.0,0.0,1.0,-1.0,1.0,1.0
2333,5230.0,2.0,1.0,4.0,71.0,0.0,0.0,0.0,0.0,2.0,0.0,0.0,0.0,0.0,2.0,1.0,0.0,0.0,0.0,1.0,0.0,24.0,40.0,0.0,0.0,0.0,0.0,0.0,0.0434782609,0.0,1.0,0.0,0.0,0.0,0.0,0.0,0.0,0.0,0.0,0.0,0.0,0.0,0.0,1.0,0.0,1.0,1.0,0.0,1.0,0.0,0.0
2334,236.0,2.0,0.0,2.0,132.0,1.0,0.0,0.0,0.0,7.0,0.0,1.0,2.0,0.0,4.0,1.0,1.0,0.0,0.0,0.0,0.0,19.0,19.0,86.0,0.0,0.0,0.0,0.0,0.3333333333,0.0,1.0,1.0,0.0,0.0,0.0,0.0,0.0,0.0,0.0,0.0,0.0,0.0,0.0,1.0,-1.0,1.0,1.0,-1.0,1.0,1.0,1.0
2335,9254.0,3.0,1.0,3.0,54.0,2.0,0.0,0.0,0.0,0.0,0.0,0.0,0.0,0.0,1.0,1.0,0.0,0.0,0.0,1.0,0.0,19.0,28.0,0.0,0.0,0.0,0.0,0.0040509259,0.9805825243,0.0,1.0,1.0,0.0,1.0,0.0040509259,0.0,0.0,0.0,0.0,1.0,1.0,0.0,0.0,1.0,0.0,-1.0,-1.0,-1.0,1.0,0.0,0.0
2336,7997.0,1.0,0.0,5.0,75.0,6.0,0.0,0.0,0.0,0.0,0.0,0.0,0.0,0.0,8.0,1.0,1.0,0.0,0.0,1.0,0.0,22.0,46.0,0.0,0.0,0.0,0.0,0.3865546218,0.4047619048,0.0,1.0,1.0,0.0,1.0,0.025210084,0.0,0.0,0.0,0.0,0.0,1.0,0.0,0.0,1.0,0.0,-1.0,-1.0,0.0,0.0,0.0,0.0
2337,3166.0,3.0,1.0,8.0,153.0,3.0,1.0,0.0,0.0,0.0,0.0,0.0,0.0,0.0,41.0,1.0,1.0,0.0,0.0,1.0,0.0,20.0,126.0,0.0,0.0,0.0,0.0,0.0,0.0416666667,1.0,1.0,0.0,0.0,0.0,0.0,0.0,0.0,0.0,0.0,0.0,0.0,0.0,0.0,1.0,-1.0,1.0,1.0,0.0,1.0,1.0,1.0
2338,6823.0,1.0,0.0,2.0,83.0,8.0,0.0,0.0,0.0,0.0,0.0,0.0,0.0,0.0,5.0,1.0,1.0,0.0,0.0,1.0,0.0,18.0,58.0,0.0,0.0,0.0,0.0,0.1635220126,0.9787234043,1.0,1.0,1.0,0.0,0.0,0.0691823899,0.0,0.0,0.0,0.0,1.0,1.0,0.0,0.0,1.0,-1.0,-1.0,1.0,-1.0,1.0,0.0,0.0
2339,1241.0,3.0,1.0,4.0,46.0,0.0,0.0,0.0,0.0,0.0,0.0,0.0,0.0,0.0,0.0,1.0,0.0,0.0,0.0,1.0,0.0,12.0,27.0,0.0,0.0,2.0,0.0,0.7857142857,0.0588235294,0.0,1.0,0.0,0.0,0.0,0.0,0.0,0.0,0.0,0.0,0.0,0.0,0.0,0.0,1.0,1.0,1.0,1.0,0.0,-1.0,1.0,1.0
2340,504.0,4.0,0.0,3.0,199.0,0.0,0.0,0.0,0.0,4.0,0.0,13.0,6.0,0.0,48.0,1.0,0.0,1.0,0.0,0.0,0.0,12.0,22.0,157.0,0.0,1.0,0.0,0.375,0.0,0.0,1.0,0.0,0.0,0.0,0.0,1.0,0.0,0.0,0.0,0.0,0.0,0.0,0.0,1.0,-1.0,1.0,1.0,0.0,0.0,1.0,1.0
2341,6301.0,3.0,2.0,5.0,126.0,2.0,0.0,0.0,0.0,2.0,0.0,6.0,5.0,0.0,13.0,1.0,1.0,0.0,0.0,0.0,0.0,26.0,31.0,61.0,0.0,0.0,0.0,0.0,0.0,0.0,0.0,0.0,0.0,0.0,0.0,0.0,0.0,0.0,0.0,0.0,0.0,1.0,0.0,0.0,-1.0,1.0,1.0,1.0,1.0,0.0,0.0
2342,7467.0,2.0,0.0,4.0,132.0,2.0,0.0,0.0,0.0,1.0,0.0,4.0,3.0,0.0,27.0,1.0,1.0,0.0,0.0,0.0,0.0,12.0,30.0,82.0,0.0,0.0,1.0,0.1052631579,0.0769230769,0.0,1.0,0.0,0.0,0.0,0.0,0.0,0.0,0.0,0.0,1.0,1.0,0.0,0.0,1.0,-1.0,1.0,1.0,0.0,1.0,0.0,0.0
2343,7182.0,2.0,0.0,1.0,93.0,1.0,1.0,0.0,0.0,4.0,0.0,3.0,2.0,0.0,5.0,1.0,0.0,0.0,0.0,0.0,0.0,17.0,10.0,58.0,0.0,0.0,0.0,0.2105263158,0.0,0.0,1.0,0.0,0.0,0.0,0.0,0.0,0.0,0.0,0.0,0.0,0.0,0.0,0.0,1.0,-1.0,1.0,1.0,1.0,1.0,0.0,0.0
2344,285.0,2.0,0.0,4.0,51.0,0.0,0.0,0.0,0.0,0.0,0.0,0.0,0.0,0.0,1.0,1.0,1.0,0.0,0.0,1.0,0.0,12.0,32.0,0.0,0.0,0.0,0.0,0.0,1.0,1.0,1.0,0.0,0.0,0.0,1.0,1.0,0.0,0.0,0.0,0.0,0.0,0.0,0.0,1.0,1.0,-1.0,1.0,-1.0,-1.0,1.0,1.0
2345,4919.0,3.0,1.0,4.0,69.0,1.0,0.0,0.0,0.0,0.0,0.0,0.0,0.0,0.0,5.0,1.0,1.0,0.0,0.0,0.0,0.0,19.0,43.0,0.0,0.0,0.0,0.0,1.0,1.0,0.0,1.0,0.0,0.0,0.0,0.0,1.0,0.0,0.0,0.0,0.0,1.0,0.0,0.0,1.0,0.0,-1.0,1.0,1.0,-1.0,1.0,1.0
2346,2274.0,3.0,1.0,2.0,55.0,1.0,0.0,0.0,0.0,0.0,0.0,0.0,0.0,0.0,0.0,1.0,0.0,0.0,0.0,0.0,0.0,17.0,31.0,0.0,0.0,0.0,0.0,1.0,1.0,0.0,1.0,0.0,1.0,0.0,0.0,1.0,0.0,0.0,0.0,0.0,1.0,1.0,0.0,1.0,0.0,-1.0,0.0,1.0,-1.0,1.0,1.0
2347,3041.0,2.0,1.0,6.0,53.0,0.0,0.0,0.0,0.0,0.0,0.0,0.0,0.0,0.0,0.0,1.0,1.0,0.0,0.0,1.0,0.0,13.0,33.0,0.0,0.0,0.0,0.0,0.0,0.1666666667,1.0,1.0,0.0,0.0,0.0,0.0,0.0,0.0,0.0,0.0,0.0,0.0,0.0,0.0,1.0,1.0,1.0,1.0,0.0,1.0,1.0,1.0
2348,3396.0,3.0,2.0,5.0,121.0,5.0,4.0,0.0,0.0,0.0,0.0,0.0,0.0,0.0,13.0,1.0,1.0,0.0,1.0,1.0,0.0,66.0,48.0,0.0,0.0,0.0,0.0,0.0555555556,0.0909090909,0.0,1.0,1.0,0.0,0.0,0.9444444444,0.0,0.0,1.0,0.0,0.0,1.0,0.0,0.0,0.0,-1.0,1.0,1.0,1.0,-1.0,1.0,1.0
2349,468.0,3.0,0.0,5.0,61.0,0.0,0.0,0.0,0.0,0.0,0.0,0.0,0.0,0.0,0.0,1.0,0.0,0.0,0.0,1.0,0.0,24.0,30.0,0.0,0.0,0.0,0.0,0.0,0.4285714286,1.0,1.0,0.0,0.0,0.0,1.0,0.0,0.0,0.0,0.0,0.0,0.0,0.0,0.0,1.0,0.0,1.0,1.0,0.0,-1.0,1.0,1.0
2350,9634.0,2.0,1.0,2.0,43.0,1.0,0.0,0.0,0.0,0.0,0.0,1.0,0.0,0.0,1.0,1.0,0.0,0.0,0.0,1.0,0.0,14.0,15.0,6.0,0.0,0.0,0.0,0.0440251572,0.1625,0.0,1.0,0.0,0.0,0.0,0.0,0.0,0.0,0.0,0.0,1.0,1.0,0.0,0.0,1.0,1.0,1.0,1.0,0.0,1.0,0.0,0.0
2351,8133.0,1.0,0.0,3.0,62.0,4.0,0.0,0.0,0.0,0.0,0.0,1.0,0.0,0.0,4.0,1.0,0.0,0.0,0.0,1.0,0.0,11.0,27.0,16.0,0.0,0.0,0.0,0.0286885246,0.1568627451,0.0,1.0,1.0,0.0,1.0,0.0,0.0,0.0,0.0,0.0,0.0,0.0,0.0,0.0,1.0,0.0,1.0,-1.0,1.0,1.0,0.0,0.0
2352,3640.0,2.0,1.0,6.0,64.0,1.0,0.0,0.0,0.0,0.0,0.0,0.0,0.0,0.0,0.0,1.0,1.0,0.0,0.0,0.0,0.0,17.0,40.0,0.0,0.0,0.0,0.0,0.0,0.1,0.0,1.0,0.0,0.0,0.0,0.0,0.0,0.0,0.0,0.0,0.0,0.0,0.0,0.0,1.0,0.0,1.0,1.0,1.0,1.0,1.0,1.0
2353,7236.0,1.0,0.0,5.0,95.0,4.0,0.0,0.0,0.0,0.0,0.0,0.0,0.0,0.0,6.0,1.0,1.0,0.0,0.0,1.0,0.0,16.0,72.0,0.0,0.0,0.0,0.0,0.1307692308,0.049382716,0.0,1.0,1.0,0.0,0.0,0.0769230769,0.0,0.0,0.0,0.0,0.0,0.0,0.0,0.0,1.0,-1.0,1.0,1.0,1.0,1.0,0.0,0.0
2354,3980.0,3.0,1.0,4.0,56.0,0.0,0.0,0.0,0.0,0.0,0.0,0.0,0.0,0.0,0.0,1.0,1.0,0.0,0.0,0.0,0.0,14.0,35.0,0.0,0.0,0.0,0.0,0.0,0.0740740741,1.0,1.0,0.0,0.0,0.0,0.0,0.0,0.0,0.0,0.0,0.0,0.0,0.0,0.0,1.0,0.0,1.0,1.0,1.0,1.0,1.0,1.0
2355,9925.0,2.0,1.0,4.0,58.0,0.0,0.0,0.0,0.0,0.0,0.0,1.0,0.0,0.0,6.0,1.0,1.0,0.0,0.0,1.0,0.0,19.0,24.0,7.0,0.0,0.0,0.0,0.021978022,0.9,0.0,0.0,0.0,0.0,0.0,0.0,0.0,0.0,0.0,0.0,0.0,0.0,0.0,0.0,1.0,0.0,-1.0,1.0,-1.0,1.0,0.0,0.0
2356,7817.0,2.0,0.0,2.0,68.0,8.0,0.0,0.0,0.0,0.0,0.0,0.0,0.0,0.0,4.0,1.0,1.0,0.0,0.0,1.0,0.0,14.0,47.0,0.0,0.0,0.0,0.0,0.3090909091,0.2,0.0,1.0,0.0,0.0,0.0,0.0,0.0,0.0,0.0,0.0,0.0,0.0,0.0,0.0,1.0,0.0,1.0,1.0,0.0,1.0,0.0,0.0
2357,3828.0,3.0,1.0,4.0,60.0,0.0,0.0,0.0,0.0,0.0,0.0,0.0,0.0,0.0,1.0,1.0,0.0,0.0,0.0,1.0,0.0,20.0,33.0,0.0,0.0,0.0,0.0,0.0,0.0,0.0,1.0,0.0,0.0,0.0,0.0,0.0,0.0,0.0,0.0,0.0,0.0,0.0,0.0,1.0,0.0,1.0,1.0,1.0,1.0,1.0,1.0
2358,1258.0,2.0,0.0,2.0,47.0,0.0,0.0,0.0,0.0,0.0,0.0,0.0,0.0,0.0,0.0,1.0,1.0,0.0,0.0,0.0,0.0,24.0,16.0,0.0,0.0,0.0,0.0,0.9230769231,1.0,0.0,1.0,0.0,0.0,0.0,0.0,1.0,0.0,0.0,0.0,0.0,0.0,0.0,0.0,1.0,1.0,1.0,1.0,-1.0,-1.0,1.0,1.0
2359,1809.0,1.0,0.0,3.0,59.0,0.0,0.0,0.0,0.0,0.0,0.0,0.0,0.0,0.0,17.0,1.0,1.0,0.0,0.0,0.0,0.0,14.0,38.0,0.0,0.0,0.0,0.0,0.0,0.0,0.0,1.0,0.0,0.0,0.0,0.0,0.0,0.0,0.0,0.0,0.0,0.0,0.0,0.0,1.0,0.0,1.0,1.0,1.0,1.0,1.0,1.0
2360,5226.0,1.0,0.0,5.0,156.0,12.0,0.0,0.0,0.0,0.0,0.0,2.0,1.0,0.0,16.0,1.0,1.0,0.0,0.0,1.0,0.0,15.0,109.0,24.0,0.0,0.0,0.0,0.0696864111,0.9375,1.0,0.0,0.0,0.0,0.0,0.0,0.0,0.0,0.0,0.0,1.0,0.0,0.0,0.0,1.0,-1.0,-1.0,1.0,0.0,1.0,0.0,0.0
2361,2766.0,3.0,1.0,1.0,39.0,0.0,0.0,0.0,0.0,0.0,0.0,0.0,0.0,0.0,0.0,1.0,0.0,0.0,0.0,0.0,0.0,23.0,9.0,0.0,0.0,0.0,0.0,0.75,1.0,1.0,1.0,0.0,1.0,0.0,0.25,1.0,0.0,0.0,0.0,0.0,0.0,0.0,0.0,1.0,1.0,-1.0,0.0,-1.0,-1.0,1.0,1.0
2362,8761.0,1.0,0.0,2.0,31.0,0.0,0.0,0.0,0.0,0.0,0.0,0.0,0.0,0.0,3.0,1.0,0.0,0.0,0.0,1.0,0.0,15.0,9.0,0.0,0.0,0.0,0.0,0.0465116279,0.0,0.0,1.0,0.0,1.0,0.0,0.0,0.0,0.0,0.0,0.0,0.0,0.0,0.0,0.0,1.0,1.0,1.0,0.0,1.0,1.0,0.0,0.0
2363,2288.0,2.0,0.0,3.0,50.0,0.0,0.0,0.0,0.0,0.0,0.0,0.0,0.0,0.0,4.0,1.0,1.0,0.0,0.0,1.0,0.0,11.0,32.0,0.0,0.0,0.0,0.0,0.0,0.0,0.0,1.0,1.0,0.0,0.0,1.0,0.0,0.0,0.0,0.0,0.0,0.0,0.0,0.0,1.0,1.0,1.0,1.0,1.0,-1.0,1.0,1.0
2364,9000.0,1.0,0.0,1.0,30.0,1.0,0.0,0.0,0.0,0.0,0.0,0.0,0.0,0.0,6.0,1.0,1.0,0.0,0.0,0.0,0.0,15.0,8.0,0.0,0.0,0.0,0.0,0.0714285714,0.0727272727,0.0,1.0,0.0,0.0,0.0,0.0079365079,0.0,1.0,0.0,0.0,0.0,1.0,0.0,0.0,1.0,1.0,1.0,1.0,0.0,1.0,0.0,0.0
2365,230.0,2.0,0.0,2.0,45.0,0.0,0.0,0.0,0.0,1.0,0.0,0.0,0.0,0.0,0.0,1.0,1.0,0.0,0.0,0.0,0.0,19.0,19.0,0.0,0.0,0.0,0.0,0.0,0.3333333333,0.0,1.0,1.0,0.0,0.0,0.0,0.0,0.0,0.0,0.0,0.0,0.0,0.0,0.0,1.0,1.0,1.0,1.0,-1.0,1.0,1.0,1.0
2366,7692.0,2.0,1.0,3.0,108.0,10.0,0.0,0.0,0.0,2.0,0.0,0.0,0.0,0.0,21.0,1.0,1.0,0.0,0.0,1.0,0.0,23.0,78.0,0.0,0.0,0.0,0.0,0.1764705882,0.6363636364,0.0,1.0,0.0,0.0,0.0,0.1764705882,0.0,0.0,0.0,0.0,0.0,1.0,0.0,0.0,1.0,-1.0,1.0,1.0,0.0,0.0,0.0,0.0
2367,4107.0,2.0,1.0,3.0,46.0,0.0,0.0,0.0,0.0,0.0,0.0,0.0,0.0,0.0,0.0,1.0,1.0,0.0,0.0,0.0,0.0,26.0,13.0,0.0,0.0,0.0,0.0,0.0,0.7857142857,0.0,1.0,0.0,0.0,0.0,1.0,1.0,0.0,0.0,0.0,0.0,1.0,0.0,0.0,1.0,1.0,-1.0,1.0,1.0,-1.0,1.0,1.0
2368,5650.0,4.0,2.0,1.0,84.0,0.0,0.0,0.0,0.0,0.0,2.0,2.0,1.0,0.0,2.0,1.0,0.0,0.0,0.0,0.0,0.0,20.0,7.0,49.0,0.0,0.0,0.0,0.0,0.1666666667,0.0,1.0,0.0,0.0,0.0,0.0,0.0,0.0,0.0,0.0,0.0,0.0,0.0,0.0,0.0,-1.0,1.0,1.0,1.0,1.0,0.0,0.0
2369,3143.0,3.0,1.0,3.0,40.0,0.0,0.0,0.0,0.0,0.0,0.0,0.0,0.0,0.0,0.0,1.0,0.0,0.0,0.0,0.0,0.0,23.0,10.0,0.0,0.0,0.0,0.0,1.0,1.0,0.0,1.0,0.0,0.0,0.0,0.0,1.0,0.0,0.0,0.0,0.0,0.0,0.0,0.0,1.0,1.0,-1.0,1.0,-1.0,-1.0,1.0,1.0
2370,249.0,1.0,0.0,2.0,29.0,0.0,0.0,0.0,0.0,0.0,0.0,0.0,0.0,0.0,0.0,1.0,0.0,0.0,0.0,0.0,0.0,17.0,5.0,0.0,0.0,0.0,0.0,1.0,1.0,0.0,1.0,0.0,0.0,0.0,0.0,1.0,0.0,0.0,0.0,0.0,0.0,0.0,0.0,1.0,1.0,-1.0,1.0,-1.0,-1.0,1.0,1.0
2371,7283.0,1.0,0.0,1.0,65.0,1.0,0.0,0.0,0.0,0.0,0.0,2.0,1.0,0.0,9.0,1.0,1.0,0.0,0.0,1.0,0.0,9.0,13.0,35.0,0.0,0.0,0.0,0.0476190476,0.6666666667,0.0,1.0,1.0,0.0,0.0,0.0,0.0,0.0,0.0,0.0,0.0,1.0,0.0,0.0,1.0,0.0,1.0,1.0,0.0,1.0,0.0,0.0
2372,5880.0,1.0,0.0,2.0,74.0,0.0,0.0,0.0,0.0,6.0,0.0,0.0,0.0,0.0,4.0,1.0,1.0,0.0,0.0,1.0,0.0,20.0,47.0,0.0,0.0,0.0,0.0,0.4375,0.4561403509,0.0,0.0,0.0,0.0,0.0,0.0375,0.0,0.0,0.0,0.0,0.0,0.0,0.0,0.0,1.0,0.0,0.0,1.0,0.0,0.0,0.0,0.0
2373,978.0,3.0,0.0,2.0,41.0,0.0,0.0,0.0,0.0,0.0,0.0,0.0,0.0,0.0,1.0,1.0,0.0,0.0,0.0,0.0,0.0,20.0,14.0,0.0,0.0,0.0,0.0,0.9230769231,1.0,0.0,1.0,0.0,0.0,0.0,0.0,1.0,0.0,0.0,0.0,0.0,0.0,0.0,0.0,1.0,1.0,1.0,1.0,-1.0,-1.0,1.0,1.0
2374,2920.0,3.0,1.0,2.0,38.0,0.0,0.0,0.0,0.0,0.0,0.0,0.0,0.0,0.0,1.0,1.0,0.0,0.0,0.0,0.0,0.0,22.0,9.0,0.0,0.0,0.0,0.0,0.0,0.1538461538,0.0,1.0,0.0,0.0,0.0,0.0,0.0,0.0,0.0,0.0,0.0,0.0,0.0,0.0,1.0,1.0,1.0,1.0,1.0,1.0,1.0,1.0
2375,3599.0,5.0,1.0,5.0,109.0,1.0,0.0,0.0,0.0,0.0,0.0,0.0,0.0,0.0,27.0,1.0,1.0,0.0,0.0,1.0,0.0,18.0,84.0,0.0,0.0,1.0,0.0,0.0,0.125,1.0,1.0,0.0,0.0,0.0,1.0,0.0,0.0,0.0,0.0,0.0,0.0,0.0,0.0,1.0,-1.0,1.0,1.0,1.0,-1.0,1.0,1.0
2376,2346.0,6.0,0.0,2.0,47.0,0.0,0.0,0.0,0.0,0.0,0.0,0.0,0.0,0.0,3.0,1.0,0.0,0.0,0.0,1.0,0.0,9.0,31.0,0.0,0.0,1.0,1.0,0.9090909091,0.3846153846,1.0,1.0,0.0,0.0,0.0,0.0909090909,1.0,0.0,0.0,0.0,0.0,1.0,0.0,0.0,1.0,1.0,0.0,1.0,0.0,-1.0,1.0,1.0
2377,8433.0,2.0,0.0,1.0,46.0,0.0,0.0,0.0,0.0,0.0,0.0,0.0,0.0,0.0,0.0,1.0,1.0,0.0,0.0,0.0,0.0,25.0,14.0,0.0,0.0,0.0,0.0,0.0,0.2307692308,0.0,0.0,0.0,0.0,0.0,0.0625,0.0,0.0,0.0,0.0,0.0,0.0,0.0,0.0,1.0,1.0,1.0,1.0,0.0,1.0,0.0,0.0
2378,7616.0,5.0,3.0,1.0,84.0,5.0,1.0,0.0,0.0,0.0,0.0,0.0,0.0,0.0,8.0,1.0,1.0,0.0,0.0,1.0,0.0,39.0,38.0,0.0,0.0,0.0,0.0,0.0612244898,0.6222222222,0.0,1.0,0.0,0.0,0.0,0.1224489796,0.0,0.0,0.0,0.0,0.0,1.0,0.0,0.0,-1.0,-1.0,1.0,1.0,0.0,1.0,0.0,0.0
2379,3242.0,2.0,1.0,0.0,24.0,0.0,0.0,0.0,0.0,0.0,0.0,0.0,0.0,0.0,3.0,1.0,0.0,0.0,0.0,0.0,0.0,16.0,1.0,0.0,0.0,0.0,0.0,0.9459459459,0.3125,1.0,1.0,1.0,0.0,1.0,0.0,1.0,0.0,0.0,0.0,0.0,0.0,0.0,0.0,1.0,1.0,1.0,-1.0,0.0,-1.0,1.0,1.0
2380,3570.0,5.0,1.0,9.0,103.0,0.0,0.0,0.0,0.0,0.0,0.0,0.0,0.0,0.0,28.0,1.0,1.0,0.0,0.0,1.0,0.0,15.0,81.0,0.0,0.0,0.0,0.0,0.0,0.5,0.0,1.0,0.0,0.0,0.0,0.0,0.0,0.0,0.0,0.0,0.0,0.0,0.0,0.0,1.0,-1.0,1.0,1.0,0.0,1.0,1.0,1.0
2381,1542.0,2.0,1.0,3.0,46.0,1.0,1.0,0.0,0.0,0.0,0.0,0.0,0.0,0.0,0.0,1.0,0.0,0.0,0.0,0.0,0.0,24.0,15.0,0.0,0.0,0.0,0.0,0.0909090909,1.0,0.0,1.0,0.0,0.0,0.0,0.9090909091,1.0,0.0,0.0,0.0,0.0,0.0,0.0,0.0,1.0,1.0,-1.0,1.0,-1.0,-1.0,1.0,1.0
2382,3119.0,2.0,1.0,3.0,82.0,0.0,0.0,0.0,0.0,0.0,0.0,0.0,0.0,0.0,0.0,1.0,1.0,0.0,0.0,0.0,0.0,22.0,53.0,0.0,0.0,0.0,0.0,0.0,0.0,0.0,1.0,0.0,0.0,0.0,1.0,0.0,0.0,0.0,0.0,0.0,0.0,0.0,0.0,1.0,-1.0,1.0,1.0,1.0,-1.0,1.0,1.0
2383,8290.0,2.0,1.0,2.0,41.0,0.0,0.0,0.0,0.0,0.0,0.0,0.0,0.0,0.0,0.0,1.0,0.0,0.0,0.0,0.0,0.0,14.0,20.0,0.0,0.0,0.0,0.0,0.3333333333,0.0909090909,0.0,0.0,0.0,0.0,0.0,0.0,0.0,0.0,0.0,0.0,1.0,0.0,0.0,0.0,1.0,1.0,1.0,1.0,0.0,0.0,0.0,0.0
2384,4883.0,3.0,1.0,3.0,53.0,0.0,0.0,0.0,0.0,0.0,0.0,0.0,0.0,0.0,0.0,1.0,0.0,0.0,0.0,1.0,0.0,24.0,22.0,0.0,0.0,0.0,0.0,0.0391304348,1.0,0.0,1.0,0.0,0.0,0.0,0.947826087,0.0,0.0,0.0,0.0,0.0,1.0,0.0,0.0,1.0,1.0,-1.0,1.0,-1.0,-1.0,1.0,1.0
2385,7358.0,4.0,1.0,2.0,130.0,0.0,0.0,0.0,0.0,0.0,8.0,1.0,0.0,0.0,15.0,1.0,0.0,0.0,0.0,0.0,0.0,22.0,11.0,89.0,0.0,1.0,0.0,0.1279069767,0.48,0.0,0.0,0.0,0.0,0.0,0.0,0.0,0.0,0.0,0.0,0.0,0.0,0.0,0.0,1.0,-1.0,1.0,1.0,0.0,1.0,0.0,0.0
2386,9187.0,2.0,1.0,2.0,46.0,0.0,0.0,0.0,0.0,0.0,0.0,0.0,0.0,0.0,0.0,1.0,0.0,0.0,0.0,0.0,0.0,17.0,22.0,0.0,0.0,0.0,0.0,0.3,0.6666666667,0.0,0.0,0.0,0.0,0.0,0.05,0.0,0.0,0.0,0.0,0.0,0.0,0.0,0.0,1.0,1.0,0.0,1.0,0.0,0.0,0.0,0.0
2387,499.0,1.0,0.0,2.0,25.0,0.0,0.0,0.0,0.0,0.0,0.0,0.0,0.0,0.0,0.0,1.0,1.0,0.0,0.0,0.0,0.0,12.0,6.0,0.0,0.0,0.0,0.0,0.9230769231,1.0,0.0,1.0,0.0,0.0,0.0,0.0,1.0,0.0,0.0,0.0,0.0,0.0,0.0,0.0,1.0,1.0,1.0,1.0,-1.0,-1.0,1.0,1.0
2388,8807.0,1.0,0.0,5.0,51.0,3.0,1.0,0.0,0.0,0.0,0.0,0.0,0.0,0.0,0.0,1.0,0.0,0.0,0.0,1.0,0.0,13.0,31.0,0.0,0.0,0.0,0.0,0.0,0.5,0.0,1.0,1.0,0.0,1.0,0.2232142857,0.0,0.0,0.0,0.0,0.0,0.0,0.0,0.0,1.0,1.0,1.0,-1.0,0.0,1.0,0.0,0.0
2389,2947.0,2.0,1.0,4.0,73.0,0.0,0.0,0.0,0.0,0.0,0.0,0.0,0.0,0.0,23.0,1.0,1.0,0.0,0.0,0.0,0.0,18.0,48.0,0.0,0.0,0.0,0.0,1.0,1.0,0.0,1.0,0.0,0.0,0.0,0.0,1.0,0.0,0.0,0.0,0.0,0.0,0.0,0.0,1.0,0.0,-1.0,1.0,-1.0,-1.0,1.0,1.0
2390,2953.0,2.0,1.0,4.0,73.0,0.0,0.0,0.0,0.0,0.0,0.0,0.0,0.0,0.0,22.0,1.0,1.0,0.0,0.0,0.0,0.0,18.0,48.0,0.0,0.0,0.0,0.0,1.0,1.0,0.0,1.0,0.0,0.0,0.0,0.0,1.0,0.0,0.0,0.0,0.0,0.0,0.0,0.0,1.0,0.0,-1.0,1.0,-1.0,-1.0,1.0,1.0
2391,5131.0,2.0,0.0,3.0,70.0,5.0,0.0,0.0,0.0,0.0,0.0,0.0,0.0,0.0,6.0,1.0,1.0,0.0,0.0,1.0,0.0,15.0,48.0,0.0,0.0,0.0,0.0,0.1834862385,0.2962962963,0.0,1.0,0.0,1.0,0.0,0.003058104,0.0,0.0,0.0,0.0,0.0,0.0,0.0,0.0,1.0,0.0,0.0,0.0,0.0,1.0,0.0,0.0
2392,6617.0,1.0,0.0,2.0,103.0,13.0,0.0,0.0,0.0,0.0,0.0,0.0,0.0,0.0,7.0,1.0,1.0,0.0,0.0,0.0,0.0,18.0,78.0,0.0,0.0,0.0,0.0,0.0,0.375,0.0,1.0,0.0,0.0,0.0,0.0714285714,0.0,0.0,0.0,0.0,0.0,0.0,0.0,0.0,1.0,-1.0,1.0,1.0,0.0,1.0,0.0,0.0
2393,6863.0,2.0,0.0,2.0,98.0,2.0,0.0,0.0,0.0,1.0,0.0,4.0,3.0,0.0,2.0,1.0,0.0,0.0,0.0,1.0,0.0,19.0,19.0,52.0,0.0,0.0,0.0,0.09375,0.2258064516,0.0,1.0,1.0,0.0,0.0,0.0,0.0,0.0,0.0,0.0,1.0,0.0,0.0,0.0,1.0,-1.0,0.0,1.0,0.0,1.0,0.0,0.0
2394,7302.0,2.0,0.0,1.0,60.0,3.0,0.0,0.0,0.0,1.0,0.0,0.0,0.0,0.0,5.0,1.0,1.0,0.0,0.0,0.0,0.0,14.0,39.0,0.0,0.0,0.0,0.0,0.0985915493,0.2037037037,0.0,0.0,0.0,0.0,0.0,0.0,0.0,0.0,0.0,0.0,0.0,1.0,0.0,0.0,1.0,0.0,1.0,1.0,0.0,1.0,0.0,0.0
2395,2836.0,1.0,0.0,2.0,48.0,0.0,0.0,0.0,0.0,0.0,0.0,0.0,0.0,0.0,16.0,1.0,1.0,0.0,0.0,0.0,0.0,18.0,23.0,0.0,0.0,0.0,0.0,0.0,0.0,0.0,1.0,0.0,0.0,0.0,1.0,0.0,0.0,0.0,0.0,0.0,0.0,0.0,0.0,1.0,1.0,1.0,1.0,1.0,-1.0,1.0,1.0
2396,7278.0,1.0,0.0,5.0,72.0,3.0,0.0,0.0,0.0,0.0,0.0,0.0,0.0,0.0,8.0,1.0,1.0,0.0,0.0,0.0,0.0,16.0,49.0,0.0,0.0,0.0,0.0,0.2075471698,0.985915493,1.0,1.0,1.0,1.0,0.0,0.0566037736,0.0,0.0,0.0,0.0,0.0,1.0,0.0,0.0,1.0,0.0,-1.0,0.0,-1.0,1.0,0.0,0.0
2397,1654.0,2.0,0.0,2.0,25.0,0.0,0.0,0.0,0.0,0.0,0.0,0.0,0.0,0.0,0.0,1.0,0.0,0.0,0.0,0.0,0.0,12.0,6.0,0.0,0.0,0.0,0.0,0.9230769231,1.0,0.0,1.0,0.0,0.0,0.0,0.0,1.0,0.0,0.0,0.0,0.0,0.0,0.0,0.0,1.0,1.0,1.0,1.0,-1.0,-1.0,1.0,1.0
2398,9110.0,1.0,0.0,2.0,28.0,0.0,0.0,0.0,0.0,0.0,0.0,1.0,0.0,0.0,4.0,1.0,0.0,0.0,0.0,1.0,0.0,8.0,6.0,6.0,0.0,0.0,0.0,0.2352941176,0.0689655172,0.0,1.0,0.0,0.0,0.0,0.0,0.0,0.0,0.0,0.0,0.0,1.0,0.0,0.0,1.0,1.0,1.0,1.0,1.0,1.0,0.0,0.0
2399,562.0,2.0,0.0,3.0,55.0,0.0,0.0,0.0,0.0,0.0,0.0,0.0,0.0,0.0,0.0,1.0,0.0,0.0,0.0,0.0,0.0,15.0,33.0,0.0,0.0,1.0,0.0,1.0,1.0,0.0,1.0,0.0,0.0,0.0,0.0,1.0,0.0,0.0,0.0,0.0,0.0,0.0,0.0,1.0,0.0,-1.0,1.0,-1.0,-1.0,1.0,1.0
2400,6660.0,1.0,0.0,2.0,143.0,8.0,1.0,0.0,0.0,3.0,0.0,4.0,3.0,0.0,22.0,1.0,0.0,0.0,0.0,1.0,0.0,10.0,71.0,54.0,0.0,0.0,0.0,0.1010638298,0.243902439,0.0,1.0,1.0,1.0,0.0,0.0,0.0,0.0,0.0,0.0,0.0,1.0,0.0,0.0,1.0,-1.0,1.0,0.0,0.0,1.0,0.0,0.0
2401,5143.0,2.0,1.0,0.0,45.0,0.0,0.0,0.0,0.0,0.0,0.0,0.0,0.0,0.0,0.0,1.0,0.0,0.0,0.0,0.0,0.0,37.0,1.0,0.0,0.0,0.0,0.0,0.0666666667,0.7894736842,0.0,1.0,0.0,1.0,0.0,0.0060606061,0.0,0.0,0.0,0.0,0.0,0.0,0.0,0.0,1.0,1.0,0.0,0.0,-1.0,1.0,0.0,0.0
2402,3226.0,2.0,1.0,5.0,92.0,1.0,0.0,0.0,0.0,0.0,0.0,0.0,0.0,0.0,22.0,1.0,1.0,0.0,0.0,0.0,0.0,29.0,56.0,0.0,0.0,0.0,0.0,0.0,0.7857142857,0.0,1.0,0.0,0.0,0.0,1.0,1.0,0.0,0.0,0.0,0.0,1.0,0.0,0.0,1.0,-1.0,-1.0,1.0,1.0,-1.0,1.0,1.0
2403,1825.0,7.0,6.0,2.0,80.0,1.0,1.0,0.0,0.0,0.0,0.0,0.0,0.0,0.0,3.0,1.0,1.0,0.0,1.0,0.0,0.0,68.0,5.0,0.0,0.0,2.0,0.0,0.0,0.0,0.0,1.0,1.0,0.0,0.0,1.0,0.0,0.0,0.0,0.0,0.0,1.0,0.0,0.0,-1.0,-1.0,1.0,1.0,1.0,-1.0,1.0,1.0
2404,8221.0,1.0,0.0,5.0,68.0,4.0,0.0,0.0,0.0,0.0,0.0,0.0,0.0,0.0,8.0,1.0,1.0,0.0,0.0,1.0,0.0,19.0,42.0,0.0,0.0,0.0,0.0,0.1156462585,1.0,1.0,1.0,1.0,1.0,0.0,0.0476190476,0.0,0.0,0.0,0.0,0.0,1.0,0.0,0.0,1.0,0.0,-1.0,0.0,-1.0,1.0,0.0,0.0
2405,6737.0,1.0,0.0,4.0,87.0,10.0,0.0,0.0,0.0,0.0,0.0,0.0,0.0,0.0,0.0,1.0,0.0,0.0,0.0,1.0,0.0,15.0,65.0,0.0,0.0,0.0,0.0,0.0456140351,0.2857142857,0.0,1.0,0.0,0.0,0.0,0.0175438596,0.0,0.0,0.0,0.0,1.0,1.0,0.0,0.0,1.0,-1.0,0.0,1.0,0.0,1.0,0.0,0.0
2406,9025.0,1.0,0.0,0.0,25.0,0.0,0.0,0.0,0.0,0.0,0.0,0.0,0.0,0.0,0.0,1.0,1.0,0.0,0.0,0.0,0.0,17.0,1.0,0.0,0.0,0.0,0.0,0.0588235294,0.0909090909,0.0,1.0,1.0,0.0,0.0,0.0294117647,0.0,0.0,0.0,0.0,0.0,0.0,0.0,0.0,1.0,1.0,1.0,1.0,1.0,1.0,0.0,0.0
2407,585.0,3.0,0.0,2.0,39.0,0.0,0.0,0.0,0.0,0.0,0.0,0.0,0.0,0.0,0.0,1.0,1.0,0.0,0.0,1.0,0.0,16.0,16.0,0.0,0.0,0.0,1.0,1.0,0.0833333333,1.0,1.0,1.0,0.0,1.0,0.0,1.0,0.0,0.0,0.0,0.0,0.0,0.0,0.0,1.0,1.0,1.0,-1.0,1.0,-1.0,1.0,1.0
2408,7006.0,3.0,1.0,1.0,67.0,0.0,0.0,0.0,0.0,0.0,0.0,2.0,1.0,0.0,5.0,1.0,0.0,0.0,0.0,0.0,0.0,20.0,15.0,24.0,0.0,0.0,0.0,0.04,0.0,0.0,0.0,0.0,0.0,0.0,0.0,0.0,0.0,0.0,0.0,0.0,0.0,0.0,0.0,1.0,0.0,1.0,1.0,1.0,1.0,0.0,0.0
2409,2712.0,4.0,1.0,3.0,62.0,0.0,0.0,0.0,0.0,0.0,0.0,0.0,0.0,0.0,0.0,1.0,0.0,0.0,0.0,1.0,0.0,23.0,32.0,0.0,0.0,0.0,0.0,0.0,0.0,0.0,1.0,0.0,0.0,0.0,0.0,0.0,0.0,0.0,0.0,0.0,0.0,0.0,0.0,1.0,0.0,1.0,1.0,1.0,1.0,1.0,1.0
2410,8193.0,3.0,0.0,3.0,72.0,0.0,0.0,0.0,0.0,0.0,0.0,2.0,1.0,0.0,2.0,1.0,0.0,0.0,0.0,0.0,0.0,7.0,41.0,16.0,0.0,0.0,1.0,0.0,0.0666666667,0.0,1.0,0.0,0.0,0.0,0.0,0.0,0.0,0.0,0.0,0.0,0.0,0.0,0.0,1.0,0.0,1.0,1.0,1.0,1.0,0.0,0.0
2411,5724.0,3.0,1.0,1.0,64.0,0.0,0.0,0.0,0.0,0.0,0.0,1.0,0.0,0.0,16.0,1.0,1.0,0.0,0.0,0.0,0.0,27.0,13.0,16.0,0.0,0.0,0.0,0.1956521739,0.78,1.0,1.0,0.0,1.0,0.0,0.0,0.0,0.0,0.0,0.0,0.0,1.0,0.0,0.0,1.0,0.0,-1.0,0.0,0.0,1.0,0.0,0.0
2412,4762.0,2.0,0.0,4.0,57.0,0.0,0.0,0.0,0.0,0.0,0.0,0.0,0.0,0.0,0.0,1.0,0.0,0.0,0.0,1.0,0.0,15.0,35.0,0.0,0.0,0.0,1.0,1.0,1.0,0.0,1.0,0.0,0.0,0.0,0.0,1.0,0.0,0.0,0.0,0.0,0.0,0.0,0.0,1.0,0.0,-1.0,1.0,-1.0,-1.0,1.0,1.0
2413,6882.0,4.0,2.0,1.0,81.0,0.0,0.0,0.0,0.0,2.0,0.0,2.0,1.0,0.0,11.0,1.0,0.0,0.0,1.0,0.0,0.0,36.0,13.0,24.0,0.0,0.0,0.0,0.030075188,0.1739130435,0.0,1.0,1.0,0.0,1.0,0.0,0.0,0.0,0.0,0.0,0.0,1.0,0.0,0.0,0.0,-1.0,1.0,-1.0,0.0,1.0,0.0,0.0
2414,7595.0,2.0,1.0,0.0,71.0,0.0,0.0,0.0,0.0,1.0,0.0,3.0,2.0,0.0,6.0,1.0,0.0,0.0,0.0,0.0,0.0,21.0,1.0,41.0,0.0,0.0,0.0,0.0314465409,0.7849462366,0.0,1.0,1.0,0.0,1.0,0.0,0.0,0.0,0.0,0.0,0.0,0.0,0.0,0.0,1.0,0.0,-1.0,-1.0,0.0,1.0,0.0,0.0
2415,5019.0,2.0,1.0,0.0,22.0,0.0,0.0,0.0,0.0,0.0,0.0,0.0,0.0,0.0,0.0,1.0,0.0,0.0,0.0,0.0,0.0,14.0,1.0,0.0,0.0,0.0,0.0,0.1169451074,1.0,1.0,1.0,0.0,0.0,0.0,0.1718377088,0.0,0.0,0.0,0.0,0.0,1.0,0.0,0.0,1.0,1.0,-1.0,1.0,-1.0,1.0,0.0,0.0
2416,4931.0,2.0,1.0,7.0,74.0,0.0,0.0,0.0,0.0,0.0,0.0,0.0,0.0,0.0,1.0,1.0,1.0,0.0,0.0,0.0,0.0,28.0,39.0,0.0,0.0,0.0,0.0,0.0,0.7857142857,0.0,1.0,0.0,0.0,0.0,1.0,1.0,0.0,0.0,0.0,0.0,1.0,0.0,0.0,1.0,0.0,-1.0,1.0,1.0,-1.0,1.0,1.0
2417,9984.0,2.0,1.0,3.0,46.0,0.0,0.0,0.0,0.0,2.0,0.0,0.0,0.0,0.0,0.0,1.0,0.0,0.0,0.0,1.0,0.0,15.0,24.0,0.0,0.0,0.0,0.0,0.1063829787,0.625,0.0,1.0,1.0,0.0,0.0,0.170212766,0.0,0.0,0.0,0.0,0.0,1.0,0.0,0.0,1.0,1.0,1.0,1.0,-1.0,1.0,0.0,0.0
2418,8875.0,1.0,0.0,2.0,45.0,2.0,1.0,0.0,0.0,0.0,0.0,1.0,0.0,0.0,0.0,1.0,0.0,0.0,0.0,0.0,0.0,13.0,13.0,11.0,0.0,0.0,0.0,0.0,0.1666666667,0.0,0.0,0.0,0.0,0.0,0.0,0.0,0.0,0.0,0.0,0.0,0.0,0.0,0.0,1.0,1.0,-1.0,1.0,1.0,1.0,0.0,0.0
2419,4030.0,4.0,0.0,9.0,111.0,0.0,0.0,0.0,0.0,0.0,0.0,0.0,0.0,0.0,0.0,1.0,1.0,0.0,0.0,1.0,0.0,12.0,92.0,0.0,0.0,0.0,0.0,0.2567567568,0.8666666667,0.0,1.0,0.0,0.0,0.0,0.0,0.0,0.0,0.0,0.0,0.0,0.0,0.0,0.0,1.0,-1.0,-1.0,1.0,0.0,1.0,1.0,1.0
2420,6868.0,1.0,0.0,2.0,68.0,6.0,0.0,0.0,0.0,0.0,0.0,0.0,0.0,0.0,6.0,1.0,1.0,0.0,0.0,1.0,0.0,19.0,42.0,0.0,0.0,0.0,0.0,0.3797468354,0.3979591837,0.0,1.0,1.0,0.0,0.0,0.0506329114,0.0,0.0,0.0,0.0,0.0,1.0,0.0,0.0,1.0,0.0,-1.0,1.0,0.0,0.0,0.0,0.0
2421,4359.0,2.0,0.0,1.0,35.0,0.0,0.0,0.0,0.0,0.0,0.0,0.0,0.0,0.0,0.0,1.0,1.0,0.0,0.0,0.0,0.0,10.0,18.0,0.0,0.0,0.0,0.0,1.0,0.9333333333,0.0,1.0,0.0,0.0,0.0,0.0,1.0,0.0,0.0,0.0,0.0,1.0,0.0,0.0,1.0,1.0,-1.0,1.0,1.0,-1.0,1.0,1.0
2422,8643.0,1.0,0.0,4.0,52.0,3.0,0.0,0.0,0.0,0.0,0.0,0.0,0.0,0.0,6.0,1.0,1.0,0.0,0.0,0.0,0.0,13.0,32.0,0.0,0.0,0.0,0.0,0.2307692308,0.1929824561,0.0,1.0,1.0,0.0,0.0,0.0096153846,0.0,0.0,0.0,0.0,0.0,0.0,0.0,0.0,1.0,1.0,1.0,1.0,0.0,1.0,0.0,0.0
2423,8253.0,1.0,0.0,4.0,94.0,10.0,0.0,0.0,0.0,0.0,0.0,0.0,0.0,0.0,11.0,1.0,1.0,0.0,0.0,1.0,0.0,17.0,70.0,0.0,0.0,0.0,0.0,0.1621621622,0.3714285714,0.0,1.0,0.0,0.0,0.0,0.0,0.0,0.0,0.0,0.0,0.0,1.0,0.0,0.0,1.0,-1.0,0.0,1.0,0.0,1.0,0.0,0.0
2424,9842.0,2.0,1.0,3.0,40.0,0.0,0.0,0.0,0.0,0.0,0.0,0.0,0.0,0.0,6.0,1.0,1.0,0.0,0.0,0.0,0.0,11.0,22.0,0.0,0.0,0.0,0.0,0.1214285714,0.2,0.0,1.0,0.0,0.0,0.0,0.05,0.0,0.0,0.0,0.0,0.0,0.0,0.0,1.0,1.0,1.0,1.0,1.0,0.0,1.0,0.0,0.0
2425,6800.0,1.0,0.0,2.0,85.0,1.0,0.0,0.0,0.0,0.0,3.0,1.0,0.0,0.0,8.0,1.0,1.0,0.0,0.0,0.0,0.0,17.0,11.0,49.0,0.0,1.0,0.0,0.3157894737,0.1818181818,0.0,1.0,1.0,0.0,0.0,0.0,0.0,0.0,0.0,0.0,0.0,0.0,0.0,0.0,1.0,-1.0,1.0,1.0,1.0,0.0,0.0,0.0
2426,1311.0,4.0,2.0,4.0,62.0,1.0,0.0,0.0,0.0,0.0,0.0,0.0,0.0,0.0,4.0,1.0,1.0,0.0,0.0,0.0,0.0,26.0,29.0,0.0,0.0,0.0,0.0,1.0,1.0,0.0,1.0,0.0,1.0,0.0,0.0,1.0,0.0,0.0,0.0,0.0,1.0,0.0,0.0,1.0,0.0,-1.0,0.0,-1.0,-1.0,1.0,1.0
2427,9596.0,2.0,1.0,1.0,36.0,0.0,0.0,0.0,0.0,0.0,0.0,1.0,0.0,0.0,3.0,1.0,0.0,0.0,0.0,1.0,0.0,10.0,10.0,8.0,0.0,0.0,0.0,0.0336538462,0.0571428571,0.0,1.0,0.0,0.0,0.0,0.0,0.0,0.0,0.0,0.0,0.0,0.0,0.0,0.0,1.0,1.0,1.0,1.0,1.0,1.0,0.0,0.0
2428,9852.0,3.0,1.0,2.0,50.0,0.0,0.0,0.0,0.0,0.0,0.0,1.0,0.0,0.0,4.0,1.0,0.0,0.0,0.0,0.0,0.0,11.0,19.0,12.0,0.0,0.0,0.0,0.1732283465,0.1818181818,0.0,1.0,0.0,0.0,0.0,0.0,0.0,0.0,0.0,0.0,1.0,1.0,0.0,0.0,1.0,1.0,1.0,1.0,0.0,1.0,0.0,0.0
2429,4854.0,2.0,0.0,6.0,130.0,0.0,0.0,0.0,0.0,0.0,0.0,0.0,3.0,0.0,25.0,1.0,1.0,0.0,0.0,0.0,0.0,16.0,107.0,0.0,0.0,0.0,0.0,0.0,0.1153846154,0.0,1.0,1.0,0.0,1.0,0.9589041096,0.0,0.0,0.0,0.0,0.0,1.0,0.0,0.0,1.0,-1.0,1.0,-1.0,1.0,-1.0,1.0,1.0
2430,6893.0,2.0,1.0,3.0,84.0,0.0,0.0,0.0,0.0,8.0,0.0,0.0,0.0,0.0,0.0,1.0,0.0,0.0,0.0,1.0,0.0,20.0,57.0,0.0,0.0,0.0,0.0,0.2777777778,0.4117647059,0.0,1.0,1.0,1.0,0.0,0.0555555556,0.0,0.0,0.0,0.0,1.0,0.0,0.0,0.0,1.0,-1.0,1.0,0.0,0.0,0.0,0.0,0.0
2431,2720.0,4.0,0.0,3.0,51.0,0.0,0.0,0.0,0.0,0.0,0.0,1.0,0.0,0.0,0.0,1.0,0.0,0.0,0.0,1.0,0.0,18.0,19.0,6.0,0.0,0.0,0.0,0.0,0.6428571429,1.0,1.0,0.0,0.0,0.0,0.0,0.0,0.0,0.0,0.0,0.0,0.0,0.0,0.0,1.0,1.0,-1.0,1.0,0.0,1.0,1.0,1.0
2432,2583.0,3.0,0.0,4.0,46.0,0.0,0.0,0.0,0.0,0.0,0.0,0.0,0.0,0.0,0.0,1.0,0.0,0.0,0.0,0.0,0.0,12.0,27.0,0.0,0.0,0.0,0.0,0.0,0.0,0.0,1.0,1.0,0.0,0.0,0.0,0.0,0.0,0.0,0.0,0.0,0.0,0.0,0.0,1.0,1.0,1.0,1.0,1.0,1.0,1.0,1.0
2433,6857.0,2.0,0.0,5.0,85.0,3.0,0.0,0.0,0.0,0.0,0.0,0.0,0.0,0.0,10.0,1.0,1.0,0.0,0.0,1.0,0.0,16.0,62.0,0.0,0.0,0.0,0.0,0.0612244898,0.1285714286,0.0,1.0,0.0,0.0,0.0,0.0102040816,0.0,0.0,0.0,0.0,1.0,1.0,0.0,0.0,1.0,-1.0,1.0,1.0,1.0,1.0,0.0,0.0
2434,7779.0,2.0,1.0,6.0,90.0,0.0,0.0,0.0,0.0,0.0,2.0,0.0,0.0,0.0,6.0,1.0,1.0,0.0,0.0,1.0,0.0,22.0,61.0,0.0,0.0,0.0,1.0,0.8260869565,0.25,0.0,1.0,0.0,1.0,0.0,0.0,1.0,0.0,0.0,0.0,0.0,0.0,0.0,0.0,1.0,-1.0,1.0,0.0,0.0,-1.0,0.0,0.0
2435,7800.0,2.0,1.0,1.0,70.0,0.0,0.0,0.0,0.0,0.0,0.0,4.0,3.0,0.0,2.0,1.0,0.0,0.0,0.0,0.0,0.0,11.0,7.0,44.0,0.0,0.0,0.0,0.0158730159,0.1578947368,0.0,0.0,0.0,0.0,0.0,0.0,0.0,0.0,0.0,0.0,1.0,0.0,0.0,0.0,1.0,0.0,1.0,1.0,1.0,1.0,0.0,0.0
2436,1679.0,2.0,0.0,4.0,51.0,0.0,0.0,0.0,0.0,0.0,0.0,0.0,0.0,0.0,0.0,1.0,0.0,0.0,0.0,0.0,0.0,12.0,32.0,0.0,0.0,0.0,0.0,0.0,0.0,0.0,1.0,0.0,0.0,0.0,0.0,0.0,0.0,0.0,0.0,0.0,0.0,0.0,0.0,1.0,1.0,1.0,1.0,1.0,1.0,1.0,1.0
2437,4397.0,3.0,0.0,2.0,50.0,0.0,0.0,0.0,0.0,0.0,0.0,0.0,0.0,0.0,0.0,1.0,0.0,0.0,0.0,0.0,0.0,20.0,23.0,0.0,0.0,0.0,0.0,0.0,0.0,0.0,1.0,1.0,0.0,0.0,1.0,0.0,0.0,0.0,0.0,0.0,0.0,0.0,0.0,1.0,1.0,1.0,1.0,1.0,-1.0,1.0,1.0
2438,5733.0,5.0,2.0,2.0,64.0,0.0,0.0,0.0,0.0,3.0,0.0,1.0,0.0,0.0,4.0,1.0,0.0,0.0,0.0,0.0,0.0,21.0,22.0,13.0,0.0,0.0,0.0,0.0,0.0,0.0,0.0,0.0,0.0,0.0,0.0,0.0,0.0,1.0,0.0,0.0,0.0,0.0,0.0,0.0,0.0,1.0,1.0,1.0,1.0,0.0,0.0
2439,2399.0,2.0,0.0,7.0,211.0,1.0,1.0,0.0,0.0,1.0,0.0,3.0,2.0,0.0,28.0,1.0,1.0,0.0,0.0,0.0,0.0,28.0,47.0,128.0,0.0,1.0,0.0,0.0,0.3333333333,0.0,1.0,0.0,0.0,0.0,0.0,0.0,0.0,0.0,0.0,0.0,0.0,0.0,0.0,1.0,-1.0,1.0,1.0,0.0,1.0,1.0,1.0
2440,2116.0,2.0,0.0,3.0,47.0,1.0,0.0,0.0,0.0,0.0,0.0,0.0,0.0,0.0,0.0,1.0,0.0,0.0,0.0,0.0,0.0,16.0,24.0,0.0,0.0,0.0,0.0,0.9230769231,1.0,0.0,1.0,0.0,0.0,0.0,0.0,1.0,0.0,0.0,0.0,0.0,0.0,0.0,0.0,1.0,1.0,1.0,1.0,-1.0,-1.0,1.0,1.0
2441,92.0,2.0,1.0,4.0,46.0,1.0,0.0,0.0,0.0,0.0,0.0,0.0,0.0,0.0,0.0,1.0,1.0,0.0,0.0,0.0,0.0,14.0,25.0,0.0,0.0,0.0,0.0,0.7777777778,0.2222222222,0.0,1.0,0.0,0.0,0.0,0.2222222222,0.0,0.0,0.0,0.0,0.0,1.0,0.0,0.0,1.0,1.0,1.0,1.0,0.0,-1.0,1.0,1.0
2442,3576.0,3.0,1.0,3.0,54.0,0.0,0.0,0.0,0.0,0.0,0.0,0.0,0.0,0.0,5.0,1.0,1.0,0.0,0.0,0.0,0.0,21.0,26.0,0.0,0.0,0.0,0.0,0.3611111111,0.5,0.0,1.0,0.0,0.0,0.0,0.5555555556,0.0,0.0,0.0,0.0,1.0,0.0,0.0,0.0,1.0,0.0,-1.0,1.0,1.0,-1.0,1.0,1.0
2443,3120.0,2.0,1.0,2.0,66.0,0.0,0.0,0.0,0.0,0.0,0.0,0.0,0.0,0.0,9.0,1.0,1.0,0.0,0.0,0.0,0.0,22.0,37.0,0.0,0.0,0.0,0.0,0.0,0.0,0.0,1.0,0.0,0.0,0.0,1.0,0.0,0.0,0.0,0.0,0.0,0.0,0.0,0.0,1.0,0.0,1.0,1.0,1.0,-1.0,1.0,1.0
2444,7375.0,1.0,0.0,3.0,77.0,5.0,0.0,0.0,0.0,1.0,0.0,0.0,0.0,0.0,7.0,1.0,1.0,0.0,0.0,0.0,0.0,15.0,55.0,0.0,0.0,0.0,0.0,0.0469798658,0.1089108911,0.0,1.0,0.0,0.0,0.0,0.0067114094,0.0,0.0,0.0,0.0,0.0,1.0,0.0,0.0,1.0,-1.0,1.0,1.0,0.0,1.0,0.0,0.0
2445,4007.0,4.0,1.0,9.0,105.0,0.0,0.0,0.0,0.0,0.0,0.0,0.0,0.0,0.0,0.0,1.0,1.0,0.0,0.0,1.0,0.0,16.0,82.0,0.0,0.0,0.0,0.0,0.2567567568,0.8666666667,0.0,1.0,0.0,0.0,0.0,0.0,0.0,0.0,0.0,0.0,0.0,0.0,0.0,0.0,1.0,-1.0,-1.0,1.0,0.0,1.0,1.0,1.0
2446,900.0,2.0,1.0,4.0,38.0,0.0,0.0,0.0,0.0,0.0,0.0,0.0,0.0,0.0,0.0,1.0,0.0,0.0,0.0,1.0,0.0,14.0,17.0,0.0,0.0,0.0,0.0,0.0,0.6428571429,1.0,1.0,1.0,0.0,0.0,1.0,0.0,0.0,0.0,0.0,0.0,0.0,0.0,0.0,1.0,1.0,-1.0,1.0,0.0,-1.0,1.0,1.0
2447,3712.0,2.0,1.0,2.0,54.0,0.0,0.0,0.0,0.0,0.0,0.0,0.0,0.0,0.0,0.0,1.0,1.0,0.0,0.0,0.0,0.0,32.0,15.0,0.0,0.0,0.0,0.0,0.0,0.0,0.0,1.0,0.0,0.0,0.0,0.0,0.0,0.0,0.0,0.0,0.0,0.0,0.0,0.0,1.0,0.0,1.0,1.0,1.0,1.0,1.0,1.0
2448,7588.0,2.0,1.0,2.0,91.0,2.0,1.0,0.0,0.0,0.0,2.0,3.0,2.0,0.0,5.0,1.0,0.0,0.0,0.0,1.0,0.0,19.0,12.0,52.0,0.0,0.0,0.0,0.0,0.0,0.0,1.0,1.0,0.0,1.0,0.0,0.0,0.0,0.0,0.0,1.0,0.0,0.0,0.0,1.0,-1.0,1.0,-1.0,1.0,1.0,0.0,0.0
2449,3081.0,2.0,1.0,4.0,89.0,2.0,0.0,0.0,0.0,0.0,0.0,0.0,0.0,0.0,20.0,1.0,1.0,0.0,0.0,0.0,0.0,22.0,60.0,0.0,0.0,0.0,0.0,0.0,0.0,0.0,1.0,0.0,0.0,0.0,1.0,0.0,0.0,0.0,0.0,0.0,0.0,0.0,0.0,1.0,-1.0,1.0,1.0,1.0,-1.0,1.0,1.0
2450,8431.0,1.0,0.0,1.0,47.0,0.0,0.0,0.0,0.0,0.0,0.0,1.0,0.0,0.0,0.0,1.0,0.0,0.0,0.0,0.0,0.0,12.0,11.0,16.0,0.0,0.0,0.0,0.1333333333,0.0,0.0,1.0,0.0,0.0,0.0,0.0,0.0,0.0,0.0,0.0,0.0,0.0,0.0,0.0,1.0,1.0,1.0,1.0,1.0,1.0,0.0,0.0
2451,6357.0,2.0,0.0,3.0,109.0,0.0,0.0,0.0,0.0,1.0,2.0,2.0,1.0,0.0,25.0,1.0,0.0,0.0,0.0,0.0,0.0,8.0,35.0,58.0,0.0,0.0,0.0,0.0714285714,0.1818181818,0.0,0.0,0.0,0.0,0.0,0.0,0.0,0.0,0.0,0.0,0.0,0.0,0.0,0.0,1.0,-1.0,1.0,1.0,1.0,1.0,0.0,0.0
2452,3118.0,2.0,1.0,3.0,82.0,0.0,0.0,0.0,0.0,0.0,0.0,0.0,0.0,0.0,0.0,1.0,1.0,0.0,0.0,0.0,0.0,22.0,53.0,0.0,0.0,0.0,0.0,0.0,0.0,0.0,1.0,0.0,0.0,0.0,1.0,0.0,0.0,0.0,0.0,0.0,0.0,0.0,0.0,1.0,-1.0,1.0,1.0,1.0,-1.0,1.0,1.0
2453,4488.0,7.0,1.0,5.0,90.0,1.0,0.0,0.0,0.0,0.0,0.0,0.0,0.0,0.0,0.0,1.0,1.0,0.0,0.0,1.0,0.0,24.0,59.0,0.0,0.0,1.0,1.0,0.9090909091,0.3333333333,1.0,1.0,0.0,0.0,0.0,0.0909090909,1.0,0.0,0.0,0.0,0.0,1.0,0.0,0.0,1.0,-1.0,0.0,1.0,0.0,-1.0,1.0,1.0
2454,1833.0,3.0,1.0,3.0,45.0,0.0,0.0,0.0,0.0,0.0,0.0,0.0,0.0,0.0,0.0,1.0,0.0,0.0,0.0,0.0,0.0,18.0,20.0,0.0,0.0,0.0,0.0,0.0,0.2142857143,0.0,1.0,0.0,0.0,0.0,1.0,0.0,0.0,0.0,0.0,0.0,1.0,0.0,0.0,1.0,1.0,0.0,1.0,1.0,-1.0,1.0,1.0
2455,2091.0,3.0,1.0,3.0,50.0,0.0,0.0,0.0,0.0,0.0,0.0,0.0,0.0,0.0,0.0,1.0,1.0,0.0,0.0,1.0,0.0,22.0,21.0,0.0,0.0,0.0,0.0,0.0,0.6666666667,1.0,1.0,0.0,0.0,0.0,1.0,0.0,0.0,0.0,0.0,0.0,0.0,0.0,0.0,1.0,1.0,-1.0,1.0,0.0,-1.0,1.0,1.0
2456,9692.0,2.0,1.0,1.0,30.0,0.0,0.0,0.0,0.0,0.0,0.0,0.0,0.0,0.0,1.0,1.0,1.0,0.0,0.0,0.0,0.0,13.0,10.0,0.0,0.0,0.0,0.0,0.1081081081,0.4666666667,0.0,0.0,0.0,0.0,0.0,0.1351351351,0.0,0.0,0.0,0.0,0.0,1.0,0.0,0.0,1.0,1.0,0.0,1.0,0.0,1.0,0.0,0.0
2457,8083.0,2.0,1.0,3.0,70.0,0.0,0.0,0.0,0.0,4.0,0.0,0.0,0.0,0.0,7.0,1.0,1.0,0.0,0.0,0.0,0.0,20.0,43.0,0.0,0.0,0.0,0.0,0.171875,0.9444444444,1.0,0.0,0.0,0.0,0.0,0.0,0.0,0.0,0.0,0.0,0.0,1.0,0.0,0.0,1.0,0.0,-1.0,1.0,-1.0,1.0,0.0,0.0
2458,7716.0,1.0,0.0,4.0,89.0,6.0,0.0,0.0,0.0,0.0,0.0,0.0,0.0,0.0,8.0,1.0,1.0,0.0,0.0,1.0,0.0,22.0,60.0,0.0,0.0,0.0,0.0,0.1287128713,0.2592592593,0.0,1.0,0.0,0.0,0.0,0.0198019802,0.0,0.0,0.0,0.0,1.0,0.0,0.0,0.0,1.0,-1.0,1.0,1.0,0.0,1.0,0.0,0.0
2459,2211.0,2.0,0.0,2.0,34.0,0.0,0.0,0.0,0.0,0.0,0.0,0.0,0.0,0.0,0.0,1.0,0.0,0.0,0.0,0.0,0.0,12.0,15.0,0.0,0.0,0.0,0.0,0.0,0.0,0.0,1.0,0.0,0.0,0.0,1.0,0.0,0.0,0.0,0.0,0.0,0.0,0.0,1.0,1.0,1.0,1.0,1.0,1.0,-1.0,1.0,1.0
2460,2817.0,3.0,1.0,1.0,48.0,1.0,1.0,0.0,0.0,0.0,0.0,0.0,0.0,0.0,0.0,1.0,1.0,0.0,0.0,0.0,0.0,29.0,12.0,0.0,0.0,0.0,0.0,0.72,0.1,0.0,1.0,0.0,1.0,0.0,0.0,1.0,0.0,0.0,0.0,0.0,0.0,0.0,0.0,1.0,1.0,1.0,0.0,1.0,-1.0,1.0,1.0
2461,6740.0,3.0,1.0,3.0,74.0,4.0,0.0,0.0,0.0,0.0,0.0,0.0,0.0,0.0,21.0,1.0,1.0,0.0,0.0,1.0,0.0,21.0,46.0,0.0,0.0,0.0,0.0,0.0714285714,0.619047619,0.0,1.0,0.0,0.0,0.0,0.1785714286,0.0,0.0,0.0,0.0,0.0,1.0,0.0,0.0,1.0,0.0,1.0,1.0,0.0,1.0,0.0,0.0
2462,4792.0,2.0,0.0,2.0,46.0,0.0,0.0,0.0,0.0,0.0,0.0,0.0,0.0,0.0,0.0,1.0,1.0,0.0,0.0,0.0,0.0,21.0,18.0,0.0,0.0,0.0,0.0,0.0,0.0,0.0,1.0,0.0,0.0,0.0,0.0,0.0,0.0,0.0,0.0,0.0,0.0,0.0,0.0,1.0,1.0,1.0,1.0,1.0,1.0,1.0,1.0
2463,6535.0,2.0,0.0,2.0,76.0,5.0,0.0,0.0,0.0,0.0,0.0,0.0,0.0,0.0,2.0,1.0,0.0,0.0,0.0,1.0,0.0,12.0,57.0,0.0,0.0,0.0,0.0,0.0895522388,0.22,0.0,0.0,0.0,0.0,0.0,0.0149253731,0.0,0.0,0.0,0.0,1.0,1.0,0.0,0.0,1.0,-1.0,1.0,1.0,0.0,1.0,0.0,0.0
2464,7531.0,2.0,1.0,4.0,70.0,5.0,0.0,0.0,0.0,0.0,0.0,0.0,0.0,0.0,6.0,1.0,1.0,0.0,0.0,1.0,0.0,13.0,50.0,0.0,0.0,0.0,0.0,0.8229166667,0.7857142857,0.0,1.0,0.0,1.0,0.0,0.03125,1.0,0.0,0.0,0.0,0.0,0.0,0.0,0.0,1.0,0.0,-1.0,0.0,-1.0,-1.0,0.0,0.0
2465,1257.0,2.0,0.0,2.0,33.0,0.0,0.0,0.0,0.0,0.0,0.0,0.0,0.0,0.0,0.0,1.0,0.0,0.0,0.0,0.0,0.0,13.0,13.0,0.0,0.0,0.0,0.0,0.9545454545,1.0,0.0,1.0,0.0,1.0,0.0,0.0,1.0,0.0,0.0,0.0,0.0,0.0,0.0,0.0,1.0,1.0,-1.0,0.0,-1.0,-1.0,1.0,1.0
2466,8007.0,3.0,1.0,1.0,79.0,7.0,1.0,0.0,0.0,0.0,0.0,0.0,0.0,0.0,11.0,1.0,1.0,0.0,0.0,1.0,0.0,27.0,45.0,0.0,0.0,0.0,0.0,0.032967033,0.5166666667,0.0,1.0,0.0,0.0,0.0,0.0879120879,0.0,0.0,0.0,0.0,0.0,1.0,0.0,0.0,1.0,-1.0,1.0,1.0,0.0,1.0,0.0,0.0
2467,2118.0,5.0,1.0,5.0,71.0,2.0,1.0,0.0,0.0,0.0,0.0,0.0,0.0,0.0,0.0,1.0,1.0,0.0,0.0,1.0,0.0,24.0,40.0,0.0,0.0,0.0,1.0,1.0,1.0,0.0,1.0,0.0,0.0,0.0,0.0,1.0,0.0,0.0,0.0,0.0,0.0,0.0,0.0,1.0,0.0,-1.0,1.0,-1.0,-1.0,1.0,1.0
2468,5629.0,3.0,1.0,14.0,134.0,2.0,0.0,0.0,0.0,0.0,0.0,0.0,0.0,0.0,8.0,1.0,1.0,0.0,0.0,1.0,0.0,13.0,114.0,0.0,0.0,0.0,0.0,0.0833333333,0.04,0.0,0.0,0.0,0.0,0.0,0.0,0.0,0.0,0.0,0.0,0.0,0.0,0.0,0.0,1.0,-1.0,1.0,1.0,1.0,1.0,0.0,0.0
2469,5966.0,3.0,1.0,5.0,93.0,0.0,0.0,0.0,0.0,5.0,0.0,0.0,0.0,0.0,4.0,1.0,1.0,0.0,0.0,1.0,0.0,15.0,71.0,0.0,0.0,0.0,1.0,0.0512820513,0.0666666667,0.0,1.0,0.0,0.0,0.0,0.0,0.0,0.0,0.0,0.0,0.0,0.0,0.0,0.0,1.0,-1.0,1.0,1.0,0.0,1.0,0.0,0.0
2470,6738.0,2.0,0.0,2.0,65.0,0.0,0.0,0.0,0.0,0.0,0.0,2.0,1.0,0.0,4.0,1.0,0.0,0.0,0.0,1.0,0.0,13.0,21.0,23.0,0.0,0.0,0.0,0.0606060606,0.1,0.0,1.0,0.0,0.0,0.0,0.0,0.0,0.0,0.0,0.0,0.0,0.0,0.0,0.0,1.0,0.0,1.0,1.0,1.0,1.0,0.0,0.0
2471,6726.0,3.0,1.0,1.0,66.0,1.0,1.0,0.0,0.0,0.0,0.0,2.0,1.0,0.0,0.0,1.0,0.0,0.0,0.0,0.0,0.0,19.0,14.0,25.0,0.0,0.0,0.0,0.0212418301,0.1,0.0,1.0,0.0,0.0,0.0,0.0,0.0,0.0,0.0,0.0,1.0,0.0,0.0,0.0,1.0,0.0,1.0,1.0,1.0,1.0,0.0,0.0
2472,6289.0,1.0,0.0,3.0,93.0,6.0,0.0,0.0,0.0,0.0,0.0,0.0,0.0,0.0,4.0,1.0,1.0,0.0,0.0,1.0,0.0,8.0,78.0,0.0,0.0,0.0,0.0,0.0068965517,0.5454545455,0.0,1.0,0.0,0.0,0.0,0.075862069,0.0,0.0,0.0,0.0,1.0,1.0,0.0,0.0,1.0,-1.0,-1.0,1.0,0.0,1.0,0.0,0.0
2473,65.0,4.0,2.0,1.0,58.0,0.0,0.0,0.0,0.0,0.0,0.0,1.0,0.0,0.0,4.0,1.0,1.0,0.0,0.0,0.0,0.0,17.0,15.0,18.0,0.0,0.0,0.0,1.0,0.0,0.0,1.0,1.0,0.0,0.0,0.0,0.0,0.0,0.0,0.0,0.0,0.0,0.0,0.0,0.0,0.0,1.0,1.0,1.0,-1.0,1.0,1.0
2474,4644.0,8.0,0.0,4.0,106.0,0.0,0.0,0.0,0.0,0.0,0.0,0.0,0.0,0.0,0.0,1.0,1.0,0.0,0.0,1.0,0.0,17.0,82.0,0.0,0.0,2.0,0.0,1.0,1.0,0.0,1.0,0.0,0.0,0.0,0.0,1.0,0.0,0.0,0.0,0.0,1.0,1.0,0.0,1.0,-1.0,-1.0,1.0,1.0,-1.0,1.0,1.0
2475,4895.0,3.0,1.0,4.0,64.0,1.0,0.0,0.0,0.0,0.0,0.0,0.0,0.0,0.0,0.0,1.0,0.0,0.0,0.0,0.0,0.0,15.0,42.0,0.0,0.0,1.0,0.0,0.9705882353,1.0,1.0,1.0,0.0,0.0,0.0,0.0,1.0,0.0,0.0,0.0,0.0,0.0,0.0,0.0,1.0,0.0,-1.0,1.0,-1.0,-1.0,1.0,1.0
2476,7663.0,1.0,0.0,3.0,60.0,5.0,0.0,0.0,0.0,0.0,0.0,0.0,0.0,0.0,4.0,1.0,1.0,0.0,0.0,1.0,0.0,16.0,37.0,0.0,0.0,0.0,0.0,0.2363636364,0.4794520548,0.0,1.0,0.0,0.0,0.0,0.0454545455,0.0,0.0,0.0,0.0,0.0,1.0,0.0,0.0,1.0,0.0,-1.0,1.0,0.0,1.0,0.0,0.0
2477,4335.0,6.0,1.0,3.0,53.0,0.0,0.0,0.0,0.0,0.0,0.0,0.0,0.0,0.0,1.0,1.0,0.0,0.0,0.0,1.0,0.0,18.0,28.0,0.0,0.0,0.0,0.0,0.0,0.0,0.0,1.0,0.0,1.0,0.0,0.0,1.0,0.0,0.0,0.0,0.0,0.0,0.0,0.0,1.0,1.0,1.0,0.0,1.0,1.0,1.0,1.0
2478,2555.0,10.0,8.0,3.0,176.0,0.0,0.0,0.0,0.0,0.0,0.0,3.0,2.0,0.0,1.0,1.0,0.0,0.0,1.0,0.0,0.0,94.0,38.0,36.0,0.0,2.0,0.0,0.0,0.7272727273,0.0,1.0,0.0,0.0,0.0,0.0,0.0,0.0,0.0,0.0,0.0,0.0,0.0,0.0,-1.0,-1.0,-1.0,1.0,0.0,1.0,1.0,1.0
2479,9494.0,2.0,1.0,0.0,26.0,0.0,0.0,0.0,0.0,0.0,0.0,0.0,0.0,0.0,2.0,1.0,1.0,0.0,0.0,0.0,0.0,18.0,1.0,0.0,0.0,0.0,0.0,0.1219512195,0.2857142857,1.0,0.0,0.0,0.0,0.0,0.0975609756,0.0,0.0,0.0,0.0,1.0,0.0,0.0,0.0,1.0,1.0,1.0,1.0,0.0,1.0,0.0,0.0
2480,7116.0,2.0,1.0,2.0,60.0,3.0,0.0,0.0,0.0,0.0,0.0,0.0,0.0,0.0,5.0,1.0,1.0,0.0,0.0,1.0,0.0,18.0,35.0,0.0,0.0,0.0,0.0,0.0769230769,0.2571428571,0.0,1.0,0.0,0.0,0.0,0.0,0.0,0.0,0.0,0.0,0.0,1.0,0.0,0.0,1.0,0.0,0.0,1.0,0.0,1.0,0.0,0.0
2481,5244.0,3.0,1.0,5.0,126.0,10.0,0.0,0.0,0.0,0.0,0.0,0.0,0.0,0.0,8.0,1.0,1.0,0.0,0.0,1.0,0.0,19.0,100.0,0.0,0.0,0.0,0.0,0.0608108108,0.4761904762,0.0,0.0,0.0,0.0,0.0,0.0135135135,0.0,0.0,0.0,0.0,0.0,0.0,0.0,0.0,1.0,-1.0,1.0,1.0,0.0,1.0,0.0,0.0
2482,4665.0,8.0,2.0,3.0,126.0,0.0,0.0,0.0,0.0,0.0,0.0,2.0,1.0,0.0,0.0,1.0,1.0,0.0,1.0,0.0,0.0,28.0,24.0,66.0,0.0,2.0,0.0,1.0,0.5,1.0,1.0,0.0,0.0,0.0,0.0,1.0,0.0,0.0,0.0,0.0,0.0,0.0,0.0,0.0,-1.0,1.0,1.0,0.0,-1.0,1.0,1.0
2483,725.0,2.0,1.0,5.0,81.0,0.0,0.0,0.0,1.0,0.0,0.0,0.0,0.0,0.0,30.0,0.0,1.0,0.0,0.0,0.0,0.0,23.0,50.0,0.0,0.0,0.0,0.0,0.0,0.0,0.0,0.0,0.0,0.0,0.0,0.0,0.0,0.0,0.0,0.0,0.0,0.0,0.0,0.0,1.0,-1.0,1.0,1.0,1.0,1.0,1.0,1.0
2484,2498.0,2.0,0.0,2.0,37.0,0.0,0.0,0.0,0.0,0.0,0.0,0.0,0.0,0.0,0.0,1.0,0.0,0.0,0.0,0.0,0.0,15.0,15.0,0.0,0.0,0.0,0.0,0.0,0.0,0.0,1.0,0.0,0.0,0.0,0.0,0.0,0.0,0.0,0.0,0.0,0.0,0.0,0.0,1.0,1.0,1.0,1.0,1.0,1.0,1.0,1.0
2485,2015.0,3.0,0.0,6.0,84.0,3.0,0.0,0.0,0.0,0.0,0.0,0.0,0.0,0.0,0.0,1.0,1.0,0.0,0.0,0.0,0.0,18.0,59.0,0.0,0.0,0.0,0.0,0.0,0.0,0.0,1.0,1.0,0.0,0.0,0.0,1.0,0.0,0.0,0.0,0.0,0.0,0.0,0.0,1.0,-1.0,1.0,1.0,1.0,1.0,1.0,1.0
2486,5341.0,2.0,1.0,0.0,60.0,3.0,0.0,0.0,0.0,0.0,0.0,1.0,0.0,0.0,2.0,1.0,0.0,0.0,0.0,0.0,0.0,19.0,1.0,32.0,0.0,0.0,0.0,0.0086956522,0.0,0.0,0.0,0.0,0.0,0.0,0.0,0.0,0.0,0.0,0.0,0.0,0.0,0.0,0.0,1.0,0.0,1.0,1.0,1.0,1.0,0.0,0.0
2487,5436.0,2.0,0.0,3.0,77.0,1.0,0.0,0.0,0.0,3.0,0.0,0.0,0.0,0.0,8.0,1.0,1.0,0.0,0.0,1.0,0.0,12.0,58.0,0.0,0.0,0.0,0.0,0.106557377,0.2,0.0,0.0,0.0,0.0,0.0,0.0163934426,0.0,0.0,0.0,0.0,1.0,0.0,0.0,0.0,1.0,-1.0,1.0,1.0,0.0,1.0,0.0,0.0
2488,3150.0,3.0,1.0,3.0,56.0,0.0,0.0,0.0,0.0,0.0,0.0,0.0,0.0,0.0,0.0,1.0,1.0,0.0,0.0,1.0,0.0,21.0,28.0,0.0,0.0,1.0,1.0,1.0,1.0,0.0,1.0,0.0,0.0,0.0,0.0,1.0,0.0,0.0,0.0,0.0,0.0,0.0,0.0,1.0,0.0,-1.0,1.0,-1.0,-1.0,1.0,1.0
2489,5902.0,1.0,0.0,4.0,86.0,6.0,0.0,0.0,0.0,0.0,0.0,0.0,0.0,0.0,6.0,1.0,1.0,0.0,0.0,1.0,0.0,22.0,57.0,0.0,0.0,0.0,0.0,0.0411764706,0.9642857143,1.0,1.0,1.0,0.0,0.0,0.0235294118,0.0,0.0,0.0,0.0,1.0,1.0,0.0,0.0,1.0,-1.0,-1.0,1.0,-1.0,1.0,0.0,0.0
2490,4434.0,3.0,1.0,7.0,72.0,0.0,0.0,0.0,0.0,0.0,1.0,0.0,0.0,0.0,7.0,1.0,1.0,0.0,0.0,1.0,0.0,16.0,49.0,0.0,0.0,0.0,0.0,0.0,0.0,0.0,1.0,0.0,0.0,0.0,1.0,0.0,0.0,0.0,0.0,0.0,0.0,0.0,1.0,1.0,0.0,1.0,1.0,1.0,-1.0,1.0,1.0
2491,4971.0,2.0,1.0,3.0,60.0,0.0,0.0,0.0,0.0,0.0,0.0,0.0,0.0,0.0,25.0,1.0,1.0,0.0,0.0,0.0,0.0,15.0,38.0,0.0,0.0,0.0,0.0,0.0,0.7857142857,0.0,1.0,0.0,0.0,0.0,1.0,1.0,0.0,0.0,0.0,0.0,1.0,0.0,0.0,1.0,0.0,-1.0,1.0,1.0,-1.0,1.0,1.0
2492,9546.0,3.0,1.0,1.0,56.0,0.0,0.0,0.0,0.0,0.0,0.0,1.0,0.0,0.0,4.0,1.0,0.0,0.0,0.0,0.0,0.0,21.0,13.0,14.0,0.0,0.0,0.0,0.0069832402,0.9230769231,0.0,1.0,0.0,0.0,0.0,0.0,0.0,0.0,0.0,0.0,0.0,1.0,0.0,0.0,1.0,0.0,-1.0,1.0,0.0,1.0,0.0,0.0
2493,9182.0,2.0,1.0,2.0,31.0,0.0,0.0,0.0,0.0,0.0,0.0,0.0,0.0,0.0,6.0,1.0,1.0,0.0,0.0,0.0,0.0,12.0,12.0,0.0,0.0,0.0,0.0,0.0654205607,0.0,0.0,0.0,0.0,0.0,0.0,0.0934579439,0.0,0.0,0.0,0.0,0.0,0.0,0.0,0.0,1.0,1.0,1.0,1.0,1.0,1.0,0.0,0.0
2494,5693.0,1.0,0.0,3.0,60.0,4.0,0.0,0.0,0.0,0.0,0.0,0.0,0.0,0.0,3.0,1.0,0.0,0.0,0.0,1.0,0.0,13.0,40.0,0.0,0.0,0.0,0.0,0.2993197279,0.9811320755,0.0,0.0,0.0,0.0,0.0,0.0136054422,0.0,0.0,0.0,0.0,1.0,1.0,0.0,0.0,1.0,0.0,-1.0,1.0,0.0,0.0,0.0,0.0
2495,421.0,2.0,0.0,3.0,40.0,0.0,0.0,0.0,0.0,0.0,0.0,0.0,0.0,0.0,0.0,1.0,0.0,0.0,0.0,1.0,0.0,12.0,21.0,0.0,0.0,0.0,0.0,0.0,0.6666666667,1.0,1.0,0.0,1.0,0.0,1.0,0.0,0.0,0.0,0.0,0.0,0.0,0.0,0.0,1.0,1.0,-1.0,0.0,0.0,-1.0,1.0,1.0
2496,1543.0,5.0,1.0,4.0,81.0,1.0,0.0,0.0,0.0,0.0,0.0,0.0,0.0,0.0,0.0,1.0,0.0,0.0,0.0,1.0,0.0,25.0,49.0,0.0,0.0,0.0,1.0,0.0,1.0,0.0,1.0,0.0,0.0,0.0,1.0,1.0,0.0,0.0,0.0,0.0,0.0,0.0,0.0,1.0,-1.0,-1.0,1.0,-1.0,-1.0,1.0,1.0
2497,9677.0,2.0,1.0,3.0,42.0,0.0,0.0,0.0,0.0,0.0,0.0,0.0,0.0,0.0,6.0,1.0,1.0,0.0,0.0,1.0,0.0,22.0,13.0,0.0,0.0,0.0,0.0,0.0382513661,0.0,0.0,1.0,0.0,0.0,0.0,0.0054644809,0.0,0.0,0.0,0.0,0.0,0.0,0.0,0.0,1.0,1.0,1.0,1.0,1.0,1.0,0.0,0.0
2498,3834.0,4.0,1.0,9.0,213.0,2.0,0.0,0.0,1.0,0.0,0.0,1.0,0.0,0.0,60.0,1.0,1.0,0.0,0.0,1.0,0.0,18.0,110.0,77.0,0.0,1.0,0.0,0.0,0.0,0.0,1.0,0.0,0.0,0.0,0.0,0.0,0.0,0.0,0.0,0.0,0.0,0.0,0.0,1.0,-1.0,1.0,1.0,1.0,1.0,1.0,1.0
2499,9061.0,1.0,0.0,3.0,42.0,1.0,0.0,0.0,0.0,0.0,0.0,0.0,0.0,0.0,0.0,1.0,1.0,0.0,0.0,0.0,0.0,11.0,24.0,0.0,0.0,0.0,0.0,0.0153846154,0.8301886792,0.0,0.0,0.0,0.0,0.0,0.0153846154,0.0,0.0,0.0,0.0,0.0,0.0,0.0,0.0,1.0,1.0,-1.0,1.0,0.0,1.0,0.0,0.0
2500,9883.0,2.0,1.0,2.0,57.0,1.0,1.0,0.0,0.0,0.0,0.0,0.0,0.0,0.0,9.0,1.0,1.0,0.0,0.0,0.0,0.0,20.0,30.0,0.0,0.0,0.0,0.0,0.3157894737,0.3333333333,0.0,0.0,0.0,0.0,0.0,0.0701754386,0.0,0.0,0.0,0.0,0.0,1.0,0.0,0.0,1.0,0.0,0.0,1.0,0.0,0.0,0.0,0.0
2501,535.0,3.0,1.0,3.0,61.0,1.0,0.0,0.0,0.0,0.0,0.0,0.0,0.0,0.0,0.0,1.0,0.0,0.0,0.0,0.0,0.0,28.0,26.0,0.0,0.0,0.0,0.0,1.0,1.0,0.0,1.0,0.0,1.0,0.0,0.0,1.0,0.0,0.0,0.0,0.0,1.0,0.0,0.0,1.0,0.0,-1.0,0.0,1.0,-1.0,1.0,1.0
2502,1093.0,2.0,0.0,5.0,108.0,0.0,0.0,0.0,0.0,2.0,0.0,0.0,0.0,0.0,16.0,1.0,1.0,0.0,0.0,1.0,0.0,14.0,87.0,0.0,0.0,0.0,0.0,0.0405405405,0.9666666667,1.0,1.0,0.0,1.0,0.0,0.0810810811,0.0,0.0,0.0,0.0,0.0,0.0,0.0,0.0,1.0,-1.0,-1.0,0.0,-1.0,1.0,1.0,1.0
2503,9598.0,3.0,1.0,1.0,49.0,0.0,0.0,0.0,0.0,0.0,0.0,1.0,0.0,0.0,7.0,1.0,1.0,0.0,0.0,0.0,0.0,17.0,15.0,9.0,0.0,0.0,0.0,0.1019607843,0.0290237467,0.0,1.0,0.0,0.0,0.0,0.0,0.0,0.0,0.0,0.0,1.0,1.0,0.0,0.0,1.0,1.0,1.0,1.0,0.0,1.0,0.0,0.0
2504,3063.0,3.0,1.0,6.0,63.0,1.0,0.0,0.0,0.0,0.0,0.0,0.0,0.0,0.0,2.0,1.0,0.0,0.0,0.0,0.0,0.0,23.0,33.0,0.0,0.0,0.0,0.0,0.0,0.0,0.0,1.0,0.0,0.0,0.0,0.0,0.0,0.0,0.0,0.0,0.0,0.0,0.0,0.0,1.0,0.0,1.0,1.0,1.0,1.0,1.0,1.0
2505,9332.0,3.0,1.0,2.0,45.0,0.0,0.0,0.0,0.0,0.0,0.0,0.0,0.0,0.0,7.0,1.0,1.0,0.0,0.0,0.0,0.0,11.0,27.0,0.0,0.0,0.0,0.0,0.0289855072,0.0149253731,0.0,1.0,0.0,0.0,0.0,0.0144927536,0.0,0.0,0.0,0.0,0.0,0.0,0.0,0.0,1.0,1.0,1.0,1.0,1.0,1.0,0.0,0.0
2506,15.0,2.0,1.0,2.0,60.0,1.0,1.0,0.0,0.0,0.0,0.0,0.0,0.0,0.0,0.0,1.0,1.0,0.0,0.0,0.0,0.0,43.0,10.0,0.0,0.0,0.0,0.0,0.0,0.0,0.0,1.0,1.0,0.0,0.0,1.0,0.0,0.0,0.0,0.0,0.0,0.0,0.0,0.0,1.0,0.0,1.0,1.0,1.0,-1.0,1.0,1.0
2507,1425.0,13.0,1.0,11.0,76.0,1.0,0.0,0.0,1.0,0.0,0.0,0.0,0.0,0.0,0.0,1.0,0.0,0.0,0.0,1.0,0.0,14.0,55.0,0.0,0.0,0.0,0.0,0.9743589744,0.0091743119,0.0,1.0,0.0,0.0,0.0,0.0,0.0,0.0,0.0,0.0,0.0,0.0,0.0,0.0,1.0,-1.0,1.0,1.0,1.0,-1.0,1.0,1.0
2508,4250.0,3.0,1.0,3.0,49.0,0.0,0.0,0.0,0.0,0.0,0.0,0.0,0.0,0.0,0.0,1.0,0.0,0.0,0.0,0.0,0.0,20.0,22.0,0.0,0.0,0.0,0.0,0.0,0.2857142857,0.0,1.0,0.0,0.0,0.0,0.0,0.0,0.0,0.0,0.0,0.0,0.0,0.0,0.0,1.0,1.0,1.0,1.0,-1.0,1.0,1.0,1.0
2509,2608.0,3.0,0.0,2.0,37.0,0.0,0.0,0.0,0.0,0.0,0.0,0.0,0.0,0.0,2.0,1.0,0.0,0.0,0.0,0.0,0.0,10.0,20.0,0.0,0.0,0.0,0.0,0.8571428571,1.0,1.0,1.0,0.0,0.0,0.0,0.1428571429,1.0,0.0,0.0,0.0,0.0,1.0,0.0,0.0,1.0,1.0,-1.0,1.0,-1.0,-1.0,1.0,1.0
2510,2257.0,2.0,0.0,3.0,51.0,1.0,0.0,0.0,0.0,0.0,0.0,0.0,0.0,0.0,1.0,1.0,0.0,0.0,0.0,0.0,0.0,17.0,27.0,0.0,0.0,0.0,0.0,0.9,1.0,0.0,1.0,0.0,0.0,0.0,0.1,1.0,1.0,0.0,0.0,0.0,1.0,0.0,0.0,1.0,1.0,-1.0,1.0,-1.0,-1.0,1.0,1.0
2511,7892.0,2.0,0.0,2.0,87.0,0.0,0.0,0.0,0.0,0.0,0.0,4.0,3.0,0.0,8.0,1.0,1.0,0.0,0.0,0.0,0.0,20.0,16.0,43.0,0.0,0.0,0.0,0.0394736842,0.0697674419,0.0,1.0,1.0,0.0,0.0,0.0,0.0,0.0,0.0,0.0,0.0,0.0,0.0,0.0,1.0,-1.0,1.0,1.0,0.0,1.0,0.0,0.0
2512,9429.0,3.0,1.0,2.0,48.0,0.0,0.0,0.0,0.0,0.0,0.0,0.0,0.0,0.0,2.0,1.0,1.0,0.0,0.0,0.0,0.0,19.0,22.0,0.0,0.0,0.0,0.0,0.0,0.0,0.0,0.0,0.0,0.0,0.0,0.0,0.0,0.0,0.0,0.0,0.0,0.0,0.0,0.0,1.0,1.0,1.0,1.0,1.0,1.0,0.0,0.0
2513,4335.0,6.0,1.0,3.0,53.0,0.0,0.0,0.0,0.0,0.0,0.0,0.0,0.0,0.0,1.0,1.0,0.0,0.0,0.0,1.0,0.0,18.0,28.0,0.0,0.0,0.0,0.0,0.0,0.0,0.0,1.0,0.0,1.0,0.0,0.0,1.0,0.0,0.0,0.0,0.0,0.0,0.0,0.0,1.0,1.0,1.0,0.0,1.0,1.0,1.0,1.0
2514,6799.0,2.0,1.0,3.0,88.0,7.0,0.0,0.0,0.0,0.0,0.0,0.0,0.0,0.0,7.0,1.0,1.0,0.0,0.0,1.0,0.0,17.0,64.0,0.0,0.0,0.0,0.0,0.0680147059,1.0,1.0,1.0,1.0,0.0,1.0,0.0165441176,0.0,0.0,0.0,0.0,1.0,0.0,0.0,0.0,1.0,-1.0,-1.0,-1.0,-1.0,1.0,0.0,0.0
2515,9183.0,2.0,1.0,3.0,59.0,0.0,0.0,0.0,0.0,0.0,0.0,1.0,0.0,0.0,0.0,1.0,0.0,0.0,0.0,0.0,0.0,13.0,12.0,26.0,0.0,1.0,0.0,0.0,0.2,0.0,1.0,1.0,0.0,1.0,0.0,0.0,0.0,0.0,0.0,0.0,0.0,0.0,0.0,1.0,0.0,1.0,-1.0,0.0,1.0,0.0,0.0
2516,2612.0,3.0,0.0,4.0,59.0,1.0,0.0,0.0,0.0,0.0,0.0,0.0,0.0,0.0,1.0,1.0,1.0,0.0,0.0,0.0,0.0,11.0,41.0,0.0,0.0,0.0,0.0,0.7857142857,0.9411764706,0.0,1.0,0.0,1.0,0.0,0.0,1.0,0.0,0.0,0.0,0.0,0.0,0.0,0.0,1.0,0.0,-1.0,0.0,-1.0,-1.0,1.0,1.0
2517,817.0,4.0,1.0,2.0,42.0,0.0,0.0,0.0,0.0,0.0,0.0,0.0,0.0,0.0,0.0,1.0,0.0,0.0,0.0,1.0,0.0,20.0,15.0,0.0,0.0,0.0,0.0,1.0,0.0952380952,0.0,1.0,0.0,0.0,0.0,0.0,0.0,0.0,0.0,0.0,0.0,1.0,0.0,0.0,1.0,1.0,1.0,1.0,1.0,-1.0,1.0,1.0
2518,3030.0,3.0,1.0,6.0,104.0,2.0,1.0,0.0,0.0,0.0,0.0,0.0,0.0,0.0,19.0,1.0,1.0,0.0,0.0,0.0,0.0,26.0,71.0,0.0,0.0,0.0,0.0,0.0,0.7857142857,0.0,1.0,0.0,0.0,0.0,1.0,1.0,0.0,0.0,0.0,0.0,1.0,0.0,0.0,1.0,-1.0,-1.0,1.0,1.0,-1.0,1.0,1.0
2519,4974.0,7.0,6.0,3.0,62.0,0.0,0.0,0.0,0.0,0.0,0.0,0.0,0.0,0.0,6.0,1.0,1.0,0.0,1.0,0.0,0.0,46.0,9.0,0.0,0.0,2.0,0.0,0.0,0.0,0.0,1.0,0.0,0.0,0.0,1.0,0.0,0.0,0.0,0.0,0.0,0.0,0.0,0.0,-1.0,0.0,1.0,1.0,1.0,-1.0,1.0,1.0
2520,5870.0,3.0,0.0,5.0,122.0,9.0,3.0,0.0,0.0,0.0,0.0,1.0,0.0,0.0,10.0,1.0,1.0,0.0,0.0,1.0,0.0,27.0,79.0,8.0,0.0,0.0,0.0,0.1041666667,0.2941176471,0.0,1.0,0.0,1.0,0.0,0.0,0.0,0.0,0.0,0.0,0.0,1.0,0.0,0.0,1.0,-1.0,1.0,0.0,0.0,1.0,0.0,0.0
2521,6394.0,2.0,0.0,2.0,87.0,4.0,0.0,0.0,0.0,0.0,0.0,2.0,1.0,0.0,2.0,1.0,0.0,0.0,0.0,1.0,0.0,15.0,43.0,21.0,0.0,0.0,0.0,0.0540540541,0.0611111111,0.0,1.0,0.0,0.0,0.0,0.0,0.0,0.0,0.0,0.0,0.0,0.0,0.0,0.0,1.0,-1.0,1.0,1.0,0.0,1.0,0.0,0.0
2522,1646.0,2.0,1.0,3.0,110.0,7.0,7.0,0.0,0.0,0.0,0.0,0.0,0.0,0.0,18.0,1.0,1.0,0.0,1.0,1.0,0.0,65.0,38.0,0.0,0.0,0.0,1.0,0.0,0.9333333333,0.0,1.0,0.0,0.0,0.0,0.0,1.0,0.0,0.0,0.0,0.0,0.0,0.0,0.0,1.0,-1.0,-1.0,1.0,-1.0,1.0,1.0,1.0
2523,6475.0,2.0,0.0,2.0,71.0,2.0,1.0,0.0,0.0,0.0,0.0,2.0,1.0,0.0,3.0,1.0,0.0,0.0,0.0,1.0,0.0,20.0,21.0,22.0,0.0,0.0,0.0,0.2424242424,0.2857142857,0.0,0.0,0.0,0.0,0.0,0.0,0.0,0.0,0.0,0.0,0.0,1.0,0.0,0.0,1.0,0.0,-1.0,1.0,0.0,1.0,0.0,0.0
2524,4259.0,2.0,0.0,2.0,42.0,0.0,0.0,0.0,0.0,1.0,0.0,0.0,0.0,0.0,0.0,1.0,0.0,0.0,0.0,1.0,0.0,16.0,19.0,0.0,0.0,0.0,0.0,0.0,0.0,0.0,1.0,0.0,0.0,0.0,0.0,0.0,0.0,0.0,0.0,0.0,0.0,0.0,0.0,1.0,1.0,1.0,1.0,1.0,1.0,1.0,1.0
2525,2035.0,5.0,0.0,5.0,62.0,1.0,0.0,0.0,1.0,0.0,0.0,0.0,0.0,0.0,9.0,1.0,0.0,1.0,0.0,1.0,0.0,12.0,43.0,0.0,0.0,0.0,1.0,1.0,1.0,0.0,1.0,0.0,0.0,0.0,0.0,1.0,0.0,0.0,0.0,0.0,0.0,0.0,0.0,1.0,0.0,-1.0,1.0,-1.0,-1.0,1.0,1.0
2526,4416.0,3.0,0.0,3.0,61.0,0.0,0.0,0.0,0.0,0.0,0.0,0.0,0.0,0.0,0.0,1.0,1.0,0.0,0.0,1.0,0.0,18.0,36.0,0.0,0.0,1.0,1.0,1.0,1.0,0.0,1.0,0.0,0.0,0.0,0.0,1.0,0.0,0.0,0.0,0.0,0.0,0.0,0.0,1.0,0.0,-1.0,1.0,-1.0,-1.0,1.0,1.0
2527,1802.0,3.0,0.0,3.0,50.0,0.0,0.0,0.0,0.0,0.0,0.0,0.0,0.0,0.0,0.0,1.0,0.0,0.0,0.0,0.0,0.0,20.0,23.0,0.0,0.0,0.0,0.0,0.0,0.0,0.0,1.0,0.0,0.0,0.0,0.0,0.0,0.0,0.0,0.0,0.0,0.0,0.0,0.0,1.0,1.0,1.0,1.0,1.0,1.0,1.0,1.0
2528,1370.0,2.0,1.0,7.0,70.0,1.0,0.0,0.0,0.0,0.0,0.0,0.0,0.0,0.0,0.0,1.0,1.0,0.0,0.0,1.0,0.0,19.0,44.0,0.0,0.0,0.0,0.0,0.0,0.0,0.0,1.0,1.0,0.0,0.0,1.0,0.0,0.0,0.0,0.0,0.0,0.0,0.0,0.0,1.0,0.0,1.0,1.0,1.0,-1.0,1.0,1.0
2529,4744.0,2.0,0.0,4.0,49.0,1.0,1.0,0.0,0.0,0.0,0.0,0.0,0.0,0.0,1.0,1.0,1.0,0.0,0.0,0.0,0.0,15.0,27.0,0.0,0.0,0.0,0.0,0.0,0.0,0.0,1.0,0.0,0.0,0.0,0.0,0.0,0.0,0.0,0.0,0.0,0.0,0.0,0.0,1.0,1.0,1.0,1.0,1.0,1.0,1.0,1.0
2530,8279.0,1.0,0.0,1.0,27.0,0.0,0.0,0.0,0.0,1.0,0.0,0.0,0.0,0.0,5.0,1.0,0.0,0.0,0.0,0.0,0.0,9.0,11.0,0.0,0.0,0.0,0.0,0.0030706244,0.1395348837,0.0,1.0,0.0,0.0,0.0,0.0010235415,0.0,0.0,0.0,0.0,1.0,0.0,0.0,0.0,1.0,1.0,1.0,1.0,0.0,1.0,0.0,0.0
2531,3715.0,3.0,1.0,1.0,40.0,0.0,0.0,0.0,0.0,0.0,0.0,0.0,0.0,0.0,0.0,1.0,0.0,0.0,0.0,1.0,0.0,25.0,8.0,0.0,0.0,0.0,1.0,0.9894179894,0.1428571429,1.0,1.0,1.0,1.0,0.0,0.0052910053,1.0,0.0,0.0,0.0,0.0,1.0,0.0,0.0,1.0,1.0,1.0,0.0,0.0,-1.0,1.0,1.0
2532,417.0,14.0,0.0,3.0,240.0,0.0,0.0,0.0,0.0,0.0,0.0,6.0,12.0,1.0,74.0,1.0,0.0,0.0,0.0,1.0,0.0,12.0,21.0,174.0,0.0,0.0,0.0,0.0,0.6666666667,1.0,1.0,0.0,1.0,0.0,0.0,0.0,0.0,0.0,0.0,0.0,0.0,0.0,0.0,1.0,-1.0,-1.0,0.0,0.0,1.0,1.0,1.0
2533,4224.0,3.0,0.0,4.0,66.0,0.0,0.0,0.0,0.0,0.0,0.0,0.0,0.0,0.0,4.0,1.0,1.0,0.0,0.0,0.0,0.0,35.0,24.0,0.0,0.0,0.0,0.0,0.0,0.0,0.0,1.0,0.0,0.0,0.0,1.0,0.0,0.0,0.0,0.0,0.0,0.0,0.0,1.0,1.0,0.0,1.0,1.0,1.0,-1.0,1.0,1.0
2534,9658.0,4.0,1.0,1.0,54.0,2.0,0.0,0.0,0.0,0.0,0.0,0.0,0.0,0.0,1.0,1.0,0.0,0.0,0.0,0.0,0.0,23.0,24.0,0.0,0.0,0.0,0.0,0.1029411765,0.1860465116,0.0,1.0,1.0,0.0,0.0,0.0147058824,0.0,0.0,0.0,0.0,0.0,0.0,0.0,0.0,1.0,0.0,1.0,1.0,0.0,1.0,0.0,0.0
2535,6273.0,1.0,0.0,3.0,79.0,1.0,0.0,0.0,0.0,0.0,1.0,1.0,0.0,0.0,7.0,1.0,0.0,0.0,0.0,1.0,0.0,17.0,17.0,37.0,0.0,0.0,0.0,0.1923076923,0.25,0.0,1.0,1.0,0.0,0.0,0.0,0.0,0.0,0.0,0.0,1.0,1.0,0.0,0.0,1.0,-1.0,0.0,1.0,0.0,1.0,0.0,0.0
2536,4768.0,3.0,0.0,3.0,47.0,0.0,0.0,0.0,0.0,0.0,0.0,0.0,0.0,0.0,0.0,1.0,0.0,0.0,0.0,1.0,0.0,17.0,23.0,0.0,0.0,0.0,0.0,0.0,0.0,0.0,1.0,0.0,0.0,0.0,0.0,0.0,0.0,0.0,0.0,0.0,0.0,0.0,0.0,1.0,1.0,1.0,1.0,1.0,1.0,1.0,1.0
2537,4769.0,2.0,0.0,4.0,61.0,1.0,0.0,0.0,0.0,0.0,0.0,0.0,0.0,0.0,0.0,1.0,0.0,0.0,0.0,0.0,0.0,20.0,34.0,0.0,0.0,0.0,0.0,0.0,0.0,0.0,1.0,1.0,0.0,0.0,1.0,0.0,0.0,0.0,0.0,0.0,0.0,0.0,0.0,1.0,0.0,1.0,1.0,1.0,-1.0,1.0,1.0
2538,7239.0,2.0,0.0,3.0,93.0,9.0,0.0,0.0,0.0,0.0,0.0,0.0,0.0,0.0,12.0,1.0,1.0,0.0,0.0,1.0,0.0,16.0,70.0,0.0,0.0,0.0,0.0,0.0588235294,0.1111111111,0.0,1.0,0.0,0.0,0.0,0.0481283422,0.0,0.0,0.0,0.0,1.0,0.0,0.0,0.0,1.0,-1.0,1.0,1.0,0.0,1.0,0.0,0.0
2539,4622.0,2.0,0.0,3.0,44.0,0.0,0.0,0.0,0.0,0.0,0.0,0.0,0.0,0.0,1.0,1.0,0.0,0.0,0.0,0.0,0.0,13.0,24.0,0.0,0.0,0.0,0.0,0.0,0.0,0.0,1.0,0.0,0.0,0.0,0.0,0.0,0.0,0.0,0.0,0.0,0.0,0.0,0.0,1.0,1.0,1.0,1.0,1.0,1.0,1.0,1.0
2540,4541.0,3.0,1.0,9.0,74.0,0.0,0.0,0.0,0.0,1.0,0.0,0.0,0.0,0.0,3.0,1.0,0.0,0.0,0.0,1.0,0.0,10.0,57.0,0.0,0.0,0.0,0.0,1.0,1.0,1.0,1.0,0.0,0.0,0.0,0.0,1.0,0.0,0.0,0.0,0.0,1.0,0.0,0.0,1.0,0.0,-1.0,1.0,-1.0,-1.0,1.0,1.0
2541,9115.0,1.0,0.0,2.0,28.0,0.0,0.0,0.0,0.0,0.0,0.0,0.0,0.0,0.0,0.0,1.0,1.0,0.0,0.0,0.0,0.0,9.0,12.0,0.0,0.0,0.0,0.0,0.0947368421,0.625,0.0,0.0,0.0,0.0,0.0,0.0526315789,0.0,0.0,0.0,0.0,0.0,1.0,0.0,0.0,1.0,1.0,0.0,1.0,0.0,1.0,0.0,0.0
2542,6655.0,2.0,1.0,4.0,113.0,2.0,0.0,0.0,0.0,2.0,0.0,6.0,5.0,0.0,12.0,1.0,1.0,0.0,0.0,0.0,0.0,19.0,24.0,62.0,0.0,0.0,0.0,0.0,0.0,0.0,0.0,0.0,0.0,0.0,0.0,0.0,0.0,0.0,0.0,0.0,0.0,1.0,0.0,1.0,-1.0,1.0,1.0,1.0,1.0,0.0,0.0
2543,4381.0,3.0,1.0,1.0,37.0,0.0,0.0,0.0,0.0,0.0,0.0,0.0,0.0,0.0,4.0,1.0,1.0,0.0,0.0,0.0,0.0,23.0,7.0,0.0,0.0,0.0,0.0,0.75,0.9090909091,1.0,1.0,0.0,0.0,0.0,0.125,1.0,0.0,0.0,0.0,0.0,0.0,0.0,0.0,1.0,1.0,-1.0,1.0,-1.0,-1.0,1.0,1.0
2544,3439.0,4.0,1.0,6.0,99.0,1.0,0.0,0.0,0.0,0.0,0.0,0.0,0.0,0.0,20.0,1.0,1.0,0.0,0.0,1.0,0.0,19.0,73.0,0.0,0.0,2.0,0.0,0.0,1.0,0.0,1.0,0.0,0.0,0.0,0.0,1.0,0.0,0.0,0.0,0.0,0.0,0.0,0.0,1.0,-1.0,-1.0,1.0,-1.0,1.0,1.0,1.0
2545,7859.0,2.0,1.0,3.0,100.0,7.0,0.0,0.0,0.0,0.0,0.0,0.0,0.0,0.0,14.0,1.0,1.0,0.0,0.0,1.0,0.0,31.0,62.0,0.0,0.0,0.0,0.0,0.1176470588,0.9866666667,1.0,1.0,0.0,1.0,0.0,0.0196078431,0.0,0.0,0.0,0.0,0.0,1.0,0.0,0.0,1.0,-1.0,-1.0,0.0,0.0,1.0,0.0,0.0
2546,4256.0,2.0,0.0,2.0,50.0,0.0,0.0,0.0,0.0,0.0,0.0,0.0,0.0,0.0,0.0,1.0,1.0,0.0,0.0,0.0,0.0,20.0,23.0,0.0,0.0,0.0,0.0,1.0,0.6666666667,1.0,1.0,0.0,0.0,0.0,0.0,1.0,0.0,0.0,0.0,0.0,0.0,0.0,0.0,1.0,1.0,1.0,1.0,0.0,-1.0,1.0,1.0
2547,5280.0,3.0,1.0,5.0,120.0,10.0,0.0,0.0,0.0,0.0,0.0,0.0,0.0,0.0,12.0,1.0,1.0,0.0,0.0,1.0,0.0,25.0,88.0,0.0,0.0,0.0,0.0,0.0,0.5,0.0,0.0,0.0,0.0,0.0,0.0,1.0,0.0,0.0,0.0,0.0,1.0,1.0,0.0,1.0,-1.0,-1.0,1.0,1.0,1.0,0.0,0.0
2548,8758.0,1.0,0.0,0.0,52.0,0.0,0.0,0.0,0.0,0.0,0.0,3.0,2.0,0.0,7.0,1.0,0.0,0.0,0.0,0.0,0.0,21.0,1.0,22.0,0.0,0.0,0.0,0.2346938776,0.0816326531,0.0,0.0,0.0,0.0,0.0,0.0,0.0,0.0,0.0,0.0,1.0,0.0,0.0,0.0,1.0,1.0,1.0,1.0,0.0,1.0,0.0,0.0
2549,3358.0,3.0,2.0,5.0,121.0,5.0,4.0,0.0,0.0,0.0,0.0,0.0,0.0,0.0,17.0,1.0,1.0,0.0,1.0,1.0,0.0,66.0,48.0,0.0,0.0,0.0,0.0,0.0555555556,0.0909090909,0.0,1.0,1.0,0.0,0.0,0.9444444444,0.0,0.0,1.0,0.0,0.0,1.0,0.0,0.0,0.0,-1.0,1.0,1.0,1.0,-1.0,1.0,1.0
2550,6743.0,1.0,0.0,4.0,99.0,9.0,0.0,0.0,0.0,0.0,0.0,0.0,0.0,0.0,3.0,1.0,0.0,0.0,0.0,1.0,0.0,22.0,70.0,0.0,0.0,0.0,0.0,0.0882352941,0.2631578947,0.0,1.0,0.0,0.0,0.0,0.0294117647,0.0,0.0,0.0,0.0,0.0,0.0,0.0,0.0,1.0,-1.0,1.0,1.0,0.0,1.0,0.0,0.0
2551,816.0,3.0,0.0,2.0,40.0,0.0,0.0,0.0,0.0,0.0,0.0,0.0,0.0,0.0,0.0,1.0,0.0,0.0,0.0,0.0,0.0,15.0,18.0,0.0,0.0,0.0,0.0,1.0,1.0,0.0,1.0,0.0,0.0,0.0,0.0,1.0,0.0,0.0,0.0,0.0,0.0,0.0,0.0,1.0,1.0,-1.0,1.0,-1.0,-1.0,1.0,1.0
2552,7807.0,3.0,1.0,6.0,74.0,0.0,0.0,0.0,0.0,1.0,0.0,0.0,0.0,0.0,24.0,1.0,1.0,0.0,0.0,0.0,0.0,18.0,49.0,0.0,0.0,0.0,0.0,0.4061032864,0.9803921569,1.0,0.0,0.0,0.0,0.0,0.0023474178,0.0,0.0,0.0,0.0,0.0,1.0,0.0,0.0,1.0,0.0,-1.0,1.0,-1.0,0.0,0.0,0.0
2553,5568.0,2.0,1.0,1.0,101.0,11.0,0.0,0.0,0.0,0.0,0.0,1.0,0.0,0.0,10.0,1.0,1.0,0.0,0.0,1.0,0.0,18.0,67.0,8.0,0.0,0.0,0.0,0.0243902439,0.4,0.0,0.0,0.0,0.0,0.0,0.0,0.0,0.0,0.0,0.0,0.0,0.0,0.0,0.0,1.0,-1.0,1.0,1.0,0.0,1.0,0.0,0.0
2554,7822.0,3.0,1.0,2.0,64.0,2.0,1.0,0.0,0.0,0.0,0.0,0.0,0.0,0.0,0.0,1.0,1.0,0.0,0.0,0.0,0.0,19.0,38.0,0.0,0.0,0.0,0.0,0.1967213115,0.0588235294,0.0,1.0,0.0,0.0,0.0,0.131147541,0.0,0.0,0.0,0.0,0.0,0.0,0.0,0.0,1.0,0.0,1.0,1.0,1.0,0.0,0.0,0.0
2555,3389.0,2.0,1.0,2.0,37.0,0.0,0.0,0.0,0.0,0.0,0.0,0.0,0.0,0.0,0.0,1.0,1.0,0.0,0.0,1.0,0.0,23.0,7.0,0.0,0.0,0.0,0.0,0.0,0.7857142857,0.0,1.0,0.0,0.0,0.0,1.0,1.0,0.0,0.0,0.0,0.0,1.0,0.0,0.0,1.0,1.0,-1.0,1.0,1.0,-1.0,1.0,1.0
2556,6050.0,4.0,1.0,5.0,135.0,10.0,0.0,0.0,0.0,0.0,0.0,0.0,0.0,0.0,14.0,1.0,1.0,0.0,0.0,1.0,0.0,23.0,105.0,0.0,0.0,0.0,0.0,0.0,0.325,0.0,0.0,0.0,0.0,0.0,0.0,0.0,0.0,0.0,0.0,0.0,1.0,0.0,0.0,1.0,-1.0,1.0,1.0,0.0,1.0,0.0,0.0
2557,3869.0,2.0,0.0,3.0,51.0,0.0,0.0,0.0,0.0,0.0,0.0,0.0,0.0,0.0,0.0,1.0,0.0,0.0,0.0,0.0,0.0,15.0,29.0,0.0,0.0,0.0,1.0,0.0,1.0,0.0,1.0,1.0,0.0,0.0,1.0,1.0,0.0,0.0,0.0,0.0,0.0,0.0,0.0,1.0,1.0,-1.0,1.0,-1.0,-1.0,1.0,1.0
2558,6701.0,1.0,0.0,5.0,116.0,14.0,0.0,0.0,0.0,0.0,0.0,0.0,0.0,0.0,10.0,1.0,1.0,0.0,0.0,1.0,0.0,19.0,90.0,0.0,0.0,0.0,0.0,0.4032258065,1.0,1.0,1.0,1.0,1.0,0.0,0.0806451613,0.0,0.0,0.0,0.0,0.0,1.0,0.0,0.0,1.0,-1.0,-1.0,0.0,0.0,0.0,0.0,0.0
2559,4237.0,3.0,1.0,4.0,56.0,0.0,0.0,0.0,0.0,0.0,0.0,0.0,0.0,0.0,0.0,1.0,0.0,0.0,0.0,0.0,0.0,21.0,28.0,0.0,0.0,0.0,0.0,0.0,0.0,0.0,1.0,0.0,0.0,0.0,0.0,0.0,0.0,0.0,0.0,0.0,0.0,0.0,0.0,1.0,0.0,1.0,1.0,1.0,1.0,1.0,1.0
2560,1013.0,4.0,0.0,3.0,60.0,0.0,0.0,0.0,0.0,1.0,0.0,2.0,2.0,0.0,12.0,1.0,0.0,1.0,0.0,0.0,0.0,12.0,22.0,18.0,0.0,0.0,0.0,0.375,0.0,0.0,1.0,0.0,0.0,0.0,0.0,1.0,0.0,0.0,0.0,0.0,0.0,0.0,0.0,1.0,0.0,1.0,1.0,0.0,0.0,1.0,1.0
2561,5562.0,3.0,0.0,1.0,102.0,0.0,0.0,0.0,0.0,2.0,0.0,4.0,3.0,0.0,10.0,1.0,0.0,0.0,0.0,0.0,0.0,12.0,20.0,62.0,0.0,0.0,0.0,0.2115384615,0.125,0.0,1.0,0.0,1.0,0.0,0.0,0.0,0.0,0.0,0.0,1.0,0.0,0.0,0.0,1.0,-1.0,1.0,0.0,0.0,1.0,0.0,0.0
2562,5417.0,2.0,1.0,1.0,75.0,0.0,0.0,0.0,0.0,1.0,0.0,2.0,1.0,0.0,0.0,1.0,0.0,0.0,0.0,0.0,0.0,28.0,18.0,21.0,0.0,0.0,0.0,0.1578947368,0.7619047619,0.0,1.0,0.0,0.0,0.0,0.0,0.0,0.0,0.0,0.0,1.0,1.0,0.0,0.0,1.0,0.0,0.0,1.0,0.0,1.0,0.0,0.0
2563,1493.0,1.0,0.0,3.0,36.0,0.0,0.0,0.0,0.0,0.0,0.0,0.0,0.0,0.0,0.0,1.0,0.0,0.0,0.0,1.0,0.0,19.0,10.0,0.0,0.0,0.0,0.0,0.0,0.7857142857,0.0,1.0,0.0,0.0,0.0,1.0,1.0,0.0,0.0,0.0,0.0,1.0,0.0,0.0,1.0,1.0,-1.0,1.0,1.0,-1.0,1.0,1.0
2564,1780.0,2.0,1.0,3.0,41.0,0.0,0.0,0.0,0.0,0.0,0.0,0.0,0.0,0.0,0.0,1.0,0.0,0.0,0.0,1.0,0.0,20.0,14.0,0.0,0.0,0.0,0.0,0.0,0.7857142857,0.0,1.0,0.0,0.0,0.0,1.0,1.0,0.0,0.0,0.0,0.0,1.0,0.0,0.0,1.0,1.0,-1.0,1.0,1.0,-1.0,1.0,1.0
2565,9099.0,1.0,0.0,0.0,40.0,1.0,1.0,0.0,0.0,0.0,0.0,0.0,0.0,0.0,0.0,1.0,0.0,0.0,0.0,0.0,0.0,32.0,1.0,0.0,0.0,0.0,0.0,0.0952380952,0.8181818182,0.0,0.0,0.0,0.0,0.0,0.0952380952,0.0,0.0,0.0,0.0,1.0,0.0,0.0,0.0,1.0,1.0,-1.0,1.0,0.0,1.0,0.0,0.0
2566,1340.0,3.0,0.0,3.0,51.0,1.0,0.0,0.0,0.0,0.0,0.0,0.0,0.0,0.0,0.0,1.0,0.0,0.0,0.0,1.0,0.0,21.0,23.0,0.0,0.0,0.0,0.0,1.0,1.0,0.0,1.0,0.0,0.0,0.0,0.0,1.0,0.0,0.0,0.0,0.0,0.0,0.0,0.0,1.0,1.0,-1.0,1.0,-1.0,-1.0,1.0,1.0
2567,3738.0,3.0,1.0,3.0,47.0,1.0,0.0,0.0,0.0,0.0,0.0,0.0,0.0,0.0,0.0,1.0,0.0,0.0,0.0,0.0,0.0,17.0,23.0,0.0,0.0,0.0,0.0,0.0,0.0,0.0,0.0,0.0,0.0,0.0,0.0,1.0,0.0,0.0,0.0,0.0,0.0,1.0,0.0,1.0,1.0,1.0,1.0,1.0,1.0,1.0,1.0
2568,2931.0,2.0,1.0,3.0,38.0,0.0,0.0,0.0,0.0,0.0,0.0,0.0,0.0,0.0,0.0,1.0,0.0,0.0,0.0,1.0,0.0,17.0,14.0,0.0,0.0,0.0,0.0,0.0,0.0,0.0,1.0,0.0,0.0,0.0,0.0,0.0,0.0,0.0,0.0,0.0,0.0,0.0,0.0,1.0,1.0,1.0,1.0,1.0,1.0,1.0,1.0
2569,609.0,3.0,0.0,2.0,38.0,0.0,0.0,0.0,0.0,0.0,0.0,0.0,0.0,0.0,0.0,1.0,0.0,0.0,0.0,0.0,0.0,17.0,14.0,0.0,0.0,2.0,0.0,0.9,1.0,1.0,1.0,0.0,0.0,0.0,0.1,1.0,0.0,0.0,0.0,0.0,1.0,0.0,0.0,1.0,1.0,-1.0,1.0,-1.0,-1.0,1.0,1.0
2570,5891.0,2.0,0.0,1.0,70.0,0.0,0.0,0.0,0.0,0.0,0.0,3.0,2.0,0.0,7.0,1.0,0.0,0.0,0.0,0.0,0.0,19.0,10.0,33.0,0.0,0.0,0.0,0.0146604938,0.2777777778,0.0,1.0,0.0,1.0,0.0,0.0,0.0,0.0,0.0,0.0,1.0,0.0,0.0,0.0,1.0,0.0,1.0,0.0,0.0,1.0,0.0,0.0
2571,4848.0,5.0,0.0,4.0,74.0,0.0,0.0,0.0,0.0,1.0,0.0,0.0,0.0,0.0,0.0,1.0,1.0,0.0,0.0,1.0,0.0,17.0,50.0,0.0,0.0,1.0,0.0,0.0,0.0,0.0,1.0,0.0,0.0,0.0,0.5,0.0,0.0,0.0,0.0,0.0,0.0,0.0,0.0,1.0,0.0,1.0,1.0,1.0,0.0,1.0,1.0
2572,3513.0,3.0,1.0,4.0,120.0,1.0,0.0,0.0,0.0,0.0,0.0,0.0,0.0,0.0,38.0,1.0,1.0,0.0,0.0,0.0,0.0,16.0,97.0,0.0,0.0,3.0,0.0,0.0,0.0,0.0,1.0,0.0,0.0,0.0,0.0,0.0,0.0,0.0,0.0,0.0,0.0,0.0,0.0,1.0,-1.0,1.0,1.0,1.0,1.0,1.0,1.0
2573,8914.0,1.0,0.0,2.0,44.0,0.0,0.0,0.0,0.0,0.0,0.0,0.0,0.0,0.0,5.0,1.0,1.0,0.0,0.0,0.0,0.0,19.0,18.0,0.0,0.0,0.0,0.0,0.1176470588,0.5428571429,0.0,0.0,0.0,0.0,0.0,0.0705882353,0.0,0.0,0.0,0.0,1.0,1.0,0.0,0.0,1.0,1.0,0.0,1.0,0.0,1.0,0.0,0.0
2574,9618.0,3.0,1.0,2.0,52.0,0.0,0.0,0.0,0.0,0.0,0.0,1.0,0.0,0.0,6.0,1.0,0.0,0.0,0.0,0.0,0.0,18.0,18.0,8.0,0.0,0.0,0.0,0.0220994475,0.2580645161,0.0,1.0,0.0,0.0,0.0,0.0,0.0,0.0,0.0,0.0,1.0,0.0,0.0,0.0,1.0,1.0,1.0,1.0,0.0,1.0,0.0,0.0
2575,6260.0,1.0,0.0,2.0,42.0,2.0,0.0,0.0,0.0,0.0,0.0,0.0,0.0,0.0,0.0,1.0,1.0,0.0,0.0,1.0,0.0,19.0,16.0,0.0,0.0,0.0,0.0,0.2837837838,0.12,0.0,0.0,0.0,1.0,0.0,0.0405405405,0.0,0.0,0.0,0.0,1.0,0.0,0.0,0.0,1.0,1.0,1.0,0.0,0.0,0.0,0.0,0.0
2576,3079.0,4.0,1.0,4.0,56.0,0.0,0.0,0.0,0.0,0.0,0.0,0.0,0.0,0.0,0.0,1.0,0.0,0.0,0.0,1.0,0.0,15.0,34.0,0.0,0.0,0.0,0.0,1.0,1.0,0.0,1.0,0.0,0.0,0.0,0.0,1.0,0.0,0.0,0.0,0.0,0.0,0.0,0.0,1.0,0.0,-1.0,1.0,-1.0,-1.0,1.0,1.0
2577,1626.0,2.0,0.0,4.0,55.0,1.0,1.0,0.0,0.0,0.0,0.0,0.0,0.0,0.0,0.0,1.0,0.0,0.0,0.0,0.0,0.0,13.0,35.0,0.0,0.0,0.0,0.0,1.0,1.0,1.0,1.0,0.0,0.0,0.0,0.0,1.0,0.0,0.0,0.0,0.0,1.0,0.0,0.0,1.0,0.0,-1.0,1.0,-1.0,-1.0,1.0,1.0
2578,3185.0,2.0,1.0,4.0,52.0,0.0,0.0,0.0,0.0,0.0,0.0,0.0,0.0,0.0,0.0,1.0,1.0,0.0,0.0,1.0,0.0,23.0,22.0,0.0,0.0,0.0,0.0,0.0,0.0,0.0,1.0,0.0,0.0,0.0,0.0,0.0,0.0,0.0,0.0,0.0,0.0,0.0,0.0,1.0,1.0,1.0,1.0,1.0,1.0,1.0,1.0
2579,2976.0,3.0,1.0,8.0,153.0,3.0,1.0,0.0,0.0,0.0,0.0,0.0,0.0,0.0,44.0,1.0,1.0,0.0,0.0,1.0,0.0,20.0,126.0,0.0,0.0,0.0,0.0,0.0,0.0416666667,1.0,1.0,0.0,0.0,0.0,0.0,0.0,0.0,0.0,0.0,0.0,0.0,0.0,0.0,1.0,-1.0,1.0,1.0,0.0,1.0,1.0,1.0
2580,8006.0,5.0,2.0,6.0,61.0,0.0,0.0,0.0,0.0,0.0,0.0,0.0,0.0,0.0,4.0,1.0,0.0,0.0,0.0,0.0,0.0,21.0,33.0,0.0,0.0,0.0,0.0,0.1,0.0909090909,0.0,1.0,0.0,0.0,0.0,0.05,0.0,0.0,0.0,0.0,0.0,0.0,0.0,0.0,0.0,0.0,1.0,1.0,1.0,1.0,0.0,0.0
2581,5680.0,2.0,0.0,1.0,64.0,0.0,0.0,0.0,0.0,0.0,0.0,3.0,0.0,0.0,6.0,1.0,1.0,0.0,0.0,0.0,0.0,9.0,10.0,37.0,0.0,0.0,0.0,0.1111111111,0.0769230769,0.0,1.0,0.0,0.0,0.0,0.0,0.0,0.0,0.0,0.0,0.0,0.0,0.0,0.0,1.0,0.0,1.0,1.0,1.0,1.0,0.0,0.0
2582,4298.0,3.0,1.0,3.0,69.0,1.0,0.0,0.0,0.0,0.0,0.0,0.0,0.0,0.0,0.0,1.0,0.0,0.0,0.0,0.0,0.0,21.0,41.0,0.0,0.0,0.0,0.0,0.0,0.0,0.0,1.0,1.0,0.0,0.0,0.0,0.0,0.0,0.0,0.0,0.0,0.0,1.0,0.0,1.0,0.0,1.0,1.0,1.0,1.0,1.0,1.0
2583,2914.0,2.0,1.0,4.0,52.0,0.0,0.0,0.0,0.0,0.0,0.0,0.0,0.0,0.0,0.0,1.0,1.0,0.0,0.0,0.0,0.0,19.0,26.0,0.0,0.0,0.0,0.0,0.0,0.7857142857,0.0,1.0,0.0,0.0,0.0,1.0,1.0,0.0,0.0,0.0,0.0,1.0,0.0,0.0,1.0,1.0,-1.0,1.0,1.0,-1.0,1.0,1.0
2584,655.0,5.0,0.0,2.0,67.0,1.0,0.0,0.0,0.0,0.0,0.0,0.0,0.0,0.0,23.0,1.0,0.0,1.0,0.0,1.0,0.0,14.0,17.0,28.0,0.0,1.0,0.0,1.0,0.16,1.0,1.0,0.0,0.0,0.0,0.0,1.0,0.0,0.0,0.0,0.0,1.0,0.0,0.0,1.0,0.0,1.0,1.0,0.0,-1.0,1.0,1.0
2585,5149.0,2.0,1.0,0.0,38.0,1.0,1.0,0.0,0.0,0.0,0.0,0.0,0.0,0.0,0.0,1.0,0.0,0.0,0.0,0.0,0.0,30.0,1.0,0.0,0.0,0.0,0.0,0.1288343558,0.7586206897,0.0,1.0,0.0,1.0,0.0,0.0061349693,0.0,0.0,0.0,0.0,0.0,0.0,0.0,0.0,1.0,1.0,0.0,0.0,-1.0,1.0,0.0,0.0
2586,4204.0,3.0,1.0,2.0,40.0,0.0,0.0,0.0,0.0,0.0,0.0,0.0,0.0,0.0,2.0,1.0,1.0,0.0,0.0,0.0,0.0,22.0,11.0,0.0,0.0,0.0,0.0,0.0,0.0,0.0,1.0,0.0,0.0,0.0,1.0,0.0,0.0,0.0,0.0,0.0,0.0,0.0,1.0,1.0,1.0,1.0,1.0,1.0,-1.0,1.0,1.0
2587,8769.0,2.0,0.0,1.0,35.0,0.0,0.0,0.0,0.0,0.0,0.0,0.0,0.0,0.0,0.0,1.0,0.0,0.0,0.0,0.0,0.0,18.0,10.0,0.0,0.0,0.0,0.0,0.2727272727,0.03125,0.0,0.0,0.0,0.0,0.0,0.0454545455,0.0,0.0,0.0,0.0,0.0,0.0,0.0,0.0,1.0,1.0,1.0,1.0,0.0,0.0,0.0,0.0
2588,8303.0,1.0,0.0,1.0,52.0,0.0,0.0,0.0,0.0,1.0,0.0,0.0,0.0,0.0,0.0,1.0,0.0,0.0,0.0,1.0,0.0,24.0,21.0,0.0,0.0,0.0,0.0,0.3921568627,0.0,0.0,1.0,1.0,0.0,0.0,0.0196078431,0.0,0.0,0.0,0.0,0.0,0.0,0.0,0.0,1.0,1.0,1.0,1.0,1.0,0.0,0.0,0.0
2589,9602.0,3.0,1.0,2.0,57.0,0.0,0.0,0.0,0.0,0.0,0.0,1.0,0.0,0.0,5.0,1.0,0.0,0.0,0.0,0.0,0.0,25.0,17.0,7.0,0.0,0.0,0.0,0.1066666667,0.0277777778,0.0,1.0,0.0,0.0,0.0,0.0,0.0,0.0,0.0,0.0,0.0,0.0,0.0,0.0,1.0,0.0,1.0,1.0,1.0,1.0,0.0,0.0
2590,3412.0,4.0,1.0,3.0,76.0,1.0,0.0,0.0,0.0,0.0,0.0,0.0,0.0,0.0,0.0,1.0,0.0,0.0,0.0,1.0,0.0,28.0,41.0,0.0,0.0,0.0,0.0,0.0,0.0,0.0,1.0,1.0,0.0,0.0,0.0,0.0,0.0,0.0,0.0,0.0,0.0,1.0,0.0,1.0,-1.0,1.0,1.0,1.0,1.0,1.0,1.0
2591,5247.0,2.0,0.0,10.0,82.0,0.0,0.0,0.0,0.0,0.0,0.0,0.0,0.0,0.0,6.0,1.0,0.0,0.0,0.0,1.0,0.0,18.0,57.0,0.0,0.0,0.0,0.0,0.033557047,0.1538461538,0.0,1.0,0.0,1.0,0.0,0.0,0.0,0.0,0.0,0.0,0.0,1.0,0.0,0.0,1.0,-1.0,-1.0,0.0,1.0,1.0,0.0,0.0
2592,7197.0,2.0,1.0,6.0,100.0,6.0,0.0,0.0,0.0,0.0,0.0,1.0,0.0,0.0,6.0,1.0,1.0,0.0,0.0,1.0,0.0,13.0,63.0,16.0,0.0,0.0,0.0,0.1557377049,1.0,1.0,1.0,0.0,0.0,0.0,0.0,0.0,0.0,0.0,0.0,0.0,0.0,0.0,0.0,1.0,-1.0,-1.0,1.0,-1.0,1.0,0.0,0.0
2593,4526.0,3.0,1.0,6.0,93.0,0.0,0.0,0.0,0.0,2.0,0.0,0.0,0.0,0.0,0.0,1.0,1.0,0.0,0.0,0.0,0.0,26.0,60.0,0.0,0.0,0.0,0.0,0.0444444444,1.0,1.0,1.0,0.0,0.0,0.0,0.9555555556,0.0,0.0,0.0,0.0,0.0,0.0,0.0,0.0,1.0,-1.0,-1.0,1.0,-1.0,-1.0,1.0,1.0
2594,6613.0,1.0,0.0,2.0,69.0,7.0,0.0,0.0,0.0,0.0,0.0,0.0,0.0,0.0,4.0,1.0,1.0,0.0,0.0,0.0,0.0,10.0,52.0,0.0,0.0,0.0,0.0,0.1052631579,0.9907407407,1.0,1.0,1.0,0.0,0.0,0.0584795322,0.0,0.0,0.0,0.0,1.0,1.0,0.0,0.0,1.0,0.0,-1.0,1.0,-1.0,1.0,0.0,0.0
2595,9605.0,2.0,1.0,2.0,45.0,2.0,0.0,0.0,0.0,0.0,0.0,0.0,0.0,0.0,0.0,1.0,0.0,0.0,0.0,1.0,0.0,19.0,19.0,0.0,0.0,0.0,0.0,0.0,0.5,0.0,0.0,0.0,0.0,0.0,0.0,1.0,0.0,0.0,0.0,0.0,1.0,1.0,0.0,1.0,1.0,-1.0,1.0,1.0,1.0,0.0,0.0
2596,4413.0,2.0,0.0,4.0,50.0,1.0,0.0,0.0,0.0,0.0,0.0,0.0,0.0,0.0,0.0,1.0,0.0,0.0,0.0,0.0,0.0,9.0,34.0,0.0,0.0,0.0,0.0,0.9230769231,1.0,0.0,1.0,0.0,0.0,0.0,0.0,1.0,0.0,0.0,0.0,0.0,0.0,0.0,0.0,1.0,1.0,1.0,1.0,-1.0,-1.0,1.0,1.0
2597,9218.0,2.0,1.0,2.0,51.0,0.0,0.0,0.0,0.0,0.0,0.0,2.0,1.0,0.0,1.0,1.0,0.0,0.0,0.0,1.0,0.0,11.0,14.0,18.0,0.0,0.0,0.0,0.0181818182,0.3333333333,0.0,1.0,0.0,0.0,0.0,0.0,0.0,0.0,0.0,0.0,0.0,1.0,0.0,0.0,1.0,1.0,1.0,1.0,0.0,1.0,0.0,0.0
2598,7201.0,1.0,0.0,5.0,90.0,0.0,0.0,0.0,0.0,7.0,0.0,0.0,0.0,0.0,8.0,1.0,1.0,0.0,0.0,1.0,0.0,16.0,67.0,0.0,0.0,0.0,0.0,0.8220640569,1.0,1.0,1.0,0.0,1.0,0.0,0.0106761566,0.0,0.0,0.0,0.0,0.0,1.0,0.0,0.0,1.0,-1.0,-1.0,0.0,0.0,-1.0,0.0,0.0
2599,1055.0,1.0,0.0,3.0,42.0,0.0,0.0,0.0,1.0,0.0,0.0,0.0,0.0,0.0,1.0,1.0,1.0,0.0,0.0,0.0,0.0,14.0,21.0,0.0,0.0,0.0,0.0,1.0,0.1428571429,1.0,1.0,0.0,0.0,0.0,0.0,0.0,0.0,0.0,0.0,0.0,1.0,0.0,0.0,1.0,1.0,1.0,1.0,0.0,-1.0,1.0,1.0
2600,7575.0,3.0,1.0,2.0,135.0,0.0,0.0,0.0,0.0,0.0,2.0,1.0,0.0,0.0,13.0,1.0,0.0,0.0,0.0,0.0,0.0,21.0,33.0,73.0,0.0,0.0,0.0,0.0,0.1111111111,0.0,1.0,0.0,0.0,0.0,0.0,0.0,0.0,0.0,0.0,1.0,1.0,0.0,0.0,1.0,-1.0,1.0,1.0,1.0,1.0,0.0,0.0
2601,6667.0,3.0,1.0,2.0,91.0,0.0,0.0,0.0,0.0,1.0,0.0,5.0,4.0,0.0,18.0,1.0,1.0,0.0,0.0,0.0,0.0,15.0,16.0,52.0,0.0,0.0,0.0,0.0776699029,0.5172413793,0.0,1.0,1.0,0.0,1.0,0.0,0.0,0.0,0.0,0.0,0.0,1.0,0.0,0.0,1.0,-1.0,1.0,-1.0,0.0,1.0,0.0,0.0
2602,1412.0,4.0,1.0,2.0,168.0,2.0,0.0,0.0,0.0,1.0,0.0,2.0,1.0,0.0,41.0,1.0,0.0,0.0,0.0,0.0,0.0,23.0,17.0,120.0,0.0,2.0,0.0,0.0,0.0,0.0,1.0,1.0,0.0,0.0,0.0,0.0,0.0,0.0,0.0,0.0,0.0,0.0,0.0,1.0,-1.0,1.0,1.0,1.0,1.0,1.0,1.0
2603,512.0,2.0,0.0,2.0,40.0,0.0,0.0,0.0,0.0,0.0,0.0,0.0,0.0,0.0,0.0,1.0,0.0,0.0,0.0,0.0,0.0,13.0,20.0,0.0,0.0,0.0,0.0,0.0,1.0,0.0,1.0,1.0,0.0,0.0,1.0,1.0,0.0,0.0,0.0,0.0,0.0,0.0,0.0,1.0,1.0,-1.0,1.0,-1.0,-1.0,1.0,1.0
2604,6071.0,1.0,0.0,6.0,101.0,5.0,0.0,0.0,0.0,1.0,0.0,0.0,0.0,0.0,4.0,1.0,1.0,0.0,0.0,1.0,0.0,17.0,77.0,0.0,0.0,0.0,0.0,0.1437908497,0.0833333333,0.0,1.0,1.0,0.0,0.0,0.0130718954,0.0,0.0,0.0,0.0,0.0,0.0,0.0,0.0,1.0,-1.0,1.0,1.0,0.0,1.0,0.0,0.0
2605,197.0,1.0,0.0,6.0,64.0,1.0,0.0,0.0,0.0,0.0,0.0,0.0,0.0,0.0,0.0,1.0,0.0,0.0,0.0,1.0,0.0,21.0,36.0,0.0,0.0,0.0,0.0,0.0,0.0,0.0,1.0,0.0,0.0,0.0,0.0,0.0,0.0,0.0,0.0,0.0,0.0,0.0,0.0,1.0,0.0,1.0,1.0,1.0,1.0,1.0,1.0
2606,6437.0,2.0,0.0,2.0,67.0,5.0,0.0,0.0,0.0,0.0,0.0,0.0,0.0,0.0,0.0,1.0,1.0,0.0,0.0,1.0,0.0,19.0,41.0,0.0,0.0,0.0,0.0,0.0414201183,0.1666666667,0.0,1.0,0.0,0.0,0.0,0.0591715976,0.0,0.0,0.0,0.0,0.0,0.0,0.0,1.0,1.0,0.0,1.0,1.0,1.0,1.0,0.0,0.0
2607,8626.0,1.0,0.0,2.0,44.0,2.0,0.0,0.0,0.0,0.0,0.0,0.0,0.0,0.0,0.0,1.0,0.0,0.0,0.0,0.0,0.0,16.0,21.0,0.0,0.0,0.0,0.0,0.1076923077,0.5,0.0,1.0,0.0,0.0,0.0,0.0615384615,0.0,0.0,0.0,0.0,0.0,1.0,0.0,0.0,1.0,1.0,0.0,1.0,0.0,1.0,0.0,0.0
2608,7252.0,3.0,1.0,2.0,105.0,3.0,0.0,0.0,0.0,1.0,0.0,1.0,0.0,0.0,0.0,1.0,0.0,0.0,0.0,0.0,0.0,24.0,34.0,39.0,0.0,1.0,0.0,0.11875,0.6470588235,0.0,1.0,1.0,1.0,0.0,0.0,0.0,0.0,0.0,0.0,0.0,0.0,0.0,0.0,1.0,-1.0,-1.0,0.0,0.0,1.0,0.0,0.0
2609,1550.0,2.0,0.0,4.0,73.0,1.0,0.0,0.0,0.0,0.0,0.0,0.0,0.0,0.0,20.0,1.0,1.0,0.0,0.0,0.0,0.0,13.0,53.0,0.0,0.0,0.0,1.0,1.0,1.0,0.0,1.0,0.0,0.0,0.0,0.0,1.0,0.0,0.0,0.0,0.0,1.0,0.0,0.0,1.0,0.0,-1.0,1.0,-1.0,-1.0,1.0,1.0
2610,4209.0,4.0,1.0,4.0,69.0,0.0,0.0,0.0,0.0,4.0,0.0,0.0,0.0,0.0,0.0,1.0,0.0,0.0,0.0,0.0,0.0,27.0,35.0,0.0,0.0,0.0,0.0,0.9230769231,0.9,0.0,1.0,0.0,0.0,0.0,0.0,1.0,0.0,0.0,0.0,0.0,0.0,0.0,0.0,1.0,0.0,1.0,1.0,-1.0,-1.0,1.0,1.0
2611,1168.0,3.0,1.0,6.0,72.0,0.0,0.0,0.0,0.0,0.0,0.0,0.0,0.0,0.0,0.0,1.0,0.0,0.0,0.0,1.0,0.0,19.0,46.0,0.0,0.0,0.0,0.0,0.0,0.0,0.0,0.0,0.0,0.0,0.0,0.0,1.0,0.0,0.0,0.0,0.0,0.0,1.0,0.0,1.0,0.0,1.0,1.0,1.0,1.0,1.0,1.0
2612,2018.0,2.0,0.0,3.0,47.0,0.0,0.0,0.0,0.0,0.0,0.0,0.0,0.0,0.0,0.0,1.0,1.0,0.0,0.0,0.0,0.0,18.0,22.0,0.0,0.0,0.0,0.0,0.0,0.0,0.0,1.0,1.0,0.0,0.0,0.0,1.0,0.0,0.0,0.0,0.0,0.0,0.0,0.0,1.0,1.0,1.0,1.0,1.0,1.0,1.0,1.0
2613,6153.0,1.0,0.0,6.0,67.0,0.0,0.0,0.0,0.0,0.0,0.0,0.0,0.0,0.0,5.0,1.0,1.0,0.0,0.0,0.0,0.0,13.0,47.0,0.0,0.0,0.0,0.0,0.03125,0.0425531915,0.0,1.0,0.0,0.0,0.0,0.0,0.0,0.0,0.0,0.0,0.0,0.0,0.0,0.0,1.0,0.0,1.0,1.0,1.0,1.0,0.0,0.0
2614,2451.0,3.0,0.0,6.0,72.0,1.0,0.0,0.0,0.0,0.0,0.0,0.0,0.0,0.0,0.0,1.0,0.0,0.0,0.0,1.0,0.0,17.0,48.0,0.0,0.0,1.0,1.0,0.9230769231,1.0,0.0,1.0,0.0,0.0,0.0,0.0,1.0,0.0,0.0,0.0,0.0,0.0,0.0,0.0,1.0,0.0,1.0,1.0,-1.0,-1.0,1.0,1.0
2615,2693.0,2.0,0.0,1.0,28.0,0.0,0.0,0.0,0.0,0.0,0.0,0.0,0.0,0.0,0.0,1.0,0.0,0.0,0.0,0.0,0.0,11.0,10.0,0.0,0.0,1.0,0.0,0.0,0.4,0.0,1.0,1.0,0.0,0.0,0.0,0.0,0.0,0.0,0.0,0.0,0.0,0.0,0.0,1.0,1.0,1.0,1.0,0.0,1.0,1.0,1.0
2616,3896.0,3.0,1.0,2.0,45.0,1.0,1.0,0.0,0.0,0.0,0.0,0.0,0.0,0.0,0.0,1.0,0.0,0.0,0.0,1.0,0.0,21.0,17.0,0.0,0.0,0.0,1.0,1.0,1.0,0.0,1.0,1.0,0.0,1.0,0.0,1.0,0.0,0.0,0.0,0.0,1.0,0.0,0.0,1.0,1.0,-1.0,-1.0,1.0,-1.0,1.0,1.0
2617,649.0,5.0,1.0,5.0,120.0,1.0,0.0,0.0,0.0,1.0,0.0,0.0,0.0,0.0,23.0,1.0,1.0,0.0,0.0,1.0,0.0,23.0,90.0,0.0,0.0,2.0,1.0,0.8571428571,1.0,1.0,1.0,0.0,1.0,0.0,0.0714285714,1.0,0.0,0.0,0.0,0.0,0.0,0.0,0.0,1.0,-1.0,-1.0,0.0,-1.0,-1.0,1.0,1.0
2618,513.0,4.0,1.0,6.0,95.0,1.0,0.0,0.0,0.0,0.0,3.0,0.0,0.0,0.0,11.0,1.0,1.0,0.0,0.0,0.0,0.0,23.0,65.0,0.0,0.0,0.0,0.0,0.0,1.0,0.0,1.0,1.0,0.0,0.0,1.0,1.0,0.0,0.0,0.0,0.0,0.0,0.0,0.0,1.0,-1.0,-1.0,1.0,-1.0,-1.0,1.0,1.0
2619,4668.0,3.0,1.0,2.0,42.0,0.0,0.0,0.0,0.0,0.0,0.0,0.0,0.0,0.0,0.0,1.0,0.0,0.0,0.0,1.0,0.0,20.0,15.0,0.0,0.0,0.0,0.0,1.0,1.0,0.0,1.0,0.0,0.0,0.0,0.0,1.0,0.0,0.0,0.0,0.0,1.0,1.0,0.0,1.0,1.0,-1.0,1.0,1.0,-1.0,1.0,1.0
2620,4267.0,1.0,0.0,2.0,57.0,0.0,0.0,0.0,0.0,0.0,0.0,1.0,1.0,0.0,7.0,1.0,1.0,0.0,0.0,0.0,0.0,16.0,6.0,27.0,0.0,0.0,0.0,0.2587412587,0.027027027,0.0,1.0,0.0,0.0,0.0,0.0,0.0,0.0,0.0,0.0,0.0,0.0,0.0,0.0,1.0,0.0,1.0,1.0,1.0,1.0,1.0,1.0
2621,8718.0,1.0,0.0,1.0,26.0,0.0,0.0,0.0,0.0,0.0,0.0,0.0,0.0,0.0,0.0,1.0,0.0,0.0,0.0,1.0,0.0,13.0,6.0,0.0,0.0,0.0,0.0,0.3529411765,0.2352941176,0.0,0.0,0.0,0.0,0.0,0.0588235294,0.0,0.0,0.0,0.0,0.0,0.0,0.0,0.0,1.0,1.0,1.0,1.0,0.0,0.0,0.0,0.0
2622,6456.0,1.0,0.0,3.0,97.0,9.0,0.0,0.0,0.0,0.0,0.0,0.0,0.0,0.0,6.0,1.0,1.0,0.0,0.0,1.0,0.0,15.0,75.0,0.0,0.0,0.0,0.0,1.0,0.0,0.0,0.0,0.0,0.0,0.0,0.0,1.0,0.0,0.0,0.0,0.0,0.0,0.0,0.0,1.0,-1.0,1.0,1.0,1.0,-1.0,0.0,0.0
2623,3078.0,2.0,1.0,7.0,79.0,1.0,1.0,0.0,0.0,0.0,0.0,0.0,0.0,0.0,13.0,1.0,1.0,0.0,0.0,1.0,0.0,21.0,51.0,0.0,0.0,0.0,0.0,0.0,0.25,0.0,1.0,0.0,0.0,0.0,0.0,0.0,0.0,0.0,0.0,0.0,0.0,0.0,0.0,1.0,-1.0,1.0,1.0,0.0,1.0,1.0,1.0
2624,5594.0,2.0,1.0,8.0,85.0,0.0,0.0,0.0,0.0,0.0,0.0,0.0,0.0,0.0,4.0,1.0,1.0,0.0,0.0,1.0,0.0,26.0,52.0,0.0,0.0,0.0,0.0,0.0169491525,0.0192307692,0.0,0.0,0.0,0.0,0.0,0.0,0.0,0.0,0.0,0.0,1.0,0.0,0.0,0.0,1.0,-1.0,1.0,1.0,1.0,1.0,0.0,0.0
2625,5830.0,2.0,1.0,6.0,78.0,3.0,0.0,0.0,0.0,0.0,0.0,0.0,0.0,0.0,8.0,1.0,1.0,0.0,0.0,1.0,0.0,26.0,45.0,0.0,0.0,0.0,0.0,0.184079602,0.3157894737,0.0,1.0,0.0,0.0,0.0,0.0497512438,0.0,0.0,0.0,0.0,0.0,1.0,0.0,0.0,1.0,-1.0,0.0,1.0,0.0,1.0,0.0,0.0
2626,2754.0,3.0,1.0,1.0,38.0,0.0,0.0,0.0,0.0,0.0,0.0,0.0,0.0,0.0,3.0,1.0,1.0,0.0,0.0,0.0,0.0,19.0,12.0,0.0,0.0,0.0,0.0,0.9230769231,1.0,0.0,1.0,0.0,0.0,0.0,0.0,1.0,0.0,0.0,0.0,0.0,0.0,0.0,0.0,1.0,1.0,1.0,1.0,-1.0,-1.0,1.0,1.0
2627,8432.0,2.0,0.0,2.0,40.0,0.0,0.0,0.0,0.0,0.0,0.0,0.0,0.0,0.0,2.0,1.0,0.0,0.0,0.0,0.0,0.0,16.0,17.0,0.0,0.0,0.0,0.0,0.2275862069,0.847826087,0.0,1.0,1.0,0.0,1.0,0.0068965517,0.0,0.0,0.0,0.0,0.0,1.0,0.0,0.0,1.0,1.0,1.0,-1.0,-1.0,1.0,0.0,0.0
2628,9945.0,2.0,1.0,3.0,52.0,0.0,0.0,0.0,0.0,0.0,0.0,0.0,0.0,0.0,0.0,1.0,0.0,0.0,0.0,0.0,0.0,24.0,21.0,0.0,0.0,0.0,0.0,0.0838323353,0.8888888889,1.0,0.0,0.0,0.0,0.0,0.002994012,0.0,0.0,0.0,0.0,0.0,0.0,0.0,0.0,1.0,1.0,1.0,1.0,-1.0,1.0,0.0,0.0
2629,453.0,2.0,0.0,3.0,44.0,0.0,0.0,0.0,0.0,0.0,0.0,0.0,0.0,0.0,0.0,1.0,0.0,0.0,0.0,0.0,0.0,12.0,25.0,0.0,0.0,0.0,0.0,1.0,1.0,0.0,1.0,0.0,0.0,0.0,0.0,1.0,0.0,0.0,0.0,0.0,0.0,0.0,0.0,1.0,1.0,-1.0,1.0,-1.0,-1.0,1.0,1.0
2630,7783.0,2.0,0.0,1.0,78.0,7.0,0.0,0.0,0.0,0.0,0.0,0.0,0.0,0.0,4.0,1.0,1.0,0.0,0.0,1.0,0.0,12.0,59.0,0.0,0.0,0.0,0.0,0.0218181818,0.1632653061,0.0,1.0,1.0,0.0,0.0,0.0145454545,0.0,1.0,0.0,0.0,0.0,1.0,0.0,0.0,1.0,-1.0,1.0,1.0,0.0,1.0,0.0,0.0
2631,6105.0,2.0,1.0,0.0,100.0,4.0,0.0,0.0,0.0,8.0,0.0,0.0,0.0,0.0,11.0,1.0,1.0,0.0,0.0,0.0,0.0,23.0,1.0,68.0,0.0,0.0,0.0,0.4473684211,0.0,0.0,0.0,0.0,0.0,0.0,0.0,0.0,0.0,0.0,0.0,0.0,0.0,0.0,0.0,1.0,-1.0,1.0,1.0,1.0,0.0,0.0,0.0
2632,4391.0,2.0,0.0,13.0,74.0,1.0,0.0,0.0,0.0,0.0,0.0,0.0,0.0,0.0,0.0,1.0,0.0,0.0,0.0,0.0,0.0,9.0,58.0,0.0,0.0,0.0,0.0,0.0,0.5,0.0,1.0,0.0,0.0,0.0,1.0,0.0,0.0,0.0,0.0,0.0,0.0,1.0,0.0,1.0,0.0,1.0,1.0,-1.0,-1.0,1.0,1.0
2633,6514.0,1.0,0.0,5.0,61.0,4.0,0.0,0.0,0.0,0.0,0.0,0.0,0.0,0.0,8.0,1.0,1.0,0.0,0.0,1.0,0.0,14.0,40.0,0.0,0.0,0.0,0.0,0.0384615385,0.5217391304,0.0,1.0,0.0,0.0,0.0,0.0384615385,0.0,0.0,0.0,0.0,0.0,1.0,0.0,0.0,1.0,0.0,0.0,1.0,0.0,1.0,0.0,0.0
2634,6567.0,1.0,0.0,2.0,94.0,8.0,0.0,0.0,0.0,0.0,0.0,0.0,0.0,0.0,0.0,1.0,0.0,0.0,0.0,1.0,0.0,17.0,70.0,0.0,0.0,0.0,0.0,0.216,0.6470588235,0.0,1.0,1.0,1.0,0.0,0.016,0.0,0.0,0.0,0.0,0.0,1.0,0.0,1.0,1.0,-1.0,-1.0,0.0,0.0,1.0,0.0,0.0
2635,3546.0,6.0,1.0,4.0,94.0,1.0,0.0,0.0,0.0,0.0,0.0,0.0,0.0,0.0,0.0,1.0,1.0,0.0,0.0,1.0,0.0,33.0,54.0,0.0,0.0,1.0,1.0,0.9090909091,1.0,1.0,1.0,0.0,0.0,0.0,0.0,1.0,0.0,0.0,0.0,0.0,0.0,0.0,0.0,1.0,-1.0,-1.0,1.0,-1.0,-1.0,1.0,1.0
2636,8087.0,1.0,0.0,5.0,75.0,7.0,0.0,0.0,0.0,0.0,0.0,0.0,0.0,0.0,9.0,1.0,1.0,0.0,0.0,1.0,0.0,17.0,51.0,0.0,0.0,0.0,0.0,0.1578947368,0.4732824427,1.0,1.0,1.0,0.0,1.0,0.0131578947,0.0,0.0,0.0,0.0,1.0,1.0,0.0,0.0,1.0,0.0,-1.0,-1.0,0.0,1.0,0.0,0.0
2637,2736.0,2.0,0.0,2.0,43.0,0.0,0.0,0.0,0.0,0.0,0.0,0.0,0.0,0.0,0.0,1.0,0.0,0.0,0.0,0.0,0.0,12.0,24.0,0.0,0.0,0.0,0.0,0.0,0.0,0.0,1.0,0.0,0.0,0.0,0.0,0.0,0.0,0.0,0.0,0.0,0.0,0.0,0.0,1.0,1.0,1.0,1.0,1.0,1.0,1.0,1.0
2638,4779.0,4.0,1.0,4.0,52.0,0.0,0.0,0.0,0.0,0.0,0.0,0.0,0.0,0.0,0.0,1.0,1.0,0.0,0.0,1.0,0.0,17.0,28.0,0.0,0.0,0.0,0.0,0.0,0.0,0.0,1.0,1.0,0.0,0.0,1.0,0.0,0.0,0.0,0.0,0.0,0.0,0.0,0.0,1.0,1.0,1.0,1.0,1.0,-1.0,1.0,1.0
2639,671.0,3.0,0.0,2.0,31.0,0.0,0.0,0.0,0.0,0.0,0.0,0.0,0.0,0.0,0.0,1.0,0.0,0.0,0.0,0.0,0.0,10.0,14.0,0.0,0.0,0.0,0.0,0.0,0.3636363636,0.0,1.0,0.0,0.0,0.0,1.0,0.0,0.0,0.0,0.0,0.0,0.0,0.0,0.0,1.0,1.0,1.0,1.0,0.0,-1.0,1.0,1.0
2640,6468.0,4.0,1.0,5.0,84.0,0.0,0.0,0.0,0.0,2.0,0.0,0.0,0.0,0.0,2.0,1.0,1.0,0.0,0.0,0.0,0.0,19.0,58.0,0.0,0.0,0.0,0.0,0.1388888889,0.2222222222,0.0,1.0,0.0,0.0,0.0,0.0277777778,0.0,0.0,0.0,0.0,0.0,0.0,0.0,0.0,1.0,-1.0,1.0,1.0,0.0,1.0,0.0,0.0
2641,6562.0,3.0,1.0,2.0,135.0,7.0,0.0,0.0,0.0,1.0,0.0,1.0,0.0,0.0,8.0,1.0,0.0,0.0,0.0,0.0,0.0,26.0,41.0,60.0,0.0,1.0,0.0,0.2333333333,1.0,0.0,1.0,1.0,0.0,0.0,0.0,0.0,0.0,0.0,0.0,1.0,0.0,0.0,0.0,1.0,-1.0,-1.0,1.0,-1.0,1.0,0.0,0.0
2642,2466.0,3.0,1.0,3.0,41.0,1.0,0.0,0.0,0.0,0.0,0.0,0.0,0.0,0.0,0.0,1.0,0.0,0.0,0.0,1.0,0.0,13.0,21.0,0.0,0.0,0.0,0.0,1.0,1.0,0.0,1.0,0.0,0.0,0.0,0.0,1.0,0.0,0.0,0.0,0.0,1.0,0.0,0.0,1.0,1.0,-1.0,1.0,1.0,-1.0,1.0,1.0
2643,4837.0,3.0,1.0,2.0,52.0,0.0,0.0,0.0,0.0,0.0,0.0,0.0,0.0,0.0,0.0,1.0,0.0,0.0,0.0,0.0,0.0,28.0,17.0,0.0,0.0,0.0,1.0,0.0,0.0,0.0,1.0,0.0,0.0,0.0,1.0,0.0,0.0,0.0,0.0,0.0,0.0,0.0,1.0,1.0,1.0,1.0,1.0,1.0,-1.0,1.0,1.0
2644,3649.0,2.0,1.0,3.0,44.0,0.0,0.0,0.0,0.0,0.0,0.0,0.0,0.0,0.0,4.0,1.0,1.0,0.0,0.0,1.0,0.0,16.0,21.0,0.0,0.0,0.0,0.0,0.0,0.0625,0.0,1.0,0.0,0.0,0.0,0.0,0.0,0.0,0.0,0.0,0.0,1.0,0.0,0.0,1.0,1.0,1.0,1.0,0.0,1.0,1.0,1.0
2645,4924.0,3.0,1.0,5.0,71.0,2.0,0.0,0.0,0.0,0.0,0.0,0.0,0.0,0.0,0.0,1.0,0.0,0.0,0.0,0.0,0.0,17.0,47.0,0.0,0.0,0.0,0.0,0.0,0.0,0.0,1.0,0.0,0.0,0.0,0.0,0.0,0.0,0.0,0.0,0.0,0.0,0.0,0.0,1.0,0.0,1.0,1.0,1.0,1.0,1.0,1.0
2646,345.0,3.0,1.0,3.0,46.0,0.0,0.0,0.0,0.0,0.0,0.0,0.0,0.0,0.0,1.0,1.0,1.0,0.0,0.0,0.0,0.0,15.0,24.0,0.0,0.0,0.0,0.0,0.0,0.0,0.0,1.0,0.0,0.0,0.0,0.0,0.0,0.0,0.0,0.0,0.0,0.0,0.0,0.0,1.0,1.0,1.0,1.0,1.0,1.0,1.0,1.0
2647,1157.0,2.0,0.0,6.0,71.0,1.0,0.0,0.0,0.0,0.0,0.0,0.0,0.0,0.0,0.0,1.0,1.0,0.0,0.0,1.0,0.0,16.0,48.0,0.0,0.0,0.0,0.0,0.0,1.0,0.0,1.0,1.0,0.0,0.0,1.0,1.0,0.0,0.0,0.0,0.0,0.0,0.0,0.0,1.0,0.0,-1.0,1.0,-1.0,-1.0,1.0,1.0
2648,2480.0,2.0,0.0,7.0,225.0,1.0,1.0,0.0,0.0,1.0,0.0,3.0,2.0,0.0,31.0,1.0,1.0,0.0,0.0,1.0,0.0,26.0,55.0,136.0,0.0,2.0,0.0,0.0,0.3333333333,0.0,1.0,0.0,0.0,0.0,0.0,0.0,0.0,0.0,0.0,0.0,0.0,0.0,0.0,1.0,-1.0,1.0,1.0,0.0,1.0,1.0,1.0
2649,8688.0,3.0,2.0,0.0,33.0,0.0,0.0,0.0,0.0,0.0,0.0,0.0,0.0,0.0,0.0,1.0,0.0,0.0,1.0,0.0,0.0,25.0,1.0,0.0,0.0,0.0,0.0,0.012987013,0.6470588235,0.0,1.0,0.0,1.0,0.0,0.0519480519,0.0,0.0,0.0,0.0,0.0,1.0,0.0,0.0,0.0,1.0,-1.0,0.0,0.0,1.0,0.0,0.0
2650,6374.0,2.0,0.0,1.0,103.0,0.0,0.0,0.0,0.0,1.0,0.0,5.0,4.0,0.0,8.0,1.0,0.0,0.0,0.0,0.0,0.0,15.0,10.0,70.0,0.0,0.0,0.0,0.1747572816,0.2931034483,0.0,1.0,1.0,0.0,0.0,0.0,0.0,0.0,0.0,0.0,0.0,1.0,0.0,0.0,1.0,-1.0,1.0,1.0,0.0,1.0,0.0,0.0
2651,5847.0,1.0,0.0,3.0,60.0,3.0,0.0,0.0,0.0,0.0,0.0,0.0,0.0,0.0,0.0,1.0,0.0,0.0,0.0,1.0,0.0,17.0,36.0,0.0,0.0,0.0,0.0,0.1515151515,0.3125,0.0,1.0,0.0,0.0,0.0,0.0303030303,0.0,0.0,0.0,0.0,0.0,1.0,0.0,0.0,1.0,0.0,-1.0,1.0,0.0,1.0,0.0,0.0
2652,6827.0,2.0,1.0,5.0,92.0,6.0,0.0,0.0,0.0,0.0,0.0,0.0,0.0,0.0,8.0,1.0,1.0,0.0,0.0,1.0,0.0,26.0,59.0,0.0,0.0,0.0,0.0,0.1607142857,0.8163265306,0.0,1.0,1.0,0.0,0.0,0.1785714286,0.0,0.0,0.0,0.0,0.0,1.0,0.0,0.0,1.0,-1.0,-1.0,1.0,0.0,0.0,0.0,0.0
2653,7718.0,1.0,0.0,5.0,88.0,5.0,0.0,0.0,0.0,0.0,0.0,0.0,0.0,0.0,12.0,1.0,1.0,0.0,0.0,0.0,0.0,19.0,62.0,0.0,0.0,0.0,0.0,0.5070422535,0.2285714286,0.0,1.0,0.0,1.0,0.0,0.0281690141,0.0,0.0,0.0,0.0,1.0,1.0,0.0,0.0,1.0,-1.0,0.0,0.0,0.0,0.0,0.0,0.0
2654,8118.0,2.0,1.0,6.0,96.0,7.0,0.0,0.0,0.0,0.0,0.0,0.0,0.0,0.0,7.0,1.0,1.0,0.0,0.0,0.0,0.0,20.0,69.0,0.0,0.0,0.0,0.0,0.15,0.3846153846,0.0,1.0,0.0,0.0,0.0,0.3,0.0,0.0,0.0,0.0,0.0,1.0,0.0,0.0,1.0,-1.0,1.0,1.0,0.0,0.0,0.0,0.0
2655,8575.0,1.0,0.0,2.0,43.0,0.0,0.0,0.0,0.0,2.0,0.0,1.0,0.0,0.0,5.0,1.0,1.0,0.0,0.0,0.0,0.0,8.0,17.0,10.0,0.0,0.0,0.0,0.1739130435,0.4038461538,0.0,0.0,0.0,0.0,0.0,0.0,0.0,0.0,0.0,0.0,0.0,1.0,0.0,0.0,1.0,1.0,1.0,1.0,0.0,1.0,0.0,0.0
2656,4723.0,3.0,1.0,1.0,42.0,0.0,0.0,0.0,0.0,0.0,0.0,0.0,0.0,0.0,1.0,1.0,0.0,0.0,0.0,0.0,0.0,23.0,12.0,0.0,0.0,0.0,0.0,1.0,1.0,1.0,1.0,0.0,1.0,0.0,0.0,1.0,0.0,0.0,0.0,0.0,0.0,0.0,0.0,1.0,1.0,-1.0,0.0,-1.0,-1.0,1.0,1.0
2657,110.0,3.0,0.0,3.0,57.0,0.0,0.0,0.0,0.0,0.0,0.0,0.0,0.0,0.0,0.0,1.0,1.0,0.0,0.0,0.0,0.0,15.0,33.0,1.0,0.0,0.0,0.0,0.0909090909,0.7391304348,0.0,1.0,0.0,0.0,0.0,0.0,1.0,1.0,0.0,0.0,0.0,0.0,0.0,0.0,1.0,0.0,-1.0,1.0,0.0,1.0,1.0,1.0
2658,7139.0,1.0,0.0,2.0,70.0,6.0,0.0,0.0,0.0,0.0,0.0,0.0,0.0,0.0,0.0,1.0,1.0,0.0,0.0,1.0,0.0,8.0,55.0,0.0,0.0,0.0,0.0,0.1509433962,0.78125,0.0,0.0,0.0,0.0,0.0,0.0251572327,0.0,0.0,0.0,0.0,1.0,0.0,0.0,0.0,1.0,0.0,-1.0,1.0,0.0,1.0,0.0,0.0
2659,2067.0,2.0,0.0,5.0,59.0,0.0,0.0,0.0,0.0,0.0,0.0,0.0,0.0,0.0,0.0,1.0,0.0,0.0,0.0,1.0,0.0,17.0,35.0,0.0,0.0,1.0,1.0,1.0,1.0,1.0,1.0,0.0,0.0,0.0,0.0,1.0,0.0,0.0,0.0,0.0,0.0,0.0,0.0,1.0,0.0,-1.0,1.0,-1.0,-1.0,1.0,1.0
2660,950.0,5.0,0.0,3.0,94.0,0.0,0.0,0.0,0.0,0.0,0.0,0.0,0.0,0.0,24.0,1.0,1.0,0.0,0.0,1.0,0.0,10.0,77.0,0.0,0.0,0.0,0.0,0.0,1.0,1.0,1.0,0.0,0.0,0.0,0.0,1.0,0.0,0.0,0.0,0.0,0.0,0.0,0.0,1.0,-1.0,1.0,1.0,-1.0,1.0,1.0,1.0
2661,6987.0,3.0,1.0,1.0,68.0,0.0,0.0,0.0,0.0,0.0,0.0,2.0,1.0,0.0,6.0,1.0,0.0,0.0,0.0,0.0,0.0,20.0,15.0,25.0,0.0,0.0,0.0,0.1111111111,0.0,0.0,1.0,0.0,0.0,0.0,0.0,0.0,0.0,0.0,0.0,0.0,0.0,0.0,0.0,1.0,0.0,1.0,1.0,1.0,1.0,0.0,0.0
2662,6945.0,1.0,0.0,5.0,109.0,14.0,0.0,0.0,0.0,0.0,0.0,0.0,0.0,0.0,11.0,1.0,1.0,0.0,0.0,0.0,0.0,13.0,89.0,0.0,0.0,0.0,0.0,0.0734463277,0.7368421053,1.0,0.0,0.0,0.0,0.0,0.0338983051,0.0,0.0,0.0,0.0,1.0,0.0,0.0,0.0,1.0,-1.0,-1.0,1.0,0.0,1.0,0.0,0.0
2663,9889.0,2.0,1.0,3.0,59.0,1.0,0.0,0.0,0.0,0.0,0.0,0.0,0.0,0.0,0.0,1.0,0.0,0.0,0.0,0.0,0.0,29.0,23.0,0.0,0.0,0.0,0.0,0.0406091371,0.2857142857,0.0,1.0,0.0,0.0,0.0,0.1472081218,0.0,0.0,0.0,0.0,0.0,0.0,0.0,0.0,1.0,0.0,1.0,1.0,0.0,1.0,0.0,0.0
2664,8955.0,2.0,0.0,2.0,50.0,0.0,0.0,0.0,0.0,0.0,0.0,1.0,0.0,0.0,6.0,1.0,0.0,0.0,0.0,0.0,0.0,13.0,21.0,8.0,0.0,0.0,0.0,0.0707070707,0.1960784314,0.0,1.0,0.0,0.0,0.0,0.0,0.0,0.0,0.0,0.0,0.0,0.0,0.0,0.0,1.0,1.0,0.0,1.0,1.0,1.0,0.0,0.0
2665,4814.0,4.0,1.0,3.0,48.0,0.0,0.0,0.0,0.0,0.0,0.0,0.0,0.0,0.0,0.0,1.0,0.0,0.0,0.0,1.0,0.0,22.0,19.0,0.0,0.0,0.0,0.0,1.0,1.0,0.0,1.0,0.0,0.0,0.0,0.0,1.0,0.0,0.0,0.0,0.0,0.0,0.0,0.0,1.0,1.0,-1.0,1.0,-1.0,-1.0,1.0,1.0
2666,5348.0,2.0,1.0,5.0,122.0,6.0,0.0,0.0,0.0,2.0,0.0,3.0,2.0,0.0,16.0,1.0,1.0,0.0,0.0,1.0,0.0,18.0,52.0,44.0,0.0,0.0,0.0,0.1294964029,1.0,1.0,1.0,1.0,0.0,0.0,0.0,0.0,0.0,0.0,0.0,0.0,1.0,0.0,0.0,1.0,-1.0,-1.0,1.0,-1.0,1.0,0.0,0.0
2667,7925.0,1.0,0.0,2.0,69.0,7.0,0.0,0.0,0.0,0.0,0.0,0.0,0.0,0.0,0.0,1.0,0.0,0.0,0.0,1.0,0.0,10.0,52.0,0.0,0.0,0.0,0.0,0.0952380952,0.3396226415,0.0,1.0,0.0,0.0,0.0,0.0,0.0,0.0,0.0,0.0,0.0,1.0,0.0,0.0,1.0,0.0,1.0,1.0,0.0,1.0,0.0,0.0
2668,7479.0,2.0,1.0,2.0,74.0,5.0,0.0,0.0,0.0,0.0,0.0,0.0,0.0,0.0,11.0,1.0,1.0,0.0,0.0,1.0,0.0,24.0,43.0,0.0,0.0,0.0,0.0,0.0474777448,1.0,1.0,1.0,0.0,0.0,0.0,0.0474777448,0.0,0.0,0.0,0.0,0.0,1.0,0.0,0.0,1.0,0.0,-1.0,1.0,-1.0,1.0,0.0,0.0
2669,9626.0,3.0,1.0,2.0,55.0,0.0,0.0,0.0,0.0,0.0,0.0,0.0,0.0,0.0,8.0,1.0,1.0,0.0,0.0,0.0,0.0,24.0,24.0,0.0,0.0,0.0,0.0,0.0,0.0,0.0,0.0,0.0,0.0,0.0,0.0,0.0,0.0,0.0,0.0,0.0,0.0,0.0,0.0,1.0,0.0,1.0,1.0,1.0,1.0,0.0,0.0
2670,6702.0,2.0,0.0,1.0,103.0,0.0,0.0,0.0,0.0,0.0,1.0,3.0,2.0,0.0,15.0,1.0,0.0,0.0,0.0,0.0,0.0,18.0,12.0,65.0,0.0,0.0,0.0,0.2105263158,0.9230769231,0.0,1.0,0.0,1.0,0.0,0.0,0.0,0.0,0.0,0.0,0.0,1.0,0.0,0.0,1.0,-1.0,-1.0,0.0,-1.0,1.0,0.0,0.0
2671,7522.0,3.0,1.0,3.0,80.0,3.0,0.0,0.0,0.0,0.0,0.0,0.0,0.0,0.0,6.0,1.0,1.0,0.0,0.0,0.0,0.0,22.0,51.0,0.0,0.0,0.0,0.0,0.1409395973,0.8904109589,0.0,1.0,0.0,0.0,0.0,0.0,0.0,0.0,0.0,0.0,0.0,1.0,0.0,0.0,1.0,-1.0,-1.0,1.0,0.0,1.0,0.0,0.0
2672,67.0,3.0,1.0,3.0,48.0,1.0,0.0,0.0,0.0,0.0,0.0,0.0,0.0,0.0,0.0,1.0,1.0,0.0,0.0,0.0,0.0,16.0,25.0,0.0,0.0,0.0,0.0,1.0,1.0,0.0,1.0,0.0,1.0,0.0,0.0,1.0,0.0,0.0,0.0,0.0,0.0,0.0,0.0,1.0,1.0,-1.0,0.0,-1.0,-1.0,1.0,1.0
2673,7556.0,3.0,1.0,4.0,147.0,14.0,0.0,0.0,0.0,0.0,0.0,0.0,0.0,0.0,6.0,1.0,1.0,0.0,0.0,1.0,0.0,20.0,120.0,0.0,0.0,0.0,1.0,0.4470588235,0.3191489362,0.0,1.0,0.0,0.0,0.0,0.0117647059,0.0,0.0,0.0,0.0,0.0,0.0,0.0,0.0,1.0,-1.0,0.0,1.0,0.0,0.0,0.0,0.0
2674,3704.0,2.0,1.0,4.0,49.0,1.0,0.0,0.0,0.0,0.0,0.0,0.0,0.0,0.0,0.0,1.0,1.0,0.0,0.0,1.0,0.0,15.0,27.0,0.0,0.0,0.0,0.0,0.0,0.0,0.0,0.0,0.0,0.0,0.0,0.0,1.0,0.0,0.0,0.0,0.0,0.0,1.0,0.0,1.0,1.0,1.0,1.0,1.0,1.0,1.0,1.0
2675,6493.0,2.0,1.0,3.0,65.0,0.0,0.0,0.0,0.0,2.0,0.0,0.0,0.0,0.0,0.0,1.0,0.0,0.0,0.0,1.0,0.0,24.0,34.0,0.0,0.0,0.0,0.0,0.0659340659,0.0769230769,0.0,1.0,0.0,0.0,0.0,0.0989010989,0.0,0.0,0.0,0.0,1.0,0.0,0.0,0.0,1.0,0.0,1.0,1.0,1.0,1.0,0.0,0.0
2676,9377.0,3.0,1.0,1.0,57.0,3.0,0.0,0.0,0.0,0.0,0.0,0.0,0.0,0.0,0.0,1.0,0.0,0.0,0.0,1.0,0.0,23.0,27.0,0.0,0.0,0.0,0.0,0.0538674033,0.1016949153,0.0,1.0,1.0,0.0,0.0,0.0179558011,0.0,0.0,0.0,0.0,0.0,0.0,1.0,0.0,1.0,0.0,1.0,1.0,0.0,1.0,0.0,0.0
2677,3936.0,2.0,0.0,2.0,45.0,1.0,1.0,0.0,0.0,0.0,0.0,0.0,0.0,0.0,0.0,1.0,0.0,0.0,0.0,1.0,0.0,22.0,16.0,0.0,0.0,0.0,0.0,0.75,0.1,1.0,1.0,0.0,0.0,0.0,0.0,0.0,0.0,0.0,0.0,0.0,0.0,0.0,0.0,1.0,1.0,1.0,1.0,1.0,-1.0,1.0,1.0
2678,9517.0,3.0,1.0,2.0,58.0,0.0,0.0,0.0,0.0,0.0,0.0,1.0,0.0,0.0,6.0,1.0,1.0,0.0,0.0,0.0,0.0,21.0,21.0,8.0,0.0,0.0,0.0,0.2953367876,0.0263157895,0.0,1.0,0.0,0.0,0.0,0.0,0.0,0.0,0.0,0.0,0.0,0.0,0.0,0.0,1.0,0.0,1.0,1.0,1.0,1.0,0.0,0.0
2679,7752.0,2.0,1.0,5.0,63.0,1.0,0.0,0.0,0.0,0.0,0.0,0.0,0.0,0.0,2.0,1.0,0.0,0.0,0.0,1.0,0.0,29.0,27.0,0.0,0.0,0.0,0.0,0.1240875912,0.2941176471,0.0,1.0,0.0,0.0,0.0,0.0072992701,0.0,0.0,0.0,0.0,1.0,1.0,0.0,0.0,1.0,0.0,0.0,1.0,0.0,1.0,0.0,0.0
2680,8023.0,2.0,0.0,1.0,78.0,0.0,0.0,0.0,0.0,0.0,0.0,3.0,2.0,0.0,9.0,1.0,1.0,0.0,0.0,0.0,0.0,16.0,15.0,39.0,0.0,0.0,0.0,0.0909090909,0.8,1.0,0.0,0.0,0.0,0.0,0.0,0.0,0.0,0.0,0.0,0.0,0.0,0.0,0.0,1.0,-1.0,-1.0,1.0,0.0,1.0,0.0,0.0
2681,4665.0,8.0,2.0,3.0,126.0,0.0,0.0,0.0,0.0,0.0,0.0,2.0,1.0,0.0,0.0,1.0,1.0,0.0,1.0,0.0,0.0,28.0,24.0,66.0,0.0,2.0,0.0,1.0,0.5,1.0,1.0,0.0,0.0,0.0,0.0,1.0,0.0,0.0,0.0,0.0,0.0,0.0,0.0,0.0,-1.0,1.0,1.0,0.0,-1.0,1.0,1.0
2682,9166.0,2.0,1.0,3.0,50.0,5.0,0.0,0.0,0.0,0.0,0.0,0.0,0.0,0.0,7.0,1.0,0.0,0.0,0.0,1.0,0.0,14.0,29.0,0.0,0.0,0.0,0.0,0.0096735187,0.9655172414,0.0,1.0,1.0,0.0,1.0,0.3095525998,0.0,0.0,0.0,0.0,0.0,0.0,0.0,0.0,1.0,1.0,-1.0,-1.0,-1.0,0.0,0.0,0.0
2683,185.0,2.0,0.0,3.0,35.0,0.0,0.0,0.0,0.0,0.0,0.0,0.0,0.0,0.0,0.0,1.0,0.0,0.0,0.0,0.0,0.0,15.0,13.0,0.0,0.0,0.0,0.0,0.0,0.0,0.0,1.0,0.0,0.0,0.0,0.0,0.0,0.0,0.0,0.0,0.0,0.0,1.0,0.0,1.0,1.0,1.0,1.0,1.0,1.0,1.0,1.0
2684,8458.0,3.0,1.0,2.0,32.0,0.0,0.0,0.0,0.0,0.0,0.0,0.0,0.0,0.0,0.0,1.0,0.0,0.0,0.0,0.0,0.0,17.0,8.0,0.0,0.0,0.0,0.0,0.0020790021,0.9,0.0,1.0,0.0,0.0,0.0,0.0031185031,0.0,0.0,0.0,0.0,0.0,1.0,0.0,0.0,1.0,1.0,-1.0,1.0,0.0,1.0,0.0,0.0
2685,8813.0,2.0,0.0,3.0,50.0,1.0,0.0,0.0,0.0,0.0,0.0,0.0,0.0,0.0,6.0,1.0,1.0,0.0,0.0,1.0,0.0,15.0,28.0,0.0,0.0,0.0,0.0,0.027027027,0.4130434783,0.0,0.0,0.0,0.0,0.0,0.0,0.0,0.0,0.0,0.0,1.0,1.0,0.0,0.0,1.0,1.0,1.0,1.0,0.0,1.0,0.0,0.0
2686,7075.0,2.0,0.0,3.0,62.0,2.0,0.0,0.0,0.0,0.0,0.0,0.0,0.0,0.0,5.0,1.0,1.0,0.0,0.0,1.0,0.0,16.0,39.0,0.0,0.0,0.0,0.0,0.0810810811,0.0283018868,0.0,1.0,0.0,0.0,0.0,0.018018018,0.0,0.0,0.0,0.0,0.0,0.0,0.0,0.0,1.0,0.0,1.0,1.0,1.0,1.0,0.0,0.0
2687,9898.0,2.0,1.0,3.0,49.0,1.0,0.0,0.0,0.0,0.0,0.0,0.0,0.0,0.0,3.0,1.0,0.0,0.0,0.0,0.0,0.0,12.0,30.0,0.0,0.0,0.0,0.0,0.0774647887,0.0769230769,0.0,0.0,0.0,1.0,0.0,0.0281690141,0.0,0.0,0.0,0.0,0.0,0.0,0.0,0.0,1.0,1.0,1.0,0.0,1.0,1.0,0.0,0.0
2688,2695.0,4.0,1.0,4.0,57.0,1.0,0.0,0.0,0.0,0.0,0.0,0.0,0.0,0.0,0.0,1.0,0.0,0.0,0.0,0.0,0.0,20.0,30.0,0.0,0.0,0.0,0.0,1.0,1.0,0.0,1.0,0.0,1.0,0.0,0.0,1.0,0.0,0.0,0.0,0.0,1.0,0.0,0.0,1.0,0.0,-1.0,0.0,1.0,-1.0,1.0,1.0
2689,4808.0,4.0,0.0,3.0,52.0,0.0,0.0,0.0,0.0,0.0,0.0,0.0,0.0,0.0,0.0,1.0,0.0,0.0,0.0,1.0,0.0,21.0,24.0,0.0,0.0,0.0,0.0,0.8666666667,0.1052631579,0.0,1.0,0.0,0.0,0.0,0.1333333333,0.0,0.0,1.0,0.0,1.0,0.0,0.0,0.0,1.0,1.0,1.0,1.0,0.0,-1.0,1.0,1.0
2690,3974.0,2.0,1.0,5.0,53.0,1.0,0.0,0.0,0.0,0.0,0.0,0.0,0.0,0.0,0.0,1.0,1.0,0.0,0.0,0.0,0.0,14.0,32.0,0.0,0.0,0.0,0.0,0.0,0.0,0.0,1.0,0.0,0.0,0.0,0.0,0.0,0.0,0.0,0.0,0.0,0.0,0.0,0.0,1.0,1.0,1.0,1.0,1.0,1.0,1.0,1.0
2691,5034.0,2.0,1.0,0.0,19.0,0.0,0.0,0.0,0.0,0.0,0.0,0.0,0.0,0.0,0.0,1.0,0.0,0.0,0.0,0.0,0.0,11.0,1.0,0.0,0.0,0.0,0.0,0.0740740741,0.4117647059,0.0,1.0,0.0,0.0,0.0,0.0185185185,0.0,0.0,0.0,0.0,0.0,0.0,0.0,0.0,1.0,1.0,1.0,1.0,0.0,1.0,0.0,0.0
2692,3644.0,2.0,1.0,15.0,143.0,3.0,1.0,0.0,0.0,0.0,0.0,0.0,0.0,0.0,21.0,1.0,1.0,0.0,0.0,1.0,0.0,22.0,114.0,0.0,0.0,1.0,0.0,0.0,0.0,0.0,1.0,0.0,1.0,0.0,1.0,0.0,0.0,0.0,0.0,0.0,0.0,0.0,0.0,1.0,-1.0,1.0,0.0,1.0,-1.0,1.0,1.0
2693,7624.0,2.0,1.0,2.0,116.0,13.0,0.0,0.0,0.0,0.0,0.0,0.0,0.0,0.0,0.0,1.0,0.0,0.0,0.0,1.0,0.0,20.0,89.0,0.0,0.0,0.0,0.0,0.3451327434,0.3488372093,0.0,1.0,0.0,0.0,0.0,0.0442477876,0.0,0.0,0.0,0.0,0.0,1.0,0.0,0.0,1.0,-1.0,1.0,1.0,0.0,0.0,0.0,0.0
2694,4944.0,2.0,1.0,4.0,47.0,1.0,0.0,0.0,0.0,0.0,0.0,0.0,0.0,0.0,1.0,1.0,0.0,0.0,0.0,0.0,0.0,12.0,28.0,0.0,0.0,0.0,0.0,0.0,0.0,0.0,1.0,0.0,0.0,0.0,0.0,0.0,0.0,0.0,0.0,0.0,0.0,0.0,0.0,1.0,1.0,1.0,1.0,1.0,1.0,1.0,1.0
2695,6359.0,1.0,0.0,5.0,67.0,5.0,0.0,0.0,0.0,0.0,0.0,0.0,0.0,0.0,9.0,1.0,1.0,0.0,0.0,1.0,0.0,9.0,51.0,0.0,0.0,0.0,0.0,0.0956521739,0.9523809524,1.0,1.0,1.0,1.0,0.0,0.0260869565,0.0,0.0,0.0,1.0,0.0,1.0,0.0,0.0,1.0,0.0,-1.0,0.0,-1.0,1.0,0.0,0.0
2696,1847.0,3.0,1.0,3.0,60.0,0.0,0.0,0.0,0.0,0.0,0.0,0.0,0.0,0.0,0.0,1.0,0.0,0.0,0.0,0.0,0.0,30.0,23.0,0.0,0.0,0.0,0.0,0.0,0.0,0.0,1.0,0.0,0.0,0.0,0.0,0.0,0.0,0.0,0.0,0.0,0.0,0.0,0.0,1.0,0.0,1.0,1.0,1.0,1.0,1.0,1.0
2697,7525.0,2.0,1.0,4.0,76.0,5.0,0.0,0.0,0.0,0.0,0.0,0.0,0.0,0.0,6.0,1.0,1.0,0.0,0.0,0.0,0.0,17.0,52.0,0.0,0.0,0.0,0.0,0.3801169591,0.21875,0.0,1.0,0.0,0.0,0.0,0.0233918129,0.0,0.0,0.0,0.0,0.0,0.0,0.0,0.0,1.0,-1.0,0.0,1.0,0.0,0.0,0.0,0.0
2698,2318.0,4.0,1.0,2.0,54.0,0.0,0.0,0.0,0.0,0.0,0.0,0.0,0.0,0.0,0.0,1.0,0.0,0.0,0.0,0.0,0.0,26.0,21.0,0.0,0.0,1.0,0.0,0.0,1.0,0.0,1.0,0.0,0.0,0.0,1.0,0.0,0.0,0.0,0.0,0.0,0.0,0.0,0.0,1.0,0.0,1.0,1.0,-1.0,-1.0,1.0,1.0
2699,7275.0,2.0,0.0,2.0,73.0,6.0,0.0,0.0,0.0,0.0,0.0,0.0,0.0,0.0,0.0,1.0,0.0,0.0,0.0,0.0,0.0,10.0,56.0,0.0,0.0,0.0,0.0,0.0407725322,0.2017167382,0.0,1.0,0.0,0.0,0.0,0.0064377682,0.0,0.0,0.0,1.0,1.0,1.0,0.0,0.0,1.0,0.0,1.0,1.0,0.0,1.0,0.0,0.0
2700,9809.0,3.0,1.0,1.0,40.0,0.0,0.0,0.0,0.0,0.0,0.0,1.0,0.0,0.0,1.0,1.0,0.0,0.0,0.0,1.0,0.0,20.0,9.0,3.0,0.0,0.0,0.0,0.1,0.0416666667,0.0,1.0,1.0,0.0,0.0,0.0,0.0,0.0,0.0,0.0,0.0,0.0,0.0,0.0,1.0,1.0,1.0,1.0,0.0,1.0,0.0,0.0
2701,2485.0,2.0,0.0,7.0,224.0,1.0,1.0,0.0,0.0,1.0,0.0,3.0,2.0,0.0,29.0,1.0,1.0,0.0,0.0,0.0,0.0,26.0,62.0,128.0,0.0,1.0,0.0,0.0,0.3333333333,0.0,1.0,0.0,0.0,0.0,0.0,0.0,0.0,0.0,0.0,0.0,0.0,0.0,0.0,1.0,-1.0,1.0,1.0,0.0,1.0,1.0,1.0
2702,4155.0,2.0,1.0,2.0,53.0,1.0,1.0,0.0,0.0,0.0,0.0,0.0,0.0,0.0,5.0,1.0,1.0,0.0,0.0,0.0,0.0,37.0,9.0,0.0,0.0,0.0,0.0,0.0,0.0,0.0,1.0,1.0,0.0,0.0,1.0,0.0,0.0,0.0,0.0,1.0,1.0,0.0,0.0,1.0,1.0,1.0,1.0,1.0,-1.0,1.0,1.0
2703,3861.0,3.0,0.0,4.0,60.0,1.0,0.0,0.0,0.0,0.0,0.0,0.0,0.0,0.0,0.0,1.0,0.0,0.0,0.0,0.0,0.0,20.0,33.0,0.0,0.0,0.0,0.0,0.6,0.0,0.0,1.0,0.0,0.0,0.0,0.2,0.0,0.0,0.0,0.0,0.0,0.0,0.0,0.0,1.0,0.0,1.0,1.0,1.0,-1.0,1.0,1.0
2704,4304.0,4.0,1.0,6.0,77.0,1.0,0.0,0.0,0.0,1.0,0.0,0.0,0.0,0.0,1.0,1.0,1.0,0.0,0.0,1.0,0.0,21.0,49.0,0.0,0.0,0.0,0.0,0.0,0.0,0.0,1.0,0.0,0.0,0.0,0.0,0.0,0.0,0.0,0.0,0.0,0.0,0.0,0.0,1.0,-1.0,1.0,1.0,1.0,1.0,1.0,1.0
2705,9055.0,1.0,0.0,4.0,37.0,0.0,0.0,0.0,0.0,0.0,0.0,0.0,0.0,0.0,8.0,1.0,1.0,0.0,0.0,0.0,0.0,18.0,12.0,0.0,0.0,0.0,0.0,0.021978022,1.0,1.0,0.0,0.0,0.0,0.0,0.0054945055,0.0,0.0,0.0,0.0,0.0,0.0,0.0,0.0,1.0,1.0,-1.0,1.0,-1.0,1.0,0.0,0.0
2706,1944.0,1.0,0.0,2.0,20.0,0.0,0.0,0.0,0.0,0.0,0.0,0.0,0.0,0.0,0.0,1.0,0.0,0.0,0.0,0.0,0.0,9.0,4.0,0.0,0.0,0.0,0.0,0.9333333333,1.0,0.0,1.0,0.0,0.0,0.0,0.0,1.0,0.0,0.0,0.0,0.0,0.0,0.0,0.0,1.0,1.0,1.0,1.0,-1.0,-1.0,1.0,1.0
2707,7416.0,2.0,1.0,2.0,112.0,10.0,0.0,0.0,0.0,0.0,0.0,0.0,0.0,0.0,7.0,1.0,1.0,0.0,0.0,0.0,0.0,20.0,85.0,0.0,0.0,0.0,0.0,0.2,0.1578947368,0.0,0.0,0.0,0.0,0.0,0.0,0.0,0.0,0.0,0.0,1.0,0.0,0.0,0.0,1.0,-1.0,1.0,1.0,0.0,1.0,0.0,0.0
2708,3248.0,2.0,1.0,3.0,41.0,0.0,0.0,0.0,0.0,0.0,0.0,0.0,0.0,0.0,0.0,1.0,0.0,0.0,0.0,0.0,0.0,19.0,15.0,0.0,0.0,0.0,0.0,0.0,0.0,0.0,1.0,0.0,0.0,0.0,0.0,0.0,0.0,0.0,0.0,0.0,0.0,1.0,0.0,1.0,1.0,1.0,1.0,1.0,1.0,1.0,1.0
2709,4041.0,3.0,1.0,2.0,47.0,0.0,0.0,0.0,0.0,0.0,0.0,0.0,0.0,0.0,0.0,1.0,0.0,0.0,0.0,0.0,0.0,15.0,25.0,0.0,0.0,0.0,0.0,0.0,0.0,0.0,1.0,1.0,0.0,0.0,0.0,0.0,0.0,0.0,0.0,0.0,0.0,1.0,0.0,1.0,1.0,1.0,1.0,1.0,1.0,1.0,1.0
2710,5502.0,2.0,1.0,0.0,82.0,1.0,0.0,0.0,0.0,0.0,2.0,1.0,0.0,0.0,2.0,1.0,0.0,0.0,0.0,0.0,0.0,20.0,1.0,53.0,0.0,0.0,0.0,0.1904761905,0.0555555556,0.0,1.0,0.0,0.0,0.0,0.0,0.0,0.0,0.0,0.0,0.0,0.0,0.0,1.0,1.0,-1.0,1.0,1.0,1.0,1.0,0.0,0.0
2711,6709.0,2.0,1.0,3.0,111.0,9.0,0.0,0.0,0.0,0.0,0.0,0.0,0.0,0.0,9.0,1.0,1.0,0.0,0.0,0.0,0.0,15.0,89.0,0.0,0.0,0.0,0.0,0.3433962264,0.7448979592,0.0,1.0,0.0,0.0,0.0,0.0264150943,0.0,0.0,0.0,0.0,0.0,1.0,0.0,0.0,1.0,-1.0,-1.0,1.0,0.0,0.0,0.0,0.0
2712,387.0,4.0,1.0,4.0,67.0,2.0,1.0,0.0,0.0,0.0,0.0,0.0,0.0,0.0,0.0,1.0,0.0,0.0,0.0,0.0,0.0,21.0,39.0,0.0,0.0,0.0,0.0,0.0,0.2857142857,0.0,1.0,0.0,0.0,0.0,0.0,0.0,0.0,0.0,0.0,0.0,0.0,0.0,0.0,1.0,0.0,1.0,1.0,-1.0,1.0,1.0,1.0
2713,8060.0,1.0,0.0,7.0,81.0,4.0,0.0,0.0,0.0,0.0,0.0,0.0,0.0,0.0,8.0,1.0,1.0,0.0,0.0,1.0,0.0,15.0,59.0,0.0,0.0,0.0,0.0,0.0,0.0714285714,0.0,0.0,0.0,0.0,0.0,0.0,0.0,0.0,0.0,0.0,0.0,0.0,0.0,0.0,1.0,-1.0,1.0,1.0,1.0,1.0,0.0,0.0
2714,2239.0,3.0,0.0,6.0,66.0,1.0,0.0,0.0,0.0,0.0,0.0,0.0,0.0,0.0,0.0,1.0,1.0,0.0,0.0,0.0,0.0,19.0,40.0,0.0,0.0,0.0,0.0,0.0,0.0,0.0,1.0,0.0,0.0,0.0,0.0,0.0,0.0,0.0,0.0,0.0,0.0,0.0,0.0,1.0,0.0,1.0,1.0,1.0,1.0,1.0,1.0
2715,2809.0,4.0,1.0,2.0,42.0,0.0,0.0,0.0,0.0,0.0,0.0,0.0,0.0,0.0,0.0,1.0,0.0,0.0,0.0,1.0,0.0,18.0,17.0,0.0,0.0,1.0,0.0,0.0,1.0,0.0,1.0,0.0,0.0,0.0,1.0,0.0,0.0,0.0,0.0,0.0,0.0,0.0,0.0,1.0,1.0,1.0,1.0,-1.0,-1.0,1.0,1.0
2716,6064.0,2.0,1.0,5.0,105.0,0.0,0.0,0.0,0.0,7.0,0.0,0.0,0.0,0.0,9.0,1.0,1.0,0.0,0.0,1.0,0.0,23.0,75.0,0.0,0.0,0.0,1.0,0.2567567568,0.3473684211,0.0,1.0,0.0,1.0,0.0,0.0067567568,0.0,0.0,0.0,0.0,0.0,1.0,0.0,0.0,1.0,-1.0,1.0,0.0,0.0,1.0,0.0,0.0
2717,8425.0,2.0,1.0,3.0,51.0,0.0,0.0,0.0,0.0,0.0,0.0,0.0,0.0,0.0,0.0,1.0,0.0,0.0,0.0,0.0,0.0,23.0,21.0,0.0,0.0,0.0,0.0,0.0,0.02,0.0,1.0,0.0,0.0,0.0,0.0483870968,0.0,0.0,0.0,0.0,0.0,0.0,0.0,0.0,1.0,1.0,1.0,1.0,1.0,1.0,0.0,0.0
2718,9831.0,3.0,1.0,2.0,53.0,0.0,0.0,0.0,0.0,2.0,0.0,0.0,0.0,0.0,0.0,1.0,0.0,0.0,0.0,1.0,0.0,18.0,28.0,0.0,0.0,0.0,0.0,0.65,0.6923076923,0.0,0.0,0.0,0.0,0.0,0.0,1.0,0.0,0.0,0.0,0.0,1.0,0.0,0.0,1.0,1.0,-1.0,1.0,0.0,0.0,0.0,0.0
2719,9571.0,2.0,1.0,2.0,51.0,0.0,0.0,0.0,0.0,0.0,0.0,0.0,0.0,0.0,0.0,1.0,0.0,0.0,0.0,1.0,0.0,25.0,19.0,0.0,0.0,0.0,0.0,0.4637681159,0.1494252874,0.0,1.0,1.0,0.0,1.0,0.0579710145,0.0,0.0,0.0,0.0,0.0,1.0,0.0,0.0,1.0,1.0,1.0,-1.0,0.0,0.0,0.0,0.0
2720,9297.0,3.0,1.0,2.0,58.0,0.0,0.0,0.0,0.0,1.0,0.0,1.0,0.0,0.0,4.0,1.0,0.0,0.0,0.0,0.0,0.0,18.0,19.0,13.0,0.0,0.0,0.0,0.0109170306,0.0617283951,0.0,1.0,0.0,0.0,0.0,0.0,0.0,0.0,0.0,0.0,0.0,0.0,0.0,0.0,1.0,0.0,1.0,1.0,0.0,1.0,0.0,0.0
2721,6514.0,1.0,0.0,5.0,61.0,4.0,0.0,0.0,0.0,0.0,0.0,0.0,0.0,0.0,8.0,1.0,1.0,0.0,0.0,1.0,0.0,14.0,40.0,0.0,0.0,0.0,0.0,0.0384615385,0.5217391304,0.0,1.0,0.0,0.0,0.0,0.0384615385,0.0,0.0,0.0,0.0,0.0,1.0,0.0,0.0,1.0,0.0,0.0,1.0,0.0,1.0,0.0,0.0
2722,4160.0,3.0,1.0,2.0,54.0,0.0,0.0,0.0,0.0,0.0,0.0,0.0,0.0,0.0,0.0,1.0,1.0,0.0,0.0,0.0,0.0,25.0,22.0,0.0,0.0,0.0,0.0,1.0,0.1428571429,1.0,1.0,0.0,0.0,0.0,0.0,0.0,0.0,0.0,0.0,0.0,1.0,0.0,0.0,1.0,0.0,1.0,1.0,0.0,-1.0,1.0,1.0
2723,3021.0,2.0,1.0,3.0,42.0,0.0,0.0,0.0,0.0,0.0,0.0,0.0,0.0,0.0,0.0,1.0,0.0,0.0,0.0,0.0,0.0,21.0,14.0,0.0,0.0,0.0,0.0,0.0,0.0,0.0,1.0,0.0,0.0,0.0,0.0,0.0,0.0,0.0,0.0,0.0,0.0,0.0,0.0,1.0,1.0,1.0,1.0,1.0,1.0,1.0,1.0
2724,6943.0,2.0,0.0,6.0,64.0,2.0,0.0,0.0,0.0,0.0,0.0,0.0,0.0,0.0,9.0,1.0,1.0,0.0,0.0,1.0,0.0,18.0,39.0,0.0,0.0,0.0,0.0,0.24,0.1818181818,0.0,0.0,0.0,0.0,0.0,0.2,0.0,0.0,0.0,0.0,0.0,0.0,0.0,0.0,1.0,0.0,-1.0,1.0,1.0,0.0,0.0,0.0
2725,183.0,3.0,1.0,2.0,47.0,0.0,0.0,0.0,0.0,0.0,0.0,0.0,0.0,0.0,0.0,1.0,0.0,0.0,0.0,0.0,0.0,17.0,23.0,0.0,0.0,0.0,0.0,1.0,0.7142857143,1.0,1.0,0.0,0.0,0.0,0.0,1.0,0.0,0.0,0.0,0.0,1.0,0.0,0.0,1.0,1.0,-1.0,1.0,0.0,-1.0,1.0,1.0
2726,5498.0,2.0,1.0,5.0,122.0,9.0,0.0,0.0,0.0,0.0,0.0,0.0,0.0,0.0,6.0,1.0,1.0,0.0,0.0,1.0,0.0,21.0,94.0,0.0,0.0,0.0,0.0,0.0551724138,0.8333333333,1.0,1.0,0.0,0.0,0.0,0.075862069,0.0,0.0,0.0,0.0,0.0,1.0,0.0,0.0,1.0,-1.0,-1.0,1.0,-1.0,1.0,0.0,0.0
2727,5976.0,1.0,0.0,2.0,90.0,10.0,0.0,0.0,0.0,0.0,0.0,0.0,0.0,0.0,4.0,1.0,0.0,0.0,0.0,1.0,0.0,12.0,71.0,0.0,0.0,0.0,0.0,0.4925373134,0.3484848485,1.0,0.0,0.0,0.0,0.0,0.0298507463,0.0,0.0,0.0,0.0,0.0,1.0,0.0,0.0,1.0,-1.0,-1.0,1.0,0.0,0.0,0.0,0.0
2728,9628.0,3.0,1.0,1.0,59.0,2.0,0.0,0.0,0.0,0.0,0.0,1.0,0.0,0.0,11.0,1.0,0.0,0.0,0.0,1.0,0.0,23.0,10.0,18.0,0.0,0.0,0.0,0.0173913043,0.347826087,0.0,1.0,0.0,0.0,0.0,0.0,0.0,0.0,0.0,0.0,0.0,0.0,0.0,0.0,1.0,0.0,0.0,1.0,0.0,1.0,0.0,0.0
2729,1924.0,2.0,0.0,4.0,43.0,0.0,0.0,0.0,0.0,0.0,0.0,0.0,0.0,0.0,0.0,1.0,1.0,0.0,0.0,1.0,0.0,17.0,19.0,0.0,0.0,0.0,0.0,0.0,0.0,0.0,1.0,1.0,0.0,0.0,1.0,0.0,0.0,0.0,0.0,0.0,0.0,0.0,0.0,1.0,1.0,1.0,1.0,1.0,-1.0,1.0,1.0
2730,7565.0,1.0,0.0,5.0,83.0,8.0,0.0,0.0,0.0,0.0,0.0,0.0,0.0,0.0,8.0,1.0,1.0,0.0,0.0,1.0,0.0,14.0,62.0,0.0,0.0,0.0,0.0,0.46,1.0,1.0,1.0,1.0,1.0,1.0,0.0266666667,0.0,0.0,0.0,0.0,0.0,1.0,0.0,0.0,1.0,-1.0,-1.0,0.0,0.0,0.0,0.0,0.0
2731,5383.0,1.0,0.0,3.0,101.0,0.0,0.0,0.0,0.0,0.0,1.0,6.0,5.0,0.0,12.0,1.0,0.0,0.0,0.0,1.0,0.0,10.0,16.0,67.0,0.0,0.0,0.0,0.0423728814,0.9672131148,1.0,1.0,1.0,0.0,1.0,0.0,0.0,0.0,0.0,0.0,0.0,1.0,0.0,0.0,1.0,-1.0,-1.0,-1.0,-1.0,1.0,0.0,0.0
2732,9258.0,2.0,1.0,3.0,38.0,1.0,0.0,0.0,0.0,0.0,0.0,0.0,0.0,0.0,0.0,1.0,0.0,0.0,0.0,0.0,0.0,12.0,19.0,0.0,0.0,0.0,0.0,0.0,0.5,0.0,0.0,0.0,0.0,0.0,0.0,1.0,0.0,0.0,0.0,0.0,1.0,1.0,0.0,1.0,1.0,-1.0,1.0,1.0,1.0,0.0,0.0
2733,4762.0,2.0,0.0,4.0,57.0,0.0,0.0,0.0,0.0,0.0,0.0,0.0,0.0,0.0,0.0,1.0,0.0,0.0,0.0,1.0,0.0,15.0,35.0,0.0,0.0,0.0,1.0,1.0,1.0,0.0,1.0,0.0,0.0,0.0,0.0,1.0,0.0,0.0,0.0,0.0,0.0,0.0,0.0,1.0,0.0,-1.0,1.0,-1.0,-1.0,1.0,1.0
2734,9812.0,2.0,1.0,1.0,35.0,1.0,0.0,0.0,0.0,0.0,0.0,0.0,0.0,0.0,5.0,1.0,1.0,0.0,0.0,0.0,0.0,15.0,13.0,0.0,0.0,0.0,0.0,0.0582524272,0.9111111111,1.0,1.0,0.0,0.0,0.0,0.0145631068,0.0,0.0,0.0,0.0,0.0,1.0,0.0,0.0,1.0,1.0,-1.0,1.0,0.0,1.0,0.0,0.0
2735,5042.0,1.0,0.0,0.0,15.0,0.0,0.0,0.0,0.0,0.0,0.0,0.0,0.0,0.0,0.0,0.0,0.0,0.0,0.0,0.0,0.0,7.0,0.0,0.0,0.0,0.0,0.0,0.0731707317,0.5714285714,1.0,0.0,0.0,0.0,0.0,0.0,0.0,0.0,0.0,0.0,0.0,0.0,0.0,0.0,1.0,1.0,0.0,1.0,-1.0,1.0,0.0,0.0
2736,9042.0,1.0,0.0,3.0,39.0,1.0,0.0,0.0,0.0,0.0,0.0,0.0,0.0,0.0,1.0,1.0,0.0,0.0,0.0,0.0,0.0,19.0,13.0,0.0,0.0,0.0,0.0,0.1699164345,0.9294117647,1.0,1.0,1.0,0.0,0.0,0.0306406685,0.0,0.0,0.0,0.0,0.0,1.0,0.0,1.0,1.0,1.0,-1.0,1.0,-1.0,1.0,0.0,0.0
2737,9558.0,2.0,1.0,3.0,47.0,2.0,0.0,0.0,0.0,0.0,0.0,0.0,0.0,0.0,5.0,1.0,1.0,0.0,0.0,0.0,0.0,16.0,24.0,0.0,0.0,0.0,0.0,0.0316901408,0.231884058,0.0,1.0,0.0,0.0,0.0,0.073943662,0.0,0.0,0.0,0.0,1.0,1.0,0.0,0.0,1.0,1.0,1.0,1.0,0.0,1.0,0.0,0.0
2738,6100.0,3.0,1.0,1.0,62.0,0.0,0.0,0.0,0.0,0.0,0.0,2.0,1.0,0.0,7.0,1.0,0.0,0.0,0.0,0.0,0.0,20.0,13.0,21.0,0.0,0.0,0.0,0.0434782609,0.1111111111,0.0,0.0,0.0,0.0,0.0,0.0,0.0,0.0,0.0,0.0,0.0,0.0,0.0,0.0,1.0,0.0,1.0,1.0,1.0,1.0,0.0,0.0
2739,8578.0,2.0,1.0,1.0,28.0,0.0,0.0,0.0,0.0,0.0,0.0,0.0,0.0,0.0,4.0,1.0,1.0,0.0,0.0,0.0,0.0,14.0,7.0,0.0,0.0,0.0,0.0,0.0,0.2068965517,0.0,1.0,0.0,0.0,0.0,0.024691358,0.0,0.0,0.0,0.0,1.0,1.0,0.0,0.0,1.0,1.0,1.0,1.0,-1.0,1.0,0.0,0.0
2740,7382.0,4.0,3.0,2.0,144.0,0.0,0.0,0.0,0.0,2.0,0.0,7.0,6.0,0.0,5.0,1.0,0.0,0.0,1.0,0.0,0.0,29.0,18.0,89.0,0.0,0.0,0.0,0.0,0.0,0.0,1.0,0.0,0.0,0.0,0.0,0.0,0.0,0.0,0.0,0.0,0.0,0.0,0.0,-1.0,-1.0,1.0,1.0,1.0,1.0,0.0,0.0
2741,4917.0,2.0,1.0,5.0,49.0,1.0,0.0,0.0,0.0,0.0,0.0,0.0,0.0,0.0,0.0,1.0,0.0,0.0,0.0,0.0,0.0,15.0,27.0,0.0,0.0,0.0,0.0,0.0,0.0,0.0,1.0,0.0,0.0,0.0,0.0,0.0,0.0,0.0,0.0,0.0,0.0,0.0,0.0,1.0,1.0,1.0,1.0,1.0,1.0,1.0,1.0
2742,1473.0,3.0,0.0,2.0,31.0,0.0,0.0,0.0,0.0,0.0,0.0,0.0,0.0,0.0,1.0,1.0,0.0,0.0,0.0,0.0,0.0,10.0,14.0,0.0,0.0,0.0,0.0,0.0,1.0,0.0,1.0,0.0,0.0,0.0,0.0,1.0,0.0,0.0,0.0,0.0,0.0,0.0,0.0,1.0,1.0,1.0,1.0,-1.0,1.0,1.0,1.0
2743,7488.0,3.0,1.0,6.0,91.0,6.0,0.0,0.0,0.0,0.0,0.0,0.0,0.0,0.0,14.0,1.0,1.0,0.0,0.0,1.0,0.0,22.0,62.0,0.0,0.0,0.0,0.0,0.075,0.8148148148,0.0,1.0,0.0,0.0,0.0,0.0,0.0,0.0,0.0,0.0,1.0,1.0,0.0,0.0,1.0,-1.0,1.0,1.0,0.0,1.0,0.0,0.0
2744,6923.0,3.0,1.0,1.0,104.0,9.0,0.0,0.0,0.0,0.0,0.0,0.0,0.0,0.0,8.0,1.0,1.0,0.0,0.0,0.0,0.0,19.0,78.0,0.0,0.0,0.0,0.0,0.2565445026,0.3265306122,0.0,1.0,1.0,0.0,1.0,0.0366492147,0.0,0.0,0.0,0.0,1.0,1.0,0.0,0.0,1.0,-1.0,1.0,-1.0,0.0,1.0,0.0,0.0
2745,4889.0,2.0,1.0,2.0,98.0,0.0,0.0,0.0,0.0,0.0,0.0,0.0,0.0,0.0,34.0,0.0,1.0,0.0,0.0,1.0,0.0,56.0,34.0,0.0,0.0,0.0,0.0,0.0,0.0,0.0,0.0,0.0,0.0,0.0,0.0,1.0,0.0,0.0,0.0,0.0,0.0,1.0,0.0,1.0,-1.0,1.0,1.0,1.0,1.0,1.0,1.0
2746,6782.0,1.0,0.0,2.0,67.0,5.0,0.0,0.0,0.0,0.0,0.0,0.0,0.0,0.0,0.0,1.0,0.0,0.0,0.0,0.0,0.0,15.0,45.0,0.0,0.0,0.0,0.0,0.6746031746,0.7363636364,0.0,1.0,0.0,0.0,0.0,0.0555555556,0.0,0.0,0.0,0.0,1.0,1.0,0.0,0.0,1.0,0.0,-1.0,1.0,0.0,-1.0,0.0,0.0
2747,1901.0,2.0,0.0,6.0,65.0,0.0,0.0,0.0,0.0,0.0,0.0,1.0,0.0,0.0,0.0,1.0,0.0,0.0,0.0,1.0,0.0,17.0,36.0,4.0,0.0,1.0,1.0,1.0,1.0,1.0,1.0,0.0,0.0,0.0,0.0,1.0,0.0,0.0,0.0,0.0,0.0,0.0,0.0,1.0,0.0,-1.0,1.0,-1.0,-1.0,1.0,1.0
2748,1257.0,2.0,0.0,2.0,33.0,0.0,0.0,0.0,0.0,0.0,0.0,0.0,0.0,0.0,0.0,1.0,0.0,0.0,0.0,0.0,0.0,13.0,13.0,0.0,0.0,0.0,0.0,0.9545454545,1.0,0.0,1.0,0.0,1.0,0.0,0.0,1.0,0.0,0.0,0.0,0.0,0.0,0.0,0.0,1.0,1.0,-1.0,0.0,-1.0,-1.0,1.0,1.0
2749,6578.0,1.0,0.0,4.0,80.0,5.0,0.0,0.0,0.0,0.0,0.0,1.0,0.0,0.0,15.0,1.0,1.0,0.0,0.0,1.0,0.0,8.0,56.0,8.0,0.0,0.0,0.0,0.0784313725,0.4285714286,0.0,1.0,1.0,0.0,0.0,0.0,0.0,0.0,0.0,0.0,0.0,1.0,0.0,0.0,1.0,-1.0,1.0,1.0,0.0,1.0,0.0,0.0
2750,8303.0,1.0,0.0,1.0,52.0,0.0,0.0,0.0,0.0,1.0,0.0,0.0,0.0,0.0,0.0,1.0,0.0,0.0,0.0,1.0,0.0,24.0,21.0,0.0,0.0,0.0,0.0,0.3921568627,0.0,0.0,1.0,1.0,0.0,0.0,0.0196078431,0.0,0.0,0.0,0.0,0.0,0.0,0.0,0.0,1.0,1.0,1.0,1.0,1.0,0.0,0.0,0.0
2751,140.0,2.0,0.0,3.0,44.0,0.0,0.0,0.0,0.0,0.0,0.0,0.0,0.0,0.0,0.0,1.0,0.0,0.0,0.0,1.0,0.0,19.0,18.0,0.0,0.0,0.0,0.0,0.0,0.7857142857,0.0,1.0,0.0,0.0,0.0,1.0,1.0,0.0,0.0,0.0,0.0,1.0,0.0,0.0,1.0,1.0,-1.0,1.0,1.0,-1.0,1.0,1.0
2752,4033.0,2.0,0.0,2.0,43.0,0.0,0.0,0.0,0.0,0.0,0.0,0.0,0.0,0.0,0.0,1.0,1.0,0.0,0.0,0.0,0.0,16.0,20.0,0.0,0.0,0.0,0.0,0.0,0.7857142857,0.0,1.0,0.0,0.0,0.0,1.0,1.0,0.0,0.0,0.0,0.0,1.0,0.0,0.0,1.0,1.0,-1.0,1.0,1.0,-1.0,1.0,1.0
2753,8339.0,2.0,0.0,1.0,42.0,0.0,0.0,0.0,0.0,0.0,0.0,1.0,0.0,0.0,3.0,1.0,0.0,0.0,0.0,0.0,0.0,16.0,12.0,6.0,0.0,0.0,0.0,0.064516129,0.25,0.0,0.0,0.0,0.0,0.0,0.0,0.0,0.0,0.0,0.0,0.0,0.0,0.0,0.0,1.0,1.0,0.0,1.0,0.0,1.0,0.0,0.0
2754,4467.0,2.0,0.0,5.0,54.0,0.0,0.0,0.0,0.0,0.0,0.0,0.0,0.0,0.0,0.0,1.0,1.0,0.0,0.0,1.0,0.0,11.0,36.0,0.0,0.0,0.0,0.0,0.0,1.0,0.0,1.0,1.0,0.0,0.0,1.0,0.0,0.0,0.0,0.0,0.0,0.0,0.0,0.0,1.0,0.0,-1.0,1.0,-1.0,-1.0,1.0,1.0
2755,9518.0,2.0,1.0,3.0,43.0,1.0,0.0,0.0,0.0,0.0,0.0,0.0,0.0,0.0,0.0,1.0,0.0,0.0,0.0,0.0,0.0,17.0,19.0,0.0,0.0,0.0,0.0,0.1862745098,0.2941176471,0.0,0.0,0.0,0.0,0.0,0.0392156863,0.0,0.0,0.0,0.0,0.0,1.0,0.0,0.0,1.0,1.0,1.0,1.0,0.0,1.0,0.0,0.0
2756,2278.0,2.0,0.0,3.0,51.0,1.0,0.0,0.0,0.0,0.0,0.0,0.0,0.0,0.0,0.0,1.0,0.0,0.0,0.0,0.0,0.0,16.0,28.0,0.0,0.0,0.0,0.0,1.0,1.0,0.0,1.0,0.0,1.0,0.0,0.0,1.0,0.0,0.0,0.0,0.0,1.0,0.0,0.0,1.0,1.0,-1.0,0.0,-1.0,-1.0,1.0,1.0
2757,9771.0,3.0,1.0,5.0,57.0,2.0,0.0,0.0,0.0,0.0,0.0,0.0,0.0,0.0,7.0,1.0,1.0,0.0,0.0,1.0,0.0,16.0,34.0,0.0,0.0,0.0,0.0,0.0285714286,0.7575757576,1.0,1.0,0.0,0.0,0.0,0.0,0.0,0.0,0.0,0.0,0.0,0.0,0.0,0.0,1.0,0.0,-1.0,1.0,0.0,1.0,0.0,0.0
2758,5461.0,3.0,2.0,2.0,70.0,0.0,0.0,0.0,0.0,0.0,0.0,1.0,0.0,0.0,5.0,1.0,0.0,0.0,0.0,0.0,0.0,29.0,21.0,12.0,0.0,0.0,0.0,0.2,0.0,0.0,0.0,0.0,0.0,0.0,0.0,0.0,0.0,0.0,0.0,0.0,0.0,0.0,0.0,0.0,0.0,1.0,1.0,1.0,1.0,0.0,0.0
2759,9092.0,2.0,0.0,4.0,56.0,0.0,0.0,0.0,0.0,0.0,0.0,0.0,0.0,0.0,7.0,1.0,1.0,0.0,0.0,0.0,0.0,13.0,36.0,0.0,0.0,0.0,0.0,0.0952380952,0.225,0.0,1.0,1.0,1.0,1.0,0.0476190476,0.0,0.0,0.0,0.0,1.0,0.0,0.0,0.0,1.0,0.0,1.0,-1.0,0.0,1.0,0.0,0.0
2760,2081.0,7.0,6.0,2.0,83.0,2.0,2.0,0.0,0.0,0.0,0.0,0.0,0.0,0.0,2.0,1.0,1.0,0.0,1.0,0.0,0.0,71.0,5.0,0.0,0.0,2.0,0.0,0.0,0.0,0.0,1.0,1.0,0.0,0.0,1.0,0.0,0.0,0.0,0.0,0.0,1.0,0.0,0.0,-1.0,-1.0,1.0,1.0,1.0,-1.0,1.0,1.0
2761,335.0,3.0,0.0,3.0,57.0,2.0,0.0,0.0,0.0,0.0,0.0,0.0,0.0,0.0,0.0,1.0,0.0,0.0,0.0,0.0,0.0,13.0,37.0,0.0,0.0,0.0,0.0,1.0,1.0,0.0,1.0,0.0,0.0,0.0,0.0,1.0,0.0,0.0,0.0,0.0,1.0,0.0,0.0,1.0,0.0,-1.0,1.0,-1.0,-1.0,1.0,1.0
2762,3600.0,3.0,1.0,4.0,81.0,1.0,0.0,0.0,0.0,0.0,2.0,0.0,0.0,0.0,4.0,1.0,1.0,0.0,0.0,1.0,0.0,23.0,51.0,0.0,0.0,0.0,0.0,1.0,1.0,1.0,1.0,0.0,0.0,0.0,0.0,1.0,0.0,0.0,0.0,0.0,0.0,0.0,0.0,1.0,-1.0,-1.0,1.0,-1.0,-1.0,1.0,1.0
2763,7546.0,3.0,2.0,5.0,114.0,12.0,0.0,0.0,0.0,0.0,0.0,0.0,0.0,0.0,8.0,1.0,1.0,0.0,1.0,1.0,0.0,23.0,84.0,0.0,0.0,0.0,0.0,0.1533742331,0.4294871795,0.0,0.0,0.0,0.0,0.0,0.0245398773,0.0,0.0,0.0,0.0,0.0,1.0,0.0,0.0,0.0,-1.0,0.0,1.0,0.0,1.0,0.0,0.0
2764,6484.0,2.0,0.0,4.0,75.0,1.0,0.0,0.0,0.0,4.0,0.0,0.0,0.0,0.0,0.0,1.0,0.0,0.0,0.0,1.0,0.0,14.0,54.0,0.0,0.0,0.0,0.0,0.0256410256,0.2941176471,0.0,1.0,0.0,0.0,0.0,0.0256410256,0.0,0.0,0.0,0.0,0.0,0.0,0.0,0.0,1.0,0.0,1.0,1.0,0.0,1.0,0.0,0.0
2765,2410.0,3.0,1.0,3.0,54.0,0.0,0.0,0.0,0.0,0.0,0.0,0.0,0.0,0.0,0.0,1.0,0.0,0.0,0.0,1.0,0.0,23.0,24.0,0.0,0.0,0.0,0.0,0.0,0.6666666667,1.0,1.0,0.0,0.0,0.0,1.0,0.0,0.0,0.0,0.0,0.0,0.0,0.0,0.0,1.0,0.0,-1.0,1.0,0.0,-1.0,1.0,1.0
2766,7937.0,3.0,0.0,2.0,100.0,0.0,0.0,0.0,0.0,2.0,0.0,4.0,3.0,0.0,4.0,1.0,1.0,0.0,0.0,1.0,0.0,20.0,6.0,66.0,0.0,0.0,0.0,0.0793650794,0.075,0.0,1.0,0.0,0.0,0.0,0.0,0.0,0.0,0.0,0.0,1.0,0.0,0.0,0.0,1.0,-1.0,1.0,1.0,0.0,1.0,0.0,0.0
2767,2688.0,3.0,1.0,2.0,53.0,0.0,0.0,0.0,0.0,0.0,0.0,0.0,0.0,0.0,0.0,1.0,0.0,0.0,0.0,0.0,0.0,30.0,16.0,0.0,0.0,0.0,0.0,0.0,0.1538461538,0.0,1.0,0.0,0.0,0.0,0.0,0.0,0.0,0.0,0.0,0.0,0.0,0.0,0.0,1.0,1.0,1.0,1.0,1.0,1.0,1.0,1.0
2768,7920.0,3.0,1.0,2.0,89.0,7.0,1.0,0.0,0.0,0.0,0.0,0.0,0.0,0.0,9.0,1.0,1.0,0.0,0.0,1.0,0.0,26.0,56.0,0.0,0.0,0.0,1.0,0.0934065934,0.5111111111,0.0,1.0,0.0,0.0,0.0,0.0274725275,0.0,0.0,0.0,0.0,0.0,1.0,0.0,0.0,1.0,-1.0,1.0,1.0,0.0,1.0,0.0,0.0
2769,8966.0,3.0,0.0,2.0,59.0,0.0,0.0,0.0,0.0,0.0,0.0,0.0,0.0,0.0,5.0,1.0,0.0,0.0,0.0,0.0,0.0,15.0,13.0,23.0,0.0,0.0,0.0,0.0,0.0,0.0,1.0,0.0,0.0,0.0,0.0,0.0,0.0,0.0,0.0,0.0,0.0,0.0,0.0,1.0,0.0,1.0,1.0,1.0,1.0,0.0,0.0
2770,856.0,3.0,1.0,3.0,55.0,0.0,0.0,0.0,0.0,0.0,0.0,0.0,0.0,0.0,0.0,1.0,0.0,0.0,0.0,0.0,0.0,12.0,36.0,0.0,0.0,0.0,0.0,1.0,0.1428571429,1.0,1.0,0.0,0.0,0.0,0.0,0.0,0.0,0.0,0.0,0.0,1.0,0.0,0.0,1.0,0.0,1.0,1.0,0.0,-1.0,1.0,1.0
2771,5288.0,1.0,0.0,3.0,129.0,15.0,0.0,0.0,0.0,0.0,0.0,0.0,0.0,0.0,4.0,1.0,0.0,0.0,0.0,1.0,0.0,22.0,100.0,0.0,0.0,0.0,0.0,0.137254902,0.0666666667,0.0,1.0,0.0,0.0,0.0,0.0098039216,0.0,0.0,0.0,0.0,0.0,0.0,0.0,0.0,1.0,-1.0,0.0,1.0,1.0,1.0,0.0,0.0
2772,2938.0,2.0,1.0,4.0,43.0,0.0,0.0,0.0,0.0,0.0,0.0,0.0,0.0,0.0,1.0,1.0,0.0,0.0,0.0,0.0,0.0,21.0,15.0,0.0,0.0,0.0,0.0,0.0,0.7857142857,0.0,1.0,0.0,0.0,0.0,1.0,1.0,0.0,0.0,0.0,0.0,1.0,0.0,0.0,1.0,1.0,-1.0,1.0,1.0,-1.0,1.0,1.0
2773,5591.0,2.0,1.0,8.0,79.0,0.0,0.0,0.0,0.0,0.0,0.0,0.0,0.0,0.0,6.0,1.0,1.0,0.0,0.0,1.0,0.0,22.0,50.0,0.0,0.0,0.0,0.0,0.0465116279,0.0491803279,0.0,0.0,0.0,0.0,0.0,0.023255814,0.0,0.0,0.0,0.0,1.0,1.0,0.0,0.0,1.0,-1.0,1.0,1.0,1.0,1.0,0.0,0.0
2774,6364.0,1.0,0.0,5.0,95.0,8.0,0.0,0.0,0.0,0.0,0.0,0.0,0.0,0.0,12.0,1.0,1.0,0.0,0.0,1.0,0.0,14.0,74.0,0.0,0.0,0.0,0.0,0.1282051282,1.0,1.0,1.0,1.0,0.0,0.0,0.0341880342,0.0,0.0,0.0,0.0,0.0,1.0,0.0,0.0,1.0,-1.0,-1.0,1.0,0.0,1.0,0.0,0.0
2775,7670.0,2.0,0.0,4.0,83.0,4.0,0.0,0.0,0.0,0.0,0.0,0.0,0.0,0.0,6.0,1.0,1.0,0.0,0.0,0.0,0.0,10.0,66.0,0.0,0.0,0.0,0.0,0.1443850267,0.4155844156,0.0,1.0,1.0,0.0,0.0,0.0053475936,0.0,0.0,0.0,0.0,0.0,1.0,0.0,0.0,1.0,-1.0,0.0,1.0,0.0,1.0,0.0,0.0
2776,1447.0,4.0,1.0,4.0,63.0,0.0,0.0,0.0,0.0,0.0,0.0,0.0,0.0,0.0,0.0,1.0,0.0,0.0,0.0,0.0,0.0,28.0,28.0,0.0,0.0,0.0,0.0,0.0,0.0,0.0,1.0,0.0,0.0,0.0,0.0,0.0,0.0,0.0,0.0,0.0,0.0,0.0,0.0,1.0,0.0,1.0,1.0,1.0,1.0,1.0,1.0
2777,7425.0,2.0,1.0,4.0,68.0,2.0,0.0,0.0,0.0,0.0,0.0,0.0,0.0,0.0,4.0,1.0,1.0,0.0,0.0,1.0,0.0,21.0,40.0,0.0,0.0,0.0,0.0,0.75,0.7916666667,0.0,1.0,1.0,0.0,0.0,0.0,1.0,0.0,0.0,0.0,0.0,1.0,0.0,0.0,1.0,0.0,-1.0,1.0,0.0,-1.0,0.0,0.0
2778,4869.0,9.0,0.0,3.0,90.0,0.0,0.0,0.0,0.0,0.0,3.0,0.0,0.0,0.0,6.0,1.0,1.0,0.0,0.0,1.0,0.0,11.0,72.0,0.0,0.0,3.0,0.0,0.0,0.0,0.0,1.0,1.0,0.0,0.0,0.0,0.0,0.0,0.0,0.0,0.0,0.0,0.0,0.0,1.0,-1.0,1.0,1.0,1.0,1.0,1.0,1.0
2779,3879.0,1.0,0.0,2.0,36.0,0.0,0.0,0.0,0.0,0.0,0.0,0.0,0.0,0.0,0.0,1.0,1.0,0.0,0.0,0.0,0.0,20.0,9.0,0.0,0.0,0.0,0.0,1.0,1.0,0.0,1.0,0.0,0.0,0.0,0.0,1.0,0.0,0.0,0.0,0.0,1.0,0.0,0.0,1.0,1.0,-1.0,1.0,-1.0,-1.0,1.0,1.0
2780,350.0,3.0,1.0,4.0,51.0,1.0,1.0,0.0,0.0,0.0,0.0,0.0,0.0,0.0,1.0,1.0,0.0,0.0,0.0,1.0,0.0,20.0,24.0,0.0,0.0,0.0,0.0,0.0,0.5,1.0,1.0,0.0,0.0,0.0,0.0,0.0,0.0,1.0,0.0,0.0,0.0,0.0,0.0,1.0,1.0,1.0,1.0,-1.0,1.0,1.0,1.0
2781,249.0,1.0,0.0,2.0,29.0,0.0,0.0,0.0,0.0,0.0,0.0,0.0,0.0,0.0,0.0,1.0,0.0,0.0,0.0,0.0,0.0,17.0,5.0,0.0,0.0,0.0,0.0,1.0,1.0,0.0,1.0,0.0,0.0,0.0,0.0,1.0,0.0,0.0,0.0,0.0,0.0,0.0,0.0,1.0,1.0,-1.0,1.0,-1.0,-1.0,1.0,1.0
2782,2148.0,2.0,0.0,3.0,49.0,1.0,0.0,0.0,0.0,0.0,0.0,0.0,0.0,0.0,1.0,1.0,1.0,0.0,0.0,0.0,0.0,17.0,25.0,0.0,0.0,0.0,0.0,0.9230769231,1.0,0.0,1.0,0.0,0.0,0.0,0.0,1.0,0.0,0.0,0.0,0.0,0.0,0.0,0.0,1.0,1.0,1.0,1.0,-1.0,-1.0,1.0,1.0
2783,7235.0,1.0,0.0,2.0,71.0,4.0,0.0,0.0,0.0,0.0,0.0,0.0,0.0,0.0,2.0,1.0,1.0,0.0,0.0,1.0,0.0,28.0,36.0,0.0,0.0,0.0,0.0,0.4111111111,0.375,0.0,1.0,0.0,1.0,0.0,0.0,0.0,0.0,0.0,0.0,0.0,0.0,0.0,0.0,1.0,0.0,1.0,0.0,0.0,0.0,0.0,0.0
2784,6454.0,1.0,0.0,4.0,71.0,5.0,0.0,0.0,0.0,0.0,0.0,0.0,0.0,0.0,5.0,1.0,1.0,0.0,0.0,0.0,0.0,16.0,48.0,0.0,0.0,0.0,0.0,0.5652173913,0.0634920635,0.0,1.0,0.0,0.0,0.0,0.0,0.0,1.0,0.0,0.0,0.0,0.0,0.0,0.0,1.0,0.0,1.0,1.0,0.0,0.0,0.0,0.0
2785,2157.0,3.0,1.0,4.0,69.0,0.0,0.0,0.0,0.0,1.0,0.0,0.0,0.0,0.0,0.0,1.0,1.0,0.0,0.0,1.0,0.0,26.0,36.0,0.0,0.0,0.0,0.0,0.0227272727,1.0,1.0,1.0,0.0,0.0,0.0,0.9772727273,0.0,0.0,0.0,0.0,0.0,0.0,0.0,0.0,1.0,0.0,-1.0,1.0,-1.0,-1.0,1.0,1.0
2786,1679.0,2.0,0.0,4.0,51.0,0.0,0.0,0.0,0.0,0.0,0.0,0.0,0.0,0.0,0.0,1.0,0.0,0.0,0.0,0.0,0.0,12.0,32.0,0.0,0.0,0.0,0.0,0.0,0.0,0.0,1.0,0.0,0.0,0.0,0.0,0.0,0.0,0.0,0.0,0.0,0.0,0.0,0.0,1.0,1.0,1.0,1.0,1.0,1.0,1.0,1.0
2787,396.0,2.0,0.0,3.0,44.0,0.0,0.0,0.0,0.0,0.0,0.0,0.0,0.0,0.0,4.0,1.0,1.0,0.0,0.0,0.0,0.0,10.0,27.0,0.0,0.0,0.0,0.0,0.0,0.0,0.0,1.0,0.0,0.0,0.0,0.0,0.0,0.0,0.0,0.0,0.0,0.0,0.0,0.0,1.0,1.0,1.0,1.0,1.0,1.0,1.0,1.0
2788,8840.0,3.0,2.0,0.0,38.0,0.0,0.0,0.0,0.0,0.0,0.0,0.0,0.0,0.0,0.0,1.0,0.0,0.0,1.0,0.0,0.0,30.0,1.0,0.0,0.0,0.0,0.0,0.0325203252,0.1,0.0,1.0,0.0,0.0,0.0,0.0,0.0,0.0,0.0,0.0,0.0,0.0,0.0,0.0,0.0,1.0,1.0,1.0,0.0,1.0,0.0,0.0
2789,1399.0,2.0,0.0,3.0,49.0,0.0,0.0,0.0,0.0,0.0,0.0,0.0,0.0,0.0,0.0,1.0,0.0,0.0,0.0,1.0,0.0,23.0,19.0,0.0,0.0,0.0,0.0,0.0,0.7857142857,0.0,1.0,0.0,0.0,0.0,1.0,1.0,0.0,0.0,0.0,0.0,1.0,0.0,0.0,1.0,1.0,-1.0,1.0,1.0,-1.0,1.0,1.0
2790,6326.0,2.0,0.0,6.0,112.0,6.0,0.0,0.0,0.0,0.0,0.0,1.0,0.0,0.0,6.0,1.0,0.0,0.0,0.0,0.0,0.0,17.0,71.0,16.0,0.0,0.0,0.0,0.1688311688,0.1707317073,0.0,1.0,0.0,0.0,0.0,0.0,0.0,0.0,0.0,0.0,0.0,1.0,0.0,0.0,1.0,-1.0,1.0,1.0,0.0,1.0,0.0,0.0
2791,1154.0,1.0,0.0,4.0,41.0,0.0,0.0,0.0,0.0,0.0,0.0,0.0,0.0,0.0,0.0,1.0,0.0,0.0,0.0,1.0,0.0,11.0,23.0,0.0,0.0,0.0,1.0,1.0,1.0,0.0,1.0,0.0,0.0,0.0,0.0,1.0,0.0,0.0,0.0,0.0,0.0,0.0,0.0,1.0,1.0,-1.0,1.0,-1.0,-1.0,1.0,1.0
2792,2713.0,2.0,0.0,3.0,47.0,0.0,0.0,0.0,0.0,0.0,0.0,0.0,0.0,0.0,0.0,1.0,0.0,0.0,0.0,0.0,0.0,11.0,29.0,0.0,0.0,0.0,0.0,0.9230769231,1.0,0.0,1.0,0.0,0.0,0.0,0.0,1.0,0.0,0.0,0.0,0.0,0.0,0.0,0.0,1.0,1.0,1.0,1.0,-1.0,-1.0,1.0,1.0
2793,4278.0,3.0,1.0,2.0,44.0,0.0,0.0,0.0,0.0,0.0,0.0,0.0,0.0,0.0,0.0,1.0,0.0,0.0,0.0,0.0,0.0,15.0,22.0,0.0,0.0,0.0,0.0,1.0,0.320610687,0.0,0.0,0.0,1.0,0.0,0.0,0.0,0.0,0.0,0.0,0.0,1.0,0.0,0.0,1.0,1.0,0.0,0.0,1.0,-1.0,1.0,1.0
2794,3387.0,3.0,1.0,3.0,60.0,1.0,1.0,0.0,0.0,0.0,0.0,0.0,0.0,0.0,0.0,1.0,0.0,0.0,0.0,1.0,0.0,25.0,28.0,0.0,0.0,0.0,0.0,0.0,0.0,0.0,1.0,1.0,0.0,0.0,0.0,0.0,0.0,0.0,0.0,0.0,0.0,1.0,0.0,1.0,0.0,1.0,1.0,1.0,1.0,1.0,1.0
2795,998.0,4.0,0.0,5.0,114.0,1.0,0.0,0.0,0.0,3.0,0.0,1.0,1.0,0.0,11.0,1.0,1.0,1.0,0.0,1.0,0.0,13.0,46.0,47.0,0.0,0.0,0.0,0.0,0.0,0.0,1.0,1.0,0.0,0.0,0.0,1.0,0.0,0.0,0.0,0.0,0.0,0.0,0.0,1.0,-1.0,1.0,1.0,1.0,1.0,1.0,1.0
2796,4908.0,3.0,1.0,7.0,92.0,1.0,0.0,0.0,0.0,0.0,0.0,0.0,0.0,0.0,22.0,1.0,1.0,0.0,0.0,1.0,0.0,26.0,59.0,0.0,0.0,0.0,0.0,0.0,0.0,0.0,1.0,0.0,0.0,0.0,0.0,0.0,0.0,0.0,0.0,0.0,0.0,0.0,0.0,1.0,-1.0,1.0,1.0,1.0,1.0,1.0,1.0
2797,9680.0,2.0,1.0,3.0,54.0,1.0,0.0,0.0,0.0,0.0,0.0,0.0,0.0,0.0,0.0,1.0,0.0,0.0,0.0,0.0,0.0,23.0,24.0,0.0,0.0,0.0,0.0,0.0470588235,0.2692307692,0.0,1.0,0.0,0.0,0.0,0.0117647059,0.0,0.0,0.0,0.0,0.0,1.0,0.0,0.0,1.0,0.0,1.0,1.0,0.0,1.0,0.0,0.0
2798,4653.0,3.0,1.0,8.0,102.0,2.0,0.0,0.0,0.0,0.0,0.0,0.0,0.0,0.0,1.0,1.0,1.0,0.0,0.0,0.0,0.0,25.0,70.0,0.0,0.0,0.0,0.0,1.0,1.0,0.0,1.0,0.0,1.0,0.0,0.0,1.0,0.0,0.0,0.0,0.0,1.0,0.0,0.0,1.0,-1.0,-1.0,0.0,-1.0,-1.0,1.0,1.0
2799,8549.0,3.0,1.0,1.0,53.0,0.0,0.0,0.0,0.0,0.0,0.0,1.0,0.0,0.0,5.0,1.0,1.0,0.0,0.0,0.0,0.0,24.0,14.0,7.0,0.0,0.0,0.0,0.0,0.0,0.0,0.0,0.0,0.0,0.0,0.0,0.0,0.0,0.0,0.0,0.0,0.0,0.0,0.0,1.0,1.0,1.0,1.0,1.0,1.0,0.0,0.0
2800,8500.0,3.0,1.0,4.0,58.0,0.0,0.0,0.0,0.0,0.0,0.0,1.0,0.0,0.0,8.0,1.0,1.0,0.0,0.0,0.0,0.0,17.0,24.0,9.0,0.0,0.0,0.0,0.16,0.0,0.0,1.0,0.0,0.0,0.0,0.0,0.0,0.0,0.0,0.0,0.0,0.0,0.0,0.0,1.0,0.0,1.0,1.0,1.0,1.0,0.0,0.0
2801,5309.0,2.0,1.0,5.0,133.0,15.0,0.0,0.0,0.0,0.0,0.0,0.0,0.0,0.0,9.0,1.0,1.0,0.0,0.0,1.0,0.0,22.0,104.0,0.0,0.0,0.0,0.0,0.045751634,0.3928571429,0.0,1.0,0.0,0.0,0.0,0.0,0.0,0.0,0.0,0.0,1.0,1.0,0.0,0.0,1.0,-1.0,-1.0,1.0,0.0,1.0,0.0,0.0
2802,4633.0,2.0,0.0,6.0,110.0,1.0,0.0,0.0,0.0,0.0,0.0,4.0,0.0,0.0,1.0,1.0,1.0,0.0,0.0,0.0,0.0,19.0,52.0,31.0,0.0,1.0,0.0,0.8461538462,1.0,0.0,1.0,0.0,0.0,0.0,0.0,1.0,0.0,0.0,0.0,0.0,1.0,0.0,0.0,1.0,-1.0,-1.0,1.0,-1.0,-1.0,1.0,1.0
2803,3966.0,3.0,1.0,2.0,58.0,0.0,0.0,0.0,0.0,0.0,0.0,0.0,0.0,0.0,0.0,1.0,0.0,0.0,0.0,1.0,0.0,31.0,20.0,0.0,0.0,0.0,0.0,0.0,0.0,0.0,1.0,0.0,0.0,0.0,0.0,0.0,0.0,0.0,0.0,0.0,0.0,0.0,0.0,1.0,0.0,1.0,1.0,1.0,1.0,1.0,1.0
2804,703.0,15.0,1.0,4.0,249.0,0.0,0.0,0.0,0.0,0.0,0.0,6.0,12.0,1.0,74.0,1.0,1.0,0.0,0.0,1.0,0.0,14.0,28.0,174.0,0.0,0.0,0.0,0.0,0.6666666667,1.0,1.0,0.0,0.0,0.0,0.0,0.0,0.0,0.0,0.0,0.0,0.0,0.0,0.0,1.0,-1.0,-1.0,1.0,0.0,1.0,1.0,1.0
2805,6015.0,4.0,2.0,3.0,68.0,1.0,1.0,0.0,0.0,0.0,0.0,0.0,0.0,0.0,4.0,1.0,0.0,0.0,0.0,0.0,0.0,23.0,38.0,0.0,0.0,0.0,0.0,0.0361445783,0.2352941176,0.0,0.0,0.0,0.0,0.0,0.0481927711,0.0,0.0,0.0,0.0,0.0,0.0,0.0,0.0,0.0,0.0,1.0,1.0,0.0,1.0,0.0,0.0
2806,4099.0,8.0,0.0,9.0,155.0,3.0,0.0,0.0,0.0,1.0,0.0,0.0,0.0,0.0,4.0,1.0,1.0,0.0,0.0,1.0,0.0,19.0,129.0,0.0,0.0,0.0,0.0,0.0,0.0,0.0,1.0,0.0,0.0,0.0,0.0,0.0,0.0,0.0,0.0,0.0,0.0,0.0,0.0,1.0,-1.0,1.0,1.0,1.0,1.0,1.0,1.0
2807,7399.0,3.0,1.0,3.0,61.0,0.0,0.0,0.0,0.0,1.0,0.0,0.0,0.0,0.0,8.0,1.0,1.0,0.0,0.0,0.0,0.0,25.0,29.0,0.0,0.0,0.0,0.0,0.0,0.0,0.0,0.0,0.0,0.0,0.0,0.0,0.0,0.0,0.0,0.0,0.0,0.0,0.0,0.0,1.0,0.0,1.0,1.0,1.0,1.0,0.0,0.0
2808,6327.0,1.0,0.0,2.0,23.0,0.0,0.0,0.0,0.0,0.0,0.0,0.0,0.0,0.0,0.0,1.0,0.0,0.0,0.0,0.0,0.0,9.0,7.0,0.0,0.0,0.0,0.0,0.2380952381,0.0454545455,0.0,0.0,0.0,0.0,0.0,0.119047619,0.0,0.0,0.0,0.0,0.0,0.0,0.0,0.0,1.0,1.0,1.0,1.0,1.0,0.0,0.0,0.0
2809,1659.0,3.0,1.0,4.0,84.0,1.0,0.0,0.0,0.0,0.0,0.0,0.0,0.0,0.0,21.0,1.0,1.0,0.0,0.0,0.0,0.0,26.0,51.0,0.0,0.0,0.0,0.0,0.0,0.0,0.0,1.0,0.0,0.0,0.0,0.0,0.0,0.0,0.0,0.0,0.0,0.0,0.0,0.0,1.0,-1.0,1.0,1.0,1.0,1.0,1.0,1.0
2810,3525.0,4.0,1.0,2.0,51.0,1.0,0.0,0.0,0.0,1.0,0.0,0.0,0.0,0.0,2.0,1.0,1.0,0.0,0.0,0.0,0.0,21.0,23.0,0.0,0.0,1.0,0.0,1.0,1.0,0.0,1.0,0.0,0.0,0.0,0.0,1.0,0.0,0.0,0.0,0.0,0.0,0.0,0.0,1.0,1.0,-1.0,1.0,-1.0,-1.0,1.0,1.0
2811,1992.0,2.0,0.0,1.0,40.0,0.0,0.0,0.0,0.0,0.0,0.0,0.0,0.0,0.0,0.0,1.0,0.0,0.0,0.0,0.0,0.0,23.0,10.0,0.0,0.0,0.0,0.0,0.0,0.0,0.0,1.0,1.0,0.0,0.0,0.0,1.0,0.0,0.0,0.0,0.0,0.0,0.0,0.0,1.0,1.0,1.0,1.0,1.0,1.0,1.0,1.0
2812,7654.0,1.0,0.0,3.0,71.0,7.0,0.0,0.0,0.0,0.0,0.0,0.0,0.0,0.0,9.0,1.0,1.0,0.0,0.0,1.0,0.0,20.0,44.0,0.0,0.0,0.0,0.0,0.2592592593,0.1153846154,0.0,1.0,0.0,0.0,0.0,0.0,0.0,0.0,0.0,0.0,1.0,0.0,0.0,0.0,1.0,0.0,1.0,1.0,1.0,1.0,0.0,0.0
2813,7516.0,1.0,0.0,3.0,113.0,13.0,0.0,0.0,0.0,0.0,0.0,0.0,0.0,0.0,17.0,1.0,1.0,0.0,0.0,1.0,0.0,21.0,85.0,0.0,0.0,0.0,0.0,0.149122807,0.525,0.0,1.0,0.0,0.0,0.0,0.149122807,0.0,0.0,0.0,0.0,0.0,1.0,0.0,0.0,1.0,-1.0,0.0,1.0,0.0,1.0,0.0,0.0
2814,2591.0,3.0,0.0,2.0,49.0,0.0,0.0,0.0,0.0,0.0,0.0,0.0,0.0,0.0,0.0,1.0,0.0,0.0,0.0,0.0,0.0,17.0,25.0,0.0,0.0,0.0,0.0,0.0,0.0,0.0,1.0,0.0,0.0,0.0,0.0,0.0,0.0,0.0,0.0,0.0,0.0,0.0,0.0,1.0,1.0,1.0,1.0,1.0,1.0,1.0,1.0
2815,3882.0,2.0,0.0,10.0,93.0,0.0,0.0,0.0,0.0,0.0,0.0,0.0,0.0,0.0,0.0,1.0,0.0,0.0,0.0,1.0,0.0,13.0,73.0,0.0,0.0,1.0,0.0,0.0,0.0,0.0,1.0,0.0,0.0,0.0,0.0,0.0,0.0,0.0,0.0,0.0,0.0,0.0,0.0,1.0,-1.0,1.0,1.0,1.0,1.0,1.0,1.0
2816,4492.0,3.0,0.0,4.0,87.0,1.0,0.0,0.0,0.0,0.0,4.0,0.0,0.0,0.0,12.0,1.0,1.0,0.0,0.0,1.0,0.0,20.0,60.0,0.0,0.0,0.0,0.0,1.0,0.16,0.0,1.0,1.0,0.0,0.0,0.0,0.0,0.0,0.0,0.0,0.0,0.0,0.0,0.0,1.0,-1.0,1.0,1.0,1.0,-1.0,1.0,1.0
2817,6984.0,2.0,1.0,2.0,83.0,4.0,0.0,0.0,0.0,0.0,0.0,1.0,0.0,0.0,16.0,1.0,1.0,0.0,0.0,0.0,0.0,19.0,46.0,10.0,0.0,0.0,0.0,0.0202020202,0.023890785,0.0,0.0,0.0,0.0,0.0,0.0,0.0,0.0,0.0,0.0,0.0,0.0,0.0,0.0,1.0,-1.0,1.0,1.0,0.0,1.0,0.0,0.0
2818,414.0,2.0,0.0,6.0,75.0,2.0,1.0,0.0,0.0,0.0,0.0,0.0,0.0,0.0,0.0,1.0,1.0,0.0,0.0,0.0,0.0,20.0,48.0,0.0,0.0,0.0,0.0,1.0,1.0,0.0,1.0,0.0,1.0,0.0,0.0,1.0,0.0,0.0,0.0,0.0,1.0,0.0,0.0,1.0,0.0,-1.0,0.0,-1.0,-1.0,1.0,1.0
2819,4870.0,2.0,0.0,2.0,49.0,0.0,0.0,0.0,0.0,0.0,0.0,0.0,0.0,0.0,0.0,1.0,1.0,0.0,0.0,0.0,0.0,11.0,31.0,0.0,0.0,0.0,0.0,0.0,0.8333333333,0.0,1.0,0.0,0.0,0.0,0.0,0.0,0.0,0.0,0.0,0.0,0.0,0.0,0.0,1.0,1.0,-1.0,1.0,1.0,1.0,1.0,1.0
2820,4942.0,2.0,1.0,6.0,95.0,1.0,0.0,0.0,0.0,0.0,0.0,0.0,0.0,0.0,21.0,1.0,1.0,0.0,0.0,0.0,0.0,35.0,53.0,0.0,0.0,0.0,0.0,0.0,0.0714285714,0.0,1.0,0.0,0.0,0.0,1.0,0.0,0.0,0.0,0.0,0.0,1.0,0.0,0.0,1.0,-1.0,1.0,1.0,1.0,-1.0,1.0,1.0
2821,4910.0,2.0,1.0,6.0,63.0,0.0,0.0,0.0,0.0,0.0,0.0,0.0,0.0,0.0,0.0,1.0,0.0,0.0,0.0,0.0,0.0,27.0,29.0,0.0,0.0,0.0,0.0,0.0,0.0,0.0,1.0,0.0,0.0,0.0,0.0,0.0,0.0,0.0,0.0,0.0,0.0,0.0,0.0,1.0,0.0,1.0,1.0,1.0,1.0,1.0,1.0
2822,9725.0,2.0,1.0,2.0,51.0,1.0,0.0,0.0,0.0,0.0,0.0,0.0,0.0,0.0,0.0,1.0,0.0,0.0,0.0,0.0,0.0,23.0,21.0,0.0,0.0,0.0,0.0,0.1904761905,0.5151515152,0.0,0.0,0.0,0.0,0.0,0.1587301587,0.0,0.0,0.0,0.0,0.0,1.0,0.0,0.0,1.0,1.0,1.0,1.0,0.0,0.0,0.0,0.0
2823,6804.0,2.0,0.0,2.0,70.0,0.0,0.0,0.0,0.0,0.0,0.0,3.0,2.0,0.0,7.0,1.0,0.0,0.0,0.0,1.0,0.0,21.0,18.0,23.0,0.0,0.0,0.0,0.05,0.0,0.0,1.0,0.0,0.0,0.0,0.0,0.0,0.0,0.0,0.0,0.0,0.0,0.0,0.0,1.0,0.0,1.0,1.0,1.0,1.0,0.0,0.0
2824,8379.0,2.0,1.0,3.0,45.0,2.0,0.0,0.0,0.0,0.0,0.0,0.0,0.0,0.0,0.0,1.0,0.0,0.0,0.0,1.0,0.0,15.0,23.0,0.0,0.0,0.0,1.0,0.7213622291,0.7125,0.0,1.0,0.0,0.0,0.0,0.0185758514,1.0,0.0,0.0,0.0,1.0,1.0,0.0,0.0,1.0,1.0,-1.0,1.0,0.0,-1.0,0.0,0.0
2825,462.0,3.0,0.0,4.0,47.0,0.0,0.0,0.0,1.0,0.0,0.0,0.0,0.0,0.0,9.0,1.0,0.0,1.0,0.0,0.0,0.0,12.0,28.0,0.0,0.0,0.0,0.0,0.0,0.7857142857,0.0,1.0,0.0,0.0,0.0,1.0,1.0,0.0,0.0,0.0,0.0,1.0,0.0,0.0,1.0,1.0,-1.0,1.0,1.0,-1.0,1.0,1.0
2826,8442.0,2.0,1.0,2.0,29.0,0.0,0.0,0.0,0.0,0.0,0.0,0.0,0.0,0.0,6.0,1.0,1.0,0.0,0.0,0.0,0.0,14.0,8.0,0.0,0.0,0.0,0.0,0.0287769784,0.6451612903,0.0,1.0,0.0,0.0,0.0,0.0,0.0,0.0,0.0,0.0,0.0,0.0,0.0,0.0,1.0,1.0,-1.0,1.0,0.0,1.0,0.0,0.0
2827,5441.0,3.0,1.0,2.0,100.0,20.0,0.0,0.0,0.0,0.0,0.0,4.0,3.0,0.0,12.0,1.0,1.0,0.0,0.0,0.0,0.0,12.0,13.0,67.0,0.0,0.0,0.0,0.1153846154,0.0405405405,0.0,0.0,0.0,0.0,0.0,0.0,0.0,0.0,1.0,0.0,1.0,1.0,0.0,0.0,1.0,-1.0,1.0,1.0,1.0,1.0,0.0,0.0
2828,6219.0,2.0,0.0,1.0,80.0,1.0,0.0,0.0,0.0,3.0,0.0,1.0,0.0,0.0,8.0,1.0,1.0,0.0,0.0,1.0,0.0,20.0,33.0,19.0,0.0,0.0,0.0,0.0112359551,0.0588235294,0.0,1.0,0.0,0.0,0.0,0.0,0.0,0.0,0.0,0.0,1.0,1.0,0.0,0.0,1.0,-1.0,1.0,1.0,0.0,1.0,0.0,0.0
2829,531.0,3.0,1.0,5.0,57.0,0.0,0.0,0.0,0.0,0.0,0.0,0.0,0.0,0.0,0.0,1.0,0.0,0.0,0.0,1.0,0.0,21.0,29.0,0.0,0.0,0.0,0.0,0.0,0.0,0.0,1.0,0.0,0.0,0.0,0.0,0.0,0.0,0.0,0.0,0.0,0.0,0.0,0.0,1.0,0.0,1.0,1.0,1.0,1.0,1.0,1.0
2830,5972.0,2.0,0.0,1.0,72.0,4.0,0.0,0.0,0.0,0.0,0.0,0.0,0.0,0.0,4.0,1.0,1.0,0.0,0.0,1.0,0.0,27.0,38.0,0.0,0.0,0.0,0.0,0.1886792453,0.0097087379,0.0,1.0,0.0,0.0,0.0,0.4025157233,0.0,0.0,0.0,0.0,0.0,0.0,0.0,0.0,1.0,0.0,1.0,1.0,1.0,0.0,0.0,0.0
2831,7888.0,3.0,1.0,2.0,81.0,0.0,0.0,0.0,0.0,0.0,0.0,3.0,2.0,0.0,6.0,1.0,0.0,0.0,0.0,0.0,0.0,18.0,16.0,39.0,0.0,0.0,0.0,0.0087719298,0.0593220339,0.0,1.0,0.0,0.0,0.0,0.0,0.0,0.0,0.0,0.0,0.0,0.0,0.0,0.0,1.0,-1.0,1.0,1.0,0.0,1.0,0.0,0.0
2832,564.0,2.0,0.0,5.0,53.0,0.0,0.0,0.0,0.0,1.0,0.0,0.0,0.0,0.0,0.0,1.0,0.0,0.0,0.0,1.0,0.0,11.0,35.0,0.0,1.0,0.0,0.0,0.0,0.0,0.0,1.0,0.0,0.0,0.0,0.0,0.0,0.0,0.0,0.0,0.0,1.0,0.0,0.0,1.0,1.0,1.0,1.0,1.0,1.0,1.0,1.0
2833,2787.0,2.0,0.0,4.0,59.0,0.0,0.0,0.0,0.0,0.0,0.0,1.0,0.0,0.0,0.0,1.0,0.0,0.0,0.0,1.0,0.0,17.0,30.0,4.0,0.0,1.0,1.0,1.0,1.0,1.0,1.0,0.0,0.0,0.0,0.0,1.0,0.0,0.0,0.0,0.0,0.0,0.0,0.0,1.0,0.0,-1.0,1.0,-1.0,-1.0,1.0,1.0
2834,4568.0,2.0,0.0,4.0,88.0,3.0,0.0,0.0,0.0,0.0,0.0,0.0,0.0,0.0,0.0,1.0,1.0,0.0,0.0,0.0,0.0,19.0,62.0,0.0,0.0,1.0,0.0,0.0,0.0,0.0,1.0,1.0,0.0,0.0,1.0,0.0,0.0,0.0,0.0,0.0,1.0,0.0,0.0,1.0,-1.0,1.0,1.0,1.0,-1.0,1.0,1.0
2835,6193.0,2.0,0.0,2.0,82.0,0.0,0.0,0.0,0.0,0.0,0.0,3.0,2.0,0.0,7.0,1.0,1.0,0.0,0.0,1.0,0.0,25.0,19.0,30.0,0.0,0.0,0.0,0.0704225352,0.0714285714,0.0,1.0,0.0,0.0,0.0,0.0,0.0,0.0,0.0,0.0,0.0,0.0,0.0,0.0,1.0,-1.0,1.0,1.0,1.0,1.0,0.0,0.0
2836,637.0,3.0,1.0,3.0,66.0,0.0,0.0,0.0,0.0,1.0,0.0,2.0,0.0,0.0,1.0,1.0,0.0,0.0,0.0,0.0,0.0,17.0,16.0,25.0,0.0,1.0,0.0,0.0,0.0,0.0,1.0,0.0,0.0,0.0,0.0,0.0,0.0,0.0,0.0,0.0,0.0,0.0,0.0,1.0,0.0,1.0,1.0,1.0,1.0,1.0,1.0
2837,3566.0,2.0,1.0,6.0,107.0,1.0,0.0,0.0,0.0,0.0,0.0,0.0,0.0,0.0,21.0,1.0,1.0,0.0,0.0,1.0,0.0,34.0,66.0,0.0,0.0,0.0,0.0,0.0,0.7857142857,0.0,1.0,0.0,0.0,0.0,1.0,1.0,0.0,0.0,0.0,0.0,1.0,0.0,0.0,1.0,-1.0,-1.0,1.0,1.0,-1.0,1.0,1.0
2838,7714.0,1.0,0.0,2.0,77.0,4.0,0.0,0.0,0.0,0.0,0.0,1.0,1.0,0.0,1.0,1.0,1.0,0.0,0.0,1.0,0.0,13.0,45.0,11.0,0.0,0.0,0.0,0.1707317073,0.1428571429,0.0,1.0,1.0,0.0,0.0,0.0,0.0,0.0,0.0,0.0,0.0,1.0,0.0,0.0,1.0,-1.0,1.0,1.0,0.0,1.0,0.0,0.0
2839,4629.0,2.0,0.0,4.0,60.0,0.0,0.0,0.0,0.0,0.0,0.0,0.0,0.0,0.0,0.0,1.0,0.0,0.0,0.0,0.0,0.0,17.0,36.0,0.0,0.0,0.0,0.0,0.0,0.0,0.0,1.0,0.0,0.0,0.0,0.0,0.0,0.0,0.0,0.0,0.0,0.0,0.0,0.0,1.0,0.0,1.0,1.0,1.0,1.0,1.0,1.0
2840,5790.0,2.0,1.0,4.0,67.0,0.0,0.0,0.0,0.0,6.0,0.0,0.0,0.0,0.0,6.0,1.0,1.0,0.0,0.0,0.0,0.0,12.0,48.0,0.0,0.0,0.0,0.0,0.347826087,0.3157894737,0.0,1.0,0.0,0.0,0.0,0.0086956522,0.0,0.0,0.0,0.0,1.0,0.0,0.0,0.0,1.0,0.0,0.0,1.0,0.0,0.0,0.0,0.0
2841,1223.0,2.0,0.0,5.0,199.0,0.0,0.0,0.0,0.0,3.0,0.0,3.0,2.0,0.0,54.0,1.0,1.0,0.0,0.0,1.0,0.0,14.0,81.0,96.0,0.0,1.0,0.0,0.0405405405,0.9655172414,1.0,1.0,0.0,1.0,0.0,0.0,0.0,0.0,0.0,0.0,0.0,0.0,0.0,0.0,1.0,-1.0,-1.0,0.0,-1.0,1.0,1.0,1.0
2842,1305.0,3.0,1.0,4.0,53.0,0.0,0.0,0.0,0.0,0.0,0.0,0.0,0.0,0.0,2.0,1.0,0.0,0.0,0.0,0.0,0.0,16.0,30.0,0.0,0.0,0.0,0.0,1.0,1.0,0.0,1.0,0.0,0.0,0.0,0.0,1.0,0.0,0.0,0.0,0.0,1.0,1.0,0.0,1.0,1.0,-1.0,1.0,1.0,-1.0,1.0,1.0
2843,8286.0,2.0,0.0,2.0,59.0,0.0,0.0,0.0,0.0,3.0,0.0,0.0,0.0,0.0,0.0,1.0,1.0,0.0,0.0,0.0,0.0,8.0,44.0,0.0,0.0,0.0,1.0,0.0948905109,0.0740740741,0.0,1.0,0.0,0.0,0.0,0.0,0.0,1.0,0.0,0.0,1.0,0.0,0.0,0.0,1.0,0.0,1.0,1.0,1.0,1.0,0.0,0.0
2844,5321.0,2.0,1.0,7.0,92.0,6.0,0.0,0.0,0.0,0.0,0.0,0.0,0.0,0.0,9.0,1.0,1.0,0.0,0.0,1.0,0.0,20.0,65.0,0.0,0.0,0.0,0.0,0.2272727273,0.5625,0.0,1.0,0.0,0.0,0.0,0.0097402597,0.0,0.0,0.0,0.0,1.0,1.0,0.0,0.0,1.0,-1.0,0.0,1.0,0.0,1.0,0.0,0.0
2845,3752.0,3.0,1.0,5.0,86.0,1.0,0.0,0.0,0.0,0.0,0.0,0.0,0.0,0.0,0.0,1.0,0.0,0.0,0.0,0.0,0.0,36.0,43.0,0.0,0.0,0.0,0.0,0.375,0.0,0.0,1.0,0.0,0.0,0.0,0.5625,0.0,0.0,0.0,0.0,0.0,0.0,0.0,0.0,1.0,-1.0,1.0,1.0,1.0,-1.0,1.0,1.0
2846,9445.0,3.0,1.0,3.0,44.0,0.0,0.0,0.0,0.0,0.0,0.0,0.0,0.0,0.0,7.0,1.0,1.0,0.0,0.0,0.0,0.0,16.0,21.0,0.0,0.0,0.0,0.0,0.2682926829,0.8507462687,0.0,1.0,1.0,0.0,1.0,0.1707317073,0.0,0.0,0.0,0.0,0.0,1.0,0.0,1.0,1.0,1.0,-1.0,-1.0,0.0,0.0,0.0,0.0
2847,2426.0,2.0,0.0,1.0,53.0,0.0,0.0,0.0,0.0,0.0,0.0,0.0,0.0,0.0,0.0,1.0,1.0,0.0,0.0,0.0,0.0,24.0,22.0,0.0,0.0,1.0,0.0,0.6,1.0,1.0,1.0,0.0,0.0,0.0,0.0,1.0,0.0,0.0,0.0,0.0,1.0,0.0,0.0,1.0,1.0,-1.0,1.0,-1.0,0.0,1.0,1.0
2848,1319.0,2.0,0.0,3.0,49.0,0.0,0.0,0.0,0.0,0.0,0.0,0.0,0.0,0.0,0.0,1.0,0.0,0.0,0.0,1.0,0.0,20.0,22.0,0.0,0.0,0.0,0.0,0.0,0.7857142857,0.0,1.0,0.0,0.0,0.0,1.0,1.0,0.0,0.0,0.0,0.0,1.0,0.0,0.0,1.0,1.0,-1.0,1.0,1.0,-1.0,1.0,1.0
2849,6160.0,1.0,0.0,4.0,148.0,14.0,0.0,0.0,0.0,0.0,0.0,0.0,0.0,0.0,0.0,1.0,0.0,0.0,0.0,1.0,0.0,20.0,121.0,0.0,0.0,0.0,0.0,0.1363636364,0.4166666667,0.0,1.0,0.0,0.0,0.0,0.0681818182,0.0,0.0,0.0,0.0,0.0,1.0,0.0,0.0,1.0,-1.0,1.0,1.0,0.0,1.0,0.0,0.0
2850,2279.0,2.0,0.0,2.0,48.0,0.0,0.0,0.0,0.0,0.0,0.0,0.0,0.0,0.0,0.0,1.0,1.0,0.0,0.0,0.0,0.0,27.0,14.0,0.0,0.0,0.0,0.0,0.9230769231,1.0,0.0,1.0,0.0,0.0,0.0,0.0,1.0,0.0,0.0,0.0,0.0,0.0,0.0,0.0,1.0,1.0,1.0,1.0,-1.0,-1.0,1.0,1.0
2851,2054.0,3.0,0.0,2.0,48.0,0.0,0.0,0.0,0.0,0.0,0.0,0.0,0.0,0.0,0.0,1.0,0.0,0.0,0.0,0.0,0.0,16.0,25.0,0.0,0.0,0.0,0.0,1.0,1.0,0.0,1.0,0.0,0.0,0.0,0.0,1.0,0.0,0.0,0.0,0.0,0.0,0.0,0.0,1.0,1.0,-1.0,1.0,-1.0,-1.0,1.0,1.0
2852,6480.0,4.0,2.0,4.0,143.0,0.0,0.0,0.0,0.0,8.0,0.0,3.0,2.0,0.0,26.0,1.0,0.0,0.0,0.0,1.0,0.0,22.0,39.0,74.0,0.0,0.0,0.0,0.0428571429,0.7608695652,0.0,1.0,0.0,0.0,0.0,0.0,0.0,0.0,0.0,0.0,0.0,1.0,0.0,0.0,0.0,-1.0,-1.0,1.0,0.0,1.0,0.0,0.0
2853,4658.0,4.0,0.0,3.0,64.0,1.0,0.0,0.0,0.0,0.0,0.0,0.0,0.0,0.0,0.0,1.0,0.0,0.0,0.0,1.0,0.0,17.0,40.0,0.0,0.0,1.0,0.0,0.8181818182,0.1538461538,1.0,1.0,0.0,0.0,0.0,0.0909090909,0.0,0.0,0.0,0.0,0.0,1.0,0.0,0.0,1.0,0.0,0.0,1.0,0.0,-1.0,1.0,1.0
2854,7674.0,2.0,1.0,0.0,93.0,0.0,0.0,0.0,0.0,1.0,0.0,4.0,3.0,0.0,5.0,1.0,0.0,0.0,0.0,0.0,0.0,20.0,1.0,64.0,0.0,0.0,0.0,0.1428571429,0.1052631579,0.0,1.0,0.0,0.0,0.0,0.0,0.0,0.0,0.0,0.0,0.0,0.0,0.0,0.0,1.0,-1.0,1.0,1.0,1.0,1.0,0.0,0.0
2855,9923.0,3.0,1.0,1.0,42.0,0.0,0.0,0.0,0.0,0.0,0.0,0.0,0.0,0.0,0.0,1.0,0.0,0.0,0.0,0.0,0.0,20.0,15.0,0.0,0.0,0.0,0.0,0.0215827338,0.9027777778,1.0,1.0,0.0,1.0,0.0,0.0107913669,0.0,0.0,0.0,0.0,0.0,1.0,0.0,0.0,1.0,1.0,-1.0,0.0,-1.0,1.0,0.0,0.0
2856,8879.0,2.0,0.0,3.0,52.0,2.0,0.0,0.0,0.0,0.0,0.0,0.0,0.0,0.0,2.0,1.0,0.0,0.0,0.0,0.0,0.0,15.0,30.0,0.0,0.0,0.0,0.0,0.3173652695,0.695035461,0.0,1.0,1.0,0.0,1.0,0.0119760479,0.0,0.0,0.0,1.0,0.0,1.0,0.0,0.0,1.0,1.0,-1.0,-1.0,0.0,0.0,0.0,0.0
2857,9752.0,2.0,1.0,0.0,40.0,0.0,0.0,0.0,0.0,0.0,0.0,1.0,0.0,0.0,0.0,1.0,0.0,0.0,0.0,0.0,0.0,16.0,1.0,15.0,0.0,0.0,0.0,0.0,0.1666666667,0.0,1.0,1.0,0.0,0.0,0.0,0.0,0.0,0.0,0.0,0.0,0.0,0.0,0.0,1.0,1.0,1.0,1.0,0.0,1.0,0.0,0.0
2858,6208.0,2.0,1.0,4.0,109.0,2.0,0.0,0.0,0.0,6.0,0.0,0.0,0.0,0.0,9.0,1.0,1.0,0.0,0.0,0.0,0.0,20.0,82.0,0.0,0.0,0.0,0.0,0.0619834711,0.2083333333,0.0,1.0,1.0,0.0,1.0,0.0454545455,0.0,0.0,0.0,0.0,0.0,0.0,0.0,0.0,1.0,-1.0,1.0,-1.0,0.0,1.0,0.0,0.0
2859,7234.0,4.0,1.0,12.0,128.0,4.0,0.0,0.0,0.0,0.0,0.0,0.0,0.0,0.0,16.0,1.0,1.0,0.0,0.0,1.0,0.0,20.0,101.0,0.0,0.0,0.0,0.0,0.1224489796,0.2647058824,0.0,0.0,0.0,0.0,0.0,0.1020408163,0.0,0.0,0.0,0.0,1.0,0.0,0.0,0.0,1.0,-1.0,1.0,1.0,0.0,1.0,0.0,0.0
2860,6969.0,2.0,0.0,1.0,113.0,0.0,0.0,0.0,0.0,4.0,0.0,5.0,4.0,0.0,8.0,1.0,0.0,0.0,0.0,0.0,0.0,20.0,10.0,75.0,0.0,0.0,0.0,0.0204081633,0.0727272727,0.0,1.0,0.0,0.0,0.0,0.0,0.0,0.0,0.0,0.0,0.0,0.0,0.0,0.0,1.0,-1.0,1.0,1.0,1.0,1.0,0.0,0.0
2861,1316.0,4.0,2.0,4.0,63.0,1.0,0.0,0.0,0.0,0.0,0.0,0.0,0.0,0.0,4.0,1.0,1.0,0.0,0.0,0.0,0.0,26.0,30.0,0.0,0.0,0.0,0.0,1.0,1.0,0.0,1.0,0.0,1.0,0.0,0.0,1.0,0.0,0.0,0.0,0.0,1.0,0.0,0.0,1.0,0.0,-1.0,0.0,-1.0,-1.0,1.0,1.0
2862,7882.0,1.0,0.0,2.0,85.0,1.0,0.0,0.0,0.0,0.0,3.0,1.0,0.0,0.0,9.0,1.0,0.0,0.0,0.0,0.0,0.0,16.0,11.0,50.0,0.0,1.0,0.0,0.1478873239,0.2105263158,0.0,1.0,1.0,1.0,0.0,0.0,0.0,0.0,0.0,0.0,0.0,0.0,0.0,0.0,1.0,-1.0,1.0,0.0,0.0,1.0,0.0,0.0
2863,1843.0,1.0,0.0,5.0,47.0,0.0,0.0,0.0,0.0,0.0,0.0,0.0,0.0,0.0,0.0,1.0,0.0,0.0,0.0,1.0,0.0,8.0,32.0,0.0,0.0,0.0,0.0,0.0,0.0740740741,1.0,1.0,0.0,0.0,0.0,0.0,0.0,0.0,0.0,0.0,0.0,0.0,0.0,0.0,1.0,1.0,1.0,1.0,1.0,1.0,1.0,1.0
2864,8125.0,3.0,1.0,2.0,100.0,6.0,0.0,0.0,0.0,0.0,0.0,0.0,0.0,0.0,7.0,1.0,1.0,0.0,0.0,1.0,0.0,20.0,73.0,0.0,0.0,0.0,0.0,0.0666666667,0.0714285714,0.0,0.0,0.0,0.0,0.0,0.0095238095,0.0,0.0,0.0,0.0,0.0,0.0,0.0,0.0,1.0,-1.0,1.0,1.0,1.0,1.0,0.0,0.0
2865,5793.0,3.0,1.0,3.0,87.0,3.0,0.0,0.0,0.0,0.0,0.0,1.0,0.0,0.0,19.0,1.0,1.0,0.0,0.0,1.0,0.0,21.0,33.0,25.0,0.0,0.0,0.0,0.5551724138,0.9931506849,0.0,1.0,0.0,1.0,0.0,0.0,0.0,0.0,0.0,0.0,0.0,1.0,0.0,0.0,1.0,-1.0,-1.0,0.0,-1.0,0.0,0.0,0.0
2866,1781.0,2.0,0.0,2.0,32.0,1.0,1.0,0.0,0.0,0.0,0.0,0.0,0.0,0.0,0.0,1.0,0.0,0.0,0.0,0.0,0.0,12.0,13.0,0.0,0.0,0.0,0.0,0.0,0.7857142857,0.0,1.0,0.0,0.0,0.0,1.0,1.0,0.0,0.0,0.0,0.0,1.0,0.0,0.0,1.0,1.0,-1.0,1.0,1.0,-1.0,1.0,1.0
2867,3199.0,3.0,1.0,8.0,153.0,3.0,1.0,0.0,0.0,0.0,0.0,0.0,0.0,0.0,47.0,1.0,1.0,0.0,0.0,1.0,0.0,20.0,126.0,0.0,0.0,0.0,0.0,0.0,0.0416666667,1.0,1.0,0.0,0.0,0.0,0.0,0.0,0.0,0.0,0.0,0.0,0.0,0.0,0.0,1.0,-1.0,1.0,1.0,0.0,1.0,1.0,1.0
2868,9833.0,3.0,1.0,4.0,52.0,1.0,0.0,0.0,0.0,1.0,0.0,0.0,0.0,0.0,6.0,1.0,1.0,0.0,0.0,1.0,0.0,14.0,31.0,0.0,0.0,0.0,0.0,0.0,0.0,0.0,0.0,0.0,0.0,0.0,0.0,0.0,0.0,0.0,0.0,1.0,0.0,0.0,0.0,1.0,1.0,1.0,1.0,1.0,1.0,0.0,0.0
2869,2177.0,3.0,1.0,2.0,46.0,0.0,0.0,0.0,0.0,0.0,0.0,0.0,0.0,0.0,0.0,1.0,1.0,0.0,0.0,0.0,0.0,23.0,16.0,0.0,0.0,0.0,0.0,0.0,0.0,0.0,1.0,1.0,0.0,0.0,0.1111111111,0.0,0.0,0.0,0.0,0.0,0.0,0.0,0.0,1.0,1.0,1.0,1.0,1.0,1.0,1.0,1.0
2870,2552.0,2.0,0.0,2.0,48.0,0.0,0.0,0.0,0.0,0.0,0.0,0.0,0.0,0.0,0.0,1.0,0.0,0.0,0.0,0.0,0.0,11.0,30.0,0.0,0.0,0.0,0.0,0.5,1.0,1.0,1.0,0.0,0.0,0.0,0.0,1.0,0.0,0.0,0.0,0.0,0.0,0.0,0.0,1.0,1.0,-1.0,1.0,-1.0,0.0,1.0,1.0
2871,3556.0,2.0,1.0,2.0,45.0,3.0,3.0,0.0,0.0,0.0,0.0,0.0,0.0,0.0,0.0,1.0,1.0,0.0,0.0,0.0,0.0,32.0,6.0,0.0,0.0,0.0,0.0,0.0,0.0,0.0,1.0,0.0,0.0,0.0,0.0,0.0,0.0,0.0,0.0,0.0,0.0,0.0,0.0,1.0,1.0,1.0,1.0,1.0,1.0,1.0,1.0
2872,8082.0,2.0,1.0,2.0,95.0,7.0,0.0,0.0,0.0,0.0,0.0,1.0,0.0,0.0,3.0,1.0,1.0,0.0,0.0,1.0,0.0,14.0,62.0,11.0,0.0,0.0,0.0,0.1417322835,0.2769230769,0.0,1.0,0.0,0.0,0.0,0.0,0.0,0.0,0.0,0.0,1.0,1.0,0.0,0.0,1.0,-1.0,0.0,1.0,0.0,1.0,0.0,0.0
2873,1944.0,1.0,0.0,2.0,20.0,0.0,0.0,0.0,0.0,0.0,0.0,0.0,0.0,0.0,0.0,1.0,0.0,0.0,0.0,0.0,0.0,9.0,4.0,0.0,0.0,0.0,0.0,0.9333333333,1.0,0.0,1.0,0.0,0.0,0.0,0.0,1.0,0.0,0.0,0.0,0.0,0.0,0.0,0.0,1.0,1.0,1.0,1.0,-1.0,-1.0,1.0,1.0
2874,9224.0,3.0,1.0,3.0,37.0,0.0,0.0,0.0,0.0,0.0,0.0,0.0,0.0,0.0,8.0,1.0,1.0,0.0,0.0,0.0,0.0,12.0,18.0,0.0,0.0,0.0,0.0,0.0801186944,0.1677018634,0.0,1.0,1.0,0.0,1.0,0.0,0.0,0.0,0.0,0.0,0.0,1.0,0.0,0.0,1.0,1.0,1.0,-1.0,0.0,1.0,0.0,0.0
2875,2078.0,3.0,1.0,3.0,49.0,0.0,0.0,0.0,0.0,0.0,0.0,0.0,0.0,0.0,0.0,1.0,0.0,0.0,0.0,0.0,0.0,21.0,21.0,0.0,0.0,0.0,0.0,0.0,0.0,0.0,1.0,1.0,0.0,0.0,1.0,0.0,0.0,0.0,0.0,0.0,0.0,0.0,0.0,1.0,1.0,1.0,1.0,1.0,-1.0,1.0,1.0
2876,1410.0,2.0,0.0,5.0,64.0,2.0,1.0,0.0,0.0,0.0,0.0,0.0,0.0,0.0,0.0,1.0,0.0,0.0,0.0,0.0,0.0,14.0,43.0,0.0,0.0,0.0,0.0,0.9230769231,1.0,0.0,1.0,0.0,0.0,0.0,0.0,1.0,0.0,0.0,0.0,0.0,1.0,0.0,0.0,1.0,0.0,-1.0,1.0,-1.0,-1.0,1.0,1.0
2877,9589.0,2.0,1.0,0.0,25.0,0.0,0.0,0.0,0.0,0.0,0.0,0.0,0.0,0.0,0.0,1.0,0.0,0.0,0.0,0.0,0.0,17.0,1.0,0.0,0.0,0.0,0.0,0.0844155844,0.1960784314,0.0,0.0,0.0,0.0,0.0,0.038961039,0.0,0.0,0.0,0.0,0.0,0.0,0.0,0.0,1.0,1.0,1.0,1.0,0.0,1.0,0.0,0.0
2878,1788.0,3.0,1.0,7.0,93.0,1.0,0.0,0.0,0.0,0.0,0.0,0.0,0.0,0.0,17.0,1.0,1.0,0.0,0.0,1.0,0.0,22.0,64.0,0.0,0.0,0.0,0.0,0.0,0.125,0.0,1.0,1.0,0.0,0.0,0.9230769231,0.0,0.0,0.0,0.0,0.0,0.0,0.0,0.0,1.0,-1.0,1.0,1.0,1.0,-1.0,1.0,1.0
2879,129.0,4.0,0.0,4.0,89.0,2.0,0.0,0.0,0.0,0.0,0.0,0.0,0.0,0.0,21.0,1.0,1.0,1.0,0.0,0.0,0.0,13.0,34.0,34.0,0.0,2.0,0.0,0.0,0.0357142857,1.0,1.0,0.0,0.0,0.0,0.0,1.0,0.0,0.0,0.0,0.0,1.0,0.0,0.0,1.0,-1.0,1.0,1.0,1.0,1.0,1.0,1.0
2880,6104.0,3.0,1.0,1.0,100.0,9.0,0.0,0.0,0.0,0.0,0.0,1.0,1.0,0.0,11.0,1.0,1.0,0.0,0.0,0.0,0.0,17.0,15.0,60.0,0.0,0.0,0.0,0.0198675497,0.0256410256,0.0,0.0,0.0,0.0,0.0,0.0,0.0,0.0,0.0,0.0,0.0,0.0,0.0,0.0,1.0,-1.0,1.0,1.0,1.0,1.0,0.0,0.0
2881,2633.0,5.0,0.0,4.0,61.0,0.0,0.0,0.0,0.0,0.0,0.0,0.0,0.0,0.0,5.0,1.0,1.0,0.0,0.0,1.0,0.0,15.0,39.0,0.0,0.0,0.0,1.0,0.9230769231,1.0,0.0,1.0,0.0,0.0,0.0,0.0,1.0,0.0,0.0,0.0,0.0,0.0,0.0,0.0,1.0,0.0,1.0,1.0,-1.0,-1.0,1.0,1.0
2882,2837.0,2.0,0.0,4.0,67.0,2.0,0.0,0.0,0.0,1.0,0.0,0.0,0.0,0.0,0.0,1.0,1.0,0.0,0.0,1.0,0.0,21.0,39.0,0.0,0.0,0.0,0.0,0.0,0.3333333333,0.0,1.0,1.0,0.0,0.0,0.0,0.0,0.0,0.0,0.0,0.0,0.0,0.0,0.0,1.0,0.0,1.0,1.0,-1.0,1.0,1.0,1.0
2883,2550.0,3.0,0.0,4.0,44.0,0.0,0.0,0.0,0.0,0.0,0.0,0.0,0.0,0.0,0.0,1.0,1.0,0.0,0.0,1.0,0.0,11.0,26.0,0.0,0.0,0.0,0.0,0.0,1.0,0.0,1.0,1.0,0.0,0.0,1.0,1.0,0.0,0.0,0.0,0.0,0.0,0.0,0.0,1.0,1.0,-1.0,1.0,-1.0,-1.0,1.0,1.0
2884,6338.0,2.0,1.0,7.0,161.0,18.0,0.0,0.0,0.0,0.0,0.0,0.0,0.0,0.0,14.0,1.0,1.0,0.0,0.0,1.0,0.0,22.0,132.0,0.0,0.0,0.0,0.0,0.4418604651,0.9591836735,1.0,1.0,0.0,0.0,0.0,0.0697674419,0.0,0.0,0.0,0.0,0.0,1.0,0.0,0.0,1.0,-1.0,-1.0,1.0,-1.0,0.0,0.0,0.0
2885,6268.0,2.0,0.0,2.0,138.0,0.0,0.0,0.0,0.0,0.0,0.0,7.0,6.0,0.0,14.0,1.0,0.0,0.0,0.0,0.0,0.0,12.0,31.0,87.0,0.0,0.0,0.0,0.1785714286,0.4545454545,0.0,1.0,0.0,0.0,0.0,0.0,0.0,0.0,0.0,0.0,0.0,0.0,0.0,0.0,1.0,-1.0,0.0,1.0,0.0,1.0,0.0,0.0
2886,1395.0,2.0,1.0,2.0,32.0,1.0,0.0,0.0,0.0,0.0,0.0,0.0,0.0,0.0,0.0,1.0,0.0,0.0,0.0,0.0,0.0,13.0,12.0,0.0,0.0,0.0,0.0,0.0,0.1538461538,0.0,1.0,0.0,0.0,0.0,0.0,0.0,0.0,0.0,0.0,0.0,0.0,0.0,0.0,1.0,1.0,1.0,1.0,1.0,1.0,1.0,1.0
2887,7206.0,3.0,1.0,3.0,85.0,0.0,0.0,0.0,0.0,0.0,0.0,2.0,1.0,0.0,13.0,1.0,1.0,0.0,0.0,0.0,0.0,15.0,34.0,28.0,0.0,0.0,0.0,0.1506849315,0.1176470588,0.0,0.0,0.0,1.0,0.0,0.0,0.0,0.0,0.0,0.0,0.0,0.0,0.0,0.0,1.0,-1.0,1.0,0.0,1.0,1.0,0.0,0.0
2888,555.0,5.0,1.0,4.0,57.0,1.0,1.0,0.0,0.0,0.0,0.0,0.0,0.0,0.0,0.0,1.0,1.0,0.0,0.0,0.0,0.0,23.0,27.0,0.0,0.0,0.0,0.0,0.0,0.0,0.0,1.0,1.0,0.0,0.0,0.0,0.0,0.0,0.0,0.0,0.0,0.0,0.0,0.0,1.0,0.0,1.0,1.0,1.0,1.0,1.0,1.0
2889,7127.0,1.0,0.0,2.0,65.0,6.0,0.0,0.0,0.0,0.0,0.0,0.0,0.0,0.0,0.0,1.0,0.0,0.0,0.0,1.0,0.0,8.0,50.0,0.0,0.0,0.0,0.0,0.2258064516,0.8,1.0,0.0,0.0,0.0,0.0,0.0322580645,0.0,0.0,0.0,0.0,1.0,0.0,0.0,0.0,1.0,0.0,-1.0,1.0,0.0,1.0,0.0,0.0
2890,1981.0,2.0,0.0,4.0,50.0,0.0,0.0,0.0,0.0,0.0,0.0,0.0,0.0,0.0,4.0,1.0,1.0,0.0,0.0,0.0,0.0,20.0,23.0,0.0,0.0,0.0,0.0,0.0,0.0,0.0,1.0,0.0,0.0,0.0,1.0,0.0,0.0,0.0,0.0,0.0,0.0,0.0,1.0,1.0,1.0,1.0,1.0,1.0,-1.0,1.0,1.0
2891,777.0,1.0,0.0,4.0,52.0,1.0,0.0,0.0,0.0,0.0,0.0,0.0,0.0,0.0,0.0,1.0,1.0,0.0,0.0,0.0,0.0,21.0,24.0,0.0,0.0,0.0,0.0,0.0,0.0,0.0,1.0,1.0,0.0,0.0,1.0,0.0,0.0,0.0,0.0,0.0,0.0,0.0,0.0,1.0,1.0,1.0,1.0,1.0,-1.0,1.0,1.0
2892,7651.0,2.0,0.0,6.0,70.0,1.0,0.0,0.0,0.0,0.0,0.0,0.0,0.0,0.0,0.0,1.0,0.0,0.0,0.0,1.0,0.0,14.0,49.0,0.0,0.0,0.0,0.0,0.0126582278,0.28,0.0,1.0,0.0,0.0,0.0,0.1012658228,0.0,0.0,0.0,0.0,0.0,1.0,0.0,0.0,1.0,0.0,0.0,1.0,0.0,1.0,0.0,0.0
2893,4537.0,6.0,1.0,4.0,72.0,0.0,0.0,0.0,0.0,0.0,0.0,0.0,0.0,0.0,0.0,1.0,1.0,0.0,0.0,1.0,0.0,27.0,38.0,0.0,0.0,1.0,1.0,1.0,1.0,0.0,1.0,0.0,0.0,0.0,0.0,1.0,0.0,0.0,0.0,0.0,0.0,0.0,0.0,1.0,0.0,-1.0,1.0,-1.0,-1.0,1.0,1.0
2894,5527.0,2.0,0.0,1.0,60.0,2.0,0.0,0.0,0.0,0.0,0.0,0.0,0.0,0.0,0.0,1.0,0.0,0.0,0.0,1.0,0.0,21.0,32.0,0.0,0.0,0.0,0.0,0.2941176471,0.0555555556,0.0,1.0,1.0,0.0,1.0,0.0588235294,0.0,1.0,0.0,0.0,0.0,0.0,0.0,0.0,1.0,0.0,1.0,-1.0,1.0,0.0,0.0,0.0
2895,5780.0,4.0,2.0,2.0,70.0,0.0,0.0,0.0,0.0,1.0,0.0,1.0,0.0,0.0,8.0,1.0,0.0,0.0,0.0,0.0,0.0,24.0,19.0,19.0,0.0,0.0,0.0,0.0571428571,0.1224489796,0.0,1.0,1.0,0.0,1.0,0.0,0.0,0.0,0.0,0.0,0.0,1.0,0.0,0.0,0.0,0.0,0.0,-1.0,1.0,1.0,0.0,0.0
2896,5509.0,3.0,1.0,10.0,86.0,0.0,0.0,0.0,0.0,0.0,0.0,0.0,0.0,0.0,0.0,1.0,1.0,0.0,0.0,1.0,0.0,19.0,60.0,0.0,0.0,0.0,0.0,0.0227272727,0.0256410256,0.0,0.0,0.0,0.0,0.0,0.0,0.0,0.0,0.0,0.0,1.0,0.0,0.0,0.0,1.0,-1.0,1.0,1.0,1.0,1.0,0.0,0.0
2897,2531.0,2.0,0.0,6.0,82.0,1.0,0.0,0.0,0.0,0.0,0.0,0.0,0.0,0.0,0.0,1.0,1.0,0.0,0.0,1.0,0.0,24.0,51.0,0.0,0.0,0.0,0.0,0.0,0.0,0.0,0.0,0.0,0.0,0.0,0.0,1.0,0.0,0.0,0.0,0.0,0.0,1.0,0.0,1.0,-1.0,1.0,1.0,1.0,1.0,1.0,1.0
2898,8754.0,1.0,0.0,6.0,47.0,0.0,0.0,0.0,0.0,0.0,0.0,0.0,0.0,0.0,8.0,1.0,1.0,0.0,0.0,1.0,0.0,15.0,25.0,0.0,0.0,0.0,0.0,0.1176470588,0.4666666667,0.0,1.0,0.0,0.0,0.0,0.0,0.0,0.0,0.0,0.0,0.0,0.0,0.0,0.0,1.0,1.0,1.0,1.0,0.0,1.0,0.0,0.0
2899,3055.0,4.0,1.0,6.0,62.0,1.0,0.0,0.0,0.0,0.0,0.0,0.0,0.0,0.0,0.0,1.0,1.0,0.0,0.0,1.0,0.0,20.0,35.0,0.0,0.0,0.0,0.0,0.0666666667,0.1818181818,1.0,1.0,1.0,0.0,0.0,0.9333333333,0.0,0.0,0.0,0.0,0.0,0.0,0.0,0.0,1.0,0.0,1.0,1.0,0.0,-1.0,1.0,1.0
2900,2855.0,2.0,0.0,3.0,58.0,1.0,0.0,0.0,0.0,0.0,0.0,0.0,0.0,0.0,0.0,1.0,0.0,0.0,0.0,1.0,0.0,25.0,26.0,0.0,0.0,0.0,0.0,1.0,0.0952380952,0.0,1.0,0.0,0.0,0.0,0.0,0.0,0.0,0.0,0.0,0.0,1.0,0.0,0.0,1.0,0.0,1.0,1.0,1.0,-1.0,1.0,1.0
2901,3803.0,3.0,1.0,3.0,59.0,0.0,0.0,0.0,0.0,0.0,0.0,0.0,0.0,0.0,0.0,1.0,1.0,0.0,0.0,1.0,0.0,20.0,32.0,0.0,0.0,0.0,0.0,0.0,0.7857142857,0.0,1.0,0.0,0.0,0.0,1.0,1.0,0.0,0.0,0.0,0.0,1.0,0.0,0.0,1.0,0.0,-1.0,1.0,1.0,-1.0,1.0,1.0
2902,6185.0,1.0,0.0,6.0,69.0,4.0,0.0,0.0,0.0,0.0,0.0,0.0,0.0,0.0,8.0,1.0,1.0,0.0,0.0,1.0,0.0,13.0,49.0,0.0,0.0,0.0,0.0,0.2391304348,0.1860465116,0.0,1.0,0.0,0.0,0.0,0.0652173913,0.0,0.0,0.0,0.0,1.0,1.0,0.0,0.0,1.0,0.0,1.0,1.0,1.0,1.0,0.0,0.0
2903,1159.0,2.0,0.0,4.0,40.0,0.0,0.0,0.0,0.0,0.0,0.0,0.0,0.0,0.0,1.0,1.0,1.0,0.0,0.0,0.0,0.0,17.0,16.0,0.0,0.0,0.0,0.0,0.0,0.7857142857,0.0,1.0,0.0,0.0,0.0,1.0,1.0,0.0,0.0,0.0,0.0,1.0,0.0,0.0,1.0,1.0,-1.0,1.0,1.0,-1.0,1.0,1.0
2904,1884.0,3.0,1.0,2.0,51.0,0.0,0.0,0.0,0.0,0.0,0.0,0.0,0.0,0.0,0.0,1.0,1.0,0.0,0.0,1.0,0.0,27.0,17.0,0.0,0.0,0.0,0.0,0.0,0.6666666667,1.0,1.0,0.0,0.0,0.0,1.0,0.0,0.0,0.0,0.0,0.0,0.0,0.0,0.0,1.0,1.0,-1.0,1.0,0.0,-1.0,1.0,1.0
2905,8234.0,1.0,0.0,3.0,130.0,3.0,0.0,0.0,0.0,3.0,7.0,1.0,0.0,0.0,22.0,1.0,0.0,0.0,0.0,1.0,0.0,10.0,26.0,86.0,0.0,0.0,1.0,0.03125,0.1363636364,0.0,1.0,0.0,0.0,0.0,0.0,0.0,0.0,0.0,0.0,0.0,1.0,0.0,0.0,1.0,-1.0,1.0,1.0,1.0,1.0,0.0,0.0
2906,9939.0,2.0,1.0,2.0,41.0,1.0,1.0,0.0,0.0,0.0,0.0,0.0,0.0,0.0,5.0,1.0,1.0,0.0,0.0,0.0,0.0,23.0,11.0,0.0,0.0,0.0,0.0,0.2054794521,0.12,0.0,1.0,1.0,0.0,0.0,0.1369863014,0.0,0.0,0.0,0.0,1.0,1.0,0.0,0.0,1.0,1.0,1.0,1.0,0.0,0.0,0.0,0.0
2907,3572.0,5.0,1.0,9.0,103.0,0.0,0.0,0.0,0.0,0.0,0.0,0.0,0.0,0.0,23.0,1.0,1.0,0.0,0.0,1.0,0.0,15.0,81.0,0.0,0.0,0.0,0.0,0.0,0.5,0.0,1.0,0.0,0.0,0.0,0.0,0.0,0.0,0.0,0.0,0.0,0.0,0.0,0.0,1.0,-1.0,1.0,1.0,0.0,1.0,1.0,1.0
2908,4367.0,4.0,1.0,6.0,79.0,0.0,0.0,0.0,0.0,0.0,0.0,0.0,0.0,0.0,1.0,1.0,1.0,0.0,0.0,0.0,0.0,20.0,52.0,0.0,0.0,0.0,0.0,0.0,0.0,0.0,1.0,0.0,0.0,0.0,0.0,0.0,0.0,0.0,0.0,0.0,0.0,0.0,0.0,1.0,-1.0,1.0,1.0,1.0,1.0,1.0,1.0
2909,4477.0,2.0,0.0,3.0,61.0,0.0,0.0,0.0,0.0,0.0,0.0,0.0,0.0,0.0,0.0,1.0,0.0,0.0,0.0,0.0,0.0,17.0,37.0,0.0,0.0,0.0,0.0,1.0,1.0,0.0,0.0,0.0,1.0,0.0,0.0,1.0,0.0,0.0,0.0,0.0,0.0,0.0,0.0,1.0,0.0,-1.0,0.0,-1.0,-1.0,1.0,1.0
2910,6227.0,3.0,1.0,6.0,81.0,1.0,0.0,0.0,0.0,0.0,0.0,0.0,0.0,0.0,6.0,1.0,1.0,0.0,0.0,0.0,0.0,23.0,51.0,0.0,0.0,0.0,0.0,0.3173652695,0.2727272727,0.0,1.0,0.0,0.0,0.0,0.0119760479,0.0,0.0,1.0,0.0,0.0,1.0,0.0,0.0,1.0,-1.0,1.0,1.0,0.0,0.0,0.0,0.0
2911,5785.0,1.0,0.0,4.0,70.0,2.0,0.0,0.0,0.0,0.0,0.0,1.0,0.0,0.0,7.0,1.0,1.0,0.0,0.0,1.0,0.0,14.0,41.0,7.0,0.0,0.0,0.0,0.6034482759,0.3225806452,0.0,1.0,0.0,1.0,0.0,0.0,0.0,0.0,0.0,0.0,0.0,0.0,0.0,0.0,1.0,0.0,0.0,0.0,0.0,0.0,0.0,0.0
2912,3160.0,2.0,1.0,3.0,57.0,0.0,0.0,0.0,0.0,0.0,0.0,0.0,0.0,0.0,18.0,1.0,1.0,0.0,0.0,0.0,0.0,14.0,36.0,0.0,0.0,0.0,0.0,0.0,0.0,0.0,1.0,0.0,0.0,0.0,0.0,0.0,0.0,0.0,0.0,0.0,0.0,0.0,0.0,1.0,0.0,1.0,1.0,1.0,1.0,1.0,1.0
2913,5218.0,2.0,1.0,5.0,119.0,0.0,0.0,0.0,0.0,9.0,0.0,0.0,0.0,0.0,0.0,1.0,0.0,0.0,0.0,0.0,0.0,20.0,92.0,0.0,0.0,0.0,0.0,0.3169398907,0.2,0.0,1.0,1.0,1.0,0.0,0.0,0.0,0.0,0.0,0.0,0.0,0.0,0.0,0.0,1.0,-1.0,1.0,0.0,0.0,0.0,0.0,0.0
2914,1674.0,2.0,1.0,6.0,61.0,0.0,0.0,0.0,0.0,0.0,0.0,0.0,0.0,0.0,1.0,1.0,1.0,0.0,0.0,0.0,0.0,18.0,36.0,0.0,0.0,0.0,0.0,0.0,0.0,0.0,1.0,0.0,0.0,0.0,0.0,0.0,0.0,0.0,0.0,0.0,0.0,0.0,0.0,1.0,0.0,1.0,1.0,1.0,1.0,1.0,1.0
2915,8257.0,2.0,0.0,2.0,63.0,0.0,0.0,0.0,0.0,0.0,0.0,2.0,1.0,0.0,4.0,1.0,0.0,0.0,0.0,0.0,0.0,10.0,22.0,23.0,0.0,0.0,0.0,0.3333333333,0.125,0.0,1.0,0.0,0.0,0.0,0.0,0.0,0.0,0.0,0.0,0.0,0.0,0.0,0.0,1.0,0.0,1.0,1.0,1.0,0.0,0.0,0.0
2916,6825.0,3.0,1.0,1.0,103.0,10.0,3.0,0.0,0.0,0.0,0.0,0.0,0.0,0.0,9.0,1.0,1.0,0.0,1.0,0.0,0.0,34.0,62.0,0.0,0.0,0.0,0.0,0.2653061224,1.0,1.0,1.0,0.0,0.0,0.0,0.0510204082,0.0,0.0,0.0,0.0,0.0,1.0,0.0,0.0,1.0,-1.0,-1.0,1.0,-1.0,0.0,0.0,0.0
2917,997.0,3.0,1.0,3.0,53.0,0.0,0.0,0.0,0.0,0.0,0.0,0.0,0.0,0.0,0.0,1.0,0.0,0.0,0.0,0.0,0.0,21.0,25.0,0.0,0.0,0.0,0.0,0.0,0.0,0.0,1.0,0.0,0.0,0.0,0.0,0.0,0.0,0.0,0.0,0.0,0.0,0.0,0.0,1.0,1.0,1.0,1.0,1.0,1.0,1.0,1.0
2918,5380.0,3.0,1.0,1.0,94.0,10.0,0.0,0.0,0.0,0.0,0.0,1.0,0.0,0.0,9.0,1.0,1.0,0.0,0.0,1.0,0.0,15.0,58.0,13.0,0.0,0.0,0.0,0.0408163265,0.8484848485,0.0,1.0,1.0,0.0,0.0,0.0,0.0,0.0,0.0,0.0,0.0,1.0,0.0,0.0,1.0,-1.0,-1.0,1.0,0.0,1.0,0.0,0.0
2919,1981.0,2.0,0.0,4.0,50.0,0.0,0.0,0.0,0.0,0.0,0.0,0.0,0.0,0.0,4.0,1.0,1.0,0.0,0.0,0.0,0.0,20.0,23.0,0.0,0.0,0.0,0.0,0.0,0.0,0.0,1.0,0.0,0.0,0.0,1.0,0.0,0.0,0.0,0.0,0.0,0.0,0.0,1.0,1.0,1.0,1.0,1.0,1.0,-1.0,1.0,1.0
2920,2413.0,3.0,0.0,2.0,46.0,1.0,0.0,0.0,0.0,0.0,0.0,0.0,0.0,0.0,0.0,1.0,0.0,0.0,0.0,0.0,0.0,20.0,19.0,0.0,0.0,0.0,0.0,0.3333333333,0.3333333333,0.0,1.0,0.0,0.0,0.0,0.0,0.0,0.0,0.0,0.0,0.0,0.0,0.0,0.0,1.0,1.0,1.0,1.0,0.0,0.0,1.0,1.0
2921,2480.0,2.0,0.0,7.0,225.0,1.0,1.0,0.0,0.0,1.0,0.0,3.0,2.0,0.0,31.0,1.0,1.0,0.0,0.0,1.0,0.0,26.0,55.0,136.0,0.0,2.0,0.0,0.0,0.3333333333,0.0,1.0,0.0,0.0,0.0,0.0,0.0,0.0,0.0,0.0,0.0,0.0,0.0,0.0,1.0,-1.0,1.0,1.0,0.0,1.0,1.0,1.0
2922,9411.0,3.0,1.0,2.0,59.0,0.0,0.0,0.0,0.0,0.0,0.0,1.0,0.0,0.0,0.0,1.0,0.0,0.0,0.0,0.0,0.0,20.0,20.0,11.0,0.0,0.0,0.0,0.25,0.25,0.0,1.0,0.0,0.0,0.0,0.0,0.0,0.0,0.0,0.0,0.0,0.0,0.0,0.0,1.0,0.0,1.0,1.0,0.0,1.0,0.0,0.0
2923,3472.0,3.0,2.0,5.0,110.0,5.0,4.0,0.0,0.0,0.0,0.0,0.0,0.0,0.0,21.0,1.0,1.0,0.0,1.0,1.0,0.0,57.0,46.0,0.0,1.0,0.0,0.0,0.0555555556,0.0,0.0,1.0,1.0,0.0,0.0,0.9444444444,0.0,0.0,0.0,0.0,0.0,1.0,0.0,0.0,0.0,-1.0,1.0,1.0,1.0,-1.0,1.0,1.0
2924,8188.0,1.0,0.0,3.0,103.0,11.0,0.0,0.0,0.0,0.0,0.0,0.0,0.0,0.0,5.0,1.0,1.0,0.0,0.0,1.0,0.0,8.0,88.0,0.0,0.0,0.0,0.0,0.1954887218,0.8681318681,0.0,1.0,1.0,0.0,1.0,0.015037594,0.0,0.0,0.0,0.0,0.0,1.0,0.0,0.0,1.0,-1.0,-1.0,-1.0,-1.0,1.0,0.0,0.0
2925,52.0,2.0,0.0,3.0,142.0,0.0,0.0,0.0,0.0,1.0,0.0,0.0,0.0,0.0,5.0,1.0,1.0,0.0,0.0,0.0,0.0,14.0,121.0,0.0,0.0,1.0,0.0,0.0,0.0,0.0,1.0,1.0,0.0,0.0,0.0,0.0,0.0,0.0,0.0,0.0,0.0,0.0,0.0,1.0,-1.0,1.0,1.0,1.0,1.0,1.0,1.0
2926,5726.0,1.0,0.0,4.0,62.0,3.0,0.0,0.0,0.0,0.0,0.0,0.0,0.0,0.0,6.0,1.0,1.0,0.0,0.0,1.0,0.0,21.0,34.0,0.0,0.0,0.0,0.0,0.4121212121,0.2972972973,0.0,1.0,1.0,0.0,1.0,0.0,0.0,0.0,0.0,0.0,1.0,1.0,0.0,0.0,1.0,0.0,0.0,-1.0,0.0,0.0,0.0,0.0
2927,2781.0,2.0,1.0,2.0,59.0,1.0,1.0,0.0,0.0,0.0,0.0,0.0,0.0,0.0,0.0,0.0,1.0,0.0,0.0,0.0,0.0,43.0,8.0,0.0,0.0,0.0,0.0,0.0,0.0,0.0,0.0,1.0,0.0,0.0,1.0,0.0,0.0,0.0,0.0,0.0,0.0,0.0,0.0,1.0,0.0,1.0,1.0,1.0,-1.0,1.0,1.0
2928,1.0,3.0,1.0,5.0,72.0,0.0,0.0,0.0,0.0,0.0,0.0,0.0,0.0,0.0,0.0,1.0,0.0,0.0,0.0,0.0,0.0,21.0,44.0,0.0,0.0,0.0,0.0,0.0,0.25,1.0,1.0,0.0,0.0,0.0,0.0,0.0,0.0,0.0,0.0,0.0,0.0,0.0,1.0,1.0,0.0,1.0,1.0,-1.0,1.0,1.0,1.0
2929,2138.0,4.0,0.0,4.0,97.0,0.0,0.0,0.0,0.0,0.0,0.0,1.0,0.0,0.0,1.0,1.0,0.0,0.0,0.0,1.0,0.0,22.0,43.0,24.0,0.0,1.0,1.0,0.9230769231,1.0,0.0,0.0,0.0,1.0,0.0,0.0,1.0,0.0,0.0,0.0,0.0,0.0,0.0,0.0,1.0,-1.0,1.0,0.0,-1.0,-1.0,1.0,1.0
2930,9767.0,2.0,1.0,3.0,55.0,1.0,0.0,0.0,0.0,0.0,0.0,0.0,0.0,0.0,4.0,1.0,1.0,0.0,0.0,0.0,0.0,22.0,26.0,0.0,0.0,0.0,0.0,0.0701754386,0.1538461538,0.0,1.0,1.0,0.0,0.0,0.0263157895,0.0,0.0,0.0,0.0,0.0,0.0,0.0,0.0,1.0,0.0,1.0,1.0,0.0,1.0,0.0,0.0
2931,9616.0,2.0,1.0,0.0,32.0,0.0,0.0,0.0,0.0,0.0,0.0,0.0,0.0,0.0,0.0,1.0,0.0,0.0,0.0,0.0,0.0,24.0,1.0,0.0,0.0,0.0,0.0,0.0080882353,0.0356083086,0.0,0.0,0.0,0.0,0.0,0.0007352941,0.0,0.0,0.0,0.0,0.0,0.0,0.0,0.0,1.0,1.0,1.0,1.0,0.0,1.0,0.0,0.0
2932,5910.0,3.0,2.0,6.0,80.0,0.0,0.0,0.0,0.0,0.0,0.0,0.0,0.0,0.0,0.0,1.0,1.0,0.0,0.0,1.0,0.0,25.0,48.0,0.0,0.0,0.0,0.0,0.0303030303,0.0638297872,0.0,0.0,0.0,0.0,0.0,0.0,0.0,0.0,0.0,0.0,1.0,0.0,0.0,0.0,0.0,-1.0,1.0,1.0,1.0,1.0,0.0,0.0
2933,2402.0,2.0,0.0,2.0,34.0,0.0,0.0,0.0,0.0,0.0,0.0,0.0,0.0,0.0,0.0,1.0,0.0,0.0,0.0,0.0,0.0,11.0,16.0,0.0,0.0,0.0,0.0,0.6666666667,1.0,0.0,1.0,0.0,0.0,0.0,0.3333333333,1.0,0.0,0.0,0.0,0.0,0.0,0.0,0.0,1.0,1.0,-1.0,1.0,-1.0,-1.0,1.0,1.0
2934,4608.0,2.0,0.0,3.0,57.0,0.0,0.0,0.0,0.0,0.0,0.0,0.0,0.0,0.0,4.0,1.0,1.0,0.0,0.0,0.0,0.0,22.0,28.0,0.0,0.0,0.0,0.0,0.0,0.0,0.0,1.0,1.0,0.0,0.0,1.0,0.0,0.0,0.0,0.0,0.0,0.0,0.0,0.0,1.0,0.0,1.0,1.0,1.0,-1.0,1.0,1.0
2935,2458.0,2.0,0.0,3.0,52.0,1.0,0.0,0.0,0.0,0.0,0.0,0.0,0.0,0.0,0.0,1.0,0.0,0.0,0.0,0.0,0.0,16.0,29.0,0.0,0.0,0.0,0.0,0.0,0.0,0.0,1.0,0.0,0.0,0.0,0.0,0.0,0.0,0.0,0.0,0.0,0.0,0.0,0.0,1.0,1.0,1.0,1.0,1.0,1.0,1.0,1.0
2936,8876.0,1.0,0.0,3.0,44.0,0.0,0.0,0.0,0.0,0.0,0.0,0.0,0.0,0.0,0.0,1.0,1.0,0.0,0.0,0.0,0.0,23.0,14.0,0.0,0.0,0.0,0.0,0.2655367232,0.7346938776,0.0,1.0,0.0,0.0,0.0,0.0225988701,0.0,0.0,0.0,0.0,0.0,1.0,0.0,0.0,1.0,1.0,-1.0,1.0,0.0,1.0,0.0,0.0
2937,1458.0,2.0,0.0,4.0,50.0,1.0,0.0,0.0,0.0,0.0,0.0,0.0,0.0,0.0,0.0,1.0,0.0,0.0,0.0,0.0,0.0,17.0,26.0,0.0,0.0,0.0,0.0,1.0,0.320754717,0.0,1.0,0.0,1.0,0.0,0.0,0.0,0.0,0.0,0.0,1.0,0.0,0.0,0.0,1.0,1.0,-1.0,0.0,0.0,-1.0,1.0,1.0
2938,1564.0,3.0,1.0,7.0,93.0,1.0,0.0,0.0,0.0,0.0,0.0,0.0,0.0,0.0,18.0,1.0,1.0,0.0,0.0,1.0,0.0,22.0,64.0,0.0,0.0,0.0,0.0,0.0,0.125,0.0,1.0,1.0,0.0,0.0,0.9230769231,0.0,0.0,0.0,0.0,0.0,0.0,0.0,0.0,1.0,-1.0,1.0,1.0,1.0,-1.0,1.0,1.0
2939,5769.0,1.0,0.0,7.0,96.0,4.0,0.0,0.0,0.0,0.0,0.0,0.0,0.0,0.0,13.0,1.0,1.0,0.0,0.0,0.0,0.0,18.0,71.0,0.0,0.0,0.0,0.0,0.1666666667,0.4074074074,0.0,1.0,0.0,1.0,0.0,0.0,0.0,0.0,0.0,0.0,0.0,0.0,0.0,0.0,1.0,-1.0,1.0,0.0,0.0,1.0,0.0,0.0
2940,2774.0,2.0,1.0,2.0,59.0,1.0,1.0,0.0,0.0,0.0,0.0,0.0,0.0,0.0,0.0,0.0,1.0,0.0,0.0,0.0,0.0,43.0,8.0,0.0,0.0,0.0,0.0,0.0,0.0,0.0,0.0,1.0,0.0,0.0,1.0,0.0,0.0,0.0,0.0,0.0,0.0,0.0,0.0,1.0,0.0,1.0,1.0,1.0,-1.0,1.0,1.0
2941,8024.0,1.0,0.0,5.0,119.0,6.0,0.0,0.0,0.0,3.0,0.0,0.0,0.0,0.0,32.0,1.0,1.0,0.0,0.0,1.0,0.0,16.0,96.0,0.0,0.0,0.0,0.0,0.2833333333,0.3529411765,0.0,1.0,0.0,0.0,0.0,0.0166666667,0.0,0.0,0.0,0.0,0.0,1.0,0.0,0.0,1.0,-1.0,1.0,1.0,0.0,1.0,0.0,0.0
2942,625.0,3.0,0.0,3.0,53.0,1.0,0.0,0.0,0.0,0.0,0.0,0.0,0.0,0.0,0.0,1.0,1.0,0.0,0.0,0.0,0.0,16.0,30.0,0.0,0.0,0.0,0.0,0.8,1.0,1.0,1.0,0.0,0.0,0.0,0.12,1.0,0.0,0.0,0.0,0.0,0.0,0.0,0.0,1.0,1.0,-1.0,1.0,-1.0,-1.0,1.0,1.0
2943,2507.0,2.0,0.0,2.0,46.0,0.0,0.0,0.0,0.0,1.0,0.0,0.0,0.0,0.0,0.0,1.0,0.0,0.0,0.0,1.0,0.0,14.0,25.0,0.0,0.0,1.0,1.0,1.0,1.0,0.0,1.0,0.0,0.0,0.0,0.0,1.0,0.0,0.0,0.0,0.0,0.0,0.0,0.0,1.0,1.0,-1.0,1.0,-1.0,-1.0,1.0,1.0
2944,6226.0,1.0,0.0,6.0,94.0,9.0,0.0,0.0,0.0,0.0,0.0,0.0,0.0,0.0,10.0,1.0,1.0,0.0,0.0,1.0,0.0,18.0,69.0,0.0,0.0,0.0,0.0,0.033557047,0.1034482759,0.0,1.0,0.0,0.0,0.0,0.0268456376,0.0,0.0,0.0,0.0,0.0,1.0,0.0,0.0,1.0,-1.0,1.0,1.0,0.0,1.0,0.0,0.0
2945,2141.0,3.0,0.0,3.0,57.0,0.0,0.0,0.0,0.0,0.0,0.0,0.0,0.0,0.0,0.0,1.0,1.0,0.0,0.0,0.0,0.0,12.0,38.0,0.0,0.0,0.0,0.0,0.0,0.0,0.0,1.0,1.0,0.0,0.0,0.0,0.0,0.0,0.0,0.0,0.0,0.0,1.0,0.0,1.0,0.0,1.0,1.0,1.0,1.0,1.0,1.0
2946,5578.0,4.0,2.0,3.0,67.0,0.0,0.0,0.0,0.0,1.0,0.0,0.0,0.0,0.0,10.0,1.0,1.0,0.0,0.0,1.0,0.0,29.0,31.0,0.0,0.0,0.0,0.0,0.0729927007,0.8307692308,0.0,1.0,1.0,0.0,0.0,0.0145985401,0.0,0.0,0.0,0.0,0.0,0.0,0.0,0.0,0.0,0.0,-1.0,1.0,0.0,1.0,0.0,0.0
2947,1663.0,3.0,1.0,4.0,51.0,0.0,0.0,0.0,0.0,0.0,0.0,0.0,0.0,0.0,0.0,1.0,0.0,0.0,0.0,0.0,0.0,19.0,25.0,0.0,0.0,0.0,0.0,0.0,0.0,0.0,1.0,0.0,0.0,0.0,0.0,0.0,0.0,0.0,0.0,0.0,0.0,0.0,0.0,1.0,1.0,1.0,1.0,1.0,1.0,1.0,1.0
2948,3041.0,2.0,1.0,6.0,53.0,0.0,0.0,0.0,0.0,0.0,0.0,0.0,0.0,0.0,0.0,1.0,1.0,0.0,0.0,1.0,0.0,13.0,33.0,0.0,0.0,0.0,0.0,0.0,0.1666666667,1.0,1.0,0.0,0.0,0.0,0.0,0.0,0.0,0.0,0.0,0.0,0.0,0.0,0.0,1.0,1.0,1.0,1.0,0.0,1.0,1.0,1.0
2949,5864.0,2.0,1.0,0.0,109.0,0.0,0.0,0.0,0.0,0.0,0.0,4.0,3.0,0.0,25.0,1.0,0.0,0.0,0.0,0.0,0.0,26.0,1.0,74.0,0.0,0.0,0.0,0.0458715596,0.6875,0.0,1.0,0.0,0.0,0.0,0.0,0.0,0.0,0.0,0.0,0.0,0.0,0.0,1.0,1.0,-1.0,-1.0,1.0,0.0,1.0,0.0,0.0
2950,8412.0,1.0,0.0,2.0,54.0,3.0,0.0,0.0,0.0,0.0,0.0,0.0,0.0,0.0,0.0,1.0,0.0,0.0,0.0,0.0,0.0,12.0,35.0,0.0,0.0,0.0,0.0,0.2222222222,0.8064516129,0.0,1.0,1.0,0.0,1.0,0.0222222222,0.0,0.0,0.0,0.0,0.0,0.0,0.0,0.0,1.0,0.0,-1.0,-1.0,0.0,1.0,0.0,0.0
2951,3431.0,2.0,1.0,6.0,50.0,1.0,0.0,0.0,0.0,0.0,0.0,0.0,0.0,0.0,0.0,1.0,1.0,0.0,0.0,0.0,0.0,11.0,32.0,0.0,0.0,0.0,0.0,0.0,0.0,0.0,1.0,0.0,0.0,0.0,0.0,0.0,0.0,0.0,0.0,0.0,0.0,0.0,0.0,1.0,1.0,1.0,1.0,1.0,1.0,1.0,1.0
2952,7354.0,4.0,1.0,1.0,68.0,0.0,0.0,0.0,0.0,0.0,0.0,1.0,0.0,0.0,5.0,1.0,0.0,0.0,0.0,0.0,0.0,28.0,22.0,10.0,0.0,0.0,0.0,0.3414634146,0.0945945946,0.0,1.0,0.0,1.0,0.0,0.0,0.0,0.0,0.0,0.0,1.0,1.0,0.0,0.0,1.0,0.0,1.0,0.0,0.0,0.0,0.0,0.0
2953,1212.0,4.0,0.0,3.0,137.0,0.0,0.0,0.0,0.0,4.0,0.0,8.0,4.0,0.0,9.0,1.0,0.0,1.0,0.0,0.0,0.0,12.0,22.0,95.0,0.0,1.0,0.0,0.375,0.0,0.0,1.0,0.0,0.0,0.0,0.0,1.0,0.0,0.0,0.0,0.0,0.0,0.0,0.0,1.0,-1.0,1.0,1.0,0.0,0.0,1.0,1.0
2954,9930.0,3.0,1.0,1.0,50.0,0.0,0.0,0.0,0.0,0.0,0.0,1.0,0.0,0.0,4.0,1.0,0.0,0.0,0.0,0.0,0.0,14.0,19.0,9.0,0.0,0.0,0.0,0.0059347181,0.0454545455,0.0,1.0,1.0,0.0,0.0,0.0,0.0,0.0,0.0,0.0,0.0,0.0,0.0,0.0,1.0,1.0,1.0,1.0,1.0,1.0,0.0,0.0
2955,113.0,2.0,0.0,3.0,40.0,0.0,0.0,0.0,0.0,0.0,0.0,0.0,0.0,0.0,0.0,1.0,0.0,0.0,0.0,0.0,0.0,16.0,17.0,0.0,0.0,0.0,0.0,1.0,1.0,0.0,1.0,0.0,0.0,0.0,0.0,1.0,0.0,0.0,0.0,0.0,0.0,0.0,0.0,1.0,1.0,-1.0,1.0,-1.0,-1.0,1.0,1.0
2956,979.0,3.0,1.0,4.0,65.0,1.0,0.0,0.0,0.0,0.0,0.0,0.0,0.0,0.0,0.0,1.0,1.0,0.0,0.0,0.0,0.0,25.0,33.0,0.0,0.0,0.0,0.0,0.0,0.0,0.0,1.0,1.0,0.0,0.0,1.0,0.0,0.0,0.0,0.0,0.0,0.0,0.0,0.0,1.0,0.0,1.0,1.0,1.0,-1.0,1.0,1.0
2957,816.0,3.0,0.0,2.0,40.0,0.0,0.0,0.0,0.0,0.0,0.0,0.0,0.0,0.0,0.0,1.0,0.0,0.0,0.0,0.0,0.0,15.0,18.0,0.0,0.0,0.0,0.0,1.0,1.0,0.0,1.0,0.0,0.0,0.0,0.0,1.0,0.0,0.0,0.0,0.0,0.0,0.0,0.0,1.0,1.0,-1.0,1.0,-1.0,-1.0,1.0,1.0
2958,4702.0,2.0,0.0,2.0,39.0,0.0,0.0,0.0,0.0,0.0,0.0,0.0,0.0,0.0,0.0,1.0,0.0,0.0,0.0,0.0,0.0,14.0,18.0,0.0,0.0,0.0,0.0,0.0,0.7857142857,0.0,1.0,0.0,0.0,0.0,1.0,1.0,0.0,0.0,0.0,0.0,1.0,0.0,0.0,1.0,1.0,-1.0,1.0,1.0,-1.0,1.0,1.0
2959,691.0,4.0,0.0,3.0,79.0,0.0,0.0,0.0,0.0,1.0,0.0,5.0,5.0,0.0,11.0,1.0,0.0,1.0,0.0,0.0,0.0,12.0,22.0,37.0,0.0,0.0,0.0,0.375,0.0,0.0,1.0,0.0,0.0,0.0,0.0,1.0,0.0,0.0,0.0,0.0,0.0,0.0,0.0,1.0,-1.0,1.0,1.0,0.0,0.0,1.0,1.0
2960,8795.0,1.0,0.0,5.0,49.0,0.0,0.0,0.0,0.0,0.0,0.0,0.0,0.0,0.0,10.0,1.0,1.0,0.0,0.0,1.0,0.0,8.0,34.0,0.0,0.0,0.0,0.0,0.0,0.375,0.0,0.0,0.0,0.0,0.0,0.0,0.0,0.0,0.0,0.0,0.0,0.0,0.0,0.0,1.0,1.0,1.0,1.0,0.0,1.0,0.0,0.0
2961,5825.0,2.0,1.0,4.0,85.0,9.0,0.0,0.0,0.0,0.0,0.0,0.0,0.0,0.0,9.0,1.0,1.0,0.0,0.0,1.0,0.0,19.0,59.0,0.0,0.0,0.0,0.0,0.1111111111,0.25,0.0,1.0,0.0,0.0,0.0,0.0222222222,0.0,0.0,0.0,0.0,0.0,1.0,0.0,0.0,1.0,-1.0,0.0,1.0,0.0,1.0,0.0,0.0
2962,3393.0,2.0,1.0,5.0,56.0,1.0,0.0,0.0,0.0,0.0,0.0,0.0,0.0,0.0,0.0,1.0,0.0,0.0,0.0,0.0,0.0,19.0,30.0,0.0,0.0,0.0,0.0,0.3043478261,1.0,1.0,1.0,0.0,0.0,0.0,0.0,1.0,0.0,0.0,0.0,0.0,0.0,0.0,0.0,1.0,0.0,-1.0,1.0,-1.0,1.0,1.0,1.0
2963,1313.0,3.0,1.0,5.0,72.0,0.0,0.0,0.0,0.0,0.0,0.0,0.0,0.0,0.0,0.0,1.0,0.0,0.0,0.0,1.0,0.0,23.0,42.0,0.0,0.0,0.0,0.0,0.0,0.0,0.0,1.0,0.0,0.0,0.0,0.0,0.0,0.0,0.0,0.0,0.0,0.0,0.0,0.0,1.0,0.0,1.0,1.0,1.0,1.0,1.0,1.0
2964,9303.0,2.0,1.0,2.0,41.0,0.0,0.0,0.0,0.0,0.0,0.0,0.0,0.0,0.0,0.0,1.0,1.0,0.0,0.0,1.0,0.0,22.0,12.0,0.0,0.0,0.0,0.0,0.3004484305,0.2916666667,0.0,1.0,0.0,0.0,0.0,0.0538116592,0.0,0.0,0.0,0.0,0.0,1.0,0.0,0.0,1.0,1.0,1.0,1.0,0.0,0.0,0.0,0.0
2965,4072.0,2.0,0.0,2.0,44.0,0.0,0.0,0.0,0.0,0.0,0.0,0.0,0.0,0.0,0.0,1.0,1.0,0.0,0.0,1.0,0.0,20.0,17.0,0.0,0.0,0.0,0.0,1.0,1.0,0.0,1.0,0.0,0.0,0.0,0.0,1.0,0.0,0.0,0.0,0.0,1.0,0.0,0.0,1.0,1.0,-1.0,1.0,-1.0,-1.0,1.0,1.0
2966,3281.0,4.0,3.0,2.0,107.0,4.0,4.0,0.0,0.0,0.0,0.0,0.0,0.0,0.0,22.0,1.0,1.0,0.0,1.0,0.0,0.0,66.0,34.0,0.0,0.0,0.0,0.0,0.0,0.0,0.0,0.0,0.0,0.0,0.0,0.0,1.0,0.0,0.0,0.0,0.0,0.0,1.0,0.0,-1.0,-1.0,1.0,1.0,1.0,1.0,1.0,1.0
2967,9548.0,3.0,1.0,1.0,42.0,0.0,0.0,0.0,0.0,2.0,0.0,0.0,0.0,0.0,2.0,1.0,0.0,0.0,0.0,1.0,0.0,15.0,20.0,0.0,0.0,0.0,0.0,0.25,0.0,0.0,0.0,0.0,0.0,0.0,0.125,0.0,0.0,0.0,0.0,0.0,0.0,0.0,0.0,1.0,1.0,1.0,1.0,1.0,0.0,0.0,0.0
2968,6358.0,2.0,1.0,5.0,115.0,2.0,1.0,0.0,0.0,2.0,0.0,6.0,5.0,0.0,13.0,1.0,1.0,0.0,0.0,0.0,0.0,16.0,32.0,59.0,0.0,0.0,0.0,0.0,0.0,0.0,0.0,0.0,0.0,0.0,0.0,0.0,0.0,0.0,0.0,0.0,0.0,1.0,0.0,1.0,-1.0,1.0,1.0,1.0,1.0,0.0,0.0
2969,621.0,3.0,1.0,5.0,220.0,1.0,0.0,0.0,0.0,0.0,0.0,0.0,0.0,0.0,32.0,1.0,0.0,0.0,0.0,0.0,0.0,25.0,52.0,135.0,0.0,0.0,0.0,0.0,0.0,0.0,1.0,0.0,0.0,0.0,0.0,0.0,0.0,0.0,0.0,0.0,0.0,0.0,0.0,1.0,-1.0,1.0,1.0,1.0,1.0,1.0,1.0
2970,3573.0,5.0,1.0,5.0,143.0,4.0,0.0,0.0,0.0,0.0,0.0,0.0,0.0,0.0,2.0,1.0,1.0,0.0,0.0,0.0,0.0,14.0,122.0,0.0,0.0,0.0,0.0,0.0,0.0,0.0,1.0,0.0,0.0,0.0,0.0,0.0,0.0,0.0,0.0,0.0,0.0,0.0,1.0,1.0,-1.0,1.0,1.0,1.0,1.0,1.0,1.0
2971,2003.0,2.0,0.0,3.0,44.0,0.0,0.0,0.0,0.0,0.0,0.0,0.0,0.0,0.0,0.0,1.0,1.0,0.0,0.0,0.0,0.0,15.0,22.0,0.0,0.0,0.0,0.0,0.0,0.0,0.0,1.0,1.0,0.0,0.0,0.0,1.0,0.0,0.0,0.0,0.0,0.0,0.0,0.0,1.0,1.0,1.0,1.0,1.0,1.0,1.0,1.0
2972,2285.0,3.0,1.0,3.0,55.0,1.0,0.0,0.0,0.0,0.0,0.0,0.0,0.0,0.0,0.0,1.0,0.0,0.0,0.0,0.0,0.0,20.0,28.0,0.0,0.0,0.0,0.0,1.0,1.0,0.0,1.0,0.0,1.0,0.0,0.0,1.0,0.0,0.0,0.0,0.0,1.0,0.0,0.0,1.0,0.0,-1.0,0.0,-1.0,-1.0,1.0,1.0
2973,3925.0,1.0,0.0,6.0,48.0,2.0,0.0,0.0,0.0,0.0,0.0,0.0,0.0,0.0,0.0,1.0,0.0,0.0,0.0,1.0,0.0,13.0,28.0,0.0,0.0,0.0,0.0,0.0,0.0,0.0,1.0,0.0,0.0,0.0,0.0,0.0,0.0,0.0,0.0,0.0,0.0,0.0,0.0,1.0,1.0,1.0,1.0,1.0,1.0,1.0,1.0
2974,608.0,3.0,0.0,5.0,78.0,0.0,0.0,0.0,0.0,2.0,0.0,0.0,0.0,0.0,0.0,1.0,0.0,0.0,0.0,0.0,0.0,23.0,48.0,0.0,0.0,1.0,0.0,1.0,0.8095238095,1.0,1.0,1.0,0.0,1.0,0.0,1.0,0.0,0.0,0.0,0.0,1.0,0.0,0.0,1.0,-1.0,0.0,-1.0,-1.0,-1.0,1.0,1.0
2975,8298.0,2.0,0.0,3.0,43.0,0.0,0.0,0.0,0.0,0.0,0.0,0.0,0.0,0.0,0.0,1.0,0.0,0.0,0.0,0.0,0.0,11.0,25.0,0.0,0.0,0.0,0.0,0.265060241,0.2857142857,0.0,0.0,0.0,0.0,0.0,0.0120481928,0.0,0.0,0.0,0.0,1.0,0.0,0.0,0.0,1.0,1.0,-1.0,1.0,0.0,1.0,0.0,0.0
2976,5775.0,4.0,1.0,3.0,115.0,8.0,0.0,0.0,0.0,0.0,0.0,0.0,0.0,0.0,12.0,1.0,1.0,0.0,0.0,0.0,0.0,22.0,86.0,0.0,0.0,0.0,0.0,0.40302267,0.6458333333,0.0,1.0,1.0,0.0,1.0,0.0176322418,0.0,0.0,0.0,1.0,0.0,1.0,0.0,0.0,1.0,-1.0,0.0,-1.0,0.0,0.0,0.0,0.0
2977,2359.0,6.0,0.0,4.0,71.0,0.0,0.0,0.0,0.0,0.0,0.0,1.0,0.0,0.0,0.0,1.0,0.0,0.0,0.0,1.0,0.0,13.0,46.0,4.0,0.0,1.0,1.0,0.9230769231,1.0,1.0,1.0,0.0,0.0,0.0,0.0,1.0,0.0,0.0,0.0,0.0,0.0,0.0,0.0,1.0,0.0,1.0,1.0,-1.0,-1.0,1.0,1.0
2978,446.0,2.0,0.0,3.0,47.0,0.0,0.0,0.0,0.0,0.0,0.0,0.0,0.0,0.0,0.0,1.0,0.0,0.0,0.0,0.0,0.0,18.0,22.0,0.0,0.0,0.0,0.0,1.0,1.0,0.0,1.0,0.0,0.0,0.0,0.0,1.0,0.0,0.0,0.0,0.0,0.0,0.0,0.0,1.0,1.0,-1.0,1.0,-1.0,-1.0,1.0,1.0
2979,2131.0,3.0,0.0,2.0,34.0,0.0,0.0,0.0,0.0,0.0,0.0,0.0,0.0,0.0,0.0,1.0,0.0,0.0,0.0,1.0,0.0,15.0,12.0,0.0,0.0,0.0,0.0,0.75,0.6756756757,0.0,1.0,0.0,0.0,0.0,0.0,1.0,0.0,0.0,0.0,0.0,1.0,0.0,0.0,1.0,1.0,0.0,1.0,0.0,-1.0,1.0,1.0
2980,4782.0,3.0,1.0,7.0,144.0,2.0,0.0,0.0,0.0,0.0,0.0,0.0,0.0,0.0,20.0,1.0,1.0,0.0,0.0,0.0,0.0,14.0,123.0,0.0,0.0,1.0,0.0,0.0,0.0,0.0,1.0,0.0,0.0,0.0,0.9607843137,0.0,0.0,0.0,0.0,0.0,0.0,0.0,0.0,1.0,-1.0,1.0,1.0,1.0,-1.0,1.0,1.0
2981,2742.0,3.0,1.0,1.0,38.0,0.0,0.0,0.0,0.0,0.0,0.0,0.0,0.0,0.0,4.0,1.0,0.0,0.0,0.0,0.0,0.0,19.0,12.0,0.0,0.0,0.0,0.0,0.0,0.0,0.0,1.0,0.0,1.0,0.0,0.0,0.0,0.0,0.0,0.0,0.0,0.0,0.0,0.0,1.0,1.0,1.0,0.0,1.0,1.0,1.0,1.0
2982,890.0,2.0,0.0,4.0,72.0,1.0,0.0,0.0,0.0,0.0,0.0,0.0,0.0,0.0,0.0,1.0,1.0,0.0,0.0,0.0,0.0,27.0,38.0,0.0,0.0,0.0,0.0,1.0,1.0,0.0,1.0,0.0,1.0,0.0,0.0,1.0,0.0,0.0,0.0,0.0,1.0,0.0,0.0,1.0,0.0,-1.0,0.0,-1.0,-1.0,1.0,1.0
2983,9640.0,3.0,1.0,2.0,54.0,1.0,0.0,0.0,0.0,0.0,0.0,0.0,0.0,0.0,7.0,1.0,1.0,0.0,0.0,0.0,0.0,16.0,31.0,0.0,0.0,0.0,0.0,0.0091743119,0.0862068966,0.0,1.0,0.0,1.0,0.0,0.1651376147,0.0,0.0,0.0,0.0,1.0,1.0,0.0,0.0,1.0,0.0,1.0,0.0,0.0,1.0,0.0,0.0
2984,6182.0,1.0,0.0,4.0,121.0,13.0,0.0,0.0,0.0,1.0,0.0,0.0,0.0,0.0,10.0,1.0,1.0,0.0,0.0,0.0,0.0,16.0,98.0,0.0,0.0,0.0,0.0,0.1034482759,0.9032258065,0.0,1.0,0.0,0.0,0.0,0.0862068966,0.0,0.0,0.0,0.0,1.0,1.0,0.0,0.0,1.0,-1.0,-1.0,1.0,-1.0,1.0,0.0,0.0
2985,1198.0,4.0,1.0,5.0,77.0,0.0,0.0,0.0,0.0,0.0,0.0,0.0,0.0,0.0,6.0,1.0,1.0,0.0,0.0,0.0,0.0,19.0,51.0,0.0,0.0,0.0,0.0,0.0,0.0,0.0,1.0,0.0,0.0,0.0,0.0,0.0,0.0,0.0,0.0,0.0,0.0,0.0,0.0,1.0,-1.0,1.0,1.0,1.0,1.0,1.0,1.0
2986,5240.0,1.0,0.0,4.0,123.0,12.0,0.0,0.0,0.0,0.0,0.0,0.0,0.0,0.0,10.0,1.0,1.0,0.0,0.0,1.0,0.0,13.0,103.0,0.0,0.0,0.0,0.0,0.5630252101,1.0,1.0,0.0,0.0,0.0,0.0,0.0504201681,0.0,0.0,0.0,0.0,0.0,0.0,0.0,0.0,1.0,-1.0,1.0,1.0,0.0,0.0,0.0,0.0
2987,7991.0,2.0,1.0,4.0,73.0,0.0,0.0,0.0,0.0,0.0,0.0,1.0,0.0,0.0,0.0,1.0,0.0,0.0,0.0,0.0,0.0,21.0,33.0,11.0,0.0,0.0,1.0,0.0733333333,0.3571428571,0.0,1.0,0.0,0.0,0.0,0.0,0.0,0.0,0.0,0.0,1.0,0.0,0.0,0.0,1.0,0.0,1.0,1.0,0.0,1.0,0.0,0.0
2988,6200.0,2.0,0.0,3.0,69.0,3.0,0.0,0.0,0.0,0.0,0.0,0.0,0.0,0.0,5.0,1.0,1.0,0.0,0.0,1.0,0.0,17.0,45.0,0.0,0.0,0.0,0.0,0.0157894737,0.3265306122,0.0,0.0,0.0,0.0,0.0,0.0421052632,0.0,0.0,0.0,0.0,0.0,1.0,0.0,0.0,1.0,0.0,1.0,1.0,0.0,1.0,0.0,0.0
2989,9343.0,2.0,1.0,1.0,50.0,4.0,0.0,0.0,0.0,0.0,0.0,0.0,0.0,0.0,14.0,1.0,1.0,0.0,0.0,0.0,0.0,21.0,22.0,0.0,0.0,0.0,0.0,0.2564102564,0.4509803922,0.0,1.0,1.0,0.0,1.0,0.0512820513,0.0,0.0,0.0,1.0,0.0,1.0,0.0,0.0,1.0,1.0,1.0,-1.0,0.0,1.0,0.0,0.0
2990,6790.0,3.0,1.0,4.0,91.0,8.0,0.0,0.0,0.0,0.0,0.0,0.0,0.0,0.0,6.0,1.0,1.0,0.0,0.0,1.0,0.0,16.0,68.0,0.0,0.0,0.0,0.0,0.2331838565,0.1165048544,0.0,0.0,0.0,1.0,0.0,0.0044843049,0.0,0.0,0.0,0.0,0.0,1.0,0.0,0.0,1.0,-1.0,1.0,0.0,0.0,1.0,0.0,0.0
2991,232.0,3.0,1.0,4.0,61.0,0.0,0.0,0.0,0.0,0.0,0.0,0.0,0.0,0.0,0.0,1.0,0.0,0.0,0.0,1.0,0.0,20.0,34.0,0.0,0.0,1.0,0.0,1.0,0.0769230769,0.0,1.0,1.0,0.0,0.0,0.0,0.0,0.0,0.0,0.0,0.0,0.0,0.0,0.0,1.0,0.0,1.0,1.0,0.0,-1.0,1.0,1.0
2992,3832.0,4.0,1.0,9.0,213.0,2.0,0.0,0.0,1.0,0.0,0.0,1.0,0.0,0.0,64.0,1.0,1.0,0.0,0.0,1.0,0.0,18.0,110.0,77.0,0.0,1.0,0.0,0.0,0.0,0.0,1.0,0.0,0.0,0.0,0.0,0.0,0.0,0.0,0.0,0.0,0.0,0.0,0.0,1.0,-1.0,1.0,1.0,1.0,1.0,1.0,1.0
2993,6953.0,1.0,0.0,5.0,99.0,6.0,0.0,0.0,0.0,0.0,0.0,0.0,0.0,0.0,8.0,1.0,1.0,0.0,0.0,1.0,0.0,19.0,73.0,0.0,0.0,0.0,0.0,0.1404958678,1.0,1.0,1.0,1.0,1.0,0.0,0.0289256198,0.0,0.0,0.0,0.0,0.0,0.0,0.0,0.0,1.0,-1.0,-1.0,0.0,0.0,1.0,0.0,0.0
2994,1296.0,4.0,0.0,3.0,51.0,0.0,0.0,0.0,0.0,1.0,0.0,1.0,1.0,0.0,9.0,1.0,0.0,1.0,0.0,0.0,0.0,12.0,22.0,9.0,0.0,0.0,0.0,0.375,0.0,0.0,1.0,0.0,0.0,0.0,0.0,1.0,0.0,0.0,0.0,0.0,0.0,0.0,0.0,1.0,1.0,1.0,1.0,0.0,0.0,1.0,1.0
2995,958.0,2.0,1.0,4.0,91.0,2.0,0.0,0.0,1.0,0.0,0.0,0.0,0.0,0.0,21.0,1.0,1.0,0.0,0.0,0.0,0.0,20.0,64.0,0.0,0.0,1.0,0.0,0.0,0.0,0.0,0.0,0.0,0.0,0.0,0.0,0.0,0.0,0.0,0.0,0.0,0.0,0.0,0.0,1.0,-1.0,1.0,1.0,1.0,1.0,1.0,1.0
2996,1633.0,1.0,0.0,4.0,166.0,0.0,0.0,0.0,0.0,0.0,0.0,0.0,0.0,0.0,66.0,1.0,1.0,0.0,0.0,1.0,0.0,11.0,148.0,0.0,0.0,0.0,0.0,0.0,0.1428571429,1.0,1.0,0.0,0.0,0.0,1.0,0.0,0.0,0.0,0.0,0.0,0.0,0.0,0.0,1.0,-1.0,0.0,1.0,1.0,-1.0,1.0,1.0
2997,53.0,2.0,1.0,2.0,29.0,0.0,0.0,0.0,0.0,0.0,0.0,0.0,0.0,0.0,0.0,1.0,0.0,0.0,0.0,0.0,0.0,17.0,5.0,0.0,0.0,0.0,0.0,0.0,0.0,0.0,1.0,1.0,0.0,0.0,1.0,0.0,0.0,0.0,0.0,0.0,1.0,0.0,0.0,1.0,1.0,1.0,1.0,1.0,-1.0,1.0,1.0
2998,4173.0,4.0,1.0,9.0,102.0,1.0,0.0,0.0,0.0,0.0,0.0,0.0,0.0,0.0,6.0,1.0,1.0,0.0,0.0,1.0,0.0,19.0,76.0,0.0,0.0,0.0,1.0,1.0,1.0,0.0,1.0,0.0,0.0,0.0,0.0,1.0,0.0,0.0,0.0,0.0,0.0,0.0,0.0,1.0,-1.0,-1.0,1.0,-1.0,-1.0,1.0,1.0
2999,7011.0,2.0,1.0,2.0,106.0,8.0,0.0,0.0,0.0,0.0,0.0,0.0,0.0,0.0,6.0,1.0,1.0,0.0,0.0,1.0,0.0,25.0,74.0,0.0,0.0,0.0,0.0,0.0457380457,0.328358209,0.0,1.0,0.0,0.0,0.0,0.1600831601,0.0,0.0,0.0,0.0,0.0,1.0,0.0,0.0,1.0,-1.0,1.0,1.0,0.0,1.0,0.0,0.0
3000,4634.0,2.0,1.0,2.0,53.0,1.0,1.0,0.0,0.0,0.0,0.0,0.0,0.0,0.0,0.0,0.0,1.0,0.0,0.0,0.0,0.0,39.0,6.0,0.0,0.0,0.0,0.0,0.0,0.0,0.0,0.0,1.0,0.0,0.0,1.0,0.0,0.0,0.0,0.0,0.0,0.0,0.0,0.0,1.0,1.0,1.0,1.0,1.0,-1.0,1.0,1.0
3001,8169.0,2.0,1.0,5.0,95.0,8.0,0.0,0.0,0.0,0.0,0.0,0.0,0.0,0.0,12.0,1.0,1.0,0.0,0.0,0.0,0.0,20.0,68.0,0.0,0.0,0.0,0.0,0.2820512821,0.2745098039,0.0,1.0,1.0,0.0,0.0,0.0512820513,0.0,0.0,0.0,0.0,1.0,1.0,0.0,0.0,1.0,-1.0,1.0,1.0,0.0,0.0,0.0,0.0
3002,219.0,2.0,0.0,7.0,69.0,1.0,0.0,0.0,0.0,0.0,0.0,0.0,0.0,0.0,6.0,1.0,1.0,0.0,0.0,0.0,0.0,10.0,52.0,0.0,0.0,0.0,0.0,0.0,0.0,0.0,0.0,0.0,0.0,0.0,0.0,1.0,0.0,0.0,0.0,0.0,0.0,1.0,0.0,1.0,0.0,1.0,1.0,1.0,1.0,1.0,1.0
3003,429.0,4.0,0.0,3.0,46.0,0.0,0.0,0.0,0.0,1.0,0.0,0.0,0.0,0.0,9.0,1.0,0.0,1.0,0.0,0.0,0.0,12.0,22.0,4.0,0.0,0.0,0.0,0.375,0.0,0.0,1.0,0.0,0.0,0.0,0.0,1.0,0.0,0.0,0.0,0.0,0.0,0.0,0.0,1.0,1.0,1.0,1.0,0.0,0.0,1.0,1.0
3004,9521.0,3.0,1.0,2.0,41.0,0.0,0.0,0.0,0.0,0.0,0.0,0.0,0.0,0.0,4.0,1.0,1.0,0.0,0.0,1.0,0.0,20.0,14.0,0.0,0.0,0.0,0.0,0.0790960452,0.9255319149,0.0,1.0,0.0,0.0,0.0,0.0268361582,0.0,0.0,0.0,0.0,1.0,1.0,0.0,0.0,1.0,1.0,-1.0,1.0,0.0,1.0,0.0,0.0
3005,5701.0,1.0,0.0,4.0,63.0,4.0,0.0,0.0,0.0,0.0,0.0,0.0,0.0,0.0,1.0,1.0,0.0,0.0,0.0,1.0,0.0,13.0,43.0,0.0,0.0,0.0,0.0,0.1743119266,0.3157894737,0.0,1.0,0.0,1.0,0.0,0.0458715596,0.0,0.0,0.0,0.0,0.0,1.0,0.0,0.0,1.0,0.0,0.0,0.0,0.0,1.0,0.0,0.0
3006,2267.0,4.0,1.0,2.0,69.0,1.0,0.0,0.0,0.0,0.0,0.0,0.0,0.0,0.0,0.0,1.0,0.0,0.0,0.0,0.0,0.0,31.0,31.0,0.0,0.0,0.0,0.0,1.0,1.0,0.0,1.0,0.0,1.0,0.0,0.0,1.0,0.0,0.0,0.0,0.0,1.0,1.0,0.0,1.0,0.0,-1.0,0.0,1.0,-1.0,1.0,1.0
3007,6360.0,1.0,0.0,2.0,82.0,7.0,0.0,0.0,0.0,0.0,0.0,0.0,0.0,0.0,0.0,1.0,1.0,0.0,0.0,1.0,0.0,8.0,67.0,0.0,0.0,0.0,0.0,0.3274021352,0.7878787879,0.0,0.0,0.0,0.0,0.0,0.0142348754,0.0,0.0,0.0,0.0,1.0,1.0,0.0,0.0,1.0,-1.0,-1.0,1.0,0.0,0.0,0.0,0.0
3008,8926.0,1.0,0.0,0.0,30.0,1.0,1.0,0.0,0.0,0.0,0.0,0.0,0.0,0.0,0.0,1.0,0.0,0.0,0.0,0.0,0.0,22.0,1.0,0.0,0.0,0.0,0.0,0.0714285714,0.7,1.0,0.0,0.0,0.0,0.0,0.1428571429,0.0,0.0,0.0,0.0,0.0,0.0,0.0,0.0,1.0,1.0,1.0,1.0,-1.0,1.0,0.0,0.0
3009,8126.0,1.0,0.0,3.0,63.0,5.0,0.0,0.0,0.0,0.0,0.0,0.0,0.0,0.0,0.0,1.0,0.0,0.0,0.0,1.0,0.0,10.0,46.0,0.0,0.0,0.0,1.0,0.0833333333,0.3,0.0,1.0,0.0,0.0,0.0,0.09375,0.0,0.0,0.0,0.0,1.0,1.0,0.0,0.0,1.0,0.0,1.0,1.0,0.0,1.0,0.0,0.0
3010,7734.0,2.0,1.0,4.0,96.0,10.0,0.0,0.0,0.0,0.0,0.0,0.0,0.0,0.0,6.0,1.0,1.0,0.0,0.0,0.0,0.0,21.0,68.0,0.0,0.0,0.0,0.0,0.20657277,0.2916666667,0.0,1.0,0.0,0.0,0.0,0.0187793427,0.0,0.0,0.0,0.0,0.0,1.0,0.0,0.0,1.0,-1.0,1.0,1.0,0.0,1.0,0.0,0.0
3011,8093.0,1.0,0.0,2.0,99.0,4.0,0.0,0.0,0.0,3.0,0.0,2.0,1.0,0.0,1.0,1.0,0.0,0.0,0.0,1.0,0.0,7.0,47.0,37.0,0.0,0.0,0.0,0.1294964029,0.1304347826,0.0,1.0,1.0,0.0,0.0,0.0,0.0,0.0,0.0,0.0,0.0,0.0,0.0,0.0,1.0,-1.0,1.0,1.0,1.0,1.0,0.0,0.0
3012,3495.0,5.0,1.0,3.0,61.0,0.0,0.0,0.0,0.0,0.0,0.0,0.0,0.0,0.0,2.0,1.0,1.0,0.0,0.0,0.0,0.0,20.0,34.0,0.0,0.0,1.0,0.0,0.8333333333,0.2631578947,1.0,1.0,0.0,0.0,0.0,0.0,0.0,0.0,0.0,0.0,0.0,1.0,0.0,0.0,1.0,0.0,1.0,1.0,0.0,-1.0,1.0,1.0
3013,6768.0,2.0,1.0,5.0,111.0,5.0,0.0,0.0,0.0,2.0,0.0,3.0,2.0,0.0,15.0,1.0,1.0,0.0,0.0,0.0,0.0,18.0,41.0,44.0,0.0,0.0,0.0,0.3563218391,1.0,1.0,1.0,1.0,1.0,0.0,0.0,0.0,0.0,0.0,0.0,0.0,1.0,0.0,0.0,1.0,-1.0,-1.0,0.0,0.0,0.0,0.0,0.0
3014,9719.0,2.0,1.0,2.0,55.0,3.0,0.0,0.0,0.0,0.0,0.0,0.0,0.0,0.0,6.0,1.0,1.0,0.0,0.0,1.0,0.0,17.0,31.0,0.0,0.0,0.0,0.0,0.2456140351,0.3111111111,0.0,1.0,0.0,0.0,0.0,0.0,0.0,0.0,0.0,0.0,0.0,0.0,0.0,0.0,1.0,0.0,1.0,1.0,0.0,1.0,0.0,0.0
3015,3611.0,6.0,1.0,5.0,94.0,0.0,0.0,0.0,0.0,1.0,0.0,0.0,0.0,0.0,0.0,1.0,0.0,0.0,0.0,1.0,0.0,26.0,61.0,0.0,0.0,1.0,1.0,0.9090909091,0.3333333333,1.0,1.0,0.0,0.0,0.0,0.0909090909,1.0,0.0,0.0,0.0,0.0,1.0,0.0,0.0,1.0,-1.0,0.0,1.0,0.0,-1.0,1.0,1.0
3016,6379.0,1.0,0.0,3.0,116.0,9.0,0.0,0.0,0.0,1.0,0.0,0.0,0.0,0.0,0.0,1.0,1.0,0.0,0.0,0.0,0.0,13.0,96.0,0.0,0.0,0.0,0.0,0.078817734,0.2083333333,0.0,1.0,0.0,0.0,0.0,0.1330049261,0.0,0.0,0.0,0.0,1.0,1.0,0.0,0.0,1.0,-1.0,1.0,1.0,0.0,1.0,0.0,0.0
3017,5842.0,2.0,0.0,4.0,71.0,6.0,0.0,0.0,0.0,0.0,0.0,0.0,0.0,0.0,10.0,1.0,1.0,0.0,0.0,1.0,0.0,14.0,50.0,0.0,0.0,0.0,0.0,0.2575757576,0.8035714286,0.0,1.0,0.0,1.0,0.0,0.0,0.0,0.0,0.0,0.0,1.0,1.0,0.0,0.0,1.0,0.0,-1.0,0.0,0.0,1.0,0.0,0.0
3018,1628.0,3.0,1.0,3.0,57.0,0.0,0.0,0.0,0.0,0.0,0.0,0.0,0.0,0.0,4.0,1.0,1.0,0.0,0.0,1.0,0.0,22.0,28.0,0.0,0.0,0.0,0.0,0.0,1.0,1.0,1.0,0.0,0.0,0.0,1.0,1.0,0.0,0.0,0.0,0.0,0.0,0.0,0.0,1.0,0.0,-1.0,1.0,-1.0,-1.0,1.0,1.0
3019,500.0,1.0,0.0,5.0,78.0,0.0,0.0,0.0,0.0,0.0,0.0,0.0,0.0,0.0,19.0,1.0,1.0,0.0,0.0,0.0,0.0,20.0,51.0,0.0,0.0,0.0,0.0,0.2023809524,1.0,0.0,1.0,0.0,0.0,0.0,0.0119047619,0.0,0.0,0.0,0.0,0.0,0.0,0.0,0.0,1.0,-1.0,-1.0,1.0,-1.0,1.0,1.0,1.0
3020,8520.0,1.0,0.0,2.0,56.0,4.0,0.0,0.0,0.0,0.0,0.0,0.0,0.0,0.0,0.0,1.0,0.0,0.0,0.0,0.0,0.0,21.0,28.0,0.0,0.0,0.0,0.0,0.3008849558,0.0476190476,0.0,1.0,0.0,0.0,0.0,0.0088495575,0.0,0.0,0.0,0.0,0.0,0.0,0.0,0.0,1.0,0.0,0.0,1.0,1.0,1.0,0.0,0.0
3021,5162.0,2.0,0.0,2.0,77.0,6.0,1.0,0.0,0.0,0.0,0.0,0.0,0.0,0.0,4.0,1.0,1.0,0.0,0.0,1.0,0.0,22.0,48.0,0.0,0.0,0.0,0.0,0.0769230769,0.3225806452,0.0,1.0,0.0,0.0,0.0,0.0307692308,0.0,0.0,0.0,0.0,0.0,1.0,0.0,0.0,1.0,-1.0,1.0,1.0,0.0,1.0,0.0,0.0
3022,5748.0,1.0,0.0,5.0,87.0,7.0,0.0,0.0,0.0,0.0,0.0,0.0,0.0,0.0,8.0,1.0,1.0,0.0,0.0,1.0,0.0,18.0,62.0,0.0,0.0,0.0,0.0,0.0080645161,0.1568627451,0.0,1.0,0.0,0.0,0.0,0.0161290323,0.0,0.0,0.0,0.0,0.0,1.0,0.0,0.0,1.0,-1.0,1.0,1.0,0.0,1.0,0.0,0.0
3023,9924.0,2.0,1.0,2.0,51.0,0.0,0.0,0.0,0.0,0.0,0.0,1.0,0.0,0.0,6.0,1.0,0.0,0.0,0.0,1.0,0.0,19.0,13.0,11.0,0.0,0.0,0.0,0.0454545455,0.4,0.0,0.0,0.0,0.0,0.0,0.0,0.0,0.0,0.0,0.0,1.0,0.0,0.0,0.0,1.0,1.0,1.0,1.0,0.0,1.0,0.0,0.0
3024,4549.0,4.0,0.0,6.0,83.0,1.0,0.0,0.0,0.0,0.0,0.0,0.0,0.0,0.0,0.0,1.0,0.0,0.0,0.0,1.0,0.0,25.0,51.0,0.0,0.0,1.0,0.0,0.9090909091,0.3846153846,1.0,1.0,0.0,0.0,0.0,0.0909090909,1.0,0.0,0.0,0.0,0.0,1.0,0.0,0.0,1.0,-1.0,0.0,1.0,0.0,-1.0,1.0,1.0
3025,9647.0,3.0,1.0,2.0,57.0,0.0,0.0,0.0,0.0,0.0,0.0,1.0,0.0,0.0,2.0,1.0,1.0,0.0,0.0,0.0,0.0,30.0,9.0,10.0,0.0,0.0,0.0,0.0,0.0,0.0,0.0,0.0,0.0,0.0,0.0,0.0,0.0,0.0,0.0,0.0,0.0,0.0,0.0,1.0,0.0,1.0,1.0,1.0,1.0,0.0,0.0
3026,1579.0,2.0,0.0,3.0,59.0,2.0,0.0,0.0,0.0,0.0,0.0,0.0,0.0,0.0,0.0,1.0,0.0,0.0,0.0,0.0,0.0,20.0,32.0,0.0,0.0,1.0,0.0,0.9705882353,1.0,1.0,1.0,0.0,0.0,0.0,0.0,1.0,0.0,0.0,0.0,0.0,0.0,0.0,0.0,1.0,0.0,-1.0,1.0,-1.0,-1.0,1.0,1.0
3027,9.0,8.0,7.0,2.0,76.0,1.0,1.0,0.0,0.0,0.0,0.0,0.0,0.0,0.0,2.0,1.0,1.0,0.0,1.0,1.0,0.0,65.0,4.0,0.0,0.0,0.0,0.0,0.0,0.0,0.0,1.0,0.0,0.0,0.0,0.975,0.0,0.0,0.0,0.0,0.0,0.0,0.0,0.0,-1.0,-1.0,1.0,1.0,1.0,-1.0,1.0,1.0
3028,3207.0,3.0,1.0,4.0,61.0,0.0,0.0,0.0,0.0,0.0,0.0,0.0,0.0,0.0,0.0,1.0,0.0,0.0,0.0,1.0,0.0,23.0,31.0,0.0,0.0,0.0,0.0,0.0,0.08,0.0,1.0,1.0,0.0,1.0,0.9589041096,0.0,0.0,0.0,0.0,0.0,1.0,0.0,0.0,1.0,0.0,1.0,-1.0,1.0,-1.0,1.0,1.0
3029,937.0,6.0,1.0,3.0,62.0,0.0,0.0,0.0,0.0,0.0,0.0,0.0,0.0,0.0,4.0,1.0,1.0,0.0,0.0,1.0,0.0,15.0,40.0,0.0,0.0,0.0,1.0,0.9230769231,1.0,1.0,1.0,0.0,0.0,0.0,0.0,1.0,0.0,0.0,0.0,0.0,0.0,0.0,0.0,1.0,0.0,1.0,1.0,-1.0,-1.0,1.0,1.0
3030,1194.0,4.0,0.0,3.0,84.0,0.0,0.0,0.0,0.0,0.0,0.0,0.0,0.0,0.0,22.0,1.0,1.0,0.0,0.0,1.0,0.0,16.0,61.0,0.0,0.0,0.0,1.0,1.0,0.0833333333,1.0,1.0,1.0,0.0,1.0,0.0,1.0,0.0,0.0,0.0,0.0,0.0,0.0,0.0,1.0,-1.0,1.0,-1.0,1.0,-1.0,1.0,1.0
3031,9967.0,3.0,1.0,4.0,55.0,0.0,0.0,0.0,0.0,0.0,0.0,0.0,0.0,0.0,2.0,1.0,0.0,0.0,0.0,1.0,0.0,17.0,31.0,0.0,0.0,0.0,0.0,0.264957265,0.2972972973,0.0,1.0,0.0,0.0,0.0,0.0,0.0,0.0,0.0,0.0,0.0,1.0,0.0,0.0,1.0,0.0,1.0,1.0,0.0,1.0,0.0,0.0
3032,6201.0,4.0,0.0,3.0,137.0,7.0,0.0,0.0,0.0,4.0,0.0,3.0,2.0,0.0,8.0,1.0,1.0,0.0,0.0,1.0,0.0,16.0,52.0,61.0,0.0,0.0,0.0,0.1476683938,1.0,0.0,0.0,0.0,0.0,0.0,0.0,0.0,0.0,0.0,0.0,1.0,1.0,0.0,0.0,1.0,-1.0,-1.0,1.0,0.0,1.0,0.0,0.0
3033,7894.0,1.0,0.0,1.0,65.0,0.0,0.0,0.0,0.0,0.0,0.0,0.0,0.0,0.0,0.0,1.0,0.0,0.0,0.0,0.0,0.0,11.0,47.0,0.0,0.0,0.0,1.0,0.1833333333,0.3076923077,0.0,1.0,1.0,0.0,1.0,0.0333333333,0.0,0.0,0.0,0.0,1.0,1.0,0.0,0.0,1.0,0.0,0.0,-1.0,0.0,1.0,0.0,0.0
3034,6061.0,3.0,0.0,6.0,66.0,1.0,0.0,0.0,0.0,0.0,0.0,0.0,0.0,0.0,8.0,1.0,1.0,0.0,0.0,0.0,0.0,17.0,42.0,0.0,0.0,0.0,0.0,0.0754716981,0.0363636364,0.0,1.0,0.0,1.0,0.0,0.0566037736,0.0,0.0,0.0,0.0,0.0,0.0,0.0,0.0,1.0,0.0,1.0,0.0,1.0,1.0,0.0,0.0
3035,8887.0,2.0,0.0,2.0,39.0,1.0,0.0,0.0,0.0,0.0,0.0,0.0,0.0,0.0,0.0,1.0,0.0,0.0,0.0,1.0,0.0,9.0,23.0,0.0,0.0,0.0,0.0,0.021978022,0.1234567901,0.0,1.0,0.0,0.0,0.0,0.0,0.0,0.0,0.0,0.0,1.0,0.0,0.0,0.0,1.0,1.0,1.0,1.0,0.0,1.0,0.0,0.0
3036,941.0,1.0,0.0,4.0,46.0,1.0,0.0,0.0,0.0,0.0,0.0,0.0,0.0,0.0,0.0,1.0,0.0,0.0,0.0,0.0,0.0,17.0,22.0,0.0,0.0,0.0,0.0,0.0,0.1538461538,0.0,1.0,0.0,0.0,0.0,0.0,0.0,0.0,0.0,0.0,0.0,0.0,0.0,0.0,1.0,1.0,1.0,1.0,1.0,1.0,1.0,1.0
3037,9530.0,3.0,1.0,3.0,44.0,0.0,0.0,0.0,0.0,0.0,0.0,0.0,0.0,0.0,3.0,1.0,0.0,0.0,0.0,1.0,0.0,16.0,21.0,0.0,0.0,0.0,0.0,0.0051813472,0.0952380952,0.0,1.0,1.0,0.0,1.0,0.0207253886,0.0,0.0,0.0,0.0,0.0,0.0,0.0,0.0,1.0,1.0,1.0,-1.0,0.0,1.0,0.0,0.0
3038,2411.0,3.0,1.0,2.0,45.0,0.0,0.0,0.0,0.0,0.0,0.0,0.0,0.0,0.0,1.0,1.0,1.0,0.0,0.0,0.0,0.0,21.0,17.0,0.0,0.0,0.0,0.0,0.0,1.0,0.0,1.0,1.0,0.0,0.0,1.0,1.0,0.0,0.0,0.0,0.0,0.0,0.0,0.0,1.0,1.0,-1.0,1.0,-1.0,-1.0,1.0,1.0
3039,4369.0,2.0,1.0,4.0,44.0,0.0,0.0,0.0,0.0,0.0,0.0,0.0,0.0,0.0,0.0,1.0,1.0,0.0,0.0,0.0,0.0,17.0,20.0,0.0,0.0,0.0,0.0,0.0,0.0,0.0,1.0,1.0,0.0,1.0,0.7272727273,0.0,0.0,0.0,0.0,0.0,0.0,0.0,0.0,1.0,1.0,1.0,-1.0,1.0,-1.0,1.0,1.0
3040,207.0,2.0,0.0,3.0,45.0,0.0,0.0,0.0,0.0,0.0,0.0,0.0,0.0,0.0,0.0,1.0,0.0,0.0,0.0,1.0,0.0,20.0,18.0,0.0,0.0,0.0,0.0,0.0,0.0,0.0,1.0,0.0,0.0,0.0,0.0,0.0,0.0,0.0,0.0,0.0,0.0,1.0,0.0,1.0,1.0,1.0,1.0,1.0,1.0,1.0,1.0
3041,1028.0,4.0,0.0,3.0,65.0,0.0,0.0,0.0,0.0,1.0,0.0,4.0,4.0,0.0,11.0,1.0,0.0,1.0,0.0,0.0,0.0,12.0,22.0,23.0,0.0,0.0,0.0,0.375,0.0,0.0,1.0,0.0,0.0,0.0,0.0,1.0,0.0,0.0,0.0,0.0,0.0,0.0,0.0,1.0,0.0,1.0,1.0,0.0,0.0,1.0,1.0
3042,6741.0,1.0,0.0,5.0,99.0,8.0,0.0,0.0,0.0,0.0,0.0,0.0,0.0,0.0,6.0,1.0,1.0,0.0,0.0,1.0,0.0,13.0,79.0,0.0,0.0,0.0,0.0,0.05,0.05,0.0,1.0,0.0,0.0,0.0,0.0,0.0,0.0,0.0,0.0,1.0,0.0,0.0,0.0,1.0,-1.0,1.0,1.0,1.0,1.0,0.0,0.0
3043,6900.0,2.0,0.0,1.0,108.0,3.0,0.0,0.0,0.0,1.0,0.0,1.0,0.0,0.0,1.0,1.0,0.0,0.0,0.0,0.0,0.0,18.0,13.0,69.0,0.0,1.0,0.0,0.0,0.25,0.0,1.0,0.0,0.0,0.0,0.0,0.0,0.0,0.0,0.0,0.0,0.0,0.0,0.0,1.0,-1.0,1.0,1.0,0.0,1.0,0.0,0.0
3044,506.0,3.0,1.0,4.0,49.0,0.0,0.0,0.0,0.0,0.0,0.0,0.0,0.0,0.0,9.0,1.0,1.0,0.0,0.0,0.0,0.0,16.0,26.0,0.0,0.0,0.0,0.0,0.0,0.7857142857,0.0,1.0,0.0,0.0,0.0,1.0,1.0,0.0,0.0,0.0,0.0,1.0,0.0,0.0,1.0,1.0,-1.0,1.0,1.0,-1.0,1.0,1.0
3045,54.0,4.0,1.0,3.0,51.0,1.0,1.0,0.0,0.0,0.0,0.0,0.0,0.0,0.0,0.0,1.0,0.0,0.0,0.0,1.0,0.0,16.0,28.0,0.0,0.0,0.0,0.0,0.75,0.0,0.0,1.0,0.0,0.0,0.0,0.0,0.0,0.0,0.0,0.0,0.0,0.0,0.0,0.0,1.0,1.0,1.0,1.0,1.0,-1.0,1.0,1.0
3046,8472.0,3.0,1.0,1.0,59.0,0.0,0.0,0.0,0.0,1.0,0.0,1.0,0.0,0.0,6.0,1.0,0.0,0.0,0.0,1.0,0.0,26.0,13.0,12.0,0.0,0.0,0.0,0.0248962656,0.0084388186,0.0,0.0,0.0,0.0,0.0,0.0,0.0,0.0,0.0,0.0,0.0,0.0,0.0,0.0,1.0,0.0,1.0,1.0,-1.0,1.0,0.0,0.0
3047,1519.0,3.0,1.0,2.0,47.0,0.0,0.0,0.0,0.0,0.0,0.0,0.0,0.0,0.0,0.0,1.0,1.0,0.0,0.0,0.0,0.0,20.0,20.0,0.0,0.0,0.0,0.0,0.0,0.0,0.0,1.0,1.0,0.0,0.0,0.0,0.0,0.0,0.0,0.0,0.0,0.0,1.0,0.0,1.0,1.0,1.0,1.0,1.0,1.0,1.0,1.0
3048,5703.0,1.0,0.0,3.0,65.0,2.0,0.0,0.0,0.0,0.0,0.0,0.0,0.0,0.0,0.0,1.0,0.0,0.0,0.0,1.0,0.0,21.0,37.0,0.0,0.0,0.0,0.0,0.0447761194,0.1515151515,0.0,1.0,1.0,0.0,0.0,0.0447761194,0.0,0.0,0.0,0.0,1.0,1.0,0.0,0.0,1.0,0.0,1.0,1.0,1.0,1.0,0.0,0.0
3049,8754.0,1.0,0.0,6.0,47.0,0.0,0.0,0.0,0.0,0.0,0.0,0.0,0.0,0.0,8.0,1.0,1.0,0.0,0.0,1.0,0.0,15.0,25.0,0.0,0.0,0.0,0.0,0.1176470588,0.4666666667,0.0,1.0,0.0,0.0,0.0,0.0,0.0,0.0,0.0,0.0,0.0,0.0,0.0,0.0,1.0,1.0,1.0,1.0,0.0,1.0,0.0,0.0
3050,27.0,2.0,0.0,3.0,43.0,0.0,0.0,0.0,0.0,0.0,0.0,0.0,0.0,0.0,0.0,1.0,0.0,0.0,0.0,1.0,0.0,14.0,22.0,0.0,0.0,0.0,0.0,0.0,0.7857142857,0.0,1.0,0.0,0.0,0.0,1.0,1.0,0.0,0.0,0.0,0.0,1.0,0.0,0.0,1.0,1.0,-1.0,1.0,1.0,-1.0,1.0,1.0
3051,2681.0,2.0,0.0,3.0,53.0,0.0,0.0,0.0,0.0,0.0,0.0,0.0,0.0,0.0,0.0,1.0,1.0,0.0,0.0,1.0,0.0,21.0,25.0,0.0,0.0,0.0,0.0,0.0,0.0,0.0,1.0,0.0,0.0,0.0,0.0,0.0,0.0,0.0,0.0,0.0,0.0,0.0,0.0,1.0,1.0,1.0,1.0,1.0,1.0,1.0,1.0
3052,1594.0,3.0,1.0,4.0,84.0,1.0,0.0,0.0,0.0,0.0,0.0,0.0,0.0,0.0,18.0,1.0,1.0,0.0,0.0,0.0,0.0,26.0,51.0,0.0,0.0,0.0,0.0,0.0,0.0,0.0,1.0,0.0,0.0,0.0,0.0,0.0,0.0,0.0,0.0,0.0,0.0,0.0,0.0,1.0,-1.0,1.0,1.0,1.0,1.0,1.0,1.0
3053,5623.0,3.0,0.0,1.0,120.0,0.0,0.0,0.0,0.0,2.0,0.0,6.0,5.0,0.0,5.0,1.0,0.0,0.0,0.0,0.0,0.0,18.0,10.0,84.0,0.0,0.0,0.0,0.0080808081,1.0,1.0,0.0,0.0,1.0,0.0,0.0,0.0,0.0,0.0,0.0,0.0,0.0,0.0,0.0,1.0,-1.0,-1.0,0.0,-1.0,1.0,0.0,0.0
3054,1502.0,4.0,0.0,3.0,52.0,1.0,0.0,0.0,1.0,0.0,0.0,0.0,0.0,0.0,11.0,1.0,0.0,1.0,0.0,1.0,0.0,14.0,31.0,0.0,0.0,0.0,0.0,0.0,1.0,0.0,1.0,0.0,1.0,0.0,0.0,1.0,0.0,0.0,0.0,0.0,0.0,0.0,0.0,1.0,1.0,1.0,0.0,-1.0,1.0,1.0,1.0
3055,4546.0,3.0,1.0,3.0,55.0,0.0,0.0,0.0,0.0,2.0,0.0,0.0,0.0,0.0,0.0,1.0,0.0,0.0,0.0,1.0,0.0,15.0,33.0,0.0,0.0,0.0,0.0,1.0,1.0,0.0,1.0,0.0,0.0,0.0,0.0,1.0,0.0,0.0,0.0,0.0,1.0,1.0,0.0,1.0,0.0,-1.0,1.0,1.0,-1.0,1.0,1.0
3056,9133.0,2.0,1.0,1.0,38.0,0.0,0.0,0.0,0.0,1.0,0.0,1.0,0.0,0.0,0.0,1.0,0.0,0.0,0.0,0.0,0.0,13.0,11.0,6.0,0.0,0.0,0.0,0.0186915888,0.0,0.0,1.0,0.0,0.0,0.0,0.0,0.0,0.0,0.0,0.0,0.0,0.0,0.0,0.0,1.0,1.0,1.0,1.0,1.0,1.0,0.0,0.0
3057,8157.0,2.0,1.0,2.0,72.0,5.0,0.0,0.0,0.0,0.0,0.0,0.0,0.0,0.0,0.0,1.0,1.0,0.0,0.0,1.0,0.0,15.0,50.0,0.0,0.0,0.0,0.0,0.1944444444,0.2666666667,0.0,1.0,1.0,0.0,0.0,0.0740740741,0.0,0.0,0.0,0.0,0.0,1.0,0.0,0.0,1.0,0.0,1.0,1.0,0.0,1.0,0.0,0.0
3058,7124.0,1.0,0.0,4.0,79.0,3.0,0.0,0.0,0.0,0.0,0.0,0.0,0.0,0.0,0.0,1.0,1.0,0.0,0.0,0.0,0.0,7.0,65.0,0.0,0.0,0.0,0.0,0.0372881356,0.1884057971,0.0,1.0,1.0,0.0,0.0,0.0237288136,0.0,0.0,0.0,0.0,0.0,1.0,0.0,0.0,1.0,-1.0,1.0,1.0,0.0,1.0,0.0,0.0
3059,1590.0,3.0,1.0,4.0,84.0,1.0,0.0,0.0,0.0,0.0,0.0,0.0,0.0,0.0,23.0,1.0,1.0,0.0,0.0,0.0,0.0,26.0,51.0,0.0,0.0,0.0,0.0,0.0,0.0,0.0,1.0,0.0,0.0,0.0,0.0,0.0,0.0,0.0,0.0,0.0,0.0,0.0,0.0,1.0,-1.0,1.0,1.0,1.0,1.0,1.0,1.0
3060,3846.0,3.0,0.0,2.0,24.0,0.0,0.0,0.0,0.0,0.0,0.0,0.0,0.0,0.0,10.0,1.0,0.0,1.0,0.0,1.0,0.0,13.0,4.0,0.0,0.0,0.0,0.0,0.0,0.0322580645,0.0,1.0,1.0,0.0,0.0,0.0,1.0,0.0,0.0,0.0,0.0,1.0,0.0,0.0,1.0,1.0,1.0,1.0,1.0,1.0,1.0,1.0
3061,1789.0,3.0,1.0,7.0,93.0,1.0,0.0,0.0,0.0,0.0,0.0,0.0,0.0,0.0,25.0,1.0,1.0,0.0,0.0,1.0,0.0,22.0,64.0,0.0,0.0,0.0,0.0,0.0,0.125,0.0,1.0,1.0,0.0,0.0,0.9230769231,0.0,0.0,0.0,0.0,0.0,0.0,0.0,0.0,1.0,-1.0,1.0,1.0,1.0,-1.0,1.0,1.0
3062,1008.0,2.0,0.0,5.0,78.0,0.0,0.0,0.0,0.0,0.0,0.0,0.0,0.0,0.0,23.0,1.0,1.0,0.0,0.0,1.0,0.0,14.0,57.0,0.0,0.0,0.0,0.0,0.0,0.0,0.0,1.0,0.0,0.0,0.0,0.0,0.0,0.0,0.0,0.0,0.0,0.0,0.0,0.0,1.0,-1.0,1.0,1.0,1.0,1.0,1.0,1.0
3063,7137.0,1.0,0.0,5.0,73.0,6.0,0.0,0.0,0.0,0.0,0.0,0.0,0.0,0.0,8.0,1.0,1.0,0.0,0.0,1.0,0.0,8.0,58.0,0.0,0.0,0.0,0.0,0.1346153846,0.9811320755,1.0,1.0,1.0,0.0,0.0,0.0,0.0,0.0,0.0,0.0,0.0,1.0,0.0,0.0,1.0,0.0,-1.0,1.0,-1.0,1.0,0.0,0.0
3064,5562.0,3.0,0.0,1.0,102.0,0.0,0.0,0.0,0.0,2.0,0.0,4.0,3.0,0.0,10.0,1.0,0.0,0.0,0.0,0.0,0.0,12.0,20.0,62.0,0.0,0.0,0.0,0.2115384615,0.125,0.0,1.0,0.0,1.0,0.0,0.0,0.0,0.0,0.0,0.0,1.0,0.0,0.0,0.0,1.0,-1.0,1.0,0.0,0.0,1.0,0.0,0.0
3065,6620.0,1.0,0.0,5.0,95.0,9.0,0.0,0.0,0.0,0.0,0.0,0.0,0.0,0.0,8.0,1.0,1.0,0.0,0.0,1.0,0.0,22.0,66.0,0.0,0.0,0.0,0.0,0.3785714286,0.329787234,0.0,1.0,1.0,0.0,0.0,0.0,0.0,0.0,0.0,0.0,0.0,1.0,0.0,0.0,1.0,-1.0,1.0,1.0,0.0,0.0,0.0,0.0
3066,6274.0,2.0,0.0,1.0,98.0,8.0,0.0,0.0,0.0,0.0,0.0,0.0,0.0,0.0,5.0,1.0,1.0,0.0,0.0,0.0,0.0,17.0,74.0,0.0,0.0,0.0,0.0,0.5174825175,0.4864864865,0.0,1.0,0.0,0.0,0.0,0.041958042,0.0,0.0,0.0,0.0,1.0,1.0,0.0,0.0,1.0,-1.0,-1.0,1.0,0.0,0.0,0.0,0.0
3067,728.0,2.0,1.0,5.0,81.0,0.0,0.0,0.0,1.0,0.0,0.0,0.0,0.0,0.0,30.0,0.0,1.0,0.0,0.0,0.0,0.0,23.0,50.0,0.0,0.0,0.0,0.0,0.0,0.0,0.0,0.0,0.0,0.0,0.0,0.0,0.0,0.0,0.0,0.0,0.0,0.0,0.0,0.0,1.0,-1.0,1.0,1.0,1.0,1.0,1.0,1.0
3068,6983.0,3.0,1.0,1.0,68.0,0.0,0.0,0.0,0.0,0.0,0.0,2.0,1.0,0.0,8.0,1.0,1.0,0.0,0.0,0.0,0.0,21.0,15.0,24.0,0.0,0.0,0.0,0.0288065844,0.0845070423,0.0,1.0,0.0,0.0,0.0,0.0,0.0,0.0,0.0,0.0,0.0,0.0,0.0,0.0,1.0,0.0,1.0,1.0,0.0,1.0,0.0,0.0
3069,6380.0,1.0,0.0,5.0,181.0,19.0,0.0,0.0,0.0,0.0,0.0,0.0,0.0,0.0,6.0,1.0,1.0,0.0,0.0,1.0,0.0,20.0,154.0,0.0,0.0,0.0,0.0,0.2558139535,0.5,0.0,1.0,0.0,0.0,0.0,0.0,0.0,0.0,0.0,0.0,0.0,1.0,0.0,0.0,1.0,-1.0,1.0,1.0,0.0,1.0,0.0,0.0
3070,4042.0,3.0,1.0,3.0,45.0,0.0,0.0,0.0,0.0,0.0,0.0,0.0,0.0,0.0,0.0,1.0,0.0,0.0,0.0,0.0,0.0,15.0,23.0,0.0,0.0,0.0,1.0,1.0,1.0,0.0,1.0,0.0,1.0,0.0,0.0,1.0,0.0,0.0,0.0,0.0,0.0,1.0,0.0,1.0,1.0,-1.0,0.0,-1.0,-1.0,1.0,1.0
3071,2237.0,4.0,1.0,3.0,57.0,0.0,0.0,0.0,0.0,0.0,0.0,0.0,0.0,0.0,0.0,1.0,1.0,0.0,0.0,1.0,0.0,22.0,28.0,0.0,0.0,1.0,1.0,0.9230769231,1.0,0.0,1.0,0.0,0.0,0.0,0.0,1.0,0.0,0.0,0.0,0.0,0.0,0.0,0.0,1.0,0.0,1.0,1.0,-1.0,-1.0,1.0,1.0
3072,6494.0,2.0,0.0,2.0,91.0,6.0,0.0,0.0,0.0,0.0,0.0,0.0,0.0,0.0,6.0,1.0,1.0,0.0,0.0,1.0,0.0,17.0,67.0,0.0,0.0,0.0,0.0,0.234939759,0.9696969697,0.0,0.0,0.0,1.0,0.0,0.0481927711,0.0,0.0,0.0,0.0,1.0,0.0,0.0,0.0,1.0,-1.0,-1.0,0.0,0.0,1.0,0.0,0.0
3073,1979.0,2.0,0.0,2.0,47.0,0.0,0.0,0.0,0.0,0.0,0.0,0.0,0.0,0.0,1.0,1.0,1.0,0.0,0.0,0.0,0.0,24.0,16.0,0.0,0.0,0.0,0.0,0.0,0.2222222222,0.0,1.0,0.0,0.0,0.0,0.0,0.0,0.0,0.0,0.0,0.0,0.0,0.0,0.0,1.0,1.0,0.0,1.0,1.0,1.0,1.0,1.0
3074,149.0,2.0,0.0,2.0,33.0,0.0,0.0,0.0,0.0,0.0,0.0,0.0,0.0,0.0,0.0,1.0,0.0,0.0,0.0,1.0,0.0,12.0,14.0,0.0,0.0,0.0,0.0,0.0,0.7857142857,0.0,1.0,0.0,0.0,0.0,1.0,1.0,0.0,0.0,0.0,0.0,1.0,0.0,0.0,1.0,1.0,-1.0,1.0,1.0,-1.0,1.0,1.0
3075,6014.0,4.0,1.0,3.0,67.0,0.0,0.0,0.0,0.0,1.0,0.0,0.0,0.0,0.0,4.0,1.0,0.0,0.0,0.0,0.0,0.0,17.0,43.0,0.0,0.0,0.0,0.0,0.1351351351,0.2608695652,0.0,1.0,0.0,0.0,0.0,0.1351351351,0.0,0.0,0.0,0.0,0.0,0.0,0.0,0.0,1.0,0.0,1.0,1.0,0.0,1.0,0.0,0.0
3076,8117.0,2.0,0.0,2.0,72.0,2.0,0.0,0.0,0.0,4.0,0.0,0.0,0.0,0.0,4.0,1.0,0.0,0.0,0.0,0.0,0.0,17.0,17.0,30.0,0.0,0.0,0.0,0.0444444444,0.1875,0.0,1.0,0.0,0.0,0.0,0.0,0.0,0.0,0.0,0.0,0.0,0.0,0.0,0.0,1.0,0.0,1.0,1.0,0.0,1.0,0.0,0.0
3077,8350.0,1.0,0.0,4.0,36.0,0.0,0.0,0.0,0.0,0.0,0.0,0.0,0.0,0.0,6.0,1.0,1.0,0.0,0.0,0.0,0.0,13.0,16.0,0.0,0.0,0.0,0.0,0.3409090909,0.6666666667,0.0,0.0,0.0,0.0,0.0,0.0,0.0,0.0,0.0,0.0,0.0,0.0,0.0,0.0,1.0,1.0,0.0,1.0,0.0,0.0,0.0,0.0
3078,118.0,2.0,0.0,3.0,43.0,0.0,0.0,0.0,0.0,0.0,0.0,0.0,0.0,0.0,0.0,1.0,0.0,0.0,0.0,0.0,0.0,13.0,23.0,0.0,0.0,0.0,0.0,0.0,0.0,0.0,1.0,0.0,0.0,0.0,0.0,0.0,0.0,0.0,0.0,0.0,0.0,0.0,0.0,1.0,1.0,1.0,1.0,1.0,1.0,1.0,1.0
3079,6992.0,3.0,1.0,1.0,63.0,0.0,0.0,0.0,0.0,0.0,0.0,3.0,2.0,0.0,7.0,1.0,1.0,0.0,0.0,0.0,0.0,22.0,14.0,19.0,0.0,0.0,0.0,0.1111111111,0.3333333333,0.0,0.0,0.0,0.0,0.0,0.0,0.0,0.0,0.0,0.0,0.0,0.0,0.0,0.0,1.0,0.0,1.0,1.0,0.0,1.0,0.0,0.0
3080,3245.0,2.0,1.0,3.0,57.0,0.0,0.0,0.0,0.0,0.0,0.0,0.0,0.0,0.0,23.0,1.0,1.0,0.0,0.0,0.0,0.0,14.0,36.0,0.0,0.0,0.0,0.0,0.0,0.0,0.0,1.0,0.0,0.0,0.0,0.0,0.0,0.0,0.0,0.0,0.0,0.0,0.0,0.0,1.0,0.0,1.0,1.0,1.0,1.0,1.0,1.0
3081,3982.0,2.0,0.0,2.0,52.0,0.0,0.0,0.0,0.0,0.0,0.0,0.0,0.0,0.0,0.0,1.0,1.0,0.0,0.0,0.0,0.0,22.0,23.0,0.0,0.0,0.0,1.0,1.0,1.0,0.0,1.0,0.0,0.0,0.0,0.0,1.0,1.0,0.0,0.0,0.0,0.0,0.0,0.0,1.0,1.0,-1.0,1.0,-1.0,-1.0,1.0,1.0
3082,5649.0,5.0,2.0,4.0,146.0,0.0,0.0,0.0,0.0,7.0,0.0,1.0,0.0,0.0,0.0,1.0,1.0,0.0,1.0,1.0,0.0,16.0,33.0,89.0,0.0,0.0,0.0,0.6764705882,0.0,0.0,1.0,0.0,0.0,0.0,0.0,0.0,0.0,0.0,0.0,0.0,0.0,0.0,0.0,0.0,-1.0,1.0,1.0,1.0,-1.0,0.0,0.0
3083,6841.0,2.0,0.0,2.0,70.0,6.0,0.0,0.0,0.0,0.0,0.0,0.0,0.0,0.0,12.0,1.0,1.0,0.0,0.0,0.0,0.0,9.0,54.0,0.0,0.0,0.0,0.0,0.0192307692,0.5135135135,0.0,1.0,1.0,0.0,0.0,0.108974359,0.0,0.0,0.0,0.0,0.0,1.0,0.0,0.0,1.0,0.0,0.0,1.0,0.0,1.0,0.0,0.0
3084,4267.0,1.0,0.0,2.0,57.0,0.0,0.0,0.0,0.0,0.0,0.0,1.0,1.0,0.0,7.0,1.0,1.0,0.0,0.0,0.0,0.0,16.0,6.0,27.0,0.0,0.0,0.0,0.2587412587,0.027027027,0.0,1.0,0.0,0.0,0.0,0.0,0.0,0.0,0.0,0.0,0.0,0.0,0.0,0.0,1.0,0.0,1.0,1.0,1.0,1.0,1.0,1.0
3085,5852.0,1.0,0.0,2.0,99.0,15.0,0.0,0.0,0.0,0.0,0.0,0.0,0.0,0.0,6.0,1.0,1.0,0.0,0.0,1.0,0.0,20.0,72.0,0.0,0.0,0.0,0.0,0.1813471503,0.3913043478,0.0,1.0,0.0,1.0,0.0,0.0051813472,0.0,0.0,0.0,0.0,0.0,1.0,0.0,0.0,1.0,-1.0,0.0,0.0,0.0,1.0,0.0,0.0
3086,2870.0,2.0,0.0,6.0,77.0,1.0,0.0,0.0,0.0,0.0,0.0,0.0,0.0,0.0,10.0,1.0,1.0,0.0,0.0,0.0,0.0,18.0,52.0,0.0,0.0,0.0,0.0,1.0,0.1428571429,1.0,1.0,0.0,0.0,0.0,0.0,0.0,0.0,0.0,0.0,0.0,1.0,0.0,0.0,1.0,-1.0,1.0,1.0,0.0,-1.0,1.0,1.0
3087,384.0,5.0,0.0,4.0,56.0,0.0,0.0,0.0,0.0,0.0,0.0,0.0,0.0,0.0,0.0,1.0,0.0,0.0,0.0,1.0,0.0,11.0,38.0,0.0,0.0,1.0,1.0,0.9230769231,1.0,1.0,1.0,0.0,0.0,0.0,0.0,1.0,0.0,0.0,0.0,0.0,0.0,0.0,0.0,1.0,0.0,1.0,1.0,-1.0,-1.0,1.0,1.0
3088,2796.0,2.0,0.0,2.0,41.0,0.0,0.0,0.0,0.0,0.0,0.0,0.0,0.0,0.0,0.0,1.0,0.0,0.0,0.0,0.0,0.0,20.0,14.0,0.0,0.0,0.0,0.0,1.0,1.0,0.0,1.0,0.0,0.0,0.0,0.0,1.0,0.0,0.0,0.0,0.0,1.0,0.0,0.0,1.0,1.0,-1.0,1.0,-1.0,-1.0,1.0,1.0
3089,360.0,3.0,1.0,5.0,102.0,0.0,0.0,0.0,0.0,0.0,0.0,0.0,0.0,0.0,4.0,1.0,1.0,0.0,0.0,0.0,0.0,29.0,66.0,0.0,0.0,0.0,0.0,0.9230769231,1.0,0.0,1.0,0.0,1.0,0.0,0.0,1.0,0.0,0.0,0.0,0.0,0.0,0.0,0.0,1.0,-1.0,1.0,0.0,-1.0,-1.0,1.0,1.0
3090,3485.0,3.0,1.0,2.0,28.0,0.0,0.0,0.0,0.0,0.0,0.0,0.0,0.0,0.0,0.0,1.0,0.0,0.0,0.0,0.0,0.0,16.0,5.0,0.0,0.0,0.0,0.0,0.7777777778,0.2222222222,0.0,1.0,0.0,0.0,0.0,0.2222222222,0.0,0.0,0.0,0.0,0.0,1.0,0.0,0.0,1.0,1.0,1.0,1.0,0.0,-1.0,1.0,1.0
3091,1405.0,2.0,0.0,2.0,37.0,1.0,1.0,0.0,0.0,0.0,0.0,0.0,0.0,0.0,0.0,1.0,0.0,0.0,0.0,0.0,0.0,12.0,18.0,0.0,0.0,0.0,0.0,0.0,0.0,0.0,1.0,0.0,0.0,0.0,0.0,0.0,0.0,0.0,0.0,0.0,0.0,0.0,0.0,1.0,1.0,1.0,1.0,1.0,1.0,1.0,1.0
3092,5507.0,1.0,0.0,3.0,89.0,9.0,0.0,0.0,0.0,0.0,0.0,0.0,0.0,0.0,2.0,1.0,0.0,0.0,0.0,1.0,0.0,17.0,65.0,0.0,0.0,0.0,0.0,0.1031390135,0.4933333333,0.0,1.0,0.0,1.0,0.0,0.0179372197,0.0,0.0,0.0,0.0,0.0,1.0,0.0,0.0,1.0,-1.0,0.0,0.0,0.0,1.0,0.0,0.0
3093,2657.0,2.0,0.0,4.0,57.0,0.0,0.0,0.0,0.0,0.0,0.0,0.0,0.0,0.0,0.0,1.0,0.0,0.0,0.0,1.0,0.0,17.0,33.0,0.0,0.0,1.0,1.0,1.0,1.0,1.0,1.0,0.0,0.0,0.0,0.0,1.0,0.0,0.0,0.0,0.0,0.0,0.0,0.0,1.0,0.0,-1.0,1.0,-1.0,-1.0,1.0,1.0
3094,6597.0,2.0,1.0,7.0,115.0,7.0,0.0,0.0,0.0,0.0,0.0,0.0,0.0,0.0,14.0,1.0,1.0,0.0,0.0,1.0,0.0,12.0,96.0,0.0,0.0,0.0,0.0,0.0931677019,0.2432432432,0.0,1.0,0.0,0.0,0.0,0.0124223602,0.0,0.0,0.0,0.0,1.0,1.0,0.0,0.0,1.0,-1.0,1.0,1.0,0.0,1.0,0.0,0.0
3095,3247.0,2.0,1.0,3.0,57.0,0.0,0.0,0.0,0.0,0.0,0.0,0.0,0.0,0.0,23.0,1.0,1.0,0.0,0.0,0.0,0.0,14.0,36.0,0.0,0.0,0.0,0.0,0.0,0.0,0.0,1.0,0.0,0.0,0.0,0.0,0.0,0.0,0.0,0.0,0.0,0.0,0.0,0.0,1.0,0.0,1.0,1.0,1.0,1.0,1.0,1.0
3096,2551.0,3.0,1.0,2.0,46.0,0.0,0.0,0.0,0.0,0.0,0.0,0.0,0.0,0.0,1.0,1.0,0.0,0.0,0.0,0.0,0.0,21.0,18.0,0.0,0.0,0.0,0.0,0.8,1.0,0.0,1.0,0.0,1.0,0.0,0.0,1.0,0.0,0.0,0.0,0.0,0.0,0.0,0.0,1.0,1.0,1.0,0.0,-1.0,-1.0,1.0,1.0
3097,5088.0,1.0,0.0,0.0,22.0,0.0,0.0,0.0,0.0,0.0,0.0,0.0,0.0,0.0,0.0,0.0,1.0,0.0,0.0,0.0,0.0,13.0,1.0,0.0,0.0,0.0,0.0,0.137254902,1.0,1.0,0.0,0.0,0.0,0.0,0.0392156863,0.0,0.0,0.0,0.0,0.0,1.0,0.0,0.0,1.0,1.0,-1.0,1.0,-1.0,1.0,0.0,0.0
3098,9767.0,2.0,1.0,3.0,55.0,1.0,0.0,0.0,0.0,0.0,0.0,0.0,0.0,0.0,4.0,1.0,1.0,0.0,0.0,0.0,0.0,22.0,26.0,0.0,0.0,0.0,0.0,0.0701754386,0.1538461538,0.0,1.0,1.0,0.0,0.0,0.0263157895,0.0,0.0,0.0,0.0,0.0,0.0,0.0,0.0,1.0,0.0,1.0,1.0,0.0,1.0,0.0,0.0
3099,4831.0,5.0,0.0,3.0,61.0,0.0,0.0,0.0,0.0,0.0,0.0,0.0,0.0,0.0,0.0,1.0,0.0,0.0,0.0,1.0,0.0,20.0,34.0,0.0,0.0,1.0,1.0,0.9230769231,1.0,1.0,1.0,0.0,0.0,0.0,0.0,1.0,0.0,0.0,0.0,0.0,0.0,0.0,0.0,1.0,0.0,1.0,1.0,-1.0,-1.0,1.0,1.0
3100,3618.0,2.0,1.0,5.0,67.0,1.0,0.0,0.0,0.0,0.0,0.0,0.0,0.0,0.0,0.0,1.0,1.0,0.0,0.0,0.0,0.0,22.0,38.0,0.0,0.0,0.0,0.0,0.0,0.0,0.0,1.0,0.0,0.0,0.0,0.0,0.0,0.0,0.0,0.0,0.0,0.0,0.0,0.0,1.0,0.0,1.0,1.0,1.0,1.0,1.0,1.0
3101,4235.0,3.0,0.0,2.0,40.0,0.0,0.0,0.0,0.0,0.0,0.0,0.0,0.0,0.0,0.0,1.0,0.0,0.0,0.0,0.0,0.0,16.0,17.0,0.0,0.0,0.0,0.0,0.0,0.8,0.0,1.0,0.0,1.0,0.0,0.0,1.0,0.0,0.0,0.0,0.0,0.0,0.0,0.0,1.0,1.0,0.0,0.0,-1.0,1.0,1.0,1.0
3102,6397.0,3.0,1.0,2.0,60.0,2.0,0.0,0.0,0.0,0.0,0.0,0.0,0.0,0.0,0.0,1.0,1.0,0.0,0.0,1.0,0.0,24.0,29.0,0.0,0.0,0.0,0.0,0.0162601626,0.2592592593,0.0,1.0,1.0,0.0,0.0,0.0243902439,0.0,0.0,0.0,0.0,1.0,1.0,0.0,0.0,1.0,0.0,1.0,1.0,0.0,1.0,0.0,0.0
3103,5171.0,5.0,0.0,2.0,165.0,1.0,1.0,0.0,0.0,5.0,5.0,4.0,3.0,0.0,15.0,1.0,0.0,0.0,0.0,1.0,0.0,18.0,17.0,122.0,0.0,1.0,0.0,0.1428571429,0.0,0.0,1.0,0.0,0.0,0.0,0.0,0.0,0.0,0.0,0.0,0.0,0.0,0.0,0.0,1.0,-1.0,1.0,1.0,1.0,1.0,0.0,0.0
3104,6861.0,2.0,1.0,3.0,79.0,6.0,0.0,0.0,0.0,0.0,0.0,0.0,0.0,0.0,6.0,1.0,1.0,0.0,0.0,1.0,0.0,18.0,54.0,0.0,0.0,0.0,0.0,0.056768559,0.1153846154,0.0,1.0,1.0,0.0,1.0,0.0305676856,0.0,0.0,0.0,0.0,0.0,1.0,0.0,0.0,1.0,-1.0,1.0,-1.0,0.0,1.0,0.0,0.0
3105,9059.0,1.0,0.0,2.0,47.0,0.0,0.0,0.0,0.0,3.0,0.0,0.0,0.0,0.0,0.0,1.0,0.0,0.0,0.0,0.0,0.0,8.0,32.0,0.0,0.0,0.0,0.0,0.0967741935,0.5,0.0,1.0,0.0,0.0,0.0,0.064516129,0.0,0.0,0.0,0.0,0.0,1.0,0.0,1.0,1.0,1.0,0.0,1.0,0.0,1.0,0.0,0.0
3106,686.0,2.0,1.0,4.0,47.0,0.0,0.0,0.0,0.0,0.0,0.0,0.0,0.0,0.0,6.0,1.0,1.0,0.0,0.0,0.0,0.0,22.0,18.0,0.0,0.0,0.0,0.0,0.0,0.0,0.0,0.0,0.0,0.0,0.0,1.0,0.0,0.0,0.0,0.0,0.0,0.0,0.0,0.0,1.0,1.0,1.0,1.0,1.0,-1.0,1.0,1.0
3107,6935.0,2.0,0.0,2.0,129.0,3.0,0.0,0.0,0.0,0.0,8.0,2.0,1.0,0.0,15.0,1.0,0.0,0.0,0.0,0.0,0.0,13.0,7.0,101.0,0.0,0.0,0.0,0.3439490446,0.6,0.0,1.0,0.0,0.0,0.0,0.0,0.0,0.0,0.0,0.0,0.0,1.0,0.0,0.0,1.0,-1.0,-1.0,1.0,0.0,0.0,0.0,0.0
3108,7286.0,3.0,1.0,3.0,121.0,1.0,1.0,0.0,0.0,6.0,0.0,0.0,0.0,0.0,7.0,1.0,1.0,0.0,0.0,1.0,0.0,22.0,92.0,0.0,0.0,0.0,0.0,0.125,0.1578947368,0.0,1.0,0.0,0.0,0.0,0.125,0.0,0.0,0.0,0.0,0.0,0.0,0.0,0.0,1.0,-1.0,1.0,1.0,0.0,1.0,0.0,0.0
3109,8901.0,1.0,0.0,5.0,59.0,1.0,0.0,0.0,0.0,0.0,0.0,0.0,0.0,0.0,6.0,1.0,1.0,0.0,0.0,0.0,0.0,17.0,35.0,0.0,0.0,0.0,0.0,0.1051136364,0.0453074434,0.0,1.0,0.0,0.0,0.0,0.0071022727,0.0,0.0,0.0,0.0,0.0,1.0,0.0,0.0,1.0,0.0,1.0,1.0,-1.0,1.0,0.0,0.0
3110,8337.0,1.0,0.0,2.0,51.0,0.0,0.0,0.0,0.0,0.0,0.0,2.0,1.0,0.0,1.0,1.0,1.0,0.0,0.0,0.0,0.0,13.0,8.0,22.0,0.0,0.0,0.0,0.0579710145,0.4583333333,0.0,1.0,1.0,0.0,1.0,0.0,0.0,0.0,0.0,0.0,0.0,1.0,0.0,0.0,1.0,1.0,0.0,-1.0,0.0,1.0,0.0,0.0
3111,8403.0,1.0,0.0,5.0,52.0,3.0,0.0,0.0,0.0,0.0,0.0,0.0,0.0,0.0,8.0,1.0,1.0,0.0,0.0,0.0,0.0,15.0,30.0,0.0,0.0,0.0,0.0,0.2184466019,0.1538461538,0.0,1.0,0.0,1.0,0.0,0.0097087379,0.0,0.0,0.0,0.0,1.0,1.0,0.0,0.0,1.0,1.0,1.0,0.0,0.0,1.0,0.0,0.0
3112,5332.0,3.0,1.0,3.0,88.0,5.0,1.0,0.0,0.0,0.0,0.0,0.0,0.0,0.0,6.0,1.0,1.0,0.0,0.0,1.0,0.0,28.0,53.0,0.0,0.0,0.0,0.0,0.1666666667,0.48,0.0,0.0,0.0,1.0,0.0,0.0087719298,0.0,0.0,0.0,0.0,0.0,1.0,0.0,0.0,1.0,-1.0,0.0,0.0,0.0,1.0,0.0,0.0
3113,8963.0,2.0,0.0,1.0,48.0,0.0,0.0,0.0,0.0,0.0,0.0,1.0,0.0,0.0,3.0,1.0,0.0,0.0,0.0,0.0,0.0,21.0,10.0,9.0,0.0,0.0,0.0,0.2045454545,0.1025641026,0.0,0.0,0.0,0.0,0.0,0.0,0.0,0.0,0.0,0.0,0.0,1.0,0.0,0.0,1.0,1.0,1.0,1.0,1.0,1.0,0.0,0.0
3114,1056.0,1.0,0.0,6.0,88.0,0.0,0.0,0.0,0.0,0.0,0.0,0.0,0.0,0.0,20.0,1.0,1.0,0.0,0.0,1.0,0.0,22.0,59.0,0.0,0.0,0.0,0.0,0.0,0.1,0.0,1.0,0.0,0.0,0.0,0.0,0.0,0.0,0.0,0.0,0.0,0.0,0.0,0.0,1.0,-1.0,1.0,1.0,1.0,1.0,1.0,1.0
3115,571.0,4.0,0.0,4.0,101.0,2.0,0.0,0.0,0.0,0.0,0.0,0.0,0.0,0.0,20.0,1.0,1.0,1.0,0.0,0.0,0.0,13.0,47.0,33.0,0.0,2.0,0.0,0.0,0.0357142857,1.0,1.0,0.0,0.0,0.0,0.0,1.0,0.0,0.0,0.0,0.0,1.0,0.0,0.0,1.0,-1.0,1.0,1.0,1.0,1.0,1.0,1.0
3116,7015.0,3.0,1.0,3.0,66.0,3.0,0.0,0.0,0.0,0.0,0.0,0.0,0.0,0.0,0.0,1.0,1.0,0.0,0.0,0.0,0.0,16.0,43.0,0.0,0.0,0.0,0.0,0.0179028133,0.9772727273,0.0,1.0,1.0,0.0,0.0,0.0179028133,0.0,0.0,0.0,0.0,0.0,0.0,0.0,0.0,1.0,0.0,-1.0,1.0,0.0,1.0,0.0,0.0
3117,5651.0,4.0,1.0,4.0,85.0,1.0,0.0,0.0,0.0,0.0,1.0,2.0,1.0,0.0,11.0,1.0,1.0,0.0,0.0,0.0,0.0,13.0,26.0,38.0,0.0,0.0,0.0,0.0879120879,0.2857142857,0.0,0.0,0.0,0.0,0.0,0.0,0.0,0.0,0.0,0.0,0.0,1.0,0.0,0.0,1.0,-1.0,1.0,1.0,0.0,1.0,0.0,0.0
3118,3938.0,2.0,0.0,6.0,51.0,0.0,0.0,0.0,0.0,0.0,0.0,0.0,0.0,0.0,0.0,1.0,0.0,0.0,0.0,0.0,0.0,9.0,35.0,0.0,0.0,1.0,0.0,0.0666666667,0.0769230769,0.0,1.0,1.0,0.0,0.0,0.8666666667,0.0,0.0,0.0,0.0,0.0,0.0,0.0,0.0,1.0,1.0,1.0,1.0,1.0,-1.0,1.0,1.0
3119,7208.0,1.0,0.0,5.0,68.0,4.0,0.0,0.0,0.0,0.0,0.0,0.0,0.0,0.0,8.0,1.0,1.0,0.0,0.0,0.0,0.0,25.0,36.0,0.0,0.0,0.0,0.0,0.1966292135,1.0,1.0,1.0,1.0,0.0,0.0,0.0393258427,0.0,0.0,0.0,0.0,0.0,1.0,0.0,0.0,1.0,0.0,-1.0,1.0,0.0,1.0,0.0,0.0
3120,7947.0,3.0,0.0,1.0,111.0,0.0,0.0,0.0,0.0,1.0,0.0,5.0,4.0,0.0,8.0,1.0,0.0,0.0,0.0,0.0,0.0,24.0,10.0,69.0,0.0,0.0,0.0,0.1764705882,0.0625,0.0,1.0,0.0,0.0,0.0,0.0,0.0,1.0,0.0,0.0,0.0,1.0,0.0,0.0,1.0,-1.0,1.0,1.0,1.0,1.0,0.0,0.0
3121,1115.0,2.0,0.0,2.0,40.0,0.0,0.0,0.0,0.0,0.0,0.0,0.0,0.0,0.0,0.0,1.0,0.0,0.0,0.0,0.0,0.0,17.0,16.0,0.0,0.0,0.0,0.0,0.9230769231,1.0,0.0,1.0,0.0,0.0,0.0,0.0,1.0,0.0,0.0,0.0,0.0,0.0,0.0,0.0,1.0,1.0,1.0,1.0,-1.0,-1.0,1.0,1.0
3122,9504.0,4.0,1.0,2.0,59.0,0.0,0.0,0.0,0.0,0.0,0.0,1.0,0.0,0.0,10.0,1.0,0.0,0.0,0.0,1.0,0.0,15.0,16.0,20.0,0.0,0.0,0.0,0.0985915493,0.0631578947,0.0,1.0,0.0,0.0,0.0,0.0,0.0,0.0,0.0,0.0,0.0,1.0,0.0,0.0,1.0,0.0,1.0,1.0,1.0,1.0,0.0,0.0
3123,7638.0,3.0,1.0,1.0,70.0,1.0,1.0,0.0,0.0,0.0,0.0,2.0,1.0,0.0,12.0,1.0,1.0,0.0,0.0,0.0,0.0,25.0,12.0,25.0,0.0,0.0,0.0,0.0263157895,0.0303030303,0.0,1.0,0.0,0.0,0.0,0.0,0.0,0.0,0.0,0.0,0.0,0.0,0.0,0.0,1.0,0.0,1.0,1.0,1.0,1.0,0.0,0.0
3124,8571.0,1.0,0.0,1.0,27.0,0.0,0.0,0.0,0.0,0.0,0.0,0.0,0.0,0.0,2.0,1.0,0.0,0.0,0.0,0.0,0.0,9.0,11.0,0.0,0.0,0.0,0.0,0.0966183575,0.1690140845,0.0,0.0,0.0,0.0,0.0,0.115942029,0.0,0.0,0.0,0.0,0.0,0.0,0.0,0.0,1.0,1.0,1.0,1.0,0.0,1.0,0.0,0.0
3125,6885.0,2.0,1.0,6.0,79.0,0.0,0.0,0.0,0.0,0.0,0.0,0.0,0.0,0.0,4.0,1.0,1.0,0.0,0.0,1.0,0.0,24.0,48.0,0.0,0.0,0.0,0.0,0.0070422535,0.0175438596,0.0,0.0,0.0,0.0,0.0,0.0070422535,0.0,0.0,0.0,0.0,0.0,0.0,0.0,0.0,1.0,-1.0,1.0,1.0,1.0,1.0,0.0,0.0
3126,8315.0,2.0,0.0,2.0,53.0,0.0,0.0,0.0,0.0,0.0,0.0,1.0,0.0,0.0,6.0,1.0,1.0,0.0,0.0,1.0,0.0,16.0,21.0,8.0,0.0,0.0,0.0,0.987012987,0.025,0.0,0.0,0.0,1.0,0.0,0.0,1.0,0.0,0.0,0.0,1.0,0.0,0.0,0.0,1.0,1.0,1.0,0.0,1.0,-1.0,0.0,0.0
3127,8246.0,4.0,1.0,3.0,74.0,0.0,0.0,0.0,0.0,0.0,0.0,0.0,0.0,0.0,3.0,1.0,0.0,0.0,0.0,0.0,0.0,22.0,45.0,0.0,0.0,0.0,0.0,0.1071428571,0.0,0.0,1.0,0.0,0.0,0.0,0.1428571429,0.0,0.0,0.0,0.0,0.0,0.0,0.0,0.0,1.0,0.0,1.0,1.0,1.0,1.0,0.0,0.0
3128,7088.0,1.0,0.0,3.0,99.0,13.0,0.0,0.0,0.0,0.0,0.0,0.0,0.0,0.0,1.0,1.0,0.0,0.0,0.0,1.0,0.0,11.0,81.0,0.0,0.0,0.0,0.0,0.1119133574,0.1976744186,0.0,1.0,0.0,0.0,0.0,0.0,0.0,0.0,0.0,0.0,0.0,1.0,0.0,0.0,1.0,-1.0,1.0,1.0,0.0,1.0,0.0,0.0
3129,696.0,4.0,0.0,3.0,222.0,0.0,0.0,0.0,0.0,7.0,0.0,19.0,11.0,0.0,9.0,1.0,0.0,1.0,0.0,0.0,0.0,12.0,22.0,180.0,0.0,1.0,0.0,0.375,0.0,0.0,1.0,0.0,0.0,0.0,0.0,1.0,0.0,0.0,0.0,0.0,0.0,0.0,0.0,1.0,-1.0,1.0,1.0,0.0,0.0,1.0,1.0
3130,1550.0,2.0,0.0,4.0,73.0,1.0,0.0,0.0,0.0,0.0,0.0,0.0,0.0,0.0,20.0,1.0,1.0,0.0,0.0,0.0,0.0,13.0,53.0,0.0,0.0,0.0,1.0,1.0,1.0,0.0,1.0,0.0,0.0,0.0,0.0,1.0,0.0,0.0,0.0,0.0,1.0,0.0,0.0,1.0,0.0,-1.0,1.0,-1.0,-1.0,1.0,1.0
3131,6214.0,1.0,0.0,5.0,109.0,3.0,0.0,0.0,0.0,2.0,0.0,3.0,2.0,0.0,14.0,1.0,1.0,0.0,0.0,1.0,0.0,21.0,36.0,44.0,0.0,0.0,0.0,0.2803030303,1.0,1.0,1.0,1.0,0.0,0.0,0.0,0.0,0.0,0.0,0.0,0.0,1.0,0.0,0.0,1.0,-1.0,-1.0,1.0,0.0,1.0,0.0,0.0
3132,7573.0,3.0,0.0,1.0,65.0,0.0,0.0,0.0,0.0,1.0,0.0,2.0,1.0,0.0,2.0,1.0,0.0,0.0,0.0,0.0,0.0,12.0,10.0,35.0,0.0,0.0,0.0,0.375,0.0384615385,0.0,0.0,0.0,0.0,0.0,0.0,0.0,0.0,0.0,0.0,0.0,0.0,0.0,0.0,1.0,0.0,1.0,1.0,1.0,0.0,0.0,0.0
3133,4219.0,2.0,0.0,4.0,62.0,2.0,0.0,0.0,0.0,1.0,0.0,0.0,0.0,0.0,0.0,1.0,0.0,0.0,0.0,1.0,0.0,20.0,35.0,0.0,0.0,0.0,0.0,0.0,0.0,0.0,1.0,0.0,0.0,0.0,0.0,0.0,0.0,0.0,0.0,0.0,0.0,0.0,0.0,1.0,0.0,1.0,1.0,1.0,1.0,1.0,1.0
3134,1432.0,3.0,1.0,3.0,42.0,0.0,0.0,0.0,0.0,0.0,0.0,0.0,0.0,0.0,4.0,1.0,1.0,0.0,0.0,0.0,0.0,14.0,21.0,0.0,0.0,0.0,0.0,0.0,0.0,0.0,1.0,0.0,0.0,0.0,1.0,0.0,0.0,0.0,0.0,0.0,0.0,0.0,1.0,1.0,1.0,1.0,1.0,1.0,-1.0,1.0,1.0
3135,8614.0,3.0,0.0,3.0,54.0,2.0,0.0,0.0,0.0,0.0,0.0,0.0,0.0,0.0,2.0,1.0,0.0,0.0,0.0,0.0,0.0,18.0,29.0,0.0,0.0,0.0,0.0,0.03125,0.1379310345,0.0,1.0,1.0,0.0,1.0,0.0,0.0,0.0,0.0,0.0,0.0,0.0,0.0,0.0,1.0,0.0,1.0,-1.0,0.0,1.0,0.0,0.0
3136,9204.0,3.0,1.0,2.0,46.0,1.0,0.0,0.0,0.0,0.0,0.0,1.0,0.0,0.0,5.0,1.0,0.0,0.0,0.0,0.0,0.0,11.0,17.0,10.0,0.0,0.0,0.0,0.1184210526,0.0681818182,0.0,1.0,1.0,0.0,0.0,0.0,0.0,0.0,0.0,0.0,0.0,1.0,0.0,0.0,1.0,1.0,1.0,1.0,1.0,1.0,0.0,0.0
3137,7227.0,3.0,1.0,3.0,79.0,0.0,0.0,0.0,0.0,0.0,0.0,0.0,0.0,0.0,0.0,1.0,1.0,0.0,0.0,0.0,0.0,22.0,50.0,0.0,0.0,0.0,1.0,0.125,0.0625,0.0,1.0,0.0,0.0,0.0,0.0,0.0,0.0,0.0,0.0,0.0,0.0,0.0,0.0,1.0,-1.0,1.0,1.0,1.0,1.0,0.0,0.0
3138,6168.0,4.0,0.0,2.0,78.0,0.0,0.0,0.0,0.0,0.0,0.0,4.0,3.0,0.0,25.0,1.0,1.0,0.0,0.0,0.0,0.0,16.0,13.0,41.0,0.0,0.0,0.0,0.2074468085,0.12,0.0,1.0,1.0,0.0,0.0,0.0,0.0,0.0,0.0,0.0,0.0,1.0,0.0,0.0,1.0,-1.0,1.0,1.0,0.0,1.0,0.0,0.0
3139,8788.0,3.0,1.0,2.0,29.0,0.0,0.0,0.0,0.0,0.0,0.0,0.0,0.0,0.0,5.0,1.0,1.0,0.0,0.0,0.0,0.0,15.0,7.0,0.0,0.0,0.0,0.0,0.15625,0.2608695652,0.0,1.0,0.0,0.0,0.0,0.25,0.0,0.0,0.0,0.0,0.0,1.0,0.0,0.0,1.0,1.0,1.0,1.0,1.0,0.0,0.0,0.0
3140,546.0,2.0,0.0,8.0,80.0,0.0,0.0,0.0,0.0,0.0,0.0,0.0,0.0,0.0,0.0,1.0,0.0,0.0,0.0,0.0,0.0,13.0,60.0,0.0,0.0,0.0,0.0,1.0,0.0454545455,1.0,1.0,0.0,0.0,0.0,0.0,0.0,0.0,0.0,0.0,0.0,1.0,0.0,0.0,1.0,-1.0,1.0,1.0,1.0,-1.0,1.0,1.0
3141,5722.0,3.0,0.0,2.0,94.0,8.0,0.0,0.0,0.0,0.0,0.0,0.0,0.0,0.0,0.0,1.0,0.0,0.0,0.0,0.0,0.0,18.0,69.0,0.0,0.0,0.0,0.0,0.5555555556,0.5714285714,0.0,0.0,0.0,1.0,0.0,0.0,0.0,0.0,0.0,0.0,0.0,1.0,0.0,0.0,1.0,-1.0,0.0,0.0,-1.0,0.0,0.0,0.0
3142,861.0,2.0,0.0,3.0,50.0,0.0,0.0,0.0,0.0,1.0,0.0,0.0,0.0,0.0,0.0,1.0,0.0,0.0,0.0,0.0,0.0,19.0,24.0,0.0,0.0,0.0,0.0,0.0,0.3333333333,0.0,1.0,1.0,0.0,0.0,0.0,0.0,0.0,0.0,0.0,0.0,0.0,0.0,0.0,1.0,1.0,1.0,1.0,-1.0,1.0,1.0,1.0
3143,9740.0,2.0,1.0,2.0,48.0,0.0,0.0,0.0,0.0,1.0,0.0,1.0,0.0,0.0,6.0,1.0,0.0,0.0,0.0,1.0,0.0,20.0,7.0,13.0,0.0,0.0,0.0,0.0,0.2,0.0,0.0,0.0,0.0,0.0,0.0,0.0,0.0,0.0,0.0,0.0,0.0,0.0,0.0,1.0,1.0,1.0,1.0,0.0,1.0,0.0,0.0
3144,2620.0,2.0,0.0,2.0,47.0,0.0,0.0,0.0,0.0,0.0,0.0,0.0,0.0,0.0,0.0,1.0,1.0,0.0,0.0,0.0,0.0,9.0,31.0,0.0,0.0,0.0,1.0,1.0,1.0,0.0,1.0,0.0,0.0,0.0,0.0,1.0,0.0,0.0,0.0,0.0,1.0,0.0,0.0,1.0,1.0,-1.0,1.0,-1.0,-1.0,1.0,1.0
3145,2120.0,3.0,1.0,4.0,65.0,0.0,0.0,0.0,0.0,1.0,0.0,0.0,0.0,0.0,0.0,1.0,0.0,0.0,0.0,0.0,0.0,15.0,43.0,0.0,0.0,1.0,0.0,1.0,1.0,0.0,1.0,0.0,0.0,0.0,0.0,1.0,0.0,0.0,0.0,0.0,1.0,0.0,0.0,1.0,0.0,-1.0,1.0,-1.0,-1.0,1.0,1.0
3146,3087.0,5.0,1.0,3.0,56.0,0.0,0.0,0.0,0.0,0.0,0.0,0.0,0.0,0.0,11.0,1.0,0.0,0.0,0.0,0.0,0.0,22.0,27.0,0.0,0.0,0.0,0.0,0.0,0.0,0.0,1.0,0.0,0.0,0.0,1.0,0.0,0.0,0.0,0.0,0.0,0.0,0.0,0.0,1.0,0.0,1.0,1.0,1.0,-1.0,1.0,1.0
3147,1589.0,3.0,1.0,4.0,84.0,1.0,0.0,0.0,0.0,0.0,0.0,0.0,0.0,0.0,21.0,1.0,1.0,0.0,0.0,0.0,0.0,26.0,51.0,0.0,0.0,0.0,0.0,0.0,0.0,0.0,1.0,0.0,0.0,0.0,0.0,0.0,0.0,0.0,0.0,0.0,0.0,0.0,0.0,1.0,-1.0,1.0,1.0,1.0,1.0,1.0,1.0
3148,3554.0,4.0,1.0,3.0,74.0,1.0,0.0,0.0,0.0,0.0,0.0,0.0,0.0,0.0,0.0,1.0,0.0,0.0,0.0,0.0,0.0,25.0,42.0,0.0,0.0,1.0,0.0,0.8888888889,0.0,0.0,1.0,0.0,0.0,0.0,0.1111111111,0.0,0.0,0.0,0.0,0.0,0.0,0.0,1.0,1.0,0.0,1.0,1.0,1.0,-1.0,1.0,1.0
3149,8918.0,2.0,0.0,2.0,43.0,0.0,0.0,0.0,0.0,0.0,0.0,0.0,0.0,0.0,1.0,1.0,0.0,0.0,0.0,0.0,0.0,14.0,22.0,0.0,0.0,0.0,0.0,0.0,0.0,0.0,0.0,0.0,0.0,0.0,0.0,0.0,0.0,0.0,0.0,1.0,0.0,0.0,0.0,1.0,1.0,1.0,1.0,1.0,1.0,0.0,0.0
3150,5755.0,2.0,0.0,1.0,81.0,4.0,0.0,0.0,0.0,0.0,0.0,0.0,0.0,0.0,5.0,1.0,1.0,0.0,0.0,0.0,0.0,13.0,61.0,0.0,0.0,0.0,0.0,0.0388059701,0.2314049587,0.0,1.0,1.0,0.0,0.0,0.0119402985,0.0,0.0,0.0,0.0,1.0,1.0,0.0,0.0,1.0,-1.0,1.0,1.0,0.0,1.0,0.0,0.0
3151,548.0,3.0,0.0,4.0,78.0,0.0,0.0,0.0,0.0,0.0,0.0,0.0,0.0,0.0,0.0,1.0,0.0,0.0,0.0,1.0,0.0,33.0,38.0,0.0,0.0,0.0,0.0,1.0,1.0,0.0,1.0,0.0,0.0,0.0,0.0,1.0,0.0,0.0,0.0,0.0,0.0,0.0,0.0,1.0,-1.0,-1.0,1.0,-1.0,-1.0,1.0,1.0
3152,6352.0,1.0,0.0,2.0,82.0,10.0,0.0,0.0,0.0,0.0,0.0,0.0,0.0,0.0,0.0,1.0,1.0,0.0,0.0,1.0,0.0,8.0,67.0,0.0,0.0,0.0,0.0,0.1782178218,0.9873417722,1.0,1.0,1.0,0.0,0.0,0.1089108911,0.0,0.0,0.0,0.0,1.0,0.0,0.0,0.0,1.0,-1.0,-1.0,1.0,-1.0,1.0,0.0,0.0
3153,8976.0,1.0,0.0,3.0,51.0,1.0,0.0,0.0,0.0,0.0,0.0,0.0,0.0,0.0,0.0,1.0,0.0,0.0,0.0,1.0,0.0,13.0,31.0,0.0,0.0,0.0,0.0,0.4020979021,1.0,1.0,0.0,0.0,0.0,0.0,0.0734265734,0.0,0.0,0.0,0.0,0.0,1.0,0.0,0.0,1.0,1.0,-1.0,1.0,-1.0,0.0,0.0,0.0
3154,8051.0,2.0,0.0,3.0,62.0,0.0,0.0,0.0,0.0,0.0,0.0,2.0,1.0,0.0,7.0,1.0,1.0,0.0,0.0,0.0,0.0,14.0,29.0,11.0,0.0,0.0,0.0,0.0869565217,0.2105263158,0.0,1.0,0.0,0.0,0.0,0.0,0.0,0.0,0.0,0.0,0.0,0.0,0.0,0.0,1.0,0.0,1.0,1.0,0.0,1.0,0.0,0.0
3155,9690.0,2.0,1.0,2.0,47.0,0.0,0.0,0.0,0.0,0.0,0.0,1.0,0.0,0.0,0.0,1.0,1.0,0.0,0.0,0.0,0.0,21.0,9.0,9.0,0.0,0.0,0.0,0.2222222222,0.3333333333,0.0,1.0,0.0,0.0,0.0,0.0,0.0,0.0,0.0,0.0,0.0,0.0,0.0,0.0,1.0,1.0,0.0,1.0,0.0,1.0,0.0,0.0
3156,852.0,3.0,1.0,2.0,46.0,0.0,0.0,0.0,0.0,0.0,0.0,0.0,0.0,0.0,0.0,1.0,1.0,0.0,0.0,1.0,0.0,20.0,19.0,0.0,0.0,0.0,0.0,0.0,0.0,0.0,1.0,0.0,0.0,0.0,0.0,0.0,0.0,0.0,0.0,0.0,0.0,0.0,0.0,1.0,1.0,1.0,1.0,1.0,1.0,1.0,1.0
3157,1421.0,3.0,1.0,3.0,50.0,2.0,1.0,0.0,0.0,0.0,0.0,0.0,0.0,0.0,0.0,1.0,0.0,0.0,0.0,0.0,0.0,20.0,23.0,0.0,0.0,0.0,0.0,1.0,1.0,0.0,1.0,0.0,1.0,0.0,0.0,1.0,0.0,0.0,0.0,0.0,1.0,0.0,0.0,1.0,1.0,-1.0,0.0,-1.0,-1.0,1.0,1.0
3158,8120.0,1.0,0.0,2.0,90.0,10.0,0.0,0.0,0.0,1.0,0.0,0.0,0.0,0.0,11.0,1.0,1.0,0.0,0.0,1.0,0.0,8.0,67.0,7.0,0.0,0.0,0.0,0.3773584906,1.0,1.0,1.0,0.0,0.0,0.0,0.0,0.0,0.0,0.0,0.0,1.0,1.0,0.0,0.0,1.0,-1.0,-1.0,1.0,-1.0,0.0,0.0,0.0
3159,9406.0,3.0,1.0,4.0,53.0,0.0,0.0,0.0,0.0,0.0,0.0,0.0,0.0,0.0,10.0,1.0,1.0,0.0,0.0,0.0,0.0,20.0,26.0,0.0,0.0,0.0,0.0,0.0282208589,0.3636363636,0.0,1.0,0.0,0.0,0.0,0.0085889571,0.0,0.0,0.0,0.0,0.0,1.0,0.0,0.0,1.0,1.0,0.0,1.0,0.0,1.0,0.0,0.0
3160,5018.0,2.0,1.0,0.0,20.0,0.0,0.0,0.0,0.0,0.0,0.0,0.0,0.0,0.0,0.0,1.0,0.0,0.0,0.0,0.0,0.0,12.0,1.0,0.0,0.0,0.0,0.0,0.6153846154,0.0,0.0,1.0,0.0,0.0,0.0,0.0384615385,0.0,0.0,1.0,0.0,0.0,0.0,0.0,0.0,1.0,1.0,1.0,1.0,1.0,0.0,0.0,0.0
3161,2131.0,3.0,0.0,2.0,34.0,0.0,0.0,0.0,0.0,0.0,0.0,0.0,0.0,0.0,0.0,1.0,0.0,0.0,0.0,1.0,0.0,15.0,12.0,0.0,0.0,0.0,0.0,0.75,0.6756756757,0.0,1.0,0.0,0.0,0.0,0.0,1.0,0.0,0.0,0.0,0.0,1.0,0.0,0.0,1.0,1.0,0.0,1.0,0.0,-1.0,1.0,1.0
3162,4875.0,4.0,1.0,3.0,43.0,0.0,0.0,0.0,0.0,0.0,0.0,0.0,0.0,0.0,0.0,1.0,0.0,0.0,0.0,0.0,0.0,22.0,14.0,0.0,0.0,0.0,0.0,0.9230769231,1.0,0.0,1.0,0.0,0.0,0.0,0.0,1.0,0.0,0.0,0.0,0.0,0.0,0.0,0.0,1.0,1.0,1.0,1.0,-1.0,-1.0,1.0,1.0
3163,660.0,2.0,1.0,7.0,81.0,1.0,1.0,0.0,0.0,0.0,0.0,0.0,0.0,0.0,13.0,1.0,1.0,0.0,0.0,0.0,0.0,23.0,51.0,0.0,0.0,1.0,0.0,0.0,0.25,0.0,1.0,0.0,0.0,0.0,0.0,0.0,0.0,0.0,0.0,0.0,0.0,0.0,0.0,1.0,-1.0,1.0,1.0,0.0,1.0,1.0,1.0
3164,7797.0,2.0,0.0,1.0,73.0,0.0,0.0,0.0,0.0,0.0,0.0,3.0,2.0,0.0,6.0,1.0,1.0,0.0,0.0,1.0,0.0,20.0,12.0,33.0,0.0,0.0,0.0,0.0555555556,0.1212121212,0.0,0.0,0.0,0.0,0.0,0.0,0.0,0.0,0.0,0.0,0.0,0.0,0.0,0.0,1.0,0.0,1.0,1.0,-1.0,1.0,0.0,0.0
3165,7791.0,2.0,1.0,4.0,66.0,0.0,0.0,0.0,0.0,0.0,0.0,0.0,0.0,0.0,18.0,1.0,1.0,0.0,0.0,1.0,0.0,23.0,36.0,0.0,0.0,0.0,0.0,0.2203389831,0.9565217391,1.0,1.0,0.0,0.0,0.0,0.0169491525,0.0,0.0,0.0,0.0,1.0,1.0,0.0,0.0,1.0,0.0,-1.0,1.0,-1.0,1.0,0.0,0.0
3166,4097.0,2.0,1.0,2.0,44.0,1.0,1.0,0.0,0.0,0.0,0.0,0.0,0.0,0.0,7.0,1.0,1.0,0.0,0.0,0.0,0.0,28.0,9.0,0.0,0.0,0.0,0.0,0.0,0.0,0.0,1.0,1.0,0.0,0.0,1.0,0.0,0.0,0.0,0.0,1.0,1.0,0.0,0.0,1.0,1.0,1.0,1.0,1.0,-1.0,1.0,1.0
3167,8959.0,1.0,0.0,3.0,56.0,1.0,0.0,0.0,0.0,0.0,0.0,1.0,0.0,0.0,3.0,1.0,1.0,0.0,0.0,0.0,0.0,13.0,23.0,12.0,0.0,0.0,0.0,0.6940298507,1.0,1.0,0.0,0.0,0.0,0.0,0.0,1.0,0.0,0.0,0.0,0.0,0.0,0.0,0.0,1.0,0.0,-1.0,1.0,-1.0,-1.0,0.0,0.0
3168,2889.0,2.0,0.0,2.0,36.0,0.0,0.0,0.0,0.0,0.0,0.0,0.0,0.0,0.0,0.0,1.0,1.0,0.0,0.0,0.0,0.0,15.0,14.0,0.0,0.0,0.0,0.0,0.0,1.0,0.0,1.0,0.0,0.0,0.0,0.0,1.0,0.0,0.0,0.0,0.0,0.0,0.0,0.0,1.0,1.0,-1.0,1.0,-1.0,1.0,1.0,1.0
3169,8693.0,3.0,2.0,1.0,36.0,0.0,0.0,0.0,0.0,0.0,0.0,0.0,0.0,0.0,0.0,1.0,0.0,0.0,1.0,0.0,0.0,21.0,8.0,0.0,0.0,0.0,0.0,0.0,0.7435897436,0.0,1.0,0.0,0.0,0.0,0.9285714286,0.0,0.0,0.0,0.0,0.0,1.0,0.0,0.0,0.0,1.0,0.0,1.0,-1.0,-1.0,0.0,0.0
3170,5133.0,1.0,0.0,0.0,17.0,0.0,0.0,0.0,0.0,0.0,0.0,0.0,0.0,0.0,0.0,1.0,0.0,0.0,0.0,0.0,0.0,9.0,1.0,0.0,0.0,0.0,0.0,0.2696245734,0.3684210526,0.0,1.0,1.0,0.0,0.0,0.0102389078,0.0,0.0,0.0,0.0,0.0,1.0,0.0,0.0,1.0,1.0,1.0,1.0,0.0,1.0,0.0,0.0
3171,7146.0,1.0,0.0,4.0,72.0,3.0,0.0,0.0,0.0,0.0,0.0,0.0,0.0,0.0,0.0,1.0,0.0,0.0,0.0,1.0,0.0,12.0,53.0,0.0,0.0,0.0,1.0,0.0199335548,0.1388888889,0.0,1.0,0.0,0.0,0.0,0.0033222591,0.0,0.0,0.0,0.0,0.0,1.0,0.0,0.0,1.0,0.0,1.0,1.0,0.0,1.0,0.0,0.0
3172,2330.0,3.0,1.0,2.0,45.0,0.0,0.0,0.0,0.0,0.0,0.0,0.0,0.0,0.0,0.0,1.0,0.0,0.0,0.0,0.0,0.0,20.0,18.0,0.0,0.0,0.0,0.0,0.9230769231,1.0,0.0,1.0,0.0,0.0,0.0,0.0,1.0,0.0,0.0,0.0,0.0,0.0,0.0,0.0,1.0,1.0,1.0,1.0,-1.0,-1.0,1.0,1.0
3173,3744.0,6.0,1.0,4.0,71.0,1.0,0.0,0.0,0.0,0.0,0.0,0.0,0.0,0.0,0.0,1.0,0.0,0.0,0.0,1.0,0.0,16.0,48.0,0.0,0.0,1.0,1.0,1.0,0.9,1.0,1.0,0.0,0.0,0.0,0.0,1.0,0.0,0.0,0.0,0.0,0.0,0.0,0.0,1.0,0.0,-1.0,1.0,-1.0,-1.0,1.0,1.0
3174,9857.0,2.0,1.0,1.0,48.0,1.0,0.0,0.0,0.0,0.0,0.0,1.0,0.0,0.0,4.0,1.0,0.0,0.0,0.0,1.0,0.0,21.0,9.0,10.0,0.0,0.0,0.0,0.0,0.2777777778,0.0,1.0,0.0,0.0,0.0,0.0,0.0,0.0,0.0,0.0,0.0,1.0,0.0,1.0,1.0,1.0,0.0,1.0,0.0,1.0,0.0,0.0
3175,9888.0,3.0,1.0,0.0,41.0,0.0,0.0,0.0,0.0,0.0,0.0,1.0,0.0,0.0,3.0,1.0,0.0,0.0,0.0,0.0,0.0,26.0,1.0,6.0,0.0,0.0,0.0,0.4210526316,0.4545454545,0.0,1.0,0.0,0.0,0.0,0.0,0.0,0.0,0.0,0.0,0.0,1.0,0.0,0.0,1.0,1.0,0.0,1.0,0.0,0.0,0.0,0.0
3176,8747.0,1.0,0.0,4.0,36.0,0.0,0.0,0.0,0.0,0.0,0.0,0.0,0.0,0.0,4.0,1.0,1.0,0.0,0.0,0.0,0.0,9.0,20.0,0.0,0.0,0.0,0.0,0.0705882353,0.2857142857,0.0,0.0,0.0,0.0,0.0,0.0117647059,0.0,0.0,0.0,0.0,0.0,1.0,0.0,0.0,1.0,1.0,1.0,1.0,0.0,1.0,0.0,0.0
3177,874.0,5.0,3.0,2.0,76.0,0.0,0.0,0.0,0.0,0.0,0.0,0.0,0.0,0.0,0.0,1.0,1.0,0.0,0.0,0.0,0.0,45.0,24.0,0.0,0.0,1.0,0.0,0.0,0.0,0.0,1.0,0.0,0.0,0.0,0.0,0.0,0.0,0.0,0.0,0.0,0.0,0.0,0.0,0.0,-1.0,1.0,1.0,1.0,1.0,1.0,1.0
3178,9790.0,2.0,1.0,3.0,46.0,0.0,0.0,0.0,0.0,1.0,0.0,0.0,0.0,0.0,0.0,1.0,1.0,0.0,0.0,0.0,0.0,18.0,21.0,0.0,0.0,0.0,0.0,0.0769230769,0.2903225806,0.0,1.0,0.0,1.0,0.0,0.006993007,0.0,0.0,0.0,0.0,1.0,0.0,0.0,0.0,1.0,1.0,1.0,0.0,0.0,1.0,0.0,0.0
3179,2321.0,2.0,0.0,2.0,37.0,1.0,0.0,0.0,0.0,0.0,0.0,0.0,0.0,0.0,1.0,1.0,0.0,0.0,0.0,1.0,0.0,14.0,16.0,0.0,0.0,0.0,0.0,0.0,0.0833333333,0.0,1.0,0.0,0.0,0.0,0.0,0.0,0.0,0.0,0.0,0.0,0.0,0.0,0.0,1.0,1.0,1.0,1.0,1.0,1.0,1.0,1.0
3180,7136.0,1.0,0.0,2.0,78.0,10.0,0.0,0.0,0.0,0.0,0.0,0.0,0.0,0.0,4.0,1.0,0.0,0.0,0.0,1.0,0.0,8.0,63.0,0.0,0.0,0.0,0.0,0.1693548387,0.987654321,1.0,1.0,1.0,0.0,0.0,0.0887096774,0.0,0.0,0.0,0.0,1.0,0.0,0.0,0.0,1.0,-1.0,-1.0,1.0,-1.0,1.0,0.0,0.0
3181,8947.0,1.0,0.0,3.0,52.0,4.0,0.0,0.0,0.0,0.0,0.0,0.0,0.0,0.0,12.0,1.0,1.0,0.0,0.0,1.0,0.0,12.0,33.0,0.0,0.0,0.0,0.0,0.0930232558,0.9891304348,1.0,1.0,1.0,0.0,0.0,0.0620155039,0.0,0.0,0.0,0.0,0.0,0.0,0.0,0.0,1.0,1.0,-1.0,1.0,-1.0,1.0,0.0,0.0
3182,7768.0,1.0,0.0,5.0,81.0,5.0,0.0,0.0,0.0,0.0,0.0,0.0,0.0,0.0,8.0,1.0,1.0,0.0,0.0,1.0,0.0,18.0,56.0,0.0,0.0,0.0,0.0,0.2385786802,0.9913793103,1.0,1.0,1.0,1.0,0.0,0.0101522843,0.0,0.0,0.0,0.0,0.0,1.0,0.0,0.0,1.0,-1.0,-1.0,0.0,-1.0,1.0,0.0,0.0
3183,6078.0,2.0,0.0,3.0,73.0,0.0,0.0,0.0,0.0,1.0,0.0,1.0,0.0,0.0,5.0,1.0,1.0,0.0,0.0,1.0,0.0,10.0,42.0,13.0,0.0,0.0,0.0,0.1066666667,0.1632653061,0.0,0.0,0.0,0.0,0.0,0.0,0.0,0.0,0.0,0.0,0.0,0.0,0.0,0.0,1.0,0.0,1.0,1.0,0.0,1.0,0.0,0.0
3184,5587.0,3.0,2.0,10.0,86.0,0.0,0.0,0.0,0.0,0.0,0.0,0.0,0.0,0.0,11.0,1.0,1.0,0.0,0.0,1.0,0.0,19.0,60.0,0.0,0.0,0.0,0.0,0.0833333333,0.0298507463,0.0,0.0,0.0,0.0,0.0,0.0833333333,0.0,0.0,0.0,0.0,0.0,1.0,0.0,0.0,0.0,-1.0,1.0,1.0,1.0,1.0,0.0,0.0
3185,6350.0,1.0,0.0,2.0,101.0,12.0,0.0,0.0,0.0,0.0,0.0,0.0,0.0,0.0,0.0,1.0,1.0,0.0,0.0,1.0,0.0,8.0,86.0,0.0,0.0,0.0,0.0,0.1810344828,0.9880952381,0.0,1.0,1.0,0.0,0.0,0.0948275862,0.0,0.0,0.0,0.0,1.0,0.0,0.0,0.0,1.0,-1.0,-1.0,1.0,-1.0,1.0,0.0,0.0
3186,7895.0,2.0,1.0,3.0,62.0,1.0,0.0,0.0,0.0,0.0,0.0,0.0,0.0,0.0,0.0,1.0,1.0,0.0,0.0,1.0,0.0,28.0,27.0,0.0,0.0,0.0,0.0,0.1363636364,0.303030303,0.0,0.0,0.0,0.0,0.0,0.0227272727,0.0,0.0,0.0,0.0,1.0,0.0,0.0,0.0,1.0,0.0,-1.0,1.0,0.0,1.0,0.0,0.0
3187,3675.0,3.0,1.0,3.0,42.0,0.0,0.0,0.0,0.0,0.0,0.0,0.0,0.0,0.0,1.0,1.0,1.0,0.0,0.0,1.0,0.0,16.0,19.0,0.0,0.0,0.0,0.0,1.0,1.0,0.0,1.0,0.0,1.0,0.0,0.0,1.0,0.0,0.0,0.0,0.0,1.0,0.0,0.0,1.0,1.0,-1.0,0.0,1.0,-1.0,1.0,1.0
3188,4470.0,3.0,1.0,3.0,59.0,1.0,0.0,0.0,0.0,0.0,0.0,0.0,0.0,0.0,0.0,1.0,1.0,0.0,0.0,0.0,0.0,26.0,26.0,0.0,0.0,0.0,0.0,1.0,1.0,0.0,1.0,0.0,0.0,0.0,0.0,1.0,0.0,0.0,0.0,0.0,1.0,0.0,0.0,1.0,0.0,-1.0,1.0,-1.0,-1.0,1.0,1.0
3189,5902.0,1.0,0.0,4.0,86.0,6.0,0.0,0.0,0.0,0.0,0.0,0.0,0.0,0.0,6.0,1.0,1.0,0.0,0.0,1.0,0.0,22.0,57.0,0.0,0.0,0.0,0.0,0.0411764706,0.9642857143,1.0,1.0,1.0,0.0,0.0,0.0235294118,0.0,0.0,0.0,0.0,1.0,1.0,0.0,0.0,1.0,-1.0,-1.0,1.0,-1.0,1.0,0.0,0.0
3190,9389.0,3.0,1.0,2.0,55.0,1.0,0.0,0.0,0.0,0.0,0.0,0.0,0.0,0.0,6.0,1.0,1.0,0.0,0.0,0.0,0.0,18.0,30.0,0.0,0.0,0.0,0.0,0.1111111111,0.4444444444,0.0,1.0,0.0,0.0,0.0,0.0740740741,0.0,0.0,0.0,0.0,0.0,1.0,0.0,0.0,1.0,0.0,1.0,1.0,0.0,1.0,0.0,0.0
3191,2583.0,3.0,0.0,4.0,46.0,0.0,0.0,0.0,0.0,0.0,0.0,0.0,0.0,0.0,0.0,1.0,0.0,0.0,0.0,0.0,0.0,12.0,27.0,0.0,0.0,0.0,0.0,0.0,0.0,0.0,1.0,1.0,0.0,0.0,0.0,0.0,0.0,0.0,0.0,0.0,0.0,0.0,0.0,1.0,1.0,1.0,1.0,1.0,1.0,1.0,1.0
3192,4501.0,3.0,1.0,2.0,47.0,0.0,0.0,0.0,0.0,0.0,0.0,0.0,0.0,0.0,1.0,1.0,0.0,0.0,0.0,0.0,0.0,22.0,18.0,0.0,0.0,0.0,0.0,0.2,0.037037037,1.0,1.0,0.0,0.0,0.0,0.8,0.0,0.0,0.0,0.0,0.0,1.0,0.0,0.0,1.0,1.0,1.0,1.0,1.0,-1.0,1.0,1.0
3193,3009.0,2.0,1.0,3.0,41.0,0.0,0.0,0.0,0.0,0.0,0.0,0.0,0.0,0.0,0.0,1.0,0.0,0.0,0.0,0.0,0.0,23.0,11.0,0.0,0.0,0.0,0.0,0.0,0.0740740741,1.0,1.0,0.0,0.0,0.0,0.0,0.0,0.0,0.0,0.0,0.0,0.0,0.0,0.0,1.0,1.0,1.0,1.0,1.0,1.0,1.0,1.0
3194,3025.0,3.0,1.0,4.0,50.0,0.0,0.0,0.0,0.0,0.0,0.0,0.0,0.0,0.0,0.0,1.0,0.0,0.0,0.0,0.0,0.0,17.0,26.0,0.0,0.0,0.0,0.0,0.0,0.0833333333,0.0,1.0,0.0,0.0,0.0,0.0,0.0,0.0,0.0,0.0,0.0,0.0,0.0,0.0,1.0,1.0,1.0,1.0,-1.0,1.0,1.0,1.0
3195,2794.0,3.0,0.0,4.0,72.0,0.0,0.0,0.0,0.0,0.0,0.0,0.0,0.0,0.0,1.0,1.0,1.0,0.0,0.0,1.0,0.0,22.0,43.0,0.0,0.0,0.0,0.0,0.0,0.75,0.0,1.0,0.0,0.0,0.0,0.0,1.0,0.0,0.0,0.0,0.0,0.0,0.0,0.0,1.0,0.0,0.0,1.0,-1.0,1.0,1.0,1.0
3196,5881.0,2.0,0.0,4.0,136.0,10.0,0.0,0.0,0.0,0.0,0.0,0.0,0.0,0.0,6.0,1.0,1.0,0.0,0.0,0.0,0.0,21.0,108.0,0.0,0.0,0.0,0.0,0.6816143498,0.8018018018,0.0,1.0,0.0,1.0,0.0,0.067264574,0.0,0.0,0.0,1.0,0.0,1.0,0.0,0.0,1.0,-1.0,-1.0,0.0,0.0,-1.0,0.0,0.0
3197,589.0,2.0,0.0,1.0,27.0,0.0,0.0,0.0,0.0,0.0,0.0,0.0,0.0,0.0,0.0,1.0,0.0,0.0,0.0,0.0,0.0,16.0,4.0,0.0,0.0,0.0,0.0,0.0,0.6428571429,1.0,1.0,1.0,0.0,0.0,1.0,0.0,0.0,0.0,0.0,0.0,0.0,0.0,0.0,1.0,1.0,-1.0,1.0,0.0,-1.0,1.0,1.0
3198,6301.0,3.0,2.0,5.0,126.0,2.0,0.0,0.0,0.0,2.0,0.0,6.0,5.0,0.0,13.0,1.0,1.0,0.0,0.0,0.0,0.0,26.0,31.0,61.0,0.0,0.0,0.0,0.0,0.0,0.0,0.0,0.0,0.0,0.0,0.0,0.0,0.0,0.0,0.0,0.0,0.0,1.0,0.0,0.0,-1.0,1.0,1.0,1.0,1.0,0.0,0.0
3199,9683.0,2.0,1.0,1.0,30.0,0.0,0.0,0.0,0.0,1.0,0.0,0.0,0.0,0.0,6.0,1.0,1.0,0.0,0.0,0.0,0.0,14.0,9.0,0.0,0.0,0.0,0.0,0.0182481752,0.6923076923,0.0,1.0,0.0,0.0,0.0,0.0,0.0,0.0,0.0,0.0,0.0,1.0,0.0,0.0,1.0,1.0,0.0,1.0,-1.0,1.0,0.0,0.0
3200,5573.0,3.0,1.0,1.0,105.0,0.0,0.0,0.0,0.0,0.0,1.0,4.0,3.0,0.0,6.0,1.0,1.0,0.0,0.0,1.0,0.0,26.0,12.0,59.0,0.0,0.0,0.0,0.0405405405,0.0188679245,0.0,1.0,1.0,0.0,0.0,0.0,0.0,0.0,0.0,0.0,0.0,0.0,0.0,0.0,1.0,-1.0,1.0,1.0,1.0,1.0,0.0,0.0
3201,7473.0,1.0,0.0,5.0,77.0,7.0,0.0,0.0,0.0,0.0,0.0,0.0,0.0,0.0,8.0,1.0,1.0,0.0,0.0,1.0,0.0,15.0,55.0,0.0,0.0,0.0,0.0,0.1538461538,0.3333333333,0.0,1.0,0.0,0.0,0.0,0.0256410256,0.0,0.0,0.0,0.0,1.0,1.0,0.0,0.0,1.0,-1.0,0.0,1.0,0.0,1.0,0.0,0.0
3202,4141.0,4.0,0.0,3.0,50.0,1.0,0.0,0.0,0.0,0.0,0.0,0.0,0.0,0.0,0.0,1.0,0.0,0.0,0.0,1.0,0.0,12.0,31.0,0.0,0.0,1.0,1.0,0.975,0.1666666667,1.0,1.0,0.0,0.0,0.0,0.025,1.0,0.0,0.0,0.0,0.0,0.0,0.0,0.0,1.0,1.0,1.0,1.0,0.0,-1.0,1.0,1.0
3203,4430.0,4.0,2.0,4.0,73.0,1.0,1.0,0.0,0.0,0.0,0.0,0.0,0.0,0.0,0.0,1.0,1.0,0.0,0.0,1.0,0.0,33.0,33.0,0.0,0.0,0.0,0.0,0.0,0.0,0.0,1.0,0.0,0.0,0.0,1.0,0.0,0.0,0.0,0.0,0.0,0.0,0.0,1.0,1.0,0.0,1.0,1.0,1.0,-1.0,1.0,1.0
3204,6571.0,1.0,0.0,3.0,135.0,13.0,0.0,0.0,0.0,0.0,0.0,2.0,1.0,0.0,13.0,1.0,1.0,0.0,0.0,1.0,0.0,13.0,91.0,23.0,0.0,0.0,0.0,0.0186335404,0.2142857143,0.0,0.0,0.0,0.0,0.0,0.0,0.0,0.0,0.0,0.0,0.0,0.0,0.0,0.0,1.0,-1.0,1.0,1.0,0.0,1.0,0.0,0.0
3205,1643.0,2.0,0.0,2.0,35.0,0.0,0.0,0.0,0.0,0.0,0.0,0.0,0.0,0.0,0.0,1.0,0.0,0.0,0.0,0.0,0.0,15.0,13.0,0.0,0.0,0.0,0.0,0.9230769231,1.0,0.0,1.0,0.0,0.0,0.0,0.0,1.0,0.0,0.0,0.0,0.0,0.0,0.0,0.0,1.0,1.0,1.0,1.0,-1.0,-1.0,1.0,1.0
3206,2874.0,4.0,1.0,5.0,160.0,2.0,0.0,0.0,0.0,7.0,0.0,2.0,2.0,0.0,4.0,1.0,1.0,0.0,0.0,1.0,0.0,18.0,39.0,95.0,0.0,0.0,0.0,0.0,0.2,0.0,1.0,1.0,0.0,0.0,0.0,0.0,0.0,0.0,0.0,0.0,0.0,0.0,0.0,1.0,-1.0,1.0,1.0,0.0,1.0,1.0,1.0
3207,4407.0,4.0,1.0,2.0,57.0,0.0,0.0,0.0,0.0,0.0,0.0,0.0,0.0,0.0,0.0,1.0,1.0,0.0,0.0,0.0,0.0,28.0,22.0,0.0,0.0,0.0,0.0,0.0,0.0,0.0,1.0,1.0,0.0,0.0,0.0,0.0,0.0,0.0,0.0,0.0,0.0,1.0,0.0,1.0,0.0,1.0,1.0,1.0,1.0,1.0,1.0
3208,2442.0,2.0,0.0,1.0,40.0,1.0,1.0,0.0,0.0,0.0,0.0,0.0,0.0,0.0,0.0,1.0,0.0,0.0,0.0,0.0,0.0,24.0,9.0,0.0,0.0,0.0,0.0,1.0,0.1666666667,0.0,1.0,0.0,0.0,0.0,0.0,1.0,0.0,0.0,0.0,0.0,1.0,0.0,0.0,1.0,1.0,1.0,1.0,1.0,-1.0,1.0,1.0
3209,3073.0,6.0,4.0,4.0,61.0,0.0,0.0,0.0,0.0,0.0,0.0,0.0,0.0,0.0,0.0,1.0,0.0,0.0,1.0,1.0,0.0,27.0,27.0,0.0,0.0,2.0,0.0,0.7857142857,0.0588235294,0.0,1.0,0.0,0.0,0.0,0.0,0.0,0.0,0.0,0.0,0.0,0.0,0.0,0.0,-1.0,0.0,1.0,1.0,0.0,-1.0,1.0,1.0
3210,5980.0,3.0,1.0,1.0,124.0,1.0,0.0,0.0,0.0,2.0,1.0,7.0,6.0,0.0,5.0,1.0,0.0,0.0,0.0,0.0,0.0,17.0,7.0,92.0,0.0,0.0,0.0,0.0526315789,0.0,0.0,1.0,0.0,0.0,0.0,0.0,0.0,0.0,0.0,0.0,0.0,0.0,0.0,0.0,1.0,-1.0,1.0,1.0,1.0,1.0,0.0,0.0
3211,9785.0,2.0,1.0,2.0,52.0,1.0,0.0,0.0,0.0,0.0,0.0,0.0,0.0,0.0,0.0,1.0,1.0,0.0,0.0,0.0,0.0,25.0,20.0,0.0,0.0,0.0,0.0,0.0588235294,0.0,0.0,1.0,1.0,0.0,0.0,0.0,0.0,0.0,0.0,0.0,0.0,0.0,0.0,0.0,1.0,1.0,1.0,1.0,1.0,1.0,0.0,0.0
3212,6241.0,2.0,0.0,1.0,91.0,0.0,0.0,0.0,0.0,2.0,0.0,4.0,3.0,0.0,7.0,1.0,0.0,0.0,0.0,0.0,0.0,20.0,11.0,52.0,0.0,0.0,0.0,0.4458874459,0.2,0.0,1.0,0.0,0.0,0.0,0.0043290043,0.0,0.0,0.0,0.0,1.0,0.0,0.0,0.0,1.0,-1.0,1.0,1.0,1.0,0.0,0.0,0.0
3213,294.0,1.0,0.0,3.0,60.0,0.0,0.0,0.0,0.0,1.0,0.0,0.0,0.0,0.0,16.0,1.0,1.0,0.0,0.0,0.0,0.0,7.0,46.0,0.0,0.0,0.0,0.0,0.0,0.0,0.0,1.0,0.0,0.0,0.0,1.0,0.0,0.0,0.0,0.0,0.0,0.0,0.0,1.0,1.0,0.0,1.0,1.0,1.0,-1.0,1.0,1.0
3214,6.0,3.0,1.0,1.0,42.0,1.0,0.0,0.0,0.0,0.0,0.0,0.0,0.0,0.0,0.0,1.0,0.0,0.0,0.0,1.0,0.0,23.0,12.0,0.0,0.0,0.0,0.0,0.1,1.0,1.0,1.0,0.0,0.0,0.0,0.0,0.0,0.0,0.0,0.0,0.0,1.0,1.0,0.0,1.0,1.0,1.0,1.0,-1.0,1.0,1.0,1.0
3215,735.0,1.0,0.0,4.0,52.0,1.0,0.0,0.0,0.0,0.0,0.0,0.0,0.0,0.0,0.0,1.0,0.0,0.0,0.0,0.0,0.0,19.0,26.0,0.0,0.0,0.0,0.0,0.0,0.0,0.0,1.0,0.0,0.0,0.0,0.0,0.0,0.0,0.0,0.0,0.0,0.0,0.0,0.0,1.0,1.0,1.0,1.0,1.0,1.0,1.0,1.0
3216,8196.0,1.0,0.0,5.0,98.0,6.0,0.0,0.0,0.0,0.0,0.0,0.0,0.0,0.0,11.0,1.0,1.0,0.0,0.0,1.0,0.0,14.0,77.0,0.0,0.0,0.0,0.0,0.1050583658,0.5416666667,0.0,1.0,0.0,1.0,0.0,0.0389105058,0.0,0.0,0.0,0.0,1.0,1.0,0.0,0.0,1.0,-1.0,0.0,0.0,0.0,1.0,0.0,0.0
3217,8600.0,1.0,0.0,4.0,40.0,0.0,0.0,0.0,0.0,0.0,0.0,1.0,0.0,0.0,1.0,1.0,0.0,0.0,0.0,0.0,0.0,11.0,17.0,4.0,0.0,0.0,0.0,0.015625,0.1944444444,0.0,1.0,1.0,1.0,0.0,0.0,0.0,0.0,0.0,0.0,0.0,0.0,0.0,0.0,1.0,1.0,1.0,0.0,0.0,1.0,0.0,0.0
3218,2666.0,5.0,0.0,4.0,60.0,0.0,0.0,0.0,0.0,0.0,0.0,0.0,0.0,0.0,4.0,1.0,1.0,0.0,0.0,1.0,0.0,15.0,38.0,0.0,0.0,0.0,1.0,0.9230769231,1.0,0.0,1.0,0.0,0.0,0.0,0.0,1.0,0.0,0.0,0.0,0.0,0.0,0.0,0.0,1.0,0.0,1.0,1.0,-1.0,-1.0,1.0,1.0
3219,6070.0,1.0,0.0,0.0,19.0,0.0,0.0,0.0,0.0,0.0,0.0,0.0,0.0,0.0,0.0,1.0,0.0,0.0,0.0,0.0,0.0,11.0,1.0,0.0,0.0,0.0,0.0,0.1896551724,0.0943396226,0.0,1.0,1.0,0.0,0.0,0.0344827586,0.0,0.0,0.0,0.0,0.0,1.0,0.0,0.0,1.0,1.0,1.0,1.0,1.0,1.0,0.0,0.0
3220,6232.0,2.0,0.0,1.0,91.0,0.0,0.0,0.0,0.0,4.0,0.0,1.0,0.0,0.0,1.0,1.0,1.0,0.0,0.0,1.0,0.0,21.0,51.0,11.0,0.0,0.0,0.0,0.2058823529,0.786407767,0.0,1.0,1.0,1.0,0.0,0.0,1.0,0.0,0.0,0.0,1.0,1.0,0.0,0.0,1.0,-1.0,-1.0,0.0,0.0,1.0,0.0,0.0
3221,6761.0,2.0,1.0,6.0,93.0,7.0,0.0,0.0,0.0,0.0,0.0,0.0,0.0,0.0,9.0,1.0,1.0,0.0,0.0,1.0,0.0,19.0,67.0,0.0,0.0,0.0,0.0,0.1538461538,0.1282051282,0.0,1.0,0.0,0.0,0.0,0.0256410256,0.0,0.0,0.0,0.0,0.0,1.0,0.0,0.0,1.0,-1.0,1.0,1.0,1.0,1.0,0.0,0.0
3222,8324.0,2.0,0.0,2.0,55.0,1.0,0.0,0.0,0.0,2.0,0.0,0.0,0.0,0.0,0.0,1.0,0.0,0.0,0.0,1.0,0.0,18.0,30.0,0.0,0.0,0.0,0.0,0.008,0.1376146789,0.0,0.0,0.0,0.0,0.0,0.064,0.0,0.0,0.0,0.0,0.0,1.0,0.0,0.0,1.0,0.0,1.0,1.0,0.0,1.0,0.0,0.0
3223,5991.0,2.0,0.0,1.0,64.0,0.0,0.0,0.0,0.0,2.0,0.0,2.0,1.0,0.0,10.0,1.0,0.0,0.0,0.0,0.0,0.0,11.0,16.0,29.0,0.0,0.0,0.0,0.1904761905,0.1,0.0,1.0,0.0,0.0,0.0,0.0,0.0,0.0,0.0,0.0,0.0,0.0,0.0,0.0,1.0,0.0,1.0,1.0,0.0,1.0,0.0,0.0
3224,1835.0,1.0,0.0,3.0,63.0,0.0,0.0,0.0,0.0,0.0,0.0,0.0,0.0,0.0,20.0,1.0,1.0,0.0,0.0,0.0,0.0,18.0,38.0,0.0,0.0,0.0,0.0,0.0,0.0,0.0,1.0,0.0,0.0,0.0,0.0,0.0,0.0,0.0,0.0,0.0,0.0,0.0,0.0,1.0,0.0,1.0,1.0,1.0,1.0,1.0,1.0
3225,1920.0,2.0,1.0,2.0,34.0,0.0,0.0,0.0,0.0,0.0,0.0,0.0,0.0,0.0,0.0,1.0,0.0,0.0,0.0,0.0,0.0,17.0,10.0,0.0,0.0,0.0,0.0,0.0,0.7857142857,0.0,1.0,0.0,0.0,0.0,1.0,1.0,0.0,0.0,0.0,0.0,1.0,0.0,0.0,1.0,1.0,-1.0,1.0,1.0,-1.0,1.0,1.0
3226,8412.0,1.0,0.0,2.0,54.0,3.0,0.0,0.0,0.0,0.0,0.0,0.0,0.0,0.0,0.0,1.0,0.0,0.0,0.0,0.0,0.0,12.0,35.0,0.0,0.0,0.0,0.0,0.2222222222,0.8064516129,0.0,1.0,1.0,0.0,1.0,0.0222222222,0.0,0.0,0.0,0.0,0.0,0.0,0.0,0.0,1.0,0.0,-1.0,-1.0,0.0,1.0,0.0,0.0
3227,1543.0,5.0,1.0,4.0,81.0,1.0,0.0,0.0,0.0,0.0,0.0,0.0,0.0,0.0,0.0,1.0,0.0,0.0,0.0,1.0,0.0,25.0,49.0,0.0,0.0,0.0,1.0,0.0,1.0,0.0,1.0,0.0,0.0,0.0,1.0,1.0,0.0,0.0,0.0,0.0,0.0,0.0,0.0,1.0,-1.0,-1.0,1.0,-1.0,-1.0,1.0,1.0
3228,5055.0,3.0,1.0,0.0,25.0,0.0,0.0,0.0,0.0,0.0,0.0,0.0,0.0,0.0,0.0,1.0,0.0,0.0,0.0,0.0,0.0,17.0,1.0,0.0,0.0,0.0,0.0,0.0946166395,0.9124293785,0.0,1.0,0.0,0.0,0.0,0.0522022838,0.0,0.0,0.0,0.0,1.0,1.0,0.0,0.0,1.0,1.0,-1.0,1.0,0.0,1.0,0.0,0.0
3229,6769.0,2.0,1.0,4.0,148.0,5.0,0.0,0.0,0.0,3.0,0.0,3.0,2.0,0.0,6.0,1.0,1.0,0.0,0.0,1.0,0.0,12.0,53.0,75.0,0.0,0.0,0.0,0.2030075188,0.9565217391,0.0,1.0,0.0,1.0,0.0,0.0,0.0,0.0,0.0,0.0,0.0,1.0,0.0,0.0,1.0,-1.0,0.0,0.0,0.0,1.0,0.0,0.0
3230,3656.0,3.0,2.0,4.0,109.0,5.0,4.0,0.0,0.0,0.0,0.0,0.0,0.0,0.0,21.0,1.0,1.0,0.0,1.0,1.0,0.0,57.0,45.0,0.0,0.0,0.0,0.0,0.0555555556,0.0909090909,0.0,1.0,1.0,0.0,0.0,0.9444444444,0.0,0.0,1.0,0.0,0.0,1.0,0.0,0.0,0.0,-1.0,1.0,1.0,1.0,-1.0,1.0,1.0
3231,270.0,3.0,1.0,6.0,76.0,2.0,0.0,0.0,0.0,0.0,0.0,0.0,0.0,0.0,1.0,1.0,0.0,0.0,0.0,1.0,0.0,17.0,52.0,0.0,0.0,0.0,0.0,0.0,0.0,0.0,1.0,0.0,0.0,0.0,0.0,0.0,0.0,0.0,0.0,0.0,0.0,0.0,0.0,1.0,-1.0,1.0,1.0,1.0,1.0,1.0,1.0
3232,9946.0,2.0,1.0,5.0,42.0,0.0,0.0,0.0,0.0,0.0,0.0,0.0,0.0,0.0,12.0,1.0,1.0,0.0,0.0,0.0,0.0,13.0,22.0,0.0,0.0,0.0,0.0,0.0694444444,0.2857142857,0.0,1.0,0.0,0.0,0.0,0.0138888889,0.0,0.0,0.0,0.0,0.0,0.0,0.0,0.0,1.0,1.0,-1.0,1.0,1.0,1.0,0.0,0.0
3233,9717.0,2.0,1.0,3.0,44.0,1.0,1.0,0.0,0.0,0.0,0.0,0.0,0.0,0.0,0.0,1.0,1.0,0.0,0.0,0.0,0.0,24.0,13.0,0.0,0.0,0.0,0.0,0.106741573,0.5333333333,0.0,0.0,0.0,1.0,0.0,0.0056179775,0.0,0.0,0.0,0.0,0.0,0.0,0.0,0.0,1.0,1.0,1.0,0.0,0.0,1.0,0.0,0.0
3234,4984.0,11.0,9.0,2.0,90.0,1.0,1.0,0.0,0.0,0.0,0.0,0.0,0.0,0.0,0.0,1.0,1.0,0.0,1.0,0.0,0.0,65.0,18.0,0.0,0.0,3.0,0.0,0.0,0.0,0.0,1.0,0.0,0.0,0.0,0.0,0.0,0.0,0.0,0.0,0.0,0.0,0.0,0.0,-1.0,-1.0,1.0,1.0,1.0,1.0,1.0,1.0
3235,2561.0,4.0,1.0,5.0,76.0,1.0,0.0,0.0,0.0,1.0,0.0,1.0,0.0,0.0,0.0,1.0,1.0,0.0,0.0,1.0,0.0,18.0,39.0,11.0,0.0,0.0,0.0,0.0,0.2,0.0,1.0,1.0,0.0,0.0,0.0,0.0,0.0,0.0,0.0,0.0,0.0,0.0,0.0,1.0,-1.0,1.0,1.0,0.0,1.0,1.0,1.0
3236,8691.0,1.0,0.0,2.0,40.0,0.0,0.0,0.0,0.0,0.0,0.0,1.0,0.0,0.0,1.0,1.0,1.0,0.0,0.0,0.0,0.0,11.0,15.0,6.0,0.0,0.0,0.0,0.0289017341,0.0967741935,0.0,0.0,0.0,1.0,0.0,0.0,0.0,0.0,0.0,0.0,0.0,0.0,0.0,1.0,1.0,1.0,0.0,0.0,1.0,1.0,0.0,0.0
3237,1375.0,4.0,0.0,5.0,57.0,0.0,0.0,0.0,1.0,0.0,0.0,0.0,0.0,0.0,9.0,1.0,0.0,1.0,0.0,0.0,0.0,12.0,38.0,0.0,0.0,0.0,0.0,0.0,0.7857142857,0.0,1.0,0.0,0.0,0.0,1.0,1.0,0.0,0.0,0.0,0.0,1.0,0.0,0.0,1.0,0.0,-1.0,1.0,1.0,-1.0,1.0,1.0
3238,3524.0,4.0,1.0,7.0,92.0,1.0,0.0,0.0,0.0,1.0,0.0,0.0,0.0,0.0,0.0,1.0,0.0,0.0,0.0,1.0,0.0,20.0,65.0,0.0,0.0,0.0,0.0,0.0180995475,0.0,0.0,1.0,0.0,0.0,0.0,0.9773755656,0.0,0.0,0.0,0.0,0.0,0.0,0.0,0.0,1.0,-1.0,1.0,1.0,1.0,-1.0,1.0,1.0
3239,2861.0,3.0,0.0,4.0,72.0,0.0,0.0,0.0,0.0,0.0,0.0,0.0,0.0,0.0,3.0,1.0,1.0,0.0,0.0,0.0,0.0,27.0,38.0,0.0,0.0,0.0,0.0,0.0,0.0,0.0,1.0,1.0,0.0,0.0,0.0,0.0,0.0,0.0,0.0,0.0,0.0,1.0,0.0,1.0,0.0,1.0,1.0,1.0,1.0,1.0,1.0
3240,8068.0,1.0,0.0,2.0,98.0,0.0,0.0,0.0,0.0,8.0,0.0,1.0,0.0,0.0,0.0,1.0,1.0,0.0,0.0,1.0,0.0,10.0,69.0,11.0,0.0,0.0,0.0,0.0303030303,0.3064516129,1.0,0.0,0.0,0.0,0.0,0.0,0.0,0.0,0.0,0.0,0.0,1.0,0.0,0.0,1.0,-1.0,0.0,1.0,0.0,1.0,0.0,0.0
3241,5549.0,3.0,1.0,3.0,69.0,1.0,0.0,0.0,0.0,0.0,0.0,0.0,0.0,0.0,5.0,1.0,0.0,0.0,0.0,0.0,0.0,12.0,18.0,31.0,0.0,0.0,0.0,0.0392156863,0.0,0.0,0.0,0.0,0.0,0.0,0.0,0.0,0.0,0.0,0.0,0.0,0.0,0.0,0.0,1.0,0.0,1.0,1.0,1.0,1.0,0.0,0.0
3242,2277.0,2.0,0.0,5.0,52.0,1.0,0.0,0.0,0.0,0.0,0.0,0.0,0.0,0.0,1.0,1.0,0.0,0.0,0.0,0.0,0.0,16.0,29.0,0.0,0.0,0.0,0.0,1.0,1.0,0.0,1.0,0.0,0.0,0.0,0.0,1.0,0.0,0.0,0.0,0.0,1.0,0.0,0.0,1.0,1.0,-1.0,1.0,1.0,-1.0,1.0,1.0
3243,2470.0,2.0,0.0,3.0,47.0,0.0,0.0,0.0,0.0,0.0,0.0,0.0,0.0,0.0,0.0,1.0,0.0,0.0,0.0,0.0,0.0,11.0,29.0,0.0,0.0,0.0,0.0,0.9230769231,1.0,0.0,1.0,0.0,0.0,0.0,0.0,1.0,0.0,0.0,0.0,0.0,0.0,0.0,0.0,1.0,1.0,1.0,1.0,-1.0,-1.0,1.0,1.0
3244,6788.0,2.0,1.0,6.0,93.0,6.0,0.0,0.0,0.0,0.0,0.0,0.0,0.0,0.0,9.0,1.0,1.0,0.0,0.0,1.0,0.0,13.0,73.0,0.0,0.0,0.0,0.0,0.5411255411,0.4473684211,0.0,1.0,0.0,0.0,0.0,0.0,0.0,0.0,0.0,0.0,0.0,1.0,0.0,0.0,1.0,-1.0,0.0,1.0,0.0,0.0,0.0,0.0
3245,9023.0,1.0,0.0,3.0,44.0,0.0,0.0,0.0,0.0,1.0,0.0,0.0,0.0,0.0,0.0,1.0,0.0,0.0,0.0,1.0,0.0,12.0,25.0,0.0,0.0,0.0,0.0,0.0277777778,0.5483870968,0.0,1.0,0.0,0.0,0.0,0.0555555556,0.0,0.0,0.0,0.0,0.0,0.0,0.0,0.0,1.0,1.0,1.0,1.0,0.0,1.0,0.0,0.0
3246,2064.0,2.0,0.0,3.0,44.0,1.0,1.0,0.0,0.0,0.0,0.0,0.0,0.0,0.0,0.0,1.0,0.0,0.0,0.0,1.0,0.0,21.0,16.0,0.0,0.0,0.0,1.0,0.0,1.0,1.0,1.0,0.0,0.0,0.0,0.0,1.0,0.0,0.0,0.0,0.0,0.0,0.0,0.0,1.0,1.0,-1.0,1.0,-1.0,1.0,1.0,1.0
3247,5839.0,3.0,1.0,1.0,61.0,0.0,0.0,0.0,0.0,0.0,0.0,2.0,1.0,0.0,4.0,1.0,1.0,0.0,0.0,0.0,0.0,21.0,10.0,22.0,0.0,0.0,0.0,0.1379310345,0.0555555556,0.0,0.0,0.0,0.0,0.0,0.0,0.0,0.0,0.0,0.0,1.0,0.0,0.0,0.0,1.0,0.0,1.0,1.0,1.0,1.0,0.0,0.0
3248,1317.0,2.0,0.0,3.0,52.0,0.0,0.0,0.0,0.0,0.0,0.0,0.0,0.0,0.0,0.0,1.0,0.0,0.0,0.0,1.0,0.0,23.0,22.0,0.0,0.0,0.0,0.0,0.0,0.7857142857,0.0,1.0,0.0,0.0,0.0,1.0,1.0,0.0,0.0,0.0,0.0,1.0,0.0,0.0,1.0,1.0,-1.0,1.0,1.0,-1.0,1.0,1.0
3249,1713.0,1.0,0.0,2.0,23.0,0.0,0.0,0.0,0.0,0.0,0.0,0.0,0.0,0.0,0.0,1.0,0.0,0.0,0.0,1.0,0.0,12.0,4.0,0.0,0.0,0.0,0.0,0.0,0.2,1.0,1.0,0.0,0.0,0.0,0.9090909091,0.0,0.0,0.0,0.0,0.0,0.0,0.0,0.0,1.0,1.0,1.0,1.0,0.0,-1.0,1.0,1.0
3250,3977.0,1.0,0.0,2.0,21.0,0.0,0.0,0.0,0.0,0.0,0.0,0.0,0.0,0.0,1.0,1.0,0.0,0.0,0.0,0.0,0.0,8.0,6.0,0.0,0.0,0.0,0.0,0.0294117647,0.4,1.0,1.0,0.0,0.0,0.0,0.0,0.0,0.0,0.0,0.0,0.0,0.0,0.0,0.0,1.0,1.0,-1.0,1.0,0.0,1.0,1.0,1.0
3251,3429.0,3.0,1.0,4.0,45.0,0.0,0.0,0.0,0.0,0.0,0.0,0.0,0.0,0.0,0.0,1.0,1.0,0.0,0.0,0.0,0.0,23.0,15.0,0.0,0.0,0.0,0.0,0.0,0.0,0.0,1.0,0.0,0.0,0.0,0.0,0.0,0.0,0.0,0.0,0.0,0.0,0.0,0.0,1.0,1.0,1.0,1.0,1.0,1.0,1.0,1.0
3252,9049.0,2.0,0.0,1.0,34.0,0.0,0.0,0.0,0.0,0.0,0.0,0.0,0.0,0.0,0.0,1.0,1.0,0.0,0.0,1.0,0.0,15.0,12.0,0.0,0.0,0.0,0.0,0.0,0.0740740741,0.0,1.0,0.0,1.0,0.0,0.0125,0.0,0.0,0.0,0.0,0.0,0.0,0.0,0.0,1.0,1.0,1.0,0.0,0.0,1.0,0.0,0.0
3253,1737.0,1.0,0.0,2.0,49.0,0.0,0.0,0.0,0.0,0.0,0.0,0.0,0.0,0.0,0.0,1.0,0.0,0.0,0.0,0.0,0.0,15.0,27.0,0.0,0.0,0.0,0.0,0.0,0.0,0.0,1.0,0.0,0.0,0.0,0.0,0.0,0.0,0.0,0.0,0.0,0.0,0.0,0.0,1.0,1.0,1.0,1.0,1.0,1.0,1.0,1.0
3254,6179.0,2.0,0.0,2.0,92.0,0.0,0.0,0.0,0.0,3.0,0.0,3.0,2.0,0.0,8.0,1.0,0.0,0.0,0.0,1.0,0.0,14.0,15.0,55.0,0.0,0.0,0.0,0.0340909091,0.0,0.0,1.0,0.0,0.0,0.0,0.0,0.0,0.0,0.0,0.0,0.0,0.0,0.0,0.0,1.0,-1.0,1.0,1.0,1.0,1.0,0.0,0.0
3255,6334.0,1.0,0.0,2.0,77.0,1.0,0.0,0.0,0.0,0.0,3.0,1.0,0.0,0.0,9.0,1.0,0.0,0.0,0.0,0.0,0.0,8.0,11.0,50.0,0.0,1.0,0.0,0.2252252252,0.2647058824,0.0,1.0,1.0,0.0,0.0,0.0,0.0,0.0,0.0,0.0,0.0,0.0,0.0,0.0,1.0,-1.0,1.0,1.0,0.0,1.0,0.0,0.0
3256,2015.0,3.0,0.0,6.0,84.0,3.0,0.0,0.0,0.0,0.0,0.0,0.0,0.0,0.0,0.0,1.0,1.0,0.0,0.0,0.0,0.0,18.0,59.0,0.0,0.0,0.0,0.0,0.0,0.0,0.0,1.0,1.0,0.0,0.0,0.0,1.0,0.0,0.0,0.0,0.0,0.0,0.0,0.0,1.0,-1.0,1.0,1.0,1.0,1.0,1.0,1.0
3257,7148.0,1.0,0.0,2.0,70.0,6.0,0.0,0.0,0.0,0.0,0.0,0.0,0.0,0.0,0.0,1.0,0.0,0.0,0.0,1.0,0.0,8.0,55.0,0.0,0.0,0.0,0.0,0.2348484848,0.98,1.0,1.0,1.0,0.0,0.0,0.0833333333,0.0,0.0,0.0,0.0,1.0,1.0,0.0,0.0,1.0,0.0,-1.0,1.0,-1.0,0.0,0.0,0.0
3258,3294.0,2.0,1.0,3.0,41.0,0.0,0.0,0.0,0.0,0.0,0.0,0.0,0.0,0.0,0.0,1.0,0.0,0.0,0.0,0.0,0.0,17.0,17.0,0.0,0.0,0.0,0.0,0.0,0.0,0.0,1.0,0.0,0.0,0.0,0.0,0.0,0.0,0.0,0.0,0.0,0.0,1.0,0.0,1.0,1.0,1.0,1.0,1.0,1.0,1.0,1.0
3259,1725.0,3.0,0.0,3.0,51.0,0.0,0.0,0.0,0.0,0.0,0.0,0.0,0.0,0.0,0.0,1.0,1.0,0.0,0.0,1.0,0.0,16.0,28.0,0.0,0.0,0.0,0.0,0.0,0.0,0.0,1.0,1.0,0.0,0.0,0.0,0.0,0.0,0.0,0.0,0.0,0.0,1.0,0.0,1.0,1.0,1.0,1.0,1.0,1.0,1.0,1.0
3260,7510.0,2.0,1.0,5.0,90.0,6.0,0.0,0.0,0.0,0.0,0.0,0.0,0.0,0.0,8.0,1.0,1.0,0.0,0.0,1.0,0.0,25.0,58.0,0.0,0.0,0.0,0.0,0.0566037736,0.6470588235,0.0,1.0,1.0,0.0,1.0,0.0,0.0,0.0,0.0,0.0,0.0,1.0,0.0,0.0,1.0,-1.0,-1.0,-1.0,0.0,1.0,0.0,0.0
3261,2397.0,3.0,1.0,4.0,83.0,2.0,0.0,0.0,0.0,1.0,0.0,1.0,0.0,0.0,0.0,1.0,0.0,0.0,0.0,1.0,0.0,10.0,37.0,28.0,0.0,0.0,0.0,0.0405405405,0.1785714286,0.0,1.0,0.0,1.0,0.0,0.0,0.0,0.0,0.0,0.0,0.0,0.0,0.0,0.0,1.0,-1.0,1.0,0.0,0.0,1.0,1.0,1.0
3262,6405.0,2.0,1.0,2.0,62.0,0.0,0.0,0.0,0.0,0.0,0.0,3.0,2.0,0.0,2.0,1.0,0.0,0.0,0.0,1.0,0.0,15.0,6.0,33.0,0.0,0.0,0.0,0.0636942675,0.32,0.0,1.0,1.0,0.0,0.0,0.0,0.0,0.0,0.0,0.0,1.0,0.0,0.0,0.0,1.0,0.0,1.0,1.0,0.0,1.0,0.0,0.0
3263,8173.0,2.0,1.0,4.0,146.0,13.0,0.0,0.0,0.0,3.0,0.0,0.0,0.0,0.0,7.0,1.0,1.0,0.0,0.0,1.0,0.0,20.0,119.0,0.0,0.0,0.0,0.0,0.6341463415,0.625,0.0,1.0,1.0,0.0,0.0,0.0,1.0,0.0,0.0,0.0,0.0,1.0,0.0,0.0,1.0,-1.0,0.0,1.0,-1.0,0.0,0.0,0.0
3264,1984.0,2.0,0.0,1.0,33.0,0.0,0.0,0.0,0.0,0.0,0.0,0.0,0.0,0.0,0.0,1.0,0.0,0.0,0.0,0.0,0.0,16.0,10.0,0.0,0.0,0.0,0.0,0.0,0.0,0.0,1.0,1.0,0.0,0.0,0.0,1.0,0.0,0.0,0.0,0.0,0.0,0.0,0.0,1.0,1.0,1.0,1.0,1.0,1.0,1.0,1.0
3265,8912.0,3.0,0.0,2.0,37.0,1.0,1.0,0.0,0.0,0.0,0.0,0.0,0.0,0.0,0.0,1.0,0.0,0.0,0.0,1.0,0.0,13.0,17.0,0.0,0.0,0.0,0.0,0.4166666667,0.8,0.0,0.0,0.0,0.0,0.0,0.0,0.0,0.0,0.0,0.0,0.0,1.0,0.0,0.0,1.0,1.0,-1.0,1.0,0.0,0.0,0.0,0.0
3266,9936.0,2.0,1.0,2.0,53.0,1.0,0.0,0.0,0.0,0.0,0.0,0.0,0.0,0.0,0.0,1.0,0.0,0.0,0.0,0.0,0.0,19.0,27.0,0.0,0.0,0.0,0.0,0.1374045802,0.2321428571,0.0,1.0,1.0,0.0,0.0,0.0,0.0,0.0,0.0,0.0,0.0,0.0,0.0,0.0,1.0,1.0,1.0,1.0,0.0,1.0,0.0,0.0
3267,2810.0,5.0,1.0,2.0,59.0,1.0,0.0,0.0,0.0,0.0,0.0,0.0,0.0,0.0,0.0,1.0,0.0,0.0,0.0,1.0,0.0,25.0,27.0,0.0,0.0,1.0,1.0,0.4716981132,0.976744186,0.0,1.0,0.0,0.0,0.0,0.0377358491,1.0,0.0,0.0,0.0,0.0,0.0,0.0,0.0,1.0,0.0,-1.0,1.0,-1.0,0.0,1.0,1.0
3268,8936.0,1.0,0.0,4.0,56.0,3.0,0.0,0.0,0.0,0.0,0.0,0.0,0.0,0.0,6.0,1.0,1.0,0.0,0.0,1.0,0.0,13.0,36.0,0.0,0.0,0.0,0.0,0.2791878173,0.9852941176,1.0,1.0,0.0,0.0,0.0,0.0253807107,0.0,0.0,0.0,0.0,0.0,0.0,0.0,0.0,1.0,0.0,-1.0,1.0,0.0,1.0,0.0,0.0
3269,4306.0,4.0,1.0,6.0,77.0,1.0,0.0,0.0,0.0,1.0,0.0,0.0,0.0,0.0,1.0,1.0,1.0,0.0,0.0,0.0,0.0,21.0,49.0,0.0,0.0,0.0,0.0,0.0,0.0,0.0,1.0,0.0,0.0,0.0,0.0,0.0,0.0,0.0,0.0,0.0,0.0,0.0,0.0,1.0,-1.0,1.0,1.0,1.0,1.0,1.0,1.0
3270,9646.0,3.0,1.0,2.0,49.0,1.0,0.0,0.0,0.0,0.0,0.0,0.0,0.0,0.0,4.0,1.0,1.0,0.0,0.0,1.0,0.0,17.0,25.0,0.0,0.0,0.0,0.0,0.7107623318,0.3246753247,0.0,1.0,1.0,0.0,0.0,0.0403587444,0.0,0.0,0.0,0.0,1.0,1.0,0.0,0.0,1.0,1.0,1.0,1.0,0.0,-1.0,0.0,0.0
3271,574.0,5.0,0.0,2.0,68.0,1.0,0.0,0.0,0.0,0.0,0.0,0.0,0.0,0.0,24.0,1.0,0.0,1.0,0.0,1.0,0.0,14.0,17.0,29.0,0.0,1.0,0.0,1.0,0.16,1.0,1.0,0.0,0.0,0.0,0.0,1.0,0.0,0.0,0.0,0.0,1.0,0.0,0.0,1.0,0.0,1.0,1.0,0.0,-1.0,1.0,1.0
3272,1387.0,3.0,0.0,5.0,62.0,0.0,0.0,0.0,0.0,0.0,0.0,0.0,0.0,0.0,0.0,1.0,1.0,0.0,0.0,0.0,0.0,14.0,41.0,0.0,0.0,0.0,0.0,0.0,0.7857142857,0.0,1.0,0.0,0.0,0.0,1.0,1.0,0.0,0.0,0.0,0.0,1.0,0.0,0.0,1.0,0.0,-1.0,1.0,1.0,-1.0,1.0,1.0
3273,2258.0,5.0,1.0,3.0,60.0,0.0,0.0,0.0,0.0,0.0,0.0,0.0,0.0,0.0,0.0,1.0,1.0,0.0,0.0,1.0,0.0,22.0,31.0,0.0,0.0,0.0,0.0,0.0227272727,1.0,1.0,1.0,0.0,0.0,0.0,0.9772727273,0.0,0.0,0.0,0.0,0.0,0.0,0.0,0.0,1.0,0.0,-1.0,1.0,-1.0,-1.0,1.0,1.0
3274,7888.0,3.0,1.0,2.0,81.0,0.0,0.0,0.0,0.0,0.0,0.0,3.0,2.0,0.0,6.0,1.0,0.0,0.0,0.0,0.0,0.0,18.0,16.0,39.0,0.0,0.0,0.0,0.0087719298,0.0593220339,0.0,1.0,0.0,0.0,0.0,0.0,0.0,0.0,0.0,0.0,0.0,0.0,0.0,0.0,1.0,-1.0,1.0,1.0,0.0,1.0,0.0,0.0
3275,8997.0,1.0,0.0,0.0,28.0,1.0,1.0,0.0,0.0,0.0,0.0,0.0,0.0,0.0,0.0,1.0,0.0,0.0,0.0,0.0,0.0,20.0,1.0,0.0,0.0,0.0,0.0,0.0,0.25,0.0,0.0,0.0,0.0,0.0,0.0,0.0,0.0,0.0,0.0,0.0,0.0,0.0,0.0,1.0,1.0,1.0,1.0,0.0,1.0,0.0,0.0
3276,4697.0,2.0,0.0,4.0,54.0,0.0,0.0,0.0,0.0,0.0,0.0,0.0,0.0,0.0,0.0,1.0,1.0,0.0,0.0,1.0,0.0,20.0,27.0,0.0,0.0,0.0,0.0,0.0,1.0,1.0,1.0,0.0,1.0,0.0,0.0,1.0,0.0,0.0,0.0,0.0,0.0,0.0,0.0,1.0,0.0,-1.0,0.0,-1.0,1.0,1.0,1.0
3277,4900.0,3.0,0.0,5.0,63.0,3.0,1.0,0.0,0.0,0.0,0.0,0.0,0.0,0.0,0.0,1.0,0.0,0.0,0.0,1.0,0.0,15.0,41.0,0.0,0.0,0.0,1.0,1.0,1.0,1.0,1.0,0.0,0.0,0.0,0.0,1.0,0.0,0.0,0.0,0.0,0.0,0.0,0.0,1.0,0.0,-1.0,1.0,-1.0,-1.0,1.0,1.0
3278,4709.0,5.0,1.0,2.0,56.0,0.0,0.0,0.0,0.0,0.0,0.0,0.0,0.0,0.0,1.0,1.0,1.0,0.0,0.0,1.0,0.0,28.0,21.0,0.0,0.0,0.0,0.0,0.0,1.0,0.0,1.0,0.0,0.0,0.0,0.0,1.0,0.0,0.0,0.0,0.0,0.0,0.0,0.0,1.0,0.0,-1.0,1.0,-1.0,1.0,1.0,1.0
3279,6754.0,2.0,1.0,6.0,131.0,9.0,0.0,0.0,0.0,0.0,0.0,1.0,0.0,0.0,8.0,1.0,1.0,0.0,0.0,1.0,0.0,27.0,78.0,18.0,0.0,0.0,0.0,0.4583333333,0.5,0.0,1.0,1.0,0.0,0.0,0.0,0.0,0.0,0.0,0.0,1.0,0.0,0.0,1.0,1.0,-1.0,-1.0,1.0,0.0,0.0,0.0,0.0
3280,5632.0,2.0,1.0,5.0,82.0,4.0,0.0,0.0,0.0,1.0,0.0,0.0,0.0,0.0,3.0,1.0,1.0,0.0,0.0,0.0,0.0,18.0,57.0,0.0,0.0,0.0,0.0,0.0217391304,0.9259259259,1.0,0.0,0.0,0.0,0.0,0.0054347826,0.0,0.0,0.0,0.0,0.0,0.0,0.0,0.0,1.0,-1.0,-1.0,1.0,-1.0,1.0,0.0,0.0
3281,6194.0,2.0,0.0,1.0,79.0,0.0,0.0,0.0,0.0,5.0,0.0,0.0,0.0,0.0,1.0,1.0,0.0,0.0,0.0,1.0,0.0,25.0,47.0,0.0,0.0,0.0,0.0,0.1875,0.1379310345,0.0,1.0,0.0,0.0,0.0,0.03125,0.0,0.0,0.0,0.0,0.0,1.0,0.0,0.0,1.0,-1.0,1.0,1.0,0.0,1.0,0.0,0.0
3282,3916.0,1.0,0.0,3.0,41.0,0.0,0.0,0.0,0.0,0.0,0.0,0.0,0.0,0.0,0.0,1.0,0.0,0.0,0.0,0.0,0.0,15.0,19.0,0.0,0.0,0.0,0.0,0.0,0.0,0.0,1.0,0.0,0.0,0.0,1.0,0.0,0.0,0.0,0.0,0.0,0.0,0.0,1.0,1.0,1.0,1.0,1.0,1.0,-1.0,1.0,1.0
3283,6925.0,2.0,1.0,2.0,85.0,8.0,0.0,0.0,0.0,0.0,0.0,0.0,0.0,0.0,0.0,1.0,0.0,0.0,0.0,0.0,0.0,18.0,60.0,0.0,0.0,0.0,0.0,0.3623188406,0.3684210526,0.0,1.0,1.0,0.0,0.0,0.0289855072,0.0,0.0,0.0,0.0,0.0,1.0,0.0,0.0,1.0,-1.0,1.0,1.0,0.0,0.0,0.0,0.0
3284,3424.0,2.0,1.0,4.0,45.0,0.0,0.0,0.0,0.0,0.0,0.0,0.0,0.0,0.0,1.0,1.0,0.0,0.0,0.0,0.0,0.0,21.0,17.0,0.0,0.0,0.0,0.0,0.0,0.7857142857,0.0,1.0,0.0,0.0,0.0,1.0,1.0,0.0,0.0,0.0,0.0,1.0,0.0,0.0,1.0,1.0,-1.0,1.0,1.0,-1.0,1.0,1.0
3285,5531.0,1.0,0.0,2.0,77.0,0.0,0.0,0.0,0.0,0.0,0.0,3.0,2.0,0.0,2.0,1.0,0.0,0.0,0.0,0.0,0.0,17.0,22.0,30.0,0.0,0.0,0.0,0.0829875519,0.4516129032,0.0,1.0,1.0,0.0,0.0,0.0,0.0,0.0,0.0,0.0,0.0,1.0,0.0,0.0,1.0,-1.0,0.0,1.0,0.0,1.0,0.0,0.0
3286,7843.0,2.0,1.0,4.0,75.0,4.0,0.0,0.0,0.0,0.0,0.0,0.0,0.0,0.0,4.0,1.0,0.0,0.0,0.0,1.0,0.0,19.0,49.0,0.0,0.0,0.0,0.0,0.0,0.34375,0.0,1.0,0.0,0.0,0.0,0.0598290598,0.0,0.0,0.0,0.0,0.0,0.0,0.0,0.0,1.0,0.0,1.0,1.0,0.0,1.0,0.0,0.0
3287,1877.0,3.0,1.0,6.0,65.0,1.0,0.0,0.0,0.0,0.0,0.0,0.0,0.0,0.0,2.0,1.0,0.0,0.0,0.0,0.0,0.0,20.0,38.0,0.0,0.0,0.0,0.0,0.0,0.0,0.0,1.0,0.0,0.0,0.0,0.0,0.0,0.0,0.0,0.0,0.0,0.0,0.0,0.0,1.0,0.0,1.0,1.0,1.0,1.0,1.0,1.0
3288,3734.0,3.0,1.0,2.0,60.0,0.0,0.0,0.0,0.0,0.0,0.0,0.0,1.0,0.0,10.0,1.0,1.0,0.0,0.0,0.0,0.0,14.0,39.0,0.0,0.0,0.0,0.0,0.0,0.25,1.0,1.0,0.0,0.0,0.0,1.0,0.0,0.0,0.0,0.0,0.0,1.0,0.0,0.0,1.0,0.0,1.0,1.0,0.0,-1.0,1.0,1.0
3289,147.0,2.0,0.0,5.0,58.0,0.0,0.0,0.0,0.0,0.0,0.0,0.0,0.0,0.0,0.0,1.0,0.0,0.0,0.0,0.0,0.0,20.0,31.0,0.0,0.0,0.0,0.0,1.0,0.1428571429,1.0,1.0,0.0,0.0,0.0,0.0,0.0,0.0,0.0,0.0,0.0,1.0,0.0,0.0,1.0,0.0,1.0,1.0,0.0,-1.0,1.0,1.0
3290,101.0,12.0,11.0,6.0,149.0,2.0,2.0,0.0,0.0,0.0,0.0,0.0,0.0,0.0,18.0,1.0,1.0,0.0,1.0,0.0,0.0,84.0,58.0,0.0,0.0,1.0,1.0,1.0,1.0,1.0,1.0,0.0,1.0,0.0,0.0,1.0,0.0,0.0,0.0,0.0,0.0,0.0,0.0,-1.0,-1.0,-1.0,0.0,-1.0,-1.0,1.0,1.0
3291,6055.0,2.0,1.0,3.0,77.0,4.0,0.0,0.0,0.0,0.0,0.0,1.0,0.0,0.0,8.0,1.0,0.0,0.0,0.0,1.0,0.0,17.0,41.0,11.0,0.0,0.0,0.0,0.3949044586,0.5333333333,0.0,0.0,0.0,0.0,0.0,0.0191082803,0.0,0.0,0.0,0.0,0.0,1.0,0.0,0.0,1.0,-1.0,0.0,1.0,0.0,0.0,0.0,0.0
3292,2127.0,3.0,1.0,5.0,94.0,2.0,0.0,0.0,0.0,0.0,0.0,0.0,0.0,0.0,2.0,1.0,1.0,0.0,0.0,0.0,0.0,27.0,60.0,0.0,0.0,0.0,0.0,0.6,1.0,1.0,1.0,0.0,0.0,0.0,0.0,1.0,0.0,0.0,0.0,0.0,1.0,0.0,0.0,1.0,-1.0,-1.0,1.0,-1.0,0.0,1.0,1.0
3293,4489.0,4.0,1.0,4.0,91.0,1.0,0.0,0.0,0.0,0.0,4.0,0.0,0.0,0.0,12.0,1.0,1.0,0.0,0.0,1.0,0.0,24.0,60.0,0.0,0.0,0.0,0.0,1.0,0.16,0.0,1.0,1.0,0.0,0.0,0.0,0.0,0.0,0.0,0.0,0.0,0.0,0.0,0.0,1.0,-1.0,1.0,1.0,1.0,-1.0,1.0,1.0
3294,194.0,1.0,0.0,3.0,36.0,0.0,0.0,0.0,0.0,0.0,0.0,0.0,0.0,0.0,0.0,1.0,0.0,0.0,0.0,0.0,0.0,18.0,11.0,0.0,0.0,0.0,0.0,0.9130434783,1.0,1.0,1.0,1.0,0.0,0.0,0.0652173913,1.0,0.0,0.0,0.0,0.0,0.0,0.0,0.0,1.0,1.0,-1.0,1.0,-1.0,-1.0,1.0,1.0
3295,3716.0,2.0,1.0,3.0,53.0,1.0,0.0,0.0,0.0,0.0,0.0,0.0,0.0,0.0,0.0,1.0,0.0,0.0,0.0,0.0,0.0,25.0,21.0,0.0,0.0,0.0,0.0,0.0,0.0,0.0,1.0,1.0,0.0,1.0,0.7272727273,0.0,0.0,0.0,0.0,0.0,0.0,0.0,0.0,1.0,1.0,1.0,-1.0,1.0,-1.0,1.0,1.0
3296,4685.0,3.0,1.0,5.0,75.0,0.0,0.0,0.0,0.0,0.0,0.0,1.0,0.0,0.0,0.0,1.0,0.0,0.0,0.0,1.0,0.0,15.0,48.0,4.0,0.0,1.0,1.0,1.0,1.0,1.0,1.0,0.0,0.0,0.0,0.0,1.0,0.0,0.0,0.0,0.0,0.0,0.0,0.0,1.0,0.0,-1.0,1.0,-1.0,-1.0,1.0,1.0
3297,2326.0,2.0,0.0,6.0,60.0,0.0,0.0,0.0,0.0,0.0,0.0,0.0,0.0,0.0,0.0,1.0,0.0,0.0,0.0,1.0,0.0,17.0,36.0,0.0,0.0,0.0,1.0,0.0,1.0,1.0,1.0,0.0,0.0,0.0,0.0,1.0,0.0,0.0,0.0,0.0,0.0,0.0,0.0,1.0,0.0,-1.0,1.0,-1.0,1.0,1.0,1.0
3298,9542.0,2.0,1.0,2.0,51.0,1.0,0.0,0.0,0.0,0.0,0.0,0.0,0.0,0.0,0.0,1.0,0.0,0.0,0.0,1.0,0.0,19.0,25.0,0.0,0.0,0.0,0.0,0.171875,0.0754716981,0.0,1.0,0.0,0.0,0.0,0.0,0.0,0.0,0.0,0.0,0.0,0.0,0.0,0.0,1.0,1.0,1.0,1.0,1.0,1.0,0.0,0.0
3299,537.0,2.0,1.0,3.0,51.0,2.0,1.0,0.0,0.0,0.0,0.0,0.0,0.0,0.0,0.0,1.0,0.0,0.0,0.0,0.0,0.0,24.0,20.0,0.0,0.0,0.0,0.0,1.0,1.0,0.0,1.0,0.0,1.0,0.0,0.0,1.0,0.0,0.0,0.0,0.0,1.0,0.0,0.0,1.0,1.0,-1.0,0.0,1.0,-1.0,1.0,1.0
3300,530.0,2.0,0.0,4.0,45.0,0.0,0.0,0.0,0.0,0.0,0.0,0.0,0.0,0.0,0.0,1.0,1.0,0.0,0.0,1.0,0.0,10.0,28.0,0.0,0.0,0.0,0.0,0.0,0.6666666667,1.0,1.0,0.0,0.0,0.0,1.0,0.0,0.0,0.0,0.0,0.0,0.0,0.0,0.0,1.0,1.0,-1.0,1.0,0.0,-1.0,1.0,1.0
3301,9328.0,2.0,1.0,6.0,47.0,0.0,0.0,0.0,0.0,0.0,0.0,0.0,0.0,0.0,5.0,1.0,1.0,0.0,0.0,1.0,0.0,13.0,27.0,0.0,0.0,0.0,0.0,0.0408163265,0.2222222222,0.0,0.0,0.0,0.0,0.0,0.0357142857,0.0,0.0,0.0,0.0,1.0,1.0,0.0,0.0,1.0,1.0,0.0,1.0,1.0,1.0,0.0,0.0
3302,1503.0,2.0,0.0,5.0,56.0,0.0,0.0,0.0,0.0,0.0,0.0,0.0,0.0,0.0,0.0,1.0,1.0,0.0,0.0,1.0,0.0,11.0,38.0,0.0,0.0,0.0,1.0,1.0,1.0,0.0,1.0,0.0,0.0,0.0,0.0,1.0,0.0,0.0,0.0,0.0,0.0,0.0,0.0,1.0,0.0,-1.0,1.0,-1.0,-1.0,1.0,1.0
3303,8433.0,2.0,0.0,1.0,46.0,0.0,0.0,0.0,0.0,0.0,0.0,0.0,0.0,0.0,0.0,1.0,1.0,0.0,0.0,0.0,0.0,25.0,14.0,0.0,0.0,0.0,0.0,0.0,0.2307692308,0.0,0.0,0.0,0.0,0.0,0.0625,0.0,0.0,0.0,0.0,0.0,0.0,0.0,0.0,1.0,1.0,1.0,1.0,0.0,1.0,0.0,0.0
3304,6008.0,3.0,1.0,3.0,101.0,0.0,0.0,0.0,0.0,1.0,0.0,2.0,1.0,0.0,6.0,1.0,1.0,0.0,0.0,1.0,0.0,24.0,27.0,42.0,0.0,0.0,0.0,0.0294117647,0.96,1.0,1.0,1.0,0.0,1.0,0.0,0.0,0.0,0.0,0.0,0.0,0.0,0.0,1.0,1.0,-1.0,-1.0,-1.0,-1.0,1.0,0.0,0.0
3305,4639.0,2.0,0.0,5.0,64.0,1.0,0.0,0.0,0.0,0.0,0.0,0.0,0.0,0.0,0.0,1.0,0.0,0.0,0.0,1.0,0.0,18.0,39.0,0.0,0.0,0.0,0.0,0.0,0.0,0.0,1.0,1.0,0.0,0.0,1.0,0.0,0.0,0.0,0.0,0.0,0.0,0.0,0.0,1.0,0.0,1.0,1.0,1.0,-1.0,1.0,1.0
3306,8452.0,1.0,0.0,5.0,48.0,0.0,0.0,0.0,0.0,0.0,0.0,0.0,0.0,0.0,5.0,1.0,1.0,0.0,0.0,1.0,0.0,17.0,24.0,0.0,0.0,0.0,0.0,0.101010101,0.1111111111,0.0,1.0,0.0,0.0,0.0,0.0101010101,0.0,0.0,0.0,0.0,0.0,0.0,0.0,0.0,1.0,1.0,1.0,1.0,0.0,1.0,0.0,0.0
3307,8866.0,1.0,0.0,1.0,37.0,0.0,0.0,0.0,0.0,0.0,0.0,0.0,0.0,0.0,0.0,1.0,0.0,0.0,0.0,0.0,0.0,19.0,11.0,0.0,0.0,0.0,0.0,0.1351351351,0.625,0.0,1.0,1.0,0.0,0.0,0.0405405405,0.0,0.0,0.0,0.0,0.0,0.0,0.0,0.0,1.0,1.0,1.0,1.0,-1.0,1.0,0.0,0.0
3308,2086.0,4.0,1.0,3.0,52.0,0.0,0.0,0.0,0.0,0.0,0.0,0.0,0.0,0.0,0.0,1.0,0.0,0.0,0.0,1.0,0.0,28.0,17.0,0.0,0.0,0.0,0.0,0.0,0.0714285714,1.0,1.0,0.0,0.0,0.0,1.0,0.0,0.0,0.0,0.0,0.0,1.0,0.0,0.0,1.0,1.0,1.0,1.0,1.0,-1.0,1.0,1.0
3309,4069.0,3.0,1.0,4.0,65.0,1.0,0.0,0.0,0.0,0.0,0.0,0.0,0.0,0.0,8.0,1.0,1.0,0.0,0.0,0.0,0.0,25.0,33.0,0.0,0.0,0.0,0.0,0.0833333333,0.9,1.0,1.0,1.0,0.0,0.0,0.1666666667,1.0,0.0,0.0,0.0,0.0,0.0,0.0,0.0,1.0,0.0,-1.0,1.0,0.0,1.0,1.0,1.0
3310,44.0,3.0,0.0,5.0,65.0,0.0,0.0,0.0,0.0,0.0,0.0,0.0,0.0,0.0,0.0,1.0,1.0,0.0,0.0,1.0,0.0,16.0,42.0,0.0,0.0,0.0,0.0,0.7777777778,0.2222222222,0.0,1.0,0.0,0.0,0.0,0.2222222222,0.0,0.0,0.0,0.0,0.0,1.0,0.0,0.0,1.0,0.0,1.0,1.0,0.0,-1.0,1.0,1.0
3311,9250.0,2.0,1.0,3.0,57.0,0.0,0.0,0.0,0.0,0.0,0.0,1.0,0.0,0.0,5.0,1.0,0.0,0.0,0.0,0.0,0.0,23.0,17.0,9.0,0.0,0.0,0.0,0.0050251256,0.125,0.0,1.0,0.0,0.0,0.0,0.0,0.0,0.0,0.0,0.0,0.0,0.0,0.0,0.0,1.0,0.0,1.0,1.0,0.0,1.0,0.0,0.0
3312,5085.0,3.0,1.0,0.0,24.0,0.0,0.0,0.0,0.0,0.0,0.0,0.0,0.0,0.0,0.0,1.0,0.0,0.0,0.0,0.0,0.0,16.0,1.0,0.0,0.0,0.0,0.0,0.3333333333,0.3333333333,0.0,0.0,0.0,0.0,0.0,0.0,0.0,0.0,0.0,0.0,0.0,0.0,0.0,1.0,1.0,1.0,1.0,1.0,0.0,0.0,0.0,0.0
3313,9896.0,2.0,1.0,2.0,32.0,0.0,0.0,0.0,0.0,0.0,0.0,0.0,0.0,0.0,4.0,1.0,1.0,0.0,0.0,0.0,0.0,13.0,12.0,0.0,0.0,0.0,0.0,0.1818181818,0.25,0.0,0.0,0.0,0.0,0.0,0.0082644628,0.0,0.0,0.0,0.0,1.0,0.0,0.0,0.0,1.0,1.0,1.0,1.0,0.0,1.0,0.0,0.0
3314,6599.0,2.0,1.0,5.0,111.0,11.0,0.0,0.0,0.0,0.0,0.0,1.0,0.0,0.0,9.0,1.0,1.0,0.0,0.0,1.0,0.0,17.0,68.0,18.0,0.0,0.0,0.0,0.2894736842,0.9333333333,1.0,0.0,0.0,0.0,0.0,0.0,0.0,0.0,0.0,0.0,1.0,1.0,0.0,0.0,1.0,-1.0,-1.0,1.0,-1.0,1.0,0.0,0.0
3315,474.0,3.0,0.0,2.0,39.0,0.0,0.0,0.0,0.0,0.0,0.0,0.0,0.0,0.0,0.0,1.0,0.0,0.0,0.0,0.0,0.0,15.0,17.0,0.0,0.0,0.0,0.0,1.0,1.0,0.0,1.0,0.0,0.0,0.0,0.0,1.0,0.0,0.0,0.0,0.0,0.0,0.0,0.0,1.0,1.0,-1.0,1.0,-1.0,-1.0,1.0,1.0
3316,7073.0,2.0,1.0,5.0,157.0,17.0,0.0,0.0,0.0,0.0,0.0,0.0,0.0,0.0,19.0,1.0,1.0,0.0,0.0,1.0,0.0,29.0,121.0,0.0,0.0,0.0,0.0,0.1666666667,0.8,0.0,1.0,1.0,0.0,1.0,0.0325203252,0.0,0.0,0.0,0.0,0.0,1.0,0.0,0.0,1.0,-1.0,0.0,-1.0,-1.0,1.0,0.0,0.0
3317,9839.0,2.0,1.0,2.0,42.0,0.0,0.0,0.0,0.0,0.0,0.0,0.0,0.0,0.0,6.0,1.0,1.0,0.0,0.0,0.0,0.0,20.0,15.0,0.0,0.0,0.0,0.0,0.3271028037,0.3684210526,0.0,1.0,1.0,0.0,1.0,0.0747663551,0.0,0.0,0.0,0.0,0.0,1.0,0.0,0.0,1.0,1.0,1.0,-1.0,0.0,0.0,0.0,0.0
3318,8232.0,3.0,1.0,1.0,61.0,0.0,0.0,0.0,0.0,0.0,0.0,2.0,1.0,0.0,0.0,1.0,0.0,0.0,0.0,0.0,0.0,16.0,7.0,30.0,0.0,0.0,0.0,0.0416666667,0.0666666667,0.0,1.0,0.0,0.0,0.0,0.0,0.0,0.0,0.0,0.0,0.0,0.0,0.0,0.0,1.0,0.0,1.0,1.0,1.0,1.0,0.0,0.0
3319,7599.0,2.0,1.0,2.0,99.0,9.0,1.0,0.0,0.0,0.0,0.0,0.0,0.0,0.0,0.0,1.0,0.0,0.0,0.0,0.0,0.0,21.0,71.0,0.0,0.0,0.0,0.0,0.0,0.5384615385,0.0,1.0,0.0,0.0,0.0,0.0,0.0,0.0,0.0,0.0,0.0,1.0,0.0,0.0,1.0,-1.0,0.0,1.0,0.0,1.0,0.0,0.0
3320,8464.0,1.0,0.0,3.0,34.0,1.0,1.0,0.0,0.0,0.0,0.0,0.0,0.0,0.0,0.0,1.0,0.0,0.0,0.0,0.0,0.0,10.0,17.0,0.0,0.0,0.0,0.0,0.0,0.5,0.0,1.0,0.0,0.0,0.0,0.0,0.0,0.0,0.0,0.0,0.0,0.0,0.0,0.0,1.0,1.0,1.0,1.0,0.0,1.0,0.0,0.0
3321,312.0,3.0,1.0,8.0,54.0,1.0,1.0,0.0,0.0,0.0,0.0,0.0,0.0,0.0,2.0,1.0,0.0,0.0,0.0,0.0,0.0,16.0,31.0,0.0,0.0,0.0,0.0,1.0,0.1428571429,1.0,1.0,0.0,0.0,0.0,0.0,0.0,0.0,0.0,0.0,0.0,1.0,0.0,0.0,1.0,0.0,1.0,1.0,0.0,-1.0,1.0,1.0
3322,2395.0,3.0,0.0,4.0,65.0,1.0,0.0,0.0,0.0,0.0,0.0,0.0,0.0,0.0,0.0,1.0,0.0,0.0,0.0,1.0,0.0,22.0,36.0,0.0,0.0,0.0,0.0,0.9,1.0,1.0,1.0,0.0,0.0,0.0,0.1,1.0,0.0,0.0,0.0,0.0,1.0,0.0,0.0,1.0,0.0,-1.0,1.0,-1.0,-1.0,1.0,1.0
3323,2487.0,2.0,0.0,7.0,86.0,1.0,1.0,0.0,0.0,0.0,0.0,0.0,0.0,0.0,13.0,1.0,1.0,0.0,0.0,1.0,0.0,26.0,53.0,0.0,0.0,2.0,0.0,0.0,0.3333333333,0.0,1.0,0.0,0.0,0.0,0.0,0.0,0.0,0.0,0.0,0.0,0.0,0.0,0.0,1.0,-1.0,1.0,1.0,0.0,1.0,1.0,1.0
3324,8979.0,2.0,1.0,0.0,31.0,0.0,0.0,0.0,0.0,0.0,0.0,0.0,0.0,0.0,0.0,1.0,0.0,0.0,0.0,0.0,0.0,23.0,1.0,0.0,0.0,0.0,0.0,0.1428571429,0.0,0.0,0.0,0.0,0.0,0.0,0.0816326531,0.0,0.0,0.0,0.0,1.0,0.0,0.0,0.0,1.0,1.0,1.0,1.0,1.0,1.0,0.0,0.0
3325,9255.0,2.0,1.0,2.0,41.0,0.0,0.0,0.0,0.0,0.0,0.0,0.0,0.0,0.0,4.0,1.0,1.0,0.0,0.0,0.0,0.0,24.0,10.0,0.0,0.0,0.0,0.0,0.1481481481,0.1363636364,0.0,1.0,0.0,1.0,0.0,0.1851851852,0.0,0.0,0.0,0.0,0.0,0.0,0.0,0.0,1.0,1.0,1.0,0.0,1.0,0.0,0.0,0.0
3326,7031.0,1.0,0.0,3.0,125.0,2.0,0.0,0.0,0.0,2.0,0.0,5.0,4.0,0.0,9.0,1.0,0.0,0.0,0.0,1.0,0.0,20.0,32.0,65.0,0.0,0.0,0.0,0.0404040404,1.0,1.0,1.0,0.0,0.0,0.0,0.0,0.0,0.0,0.0,0.0,0.0,0.0,0.0,0.0,1.0,-1.0,-1.0,1.0,-1.0,1.0,0.0,0.0
3327,5763.0,2.0,1.0,4.0,82.0,0.0,0.0,0.0,0.0,2.0,0.0,1.0,0.0,0.0,6.0,1.0,1.0,0.0,0.0,1.0,0.0,25.0,42.0,7.0,0.0,0.0,0.0,0.6120689655,0.3055555556,0.0,1.0,0.0,0.0,0.0,0.0,0.0,0.0,0.0,0.0,1.0,0.0,0.0,0.0,1.0,-1.0,1.0,1.0,0.0,0.0,0.0,0.0
3328,3175.0,3.0,1.0,5.0,56.0,0.0,0.0,0.0,0.0,0.0,0.0,0.0,0.0,0.0,2.0,1.0,0.0,0.0,0.0,0.0,0.0,17.0,32.0,0.0,0.0,0.0,0.0,0.3043478261,1.0,1.0,1.0,0.0,0.0,0.0,0.0,1.0,0.0,0.0,0.0,0.0,0.0,0.0,0.0,1.0,0.0,-1.0,1.0,-1.0,1.0,1.0,1.0
3329,191.0,4.0,2.0,1.0,50.0,0.0,0.0,0.0,0.0,0.0,0.0,0.0,0.0,0.0,0.0,1.0,0.0,0.0,0.0,0.0,0.0,28.0,15.0,0.0,0.0,0.0,0.0,1.0,1.0,0.0,1.0,0.0,0.0,0.0,0.0,1.0,0.0,0.0,0.0,0.0,1.0,0.0,0.0,0.0,1.0,-1.0,1.0,1.0,-1.0,1.0,1.0
3330,389.0,7.0,0.0,6.0,91.0,0.0,0.0,0.0,0.0,0.0,0.0,0.0,0.0,0.0,0.0,1.0,0.0,0.0,0.0,1.0,0.0,19.0,65.0,0.0,0.0,0.0,0.0,0.8333333333,0.2352941176,1.0,1.0,0.0,0.0,0.0,0.0,0.0,0.0,0.0,0.0,0.0,1.0,0.0,0.0,1.0,-1.0,1.0,1.0,0.0,-1.0,1.0,1.0
3331,5393.0,2.0,0.0,2.0,108.0,0.0,0.0,0.0,0.0,2.0,0.0,3.0,2.0,0.0,3.0,1.0,0.0,0.0,0.0,1.0,0.0,12.0,15.0,73.0,0.0,0.0,0.0,0.025,0.1428571429,0.0,1.0,0.0,0.0,0.0,0.0,0.0,0.0,0.0,0.0,0.0,0.0,0.0,0.0,1.0,-1.0,1.0,1.0,1.0,1.0,0.0,0.0
3332,4110.0,3.0,1.0,3.0,54.0,0.0,0.0,0.0,0.0,0.0,0.0,0.0,0.0,0.0,0.0,1.0,1.0,0.0,0.0,0.0,0.0,26.0,21.0,0.0,0.0,0.0,0.0,0.0,0.7857142857,0.0,1.0,0.0,0.0,0.0,1.0,1.0,0.0,0.0,0.0,0.0,1.0,0.0,0.0,1.0,0.0,-1.0,1.0,1.0,-1.0,1.0,1.0
3333,5428.0,1.0,0.0,3.0,63.0,1.0,0.0,0.0,0.0,0.0,0.0,1.0,0.0,0.0,1.0,1.0,1.0,0.0,0.0,0.0,0.0,16.0,33.0,6.0,0.0,0.0,0.0,0.0222222222,0.3888888889,0.0,1.0,0.0,0.0,0.0,0.0,0.0,0.0,0.0,0.0,0.0,1.0,0.0,0.0,1.0,0.0,-1.0,1.0,0.0,1.0,0.0,0.0
3334,8246.0,4.0,1.0,3.0,74.0,0.0,0.0,0.0,0.0,0.0,0.0,0.0,0.0,0.0,3.0,1.0,0.0,0.0,0.0,0.0,0.0,22.0,45.0,0.0,0.0,0.0,0.0,0.1071428571,0.0,0.0,1.0,0.0,0.0,0.0,0.1428571429,0.0,0.0,0.0,0.0,0.0,0.0,0.0,0.0,1.0,0.0,1.0,1.0,1.0,1.0,0.0,0.0
3335,8662.0,1.0,0.0,5.0,40.0,1.0,0.0,0.0,0.0,0.0,0.0,0.0,0.0,0.0,1.0,1.0,0.0,0.0,0.0,1.0,0.0,10.0,23.0,0.0,0.0,0.0,0.0,0.5136054422,0.234375,0.0,1.0,0.0,0.0,0.0,0.0034013605,0.0,0.0,0.0,0.0,0.0,1.0,0.0,0.0,1.0,1.0,1.0,1.0,0.0,0.0,0.0,0.0
3336,7615.0,3.0,0.0,1.0,71.0,0.0,0.0,0.0,0.0,0.0,1.0,3.0,2.0,0.0,7.0,1.0,0.0,0.0,0.0,0.0,0.0,7.0,11.0,45.0,0.0,0.0,0.0,0.0175438596,0.0303030303,0.0,1.0,0.0,0.0,0.0,0.0,0.0,0.0,0.0,0.0,1.0,0.0,0.0,0.0,1.0,0.0,1.0,1.0,1.0,1.0,0.0,0.0
3337,8191.0,1.0,0.0,5.0,71.0,5.0,0.0,0.0,0.0,0.0,0.0,0.0,0.0,0.0,8.0,1.0,1.0,0.0,0.0,0.0,0.0,23.0,41.0,0.0,0.0,0.0,0.0,0.1806451613,1.0,1.0,1.0,1.0,0.0,0.0,0.0258064516,0.0,0.0,0.0,0.0,0.0,1.0,0.0,0.0,1.0,0.0,-1.0,1.0,0.0,1.0,0.0,0.0
3338,7220.0,2.0,0.0,2.0,61.0,0.0,0.0,0.0,0.0,0.0,0.0,2.0,1.0,0.0,5.0,1.0,0.0,0.0,0.0,1.0,0.0,18.0,20.0,15.0,0.0,0.0,0.0,0.037037037,0.0,0.0,1.0,0.0,0.0,0.0,0.0,0.0,0.0,0.0,0.0,1.0,0.0,0.0,0.0,1.0,0.0,1.0,1.0,1.0,1.0,0.0,0.0
3339,2545.0,5.0,1.0,4.0,67.0,0.0,0.0,0.0,0.0,0.0,0.0,0.0,0.0,0.0,0.0,1.0,1.0,0.0,0.0,0.0,0.0,33.0,27.0,0.0,0.0,0.0,0.0,0.0,0.0,0.0,1.0,1.0,0.0,0.0,0.0,0.0,0.0,0.0,0.0,0.0,0.0,0.0,0.0,1.0,0.0,1.0,1.0,1.0,1.0,1.0,1.0
3340,3844.0,3.0,1.0,6.0,80.0,1.0,0.0,0.0,0.0,0.0,0.0,0.0,0.0,0.0,0.0,1.0,0.0,0.0,0.0,0.0,0.0,19.0,54.0,0.0,0.0,1.0,0.0,0.0,0.0,0.0,1.0,1.0,0.0,0.0,0.75,0.0,0.0,0.0,0.0,0.0,0.0,0.0,0.0,1.0,-1.0,1.0,1.0,1.0,-1.0,1.0,1.0
3341,1450.0,4.0,0.0,3.0,205.0,0.0,0.0,0.0,0.0,6.0,0.0,19.0,7.0,0.0,9.0,1.0,0.0,1.0,0.0,0.0,0.0,12.0,22.0,163.0,0.0,1.0,0.0,0.375,0.0,0.0,1.0,0.0,0.0,0.0,0.0,1.0,0.0,0.0,0.0,0.0,0.0,0.0,0.0,1.0,-1.0,1.0,1.0,0.0,0.0,1.0,1.0
3342,3488.0,2.0,1.0,3.0,48.0,0.0,0.0,0.0,0.0,1.0,0.0,0.0,0.0,0.0,0.0,1.0,1.0,0.0,0.0,1.0,0.0,22.0,19.0,0.0,0.0,0.0,0.0,0.0,0.0714285714,1.0,1.0,0.0,0.0,0.0,1.0,0.0,0.0,0.0,0.0,0.0,1.0,0.0,0.0,1.0,1.0,1.0,1.0,1.0,-1.0,1.0,1.0
3343,2013.0,2.0,0.0,3.0,45.0,0.0,0.0,0.0,0.0,0.0,0.0,0.0,0.0,0.0,0.0,1.0,1.0,0.0,0.0,0.0,0.0,16.0,22.0,0.0,0.0,0.0,0.0,0.0,0.0,0.0,1.0,1.0,0.0,0.0,0.0,1.0,0.0,0.0,0.0,0.0,0.0,0.0,0.0,1.0,1.0,1.0,1.0,1.0,1.0,1.0,1.0
3344,4819.0,2.0,0.0,4.0,59.0,1.0,0.0,0.0,0.0,0.0,0.0,0.0,0.0,0.0,0.0,1.0,1.0,0.0,0.0,1.0,0.0,22.0,30.0,0.0,0.0,0.0,0.0,0.0,0.0,0.0,1.0,0.0,0.0,0.0,0.0,0.0,0.0,0.0,0.0,0.0,0.0,0.0,0.0,1.0,0.0,1.0,1.0,1.0,1.0,1.0,1.0
3345,7079.0,2.0,1.0,5.0,67.0,1.0,0.0,0.0,0.0,0.0,0.0,0.0,0.0,0.0,15.0,1.0,1.0,0.0,0.0,0.0,0.0,16.0,44.0,0.0,0.0,0.0,0.0,0.1646586345,0.8974358974,0.0,1.0,0.0,0.0,0.0,0.0120481928,0.0,0.0,0.0,0.0,1.0,0.0,0.0,0.0,1.0,0.0,-1.0,1.0,0.0,1.0,0.0,0.0
3346,3302.0,2.0,1.0,2.0,36.0,0.0,0.0,0.0,0.0,0.0,0.0,0.0,0.0,0.0,0.0,1.0,1.0,0.0,0.0,0.0,0.0,24.0,5.0,0.0,0.0,0.0,0.0,0.9245283019,1.0,0.0,1.0,0.0,1.0,0.0,0.0,1.0,0.0,0.0,0.0,0.0,0.0,0.0,0.0,1.0,1.0,-1.0,0.0,-1.0,-1.0,1.0,1.0
3347,926.0,6.0,0.0,5.0,56.0,0.0,0.0,0.0,0.0,0.0,0.0,0.0,0.0,0.0,10.0,1.0,0.0,1.0,0.0,0.0,0.0,13.0,36.0,0.0,0.0,0.0,0.0,0.0178571429,0.15,0.0,1.0,1.0,0.0,0.0,0.9464285714,1.0,0.0,0.0,0.0,0.0,1.0,0.0,0.0,1.0,0.0,0.0,1.0,1.0,-1.0,1.0,1.0
3348,3773.0,2.0,1.0,4.0,36.0,0.0,0.0,0.0,0.0,0.0,0.0,0.0,0.0,0.0,1.0,1.0,0.0,0.0,0.0,0.0,0.0,14.0,15.0,0.0,0.0,0.0,0.0,0.0,0.7857142857,0.0,1.0,0.0,0.0,0.0,1.0,1.0,0.0,0.0,0.0,0.0,1.0,0.0,0.0,1.0,1.0,-1.0,1.0,1.0,-1.0,1.0,1.0
3349,3209.0,4.0,1.0,4.0,48.0,1.0,0.0,0.0,0.0,0.0,0.0,0.0,0.0,0.0,0.0,1.0,0.0,0.0,0.0,0.0,0.0,14.0,27.0,0.0,0.0,0.0,0.0,1.0,1.0,1.0,1.0,0.0,0.0,0.0,0.0,1.0,0.0,0.0,0.0,0.0,0.0,0.0,0.0,1.0,1.0,-1.0,1.0,-1.0,-1.0,1.0,1.0
3350,9554.0,2.0,1.0,0.0,26.0,0.0,0.0,0.0,0.0,0.0,0.0,0.0,0.0,0.0,0.0,1.0,0.0,0.0,0.0,0.0,0.0,18.0,1.0,0.0,0.0,0.0,0.0,0.3,0.0227272727,0.0,1.0,0.0,1.0,0.0,0.0,0.0,0.0,0.0,0.0,0.0,0.0,0.0,0.0,1.0,1.0,1.0,0.0,1.0,1.0,0.0,0.0
3351,4609.0,2.0,0.0,4.0,64.0,1.0,0.0,0.0,0.0,0.0,0.0,0.0,0.0,0.0,0.0,1.0,0.0,0.0,0.0,1.0,0.0,27.0,30.0,0.0,0.0,0.0,0.0,1.0,0.875,0.0,1.0,0.0,0.0,0.0,0.0,1.0,0.0,0.0,0.0,0.0,0.0,0.0,0.0,1.0,0.0,0.0,1.0,-1.0,-1.0,1.0,1.0
3352,2508.0,4.0,0.0,2.0,53.0,0.0,0.0,0.0,0.0,1.0,0.0,0.0,0.0,0.0,10.0,1.0,0.0,1.0,0.0,0.0,0.0,13.0,33.0,0.0,0.0,1.0,0.0,1.0,0.0666666667,0.0,1.0,1.0,0.0,0.0,0.0,1.0,0.0,0.0,0.0,0.0,0.0,0.0,0.0,1.0,1.0,1.0,1.0,1.0,-1.0,1.0,1.0
3353,1005.0,2.0,0.0,4.0,73.0,1.0,0.0,0.0,0.0,0.0,0.0,0.0,0.0,0.0,28.0,1.0,1.0,0.0,0.0,0.0,0.0,13.0,53.0,0.0,0.0,0.0,1.0,1.0,1.0,0.0,1.0,0.0,0.0,0.0,0.0,1.0,0.0,0.0,0.0,0.0,1.0,0.0,0.0,1.0,0.0,-1.0,1.0,-1.0,-1.0,1.0,1.0
3354,8854.0,2.0,0.0,0.0,41.0,1.0,1.0,0.0,0.0,0.0,0.0,0.0,0.0,0.0,0.0,1.0,0.0,0.0,0.0,0.0,0.0,33.0,1.0,0.0,0.0,0.0,0.0,0.0136986301,0.1081081081,0.0,1.0,0.0,0.0,0.0,0.1917808219,0.0,0.0,0.0,0.0,0.0,0.0,0.0,0.0,1.0,1.0,1.0,1.0,0.0,1.0,0.0,0.0
3355,3898.0,2.0,0.0,3.0,41.0,0.0,0.0,0.0,0.0,0.0,0.0,0.0,0.0,0.0,1.0,1.0,0.0,0.0,0.0,0.0,0.0,8.0,26.0,0.0,0.0,1.0,0.0,1.0,0.3333333333,0.0,1.0,0.0,0.0,0.0,0.0,1.0,0.0,0.0,0.0,0.0,0.0,0.0,0.0,1.0,1.0,1.0,1.0,0.0,-1.0,1.0,1.0
3356,1896.0,2.0,0.0,3.0,41.0,0.0,0.0,0.0,0.0,0.0,0.0,0.0,0.0,0.0,0.0,1.0,0.0,0.0,0.0,0.0,0.0,8.0,26.0,0.0,0.0,0.0,0.0,0.0,0.0,0.0,1.0,1.0,0.0,0.0,0.0,0.0,0.0,0.0,0.0,0.0,0.0,1.0,0.0,1.0,1.0,1.0,1.0,1.0,1.0,1.0,1.0
3357,8492.0,3.0,1.0,1.0,59.0,2.0,2.0,0.0,0.0,1.0,0.0,2.0,1.0,0.0,2.0,1.0,0.0,0.0,0.0,0.0,0.0,22.0,10.0,19.0,0.0,0.0,0.0,0.05,0.0163487738,0.0,1.0,1.0,0.0,1.0,0.0,0.0,0.0,0.0,0.0,0.0,0.0,0.0,0.0,1.0,0.0,1.0,-1.0,1.0,1.0,0.0,0.0
3358,4447.0,3.0,0.0,6.0,69.0,1.0,0.0,0.0,0.0,0.0,0.0,0.0,0.0,0.0,6.0,1.0,1.0,0.0,0.0,0.0,0.0,13.0,49.0,0.0,0.0,0.0,1.0,1.0,1.0,0.0,1.0,0.0,0.0,0.0,0.0,1.0,0.0,0.0,0.0,0.0,0.0,0.0,0.0,1.0,0.0,-1.0,1.0,-1.0,-1.0,1.0,1.0
3359,8359.0,3.0,1.0,1.0,56.0,0.0,0.0,0.0,0.0,3.0,0.0,0.0,0.0,0.0,8.0,1.0,1.0,0.0,0.0,0.0,0.0,25.0,24.0,0.0,0.0,0.0,0.0,0.4626865672,0.9807692308,0.0,0.0,0.0,0.0,0.0,0.0,0.0,0.0,0.0,0.0,0.0,1.0,0.0,0.0,1.0,0.0,-1.0,1.0,-1.0,0.0,0.0,0.0
3360,6359.0,1.0,0.0,5.0,67.0,5.0,0.0,0.0,0.0,0.0,0.0,0.0,0.0,0.0,9.0,1.0,1.0,0.0,0.0,1.0,0.0,9.0,51.0,0.0,0.0,0.0,0.0,0.0956521739,0.9523809524,1.0,1.0,1.0,1.0,0.0,0.0260869565,0.0,0.0,0.0,1.0,0.0,1.0,0.0,0.0,1.0,0.0,-1.0,0.0,-1.0,1.0,0.0,0.0
3361,1746.0,1.0,0.0,6.0,48.0,1.0,0.0,0.0,0.0,0.0,0.0,0.0,0.0,0.0,0.0,1.0,0.0,0.0,0.0,1.0,0.0,11.0,30.0,0.0,0.0,0.0,0.0,0.0,0.0,0.0,1.0,0.0,1.0,0.0,1.0,0.0,0.0,0.0,0.0,0.0,0.0,0.0,0.0,1.0,1.0,1.0,0.0,1.0,-1.0,1.0,1.0
3362,4219.0,2.0,0.0,4.0,62.0,2.0,0.0,0.0,0.0,1.0,0.0,0.0,0.0,0.0,0.0,1.0,0.0,0.0,0.0,1.0,0.0,20.0,35.0,0.0,0.0,0.0,0.0,0.0,0.0,0.0,1.0,0.0,0.0,0.0,0.0,0.0,0.0,0.0,0.0,0.0,0.0,0.0,0.0,1.0,0.0,1.0,1.0,1.0,1.0,1.0,1.0
3363,4604.0,2.0,0.0,2.0,49.0,1.0,1.0,0.0,0.0,1.0,0.0,0.0,0.0,0.0,0.0,1.0,0.0,0.0,0.0,1.0,0.0,24.0,18.0,0.0,0.0,0.0,0.0,1.0,1.0,0.0,1.0,0.0,0.0,0.0,0.0,1.0,0.0,0.0,0.0,0.0,1.0,1.0,0.0,1.0,1.0,-1.0,1.0,1.0,-1.0,1.0,1.0
3364,2919.0,2.0,1.0,0.0,27.0,0.0,0.0,0.0,0.0,0.0,0.0,0.0,0.0,0.0,0.0,1.0,1.0,0.0,0.0,0.0,0.0,19.0,1.0,0.0,0.0,0.0,0.0,1.0,1.0,0.0,1.0,0.0,0.0,0.0,0.0,1.0,0.0,0.0,0.0,0.0,1.0,0.0,0.0,1.0,1.0,-1.0,1.0,-1.0,-1.0,1.0,1.0
3365,7399.0,3.0,1.0,3.0,61.0,0.0,0.0,0.0,0.0,1.0,0.0,0.0,0.0,0.0,8.0,1.0,1.0,0.0,0.0,0.0,0.0,25.0,29.0,0.0,0.0,0.0,0.0,0.0,0.0,0.0,0.0,0.0,0.0,0.0,0.0,0.0,0.0,0.0,0.0,0.0,0.0,0.0,0.0,1.0,0.0,1.0,1.0,1.0,1.0,0.0,0.0
3366,4975.0,2.0,1.0,6.0,99.0,1.0,0.0,0.0,0.0,0.0,0.0,0.0,0.0,0.0,22.0,1.0,1.0,0.0,0.0,0.0,0.0,24.0,68.0,0.0,0.0,0.0,0.0,0.0,0.0,0.0,1.0,0.0,0.0,0.0,1.0,0.0,0.0,0.0,0.0,0.0,0.0,0.0,0.0,1.0,-1.0,1.0,1.0,1.0,-1.0,1.0,1.0
3367,8995.0,1.0,0.0,4.0,32.0,0.0,0.0,0.0,0.0,0.0,0.0,0.0,0.0,0.0,3.0,1.0,0.0,0.0,0.0,1.0,0.0,12.0,13.0,0.0,0.0,0.0,0.0,0.075,0.1470588235,0.0,1.0,0.0,0.0,0.0,0.175,0.0,0.0,0.0,0.0,0.0,0.0,0.0,0.0,1.0,1.0,1.0,1.0,1.0,1.0,0.0,0.0
3368,7309.0,1.0,0.0,2.0,80.0,7.0,0.0,0.0,0.0,0.0,0.0,0.0,0.0,0.0,2.0,1.0,0.0,0.0,0.0,0.0,0.0,17.0,56.0,0.0,0.0,0.0,0.0,0.2476190476,0.186440678,0.0,1.0,1.0,0.0,0.0,0.0476190476,0.0,0.0,0.0,0.0,0.0,0.0,0.0,0.0,1.0,-1.0,1.0,1.0,0.0,1.0,0.0,0.0
3369,9976.0,3.0,1.0,1.0,52.0,0.0,0.0,0.0,0.0,0.0,0.0,2.0,1.0,0.0,3.0,1.0,0.0,0.0,0.0,0.0,0.0,13.0,10.0,21.0,0.0,0.0,0.0,0.1428571429,0.6666666667,0.0,1.0,0.0,1.0,0.0,0.0,0.0,0.0,0.0,0.0,1.0,0.0,0.0,0.0,1.0,1.0,0.0,0.0,0.0,1.0,0.0,0.0
3370,8382.0,1.0,0.0,3.0,42.0,1.0,0.0,0.0,0.0,0.0,0.0,0.0,0.0,0.0,0.0,1.0,1.0,0.0,0.0,0.0,0.0,18.0,17.0,0.0,0.0,0.0,0.0,0.1171171171,0.9857142857,1.0,1.0,1.0,0.0,0.0,0.0810810811,0.0,0.0,0.0,0.0,1.0,0.0,0.0,0.0,1.0,1.0,-1.0,1.0,-1.0,1.0,0.0,0.0
3371,652.0,3.0,1.0,4.0,64.0,0.0,0.0,0.0,0.0,1.0,0.0,0.0,0.0,0.0,0.0,1.0,0.0,0.0,0.0,0.0,0.0,17.0,40.0,0.0,0.0,0.0,0.0,1.0,1.0,1.0,1.0,0.0,1.0,0.0,0.0,1.0,0.0,0.0,0.0,0.0,0.0,0.0,0.0,1.0,0.0,-1.0,0.0,-1.0,-1.0,1.0,1.0
3372,3184.0,2.0,1.0,4.0,64.0,0.0,0.0,0.0,1.0,0.0,0.0,0.0,0.0,0.0,0.0,1.0,0.0,0.0,0.0,0.0,0.0,19.0,38.0,0.0,0.0,0.0,1.0,0.0,0.0,0.0,1.0,0.0,0.0,0.0,0.0,0.0,0.0,0.0,0.0,0.0,0.0,0.0,0.0,1.0,0.0,1.0,1.0,1.0,1.0,1.0,1.0
3373,9826.0,4.0,1.0,2.0,54.0,0.0,0.0,0.0,0.0,0.0,0.0,0.0,0.0,0.0,4.0,1.0,0.0,0.0,0.0,0.0,0.0,14.0,17.0,15.0,0.0,0.0,0.0,0.1014492754,0.0,0.0,0.0,0.0,0.0,0.0,0.0,0.0,0.0,0.0,0.0,0.0,1.0,0.0,0.0,1.0,0.0,1.0,1.0,1.0,1.0,0.0,0.0
3374,2415.0,2.0,1.0,2.0,55.0,1.0,1.0,0.0,0.0,0.0,0.0,0.0,0.0,0.0,0.0,0.0,1.0,0.0,0.0,0.0,0.0,41.0,6.0,0.0,0.0,0.0,0.0,0.0,0.0,0.0,0.0,1.0,0.0,0.0,1.0,0.0,0.0,0.0,0.0,0.0,0.0,0.0,0.0,1.0,0.0,1.0,1.0,1.0,-1.0,1.0,1.0
3375,4333.0,4.0,2.0,7.0,131.0,1.0,0.0,0.0,0.0,0.0,5.0,0.0,0.0,0.0,19.0,1.0,1.0,0.0,0.0,0.0,0.0,40.0,84.0,0.0,0.0,1.0,0.0,0.0,1.0,0.0,1.0,1.0,0.0,0.0,1.0,1.0,0.0,0.0,0.0,0.0,0.0,0.0,0.0,1.0,-1.0,-1.0,1.0,-1.0,-1.0,1.0,1.0
3376,6796.0,3.0,1.0,1.0,63.0,0.0,0.0,0.0,0.0,0.0,0.0,2.0,1.0,0.0,3.0,1.0,0.0,0.0,0.0,0.0,0.0,23.0,11.0,21.0,0.0,0.0,0.0,0.0438596491,0.5454545455,0.0,1.0,0.0,0.0,0.0,0.0,0.0,0.0,0.0,0.0,0.0,0.0,0.0,0.0,1.0,0.0,1.0,1.0,0.0,1.0,0.0,0.0
3377,365.0,2.0,0.0,1.0,32.0,0.0,0.0,0.0,0.0,0.0,0.0,0.0,0.0,0.0,0.0,1.0,0.0,0.0,0.0,0.0,0.0,14.0,11.0,0.0,0.0,0.0,0.0,0.9333333333,1.0,0.0,1.0,0.0,0.0,0.0,0.0,1.0,0.0,0.0,0.0,0.0,1.0,0.0,0.0,1.0,1.0,-1.0,1.0,-1.0,-1.0,1.0,1.0
3378,4679.0,5.0,1.0,2.0,58.0,0.0,0.0,0.0,0.0,0.0,0.0,0.0,0.0,0.0,2.0,1.0,0.0,0.0,0.0,1.0,0.0,30.0,21.0,0.0,0.0,0.0,0.0,0.0,1.0,0.0,1.0,0.0,0.0,0.0,0.0,1.0,0.0,0.0,0.0,0.0,0.0,0.0,0.0,1.0,0.0,-1.0,1.0,-1.0,1.0,1.0,1.0
3379,1285.0,4.0,0.0,3.0,134.0,0.0,0.0,0.0,0.0,2.0,0.0,6.0,4.0,0.0,40.0,1.0,0.0,1.0,0.0,0.0,0.0,12.0,22.0,92.0,0.0,1.0,0.0,0.375,0.0,0.0,1.0,0.0,0.0,0.0,0.0,1.0,0.0,0.0,0.0,0.0,0.0,0.0,0.0,1.0,-1.0,1.0,1.0,0.0,0.0,1.0,1.0
3380,778.0,2.0,1.0,2.0,58.0,1.0,1.0,0.0,0.0,0.0,0.0,0.0,0.0,0.0,0.0,1.0,1.0,0.0,0.0,0.0,0.0,43.0,8.0,0.0,0.0,0.0,0.0,0.0,0.0,0.0,1.0,1.0,0.0,0.0,1.0,0.0,0.0,0.0,0.0,0.0,0.0,0.0,0.0,1.0,0.0,1.0,1.0,1.0,-1.0,1.0,1.0
3381,7017.0,2.0,0.0,1.0,133.0,0.0,0.0,0.0,0.0,4.0,0.0,7.0,6.0,0.0,4.0,1.0,0.0,0.0,0.0,0.0,0.0,20.0,10.0,95.0,0.0,0.0,0.0,0.2894736842,0.0,0.0,0.0,0.0,0.0,0.0,0.0,0.0,0.0,0.0,0.0,0.0,0.0,0.0,0.0,1.0,-1.0,1.0,1.0,1.0,1.0,0.0,0.0
3382,1065.0,4.0,1.0,5.0,62.0,0.0,0.0,0.0,0.0,0.0,0.0,0.0,0.0,0.0,6.0,1.0,1.0,0.0,0.0,0.0,0.0,19.0,36.0,0.0,0.0,0.0,0.0,0.0,0.0,0.0,1.0,0.0,0.0,0.0,0.0,0.0,0.0,0.0,0.0,0.0,0.0,0.0,0.0,1.0,0.0,1.0,1.0,1.0,1.0,1.0,1.0
3383,7461.0,3.0,2.0,5.0,106.0,11.0,0.0,0.0,0.0,0.0,0.0,0.0,0.0,0.0,11.0,1.0,1.0,0.0,0.0,1.0,0.0,19.0,80.0,0.0,0.0,0.0,0.0,0.0568260568,0.994374121,1.0,1.0,0.0,0.0,0.0,0.0,0.0,0.0,0.0,0.0,0.0,1.0,0.0,0.0,0.0,-1.0,-1.0,1.0,-1.0,1.0,0.0,0.0
3384,1318.0,2.0,1.0,4.0,53.0,0.0,0.0,0.0,0.0,0.0,0.0,0.0,0.0,0.0,0.0,1.0,1.0,0.0,0.0,0.0,0.0,15.0,31.0,0.0,0.0,0.0,0.0,0.9230769231,1.0,0.0,1.0,0.0,0.0,0.0,0.0,1.0,0.0,0.0,0.0,0.0,0.0,0.0,0.0,1.0,1.0,1.0,1.0,-1.0,-1.0,1.0,1.0
3385,2147.0,3.0,0.0,4.0,49.0,0.0,0.0,0.0,0.0,0.0,0.0,0.0,0.0,0.0,0.0,1.0,0.0,0.0,0.0,0.0,0.0,17.0,25.0,0.0,0.0,0.0,0.0,0.0,0.6428571429,1.0,1.0,0.0,0.0,0.0,1.0,0.0,0.0,0.0,0.0,0.0,0.0,0.0,0.0,1.0,1.0,-1.0,1.0,0.0,-1.0,1.0,1.0
3386,2834.0,5.0,1.0,10.0,205.0,1.0,0.0,0.0,0.0,3.0,0.0,5.0,5.0,1.0,27.0,1.0,1.0,0.0,0.0,1.0,0.0,18.0,63.0,91.0,0.0,0.0,0.0,0.0,0.0,0.0,1.0,1.0,0.0,0.0,0.0,0.0,0.0,0.0,0.0,0.0,0.0,0.0,0.0,1.0,-1.0,1.0,1.0,1.0,1.0,1.0,1.0
3387,315.0,3.0,1.0,8.0,54.0,1.0,1.0,0.0,0.0,0.0,0.0,0.0,0.0,0.0,2.0,1.0,0.0,0.0,0.0,0.0,0.0,16.0,31.0,0.0,0.0,0.0,0.0,1.0,0.1428571429,1.0,1.0,0.0,0.0,0.0,0.0,0.0,0.0,0.0,0.0,0.0,1.0,0.0,0.0,1.0,0.0,1.0,1.0,0.0,-1.0,1.0,1.0
3388,6251.0,3.0,1.0,2.0,72.0,0.0,0.0,0.0,0.0,0.0,0.0,2.0,1.0,0.0,11.0,1.0,1.0,0.0,0.0,0.0,0.0,18.0,27.0,19.0,0.0,0.0,0.0,0.44,0.7391304348,0.0,1.0,1.0,0.0,0.0,0.0,0.0,0.0,0.0,0.0,1.0,0.0,0.0,0.0,1.0,0.0,-1.0,1.0,1.0,0.0,0.0,0.0
3389,5121.0,1.0,0.0,2.0,73.0,6.0,0.0,0.0,0.0,0.0,0.0,0.0,0.0,0.0,2.0,1.0,0.0,0.0,0.0,1.0,0.0,13.0,53.0,0.0,0.0,0.0,0.0,0.1333333333,0.9879518072,1.0,1.0,1.0,0.0,0.0,0.1047619048,0.0,0.0,0.0,0.0,1.0,0.0,0.0,0.0,1.0,0.0,-1.0,1.0,-1.0,1.0,0.0,0.0
3390,3506.0,2.0,1.0,4.0,65.0,0.0,0.0,0.0,0.0,0.0,0.0,0.0,0.0,0.0,20.0,1.0,1.0,0.0,0.0,1.0,0.0,15.0,43.0,0.0,0.0,0.0,0.0,0.5555555556,0.0,0.0,1.0,0.0,0.0,0.0,0.1111111111,0.0,0.0,0.0,0.0,0.0,0.0,0.0,0.0,1.0,0.0,1.0,1.0,1.0,0.0,1.0,1.0
3391,5803.0,2.0,1.0,6.0,63.0,2.0,0.0,0.0,0.0,0.0,0.0,0.0,0.0,0.0,17.0,1.0,1.0,0.0,0.0,1.0,0.0,11.0,45.0,0.0,0.0,0.0,0.0,0.0873786408,0.6956521739,0.0,1.0,0.0,0.0,0.0,0.0097087379,0.0,0.0,0.0,0.0,1.0,0.0,0.0,0.0,1.0,0.0,-1.0,1.0,0.0,1.0,0.0,0.0
3392,1577.0,3.0,1.0,7.0,93.0,1.0,0.0,0.0,0.0,0.0,0.0,0.0,0.0,0.0,20.0,1.0,1.0,0.0,0.0,1.0,0.0,22.0,64.0,0.0,0.0,0.0,0.0,0.0,0.125,0.0,1.0,1.0,0.0,0.0,0.9230769231,0.0,0.0,0.0,0.0,0.0,0.0,0.0,0.0,1.0,-1.0,1.0,1.0,1.0,-1.0,1.0,1.0
3393,6006.0,2.0,0.0,2.0,68.0,0.0,0.0,0.0,0.0,0.0,0.0,0.0,0.0,0.0,0.0,1.0,1.0,0.0,0.0,1.0,0.0,21.0,40.0,0.0,0.0,0.0,0.0,0.0224719101,0.2727272727,0.0,0.0,0.0,0.0,0.0,0.0112359551,0.0,0.0,0.0,0.0,0.0,0.0,0.0,0.0,1.0,0.0,1.0,1.0,0.0,1.0,0.0,0.0
3394,9329.0,3.0,1.0,3.0,55.0,1.0,0.0,0.0,0.0,1.0,0.0,0.0,0.0,0.0,0.0,1.0,0.0,0.0,0.0,1.0,0.0,12.0,36.0,0.0,0.0,0.0,0.0,0.04375,0.28,0.0,1.0,1.0,0.0,0.0,0.0125,0.0,0.0,0.0,0.0,0.0,1.0,0.0,0.0,1.0,0.0,1.0,1.0,0.0,1.0,0.0,0.0
3395,3529.0,3.0,1.0,2.0,44.0,0.0,0.0,0.0,0.0,0.0,0.0,0.0,0.0,0.0,0.0,1.0,0.0,0.0,0.0,0.0,0.0,17.0,20.0,0.0,0.0,0.0,0.0,1.0,0.8,1.0,1.0,0.0,0.0,0.0,0.0,1.0,0.0,0.0,0.0,0.0,0.0,0.0,0.0,1.0,1.0,0.0,1.0,-1.0,-1.0,1.0,1.0
3396,4953.0,2.0,1.0,6.0,95.0,1.0,0.0,0.0,0.0,0.0,0.0,0.0,0.0,0.0,18.0,1.0,1.0,0.0,0.0,0.0,0.0,35.0,53.0,0.0,0.0,0.0,0.0,0.0,0.0714285714,0.0,1.0,0.0,0.0,0.0,1.0,0.0,0.0,0.0,0.0,0.0,1.0,0.0,0.0,1.0,-1.0,1.0,1.0,1.0,-1.0,1.0,1.0
3397,973.0,2.0,0.0,3.0,46.0,1.0,0.0,0.0,0.0,0.0,0.0,0.0,0.0,0.0,0.0,1.0,1.0,0.0,0.0,0.0,0.0,12.0,27.0,0.0,0.0,0.0,0.0,0.0,0.0,0.0,1.0,0.0,0.0,0.0,0.0,0.0,0.0,0.0,0.0,0.0,0.0,0.0,0.0,1.0,1.0,1.0,1.0,1.0,1.0,1.0,1.0
3398,8185.0,3.0,0.0,4.0,137.0,1.0,0.0,0.0,0.0,3.0,0.0,6.0,5.0,0.0,8.0,1.0,0.0,0.0,0.0,0.0,0.0,18.0,35.0,76.0,0.0,0.0,0.0,0.07,0.25,0.0,1.0,0.0,1.0,0.0,0.0,0.0,0.0,0.0,0.0,0.0,0.0,0.0,0.0,1.0,-1.0,1.0,0.0,0.0,1.0,0.0,0.0
3399,7678.0,2.0,1.0,2.0,61.0,3.0,0.0,0.0,0.0,0.0,0.0,0.0,0.0,0.0,6.0,1.0,1.0,0.0,0.0,0.0,0.0,19.0,35.0,0.0,0.0,0.0,0.0,0.3428571429,0.5,0.0,1.0,1.0,0.0,0.0,0.0571428571,0.0,0.0,0.0,0.0,0.0,0.0,0.0,0.0,1.0,0.0,1.0,1.0,0.0,0.0,0.0,0.0
3400,9375.0,2.0,1.0,3.0,58.0,2.0,0.0,0.0,0.0,0.0,0.0,0.0,0.0,0.0,0.0,1.0,1.0,0.0,0.0,0.0,0.0,16.0,35.0,0.0,0.0,0.0,0.0,0.041958042,0.7037037037,0.0,1.0,0.0,0.0,0.0,0.0034965035,0.0,0.0,0.0,0.0,0.0,0.0,0.0,0.0,1.0,0.0,1.0,1.0,0.0,1.0,0.0,0.0
3401,6898.0,4.0,1.0,5.0,127.0,5.0,0.0,0.0,0.0,0.0,0.0,1.0,0.0,0.0,24.0,1.0,1.0,0.0,0.0,0.0,0.0,22.0,91.0,6.0,0.0,0.0,0.0,0.0,0.1,0.0,1.0,0.0,0.0,0.0,0.0,0.0,0.0,0.0,0.0,0.0,0.0,0.0,0.0,1.0,-1.0,1.0,1.0,1.0,1.0,0.0,0.0
3402,8311.0,2.0,0.0,1.0,38.0,1.0,1.0,0.0,0.0,0.0,0.0,0.0,0.0,0.0,0.0,1.0,1.0,0.0,0.0,1.0,0.0,20.0,11.0,0.0,0.0,0.0,0.0,0.0243902439,0.0540540541,0.0,1.0,1.0,1.0,0.0,0.0487804878,0.0,0.0,0.0,0.0,0.0,0.0,0.0,0.0,1.0,1.0,1.0,0.0,1.0,1.0,0.0,0.0
3403,6584.0,1.0,0.0,3.0,68.0,6.0,0.0,0.0,0.0,0.0,0.0,0.0,0.0,0.0,1.0,1.0,1.0,0.0,0.0,1.0,0.0,11.0,50.0,0.0,0.0,0.0,0.0,0.206185567,0.3555555556,0.0,1.0,0.0,0.0,0.0,0.0515463918,0.0,0.0,0.0,0.0,1.0,0.0,0.0,0.0,1.0,0.0,1.0,1.0,0.0,1.0,0.0,0.0
3404,7249.0,4.0,1.0,2.0,104.0,0.0,0.0,0.0,0.0,0.0,7.0,1.0,0.0,0.0,7.0,1.0,1.0,0.0,0.0,0.0,0.0,11.0,18.0,67.0,0.0,0.0,0.0,0.0427350427,0.9444444444,0.0,1.0,0.0,0.0,0.0,0.0,0.0,0.0,0.0,0.0,0.0,0.0,0.0,0.0,1.0,-1.0,-1.0,1.0,-1.0,1.0,0.0,0.0
3405,5725.0,1.0,0.0,2.0,64.0,6.0,0.0,0.0,0.0,0.0,0.0,0.0,0.0,0.0,0.0,1.0,1.0,0.0,0.0,1.0,0.0,9.0,48.0,0.0,0.0,0.0,0.0,0.3648648649,0.6,0.0,1.0,1.0,0.0,0.0,0.0,0.0,0.0,0.0,0.0,0.0,1.0,0.0,0.0,1.0,0.0,-1.0,1.0,0.0,0.0,0.0,0.0
3406,9397.0,2.0,1.0,2.0,55.0,1.0,1.0,0.0,0.0,1.0,0.0,0.0,0.0,0.0,0.0,1.0,1.0,0.0,0.0,0.0,0.0,22.0,26.0,0.0,0.0,0.0,0.0,0.0,0.7368421053,0.0,1.0,0.0,0.0,0.0,0.0,0.0,0.0,0.0,0.0,0.0,1.0,0.0,0.0,1.0,0.0,-1.0,1.0,0.0,1.0,0.0,0.0
3407,797.0,3.0,0.0,4.0,58.0,0.0,0.0,0.0,0.0,0.0,0.0,0.0,0.0,0.0,0.0,1.0,0.0,0.0,0.0,0.0,0.0,15.0,36.0,0.0,0.0,1.0,0.0,1.0,0.0,0.0,1.0,0.0,0.0,0.0,0.0,0.0,0.0,0.0,0.0,0.0,1.0,0.0,0.0,1.0,0.0,1.0,1.0,1.0,-1.0,1.0,1.0
3408,5678.0,2.0,0.0,4.0,106.0,10.0,0.0,0.0,0.0,0.0,0.0,0.0,0.0,0.0,9.0,1.0,1.0,0.0,0.0,1.0,0.0,10.0,89.0,0.0,0.0,0.0,0.0,0.1176470588,0.375,0.0,1.0,1.0,0.0,0.0,0.0,0.0,0.0,0.0,0.0,0.0,1.0,0.0,0.0,1.0,-1.0,0.0,1.0,0.0,1.0,0.0,0.0
3409,8431.0,1.0,0.0,1.0,47.0,0.0,0.0,0.0,0.0,0.0,0.0,1.0,0.0,0.0,0.0,1.0,0.0,0.0,0.0,0.0,0.0,12.0,11.0,16.0,0.0,0.0,0.0,0.1333333333,0.0,0.0,1.0,0.0,0.0,0.0,0.0,0.0,0.0,0.0,0.0,0.0,0.0,0.0,0.0,1.0,1.0,1.0,1.0,1.0,1.0,0.0,0.0
3410,121.0,3.0,1.0,5.0,64.0,0.0,0.0,0.0,0.0,0.0,0.0,0.0,0.0,0.0,1.0,1.0,0.0,0.0,0.0,1.0,0.0,21.0,36.0,0.0,0.0,0.0,1.0,0.9090909091,1.0,0.0,1.0,0.0,0.0,0.0,0.0,1.0,0.0,0.0,0.0,0.0,0.0,0.0,0.0,1.0,0.0,1.0,1.0,-1.0,-1.0,1.0,1.0
3411,439.0,4.0,1.0,2.0,40.0,0.0,0.0,0.0,0.0,0.0,0.0,0.0,0.0,0.0,0.0,1.0,0.0,0.0,0.0,0.0,0.0,17.0,16.0,0.0,0.0,0.0,0.0,0.0,0.0,0.0,1.0,0.0,0.0,0.0,0.0,0.0,0.0,0.0,0.0,0.0,0.0,0.0,0.0,1.0,1.0,1.0,1.0,1.0,1.0,1.0,1.0
3412,7066.0,2.0,1.0,6.0,64.0,0.0,0.0,0.0,0.0,0.0,0.0,1.0,0.0,0.0,5.0,1.0,1.0,0.0,0.0,1.0,0.0,12.0,38.0,6.0,0.0,0.0,0.0,0.0384615385,0.0909090909,0.0,1.0,1.0,0.0,0.0,0.0,0.0,0.0,0.0,0.0,0.0,0.0,0.0,0.0,1.0,0.0,1.0,1.0,1.0,1.0,0.0,0.0
3413,7477.0,2.0,0.0,1.0,65.0,4.0,1.0,0.0,0.0,0.0,0.0,0.0,0.0,0.0,0.0,1.0,0.0,0.0,0.0,1.0,0.0,20.0,38.0,0.0,0.0,0.0,0.0,0.0,0.4444444444,0.0,1.0,0.0,0.0,0.0,0.0714285714,0.0,0.0,0.0,0.0,0.0,0.0,0.0,0.0,1.0,0.0,1.0,1.0,0.0,1.0,0.0,0.0
3414,9405.0,2.0,1.0,2.0,41.0,1.0,0.0,0.0,0.0,0.0,0.0,0.0,0.0,0.0,0.0,1.0,0.0,0.0,0.0,0.0,0.0,18.0,16.0,0.0,0.0,0.0,0.0,0.0652173913,0.2857142857,0.0,1.0,0.0,0.0,0.0,0.0434782609,0.0,0.0,1.0,0.0,0.0,1.0,0.0,0.0,1.0,1.0,1.0,1.0,0.0,1.0,0.0,0.0
3415,8463.0,2.0,0.0,1.0,30.0,1.0,1.0,0.0,0.0,0.0,0.0,0.0,0.0,0.0,0.0,1.0,0.0,0.0,0.0,0.0,0.0,12.0,11.0,0.0,0.0,0.0,0.0,0.2857142857,0.462962963,0.0,0.0,0.0,0.0,0.0,0.0,0.0,0.0,0.0,0.0,0.0,1.0,0.0,0.0,1.0,1.0,0.0,1.0,0.0,1.0,0.0,0.0
3416,1083.0,2.0,0.0,4.0,73.0,1.0,0.0,0.0,0.0,0.0,0.0,0.0,0.0,0.0,22.0,1.0,1.0,0.0,0.0,0.0,0.0,13.0,53.0,0.0,0.0,0.0,1.0,1.0,1.0,0.0,1.0,0.0,0.0,0.0,0.0,1.0,0.0,0.0,0.0,0.0,1.0,0.0,0.0,1.0,0.0,-1.0,1.0,-1.0,-1.0,1.0,1.0
3417,8993.0,1.0,0.0,3.0,33.0,0.0,0.0,0.0,0.0,0.0,0.0,0.0,0.0,0.0,0.0,1.0,0.0,0.0,0.0,0.0,0.0,13.0,13.0,0.0,0.0,0.0,0.0,0.05,0.1515151515,0.0,1.0,0.0,0.0,0.0,0.0090909091,0.0,0.0,0.0,0.0,0.0,0.0,0.0,0.0,1.0,1.0,1.0,1.0,0.0,1.0,0.0,0.0
3418,2387.0,4.0,1.0,3.0,53.0,1.0,0.0,0.0,0.0,0.0,0.0,0.0,0.0,0.0,0.0,1.0,0.0,0.0,0.0,1.0,0.0,20.0,26.0,0.0,0.0,0.0,0.0,1.0,1.0,0.0,1.0,0.0,1.0,0.0,0.0,1.0,0.0,0.0,0.0,0.0,1.0,0.0,0.0,1.0,1.0,-1.0,0.0,-1.0,-1.0,1.0,1.0
3419,8211.0,2.0,0.0,1.0,78.0,0.0,0.0,0.0,0.0,1.0,0.0,4.0,3.0,0.0,4.0,1.0,1.0,0.0,0.0,0.0,0.0,16.0,10.0,44.0,0.0,0.0,0.0,0.2857142857,0.1935483871,0.0,1.0,1.0,0.0,1.0,0.0,0.0,0.0,0.0,0.0,1.0,1.0,0.0,0.0,1.0,-1.0,1.0,-1.0,0.0,1.0,0.0,0.0
3420,7910.0,3.0,1.0,3.0,98.0,8.0,0.0,0.0,0.0,0.0,0.0,0.0,0.0,0.0,5.0,1.0,1.0,0.0,0.0,1.0,0.0,17.0,74.0,0.0,0.0,0.0,0.0,0.0858208955,0.453125,0.0,1.0,0.0,0.0,0.0,0.026119403,0.0,0.0,0.0,0.0,0.0,1.0,0.0,0.0,1.0,-1.0,1.0,1.0,0.0,1.0,0.0,0.0
3421,5506.0,1.0,0.0,5.0,102.0,11.0,0.0,0.0,0.0,0.0,0.0,0.0,0.0,0.0,10.0,1.0,1.0,0.0,0.0,1.0,0.0,15.0,80.0,0.0,0.0,0.0,0.0,0.1714285714,1.0,1.0,1.0,1.0,1.0,0.0,0.0142857143,0.0,0.0,0.0,0.0,1.0,0.0,0.0,1.0,1.0,-1.0,-1.0,0.0,-1.0,1.0,0.0,0.0
3422,3542.0,2.0,1.0,5.0,47.0,0.0,0.0,0.0,0.0,0.0,0.0,0.0,0.0,0.0,0.0,1.0,1.0,0.0,0.0,0.0,0.0,15.0,25.0,0.0,0.0,0.0,0.0,0.0,0.0,0.0,1.0,0.0,0.0,0.0,0.0,0.0,0.0,0.0,0.0,0.0,0.0,0.0,0.0,1.0,1.0,1.0,1.0,1.0,1.0,1.0,1.0
3423,1110.0,2.0,0.0,4.0,48.0,0.0,0.0,0.0,0.0,0.0,0.0,0.0,0.0,0.0,2.0,1.0,0.0,0.0,0.0,1.0,0.0,15.0,26.0,0.0,0.0,0.0,0.0,0.8571428571,1.0,1.0,1.0,0.0,0.0,0.0,0.1428571429,1.0,0.0,0.0,0.0,0.0,1.0,0.0,0.0,1.0,1.0,-1.0,1.0,-1.0,-1.0,1.0,1.0
3424,2449.0,3.0,1.0,4.0,80.0,1.0,1.0,0.0,0.0,1.0,0.0,0.0,0.0,0.0,0.0,1.0,1.0,0.0,0.0,0.0,0.0,26.0,47.0,0.0,0.0,0.0,0.0,0.5,1.0,1.0,1.0,0.0,0.0,0.0,0.0,1.0,0.0,0.0,0.0,0.0,0.0,0.0,0.0,1.0,-1.0,-1.0,1.0,-1.0,0.0,1.0,1.0
3425,4102.0,4.0,1.0,5.0,65.0,2.0,0.0,0.0,0.0,0.0,0.0,0.0,0.0,0.0,0.0,1.0,0.0,0.0,0.0,0.0,0.0,22.0,36.0,0.0,0.0,0.0,0.0,0.8333333333,0.2631578947,1.0,1.0,0.0,0.0,0.0,0.0,0.0,0.0,0.0,0.0,0.0,1.0,0.0,0.0,1.0,0.0,1.0,1.0,0.0,-1.0,1.0,1.0
3426,9539.0,3.0,1.0,3.0,58.0,0.0,0.0,0.0,0.0,0.0,0.0,1.0,0.0,0.0,4.0,1.0,1.0,0.0,0.0,0.0,0.0,12.0,25.0,13.0,0.0,0.0,0.0,0.0543478261,0.2,0.0,1.0,0.0,0.0,0.0,0.0,0.0,0.0,0.0,0.0,0.0,0.0,0.0,0.0,1.0,0.0,1.0,1.0,0.0,1.0,0.0,0.0
3427,3268.0,2.0,1.0,4.0,59.0,1.0,0.0,0.0,0.0,0.0,1.0,0.0,0.0,0.0,2.0,1.0,1.0,0.0,0.0,0.0,0.0,20.0,32.0,0.0,0.0,1.0,0.0,0.0,0.0,0.0,1.0,0.0,0.0,0.0,0.0,0.0,0.0,0.0,0.0,0.0,0.0,0.0,0.0,1.0,0.0,1.0,1.0,1.0,1.0,1.0,1.0
3428,9104.0,1.0,0.0,2.0,25.0,0.0,0.0,0.0,0.0,0.0,0.0,0.0,0.0,0.0,4.0,1.0,1.0,0.0,0.0,0.0,0.0,8.0,10.0,0.0,0.0,0.0,0.0,0.0535714286,0.6956521739,0.0,0.0,0.0,0.0,0.0,0.0535714286,0.0,0.0,0.0,0.0,1.0,0.0,0.0,0.0,1.0,1.0,-1.0,1.0,0.0,1.0,0.0,0.0
3429,4139.0,2.0,0.0,4.0,62.0,0.0,0.0,0.0,0.0,1.0,0.0,0.0,0.0,0.0,0.0,1.0,1.0,0.0,0.0,1.0,0.0,22.0,33.0,0.0,0.0,0.0,0.0,0.0,0.0,0.0,1.0,0.0,0.0,0.0,0.0,0.0,0.0,0.0,0.0,0.0,0.0,0.0,0.0,1.0,0.0,1.0,1.0,1.0,1.0,1.0,1.0
3430,5715.0,1.0,0.0,5.0,70.0,5.0,0.0,0.0,0.0,0.0,0.0,0.0,0.0,0.0,8.0,1.0,1.0,0.0,0.0,1.0,0.0,19.0,44.0,0.0,0.0,0.0,0.0,0.3709677419,0.9777777778,1.0,1.0,1.0,1.0,0.0,0.0967741935,0.0,0.0,0.0,0.0,0.0,1.0,0.0,0.0,1.0,0.0,-1.0,0.0,-1.0,0.0,0.0,0.0
3431,5589.0,2.0,1.0,18.0,139.0,1.0,1.0,0.0,0.0,0.0,0.0,0.0,0.0,0.0,4.0,1.0,1.0,0.0,0.0,1.0,0.0,24.0,108.0,0.0,0.0,0.0,0.0,0.1363636364,0.1052631579,0.0,0.0,0.0,0.0,0.0,0.0,0.0,0.0,0.0,0.0,0.0,0.0,0.0,0.0,1.0,-1.0,1.0,1.0,1.0,1.0,0.0,0.0
3432,8853.0,1.0,0.0,3.0,43.0,0.0,0.0,0.0,0.0,0.0,0.0,0.0,0.0,0.0,3.0,1.0,0.0,0.0,0.0,1.0,0.0,17.0,19.0,0.0,0.0,0.0,0.0,0.081300813,0.1463414634,0.0,1.0,0.0,1.0,0.0,0.0731707317,0.0,0.0,0.0,0.0,0.0,0.0,0.0,0.0,1.0,1.0,1.0,0.0,0.0,1.0,0.0,0.0
3433,3293.0,3.0,1.0,3.0,88.0,0.0,0.0,0.0,0.0,0.0,0.0,0.0,0.0,0.0,21.0,1.0,1.0,0.0,0.0,0.0,0.0,18.0,63.0,0.0,0.0,0.0,0.0,1.0,0.0,0.0,1.0,0.0,0.0,0.0,0.0,0.0,0.0,0.0,0.0,0.0,0.0,0.0,1.0,1.0,-1.0,1.0,1.0,1.0,-1.0,1.0,1.0
3434,5533.0,1.0,0.0,2.0,103.0,10.0,0.0,0.0,0.0,0.0,0.0,0.0,0.0,0.0,0.0,1.0,0.0,0.0,0.0,1.0,0.0,14.0,82.0,0.0,0.0,0.0,0.0,0.15,0.1458333333,0.0,1.0,0.0,0.0,0.0,0.0,0.0,0.0,0.0,0.0,1.0,0.0,0.0,0.0,1.0,-1.0,1.0,1.0,0.0,1.0,0.0,0.0
3435,6183.0,3.0,2.0,2.0,74.0,6.0,0.0,0.0,0.0,0.0,0.0,0.0,0.0,0.0,6.0,1.0,1.0,0.0,0.0,1.0,0.0,18.0,49.0,0.0,0.0,0.0,0.0,0.0206896552,0.06,0.0,1.0,0.0,0.0,0.0,0.0689655172,0.0,0.0,0.0,0.0,0.0,0.0,0.0,0.0,0.0,0.0,1.0,1.0,1.0,1.0,0.0,0.0
3436,2610.0,3.0,0.0,3.0,59.0,0.0,0.0,0.0,0.0,0.0,0.0,0.0,0.0,0.0,0.0,1.0,1.0,0.0,0.0,1.0,0.0,17.0,35.0,0.0,0.0,1.0,0.0,0.9090909091,0.2857142857,1.0,1.0,0.0,0.0,0.0,0.0909090909,0.0,0.0,0.0,0.0,0.0,1.0,0.0,0.0,1.0,0.0,1.0,1.0,0.0,-1.0,1.0,1.0
3437,9360.0,2.0,1.0,3.0,53.0,2.0,0.0,0.0,0.0,0.0,0.0,0.0,0.0,0.0,0.0,1.0,1.0,0.0,0.0,0.0,0.0,13.0,33.0,0.0,0.0,0.0,0.0,0.0285714286,0.2777777778,0.0,0.0,0.0,0.0,0.0,0.0244897959,0.0,0.0,0.0,0.0,1.0,0.0,0.0,0.0,1.0,1.0,1.0,1.0,0.0,1.0,0.0,0.0
3438,3867.0,3.0,0.0,3.0,56.0,0.0,0.0,0.0,0.0,0.0,0.0,0.0,0.0,0.0,0.0,1.0,0.0,0.0,0.0,0.0,0.0,15.0,34.0,0.0,0.0,0.0,0.0,0.0,0.0,0.0,1.0,0.0,0.0,0.0,0.0,0.0,0.0,0.0,0.0,0.0,0.0,0.0,0.0,1.0,0.0,1.0,1.0,1.0,1.0,1.0,1.0
3439,8329.0,2.0,1.0,0.0,36.0,1.0,1.0,0.0,0.0,0.0,0.0,0.0,0.0,0.0,0.0,1.0,0.0,0.0,0.0,0.0,0.0,28.0,1.0,0.0,0.0,0.0,0.0,0.1978417266,0.9866666667,1.0,0.0,0.0,0.0,0.0,0.0,0.0,0.0,0.0,0.0,0.0,1.0,0.0,0.0,1.0,1.0,-1.0,1.0,-1.0,1.0,0.0,0.0
3440,9644.0,2.0,1.0,0.0,26.0,0.0,0.0,0.0,0.0,0.0,0.0,0.0,0.0,0.0,0.0,1.0,0.0,0.0,0.0,0.0,0.0,18.0,1.0,0.0,0.0,0.0,0.0,0.0559006211,0.9789473684,1.0,1.0,1.0,0.0,0.0,0.0527950311,0.0,0.0,0.0,0.0,0.0,0.0,0.0,0.0,1.0,1.0,-1.0,1.0,-1.0,1.0,0.0,0.0
3441,5318.0,2.0,1.0,4.0,80.0,4.0,0.0,0.0,0.0,0.0,0.0,0.0,0.0,0.0,6.0,1.0,1.0,0.0,0.0,1.0,0.0,29.0,44.0,0.0,0.0,0.0,0.0,0.5512820513,0.1538461538,0.0,1.0,0.0,1.0,0.0,0.0128205128,0.0,0.0,0.0,0.0,0.0,0.0,0.0,0.0,1.0,-1.0,1.0,0.0,0.0,0.0,0.0,0.0
3442,6499.0,3.0,1.0,3.0,85.0,6.0,0.0,0.0,0.0,0.0,0.0,0.0,0.0,0.0,0.0,1.0,0.0,0.0,0.0,0.0,0.0,20.0,58.0,0.0,0.0,0.0,0.0,0.2848101266,0.6530612245,0.0,1.0,0.0,0.0,0.0,0.3164556962,0.0,0.0,0.0,0.0,0.0,0.0,0.0,0.0,1.0,-1.0,-1.0,1.0,0.0,0.0,0.0,0.0
3443,9835.0,2.0,1.0,2.0,42.0,2.0,0.0,0.0,0.0,0.0,0.0,0.0,0.0,0.0,0.0,1.0,0.0,0.0,0.0,1.0,0.0,14.0,21.0,0.0,0.0,0.0,0.0,0.0757575758,0.5833333333,0.0,0.0,0.0,0.0,0.0,0.0909090909,0.0,0.0,0.0,0.0,0.0,1.0,0.0,0.0,1.0,1.0,0.0,1.0,0.0,1.0,0.0,0.0
3444,5253.0,2.0,0.0,1.0,94.0,0.0,0.0,0.0,0.0,0.0,0.0,5.0,4.0,0.0,3.0,1.0,0.0,0.0,0.0,0.0,0.0,18.0,10.0,58.0,0.0,0.0,0.0,0.0674157303,0.0333333333,0.0,1.0,1.0,0.0,0.0,0.0,0.0,0.0,0.0,0.0,0.0,0.0,0.0,0.0,1.0,-1.0,1.0,1.0,1.0,1.0,0.0,0.0
3445,2176.0,3.0,1.0,2.0,47.0,0.0,0.0,0.0,0.0,0.0,0.0,0.0,0.0,0.0,0.0,1.0,0.0,0.0,0.0,0.0,0.0,26.0,14.0,0.0,0.0,0.0,0.0,0.0,0.0625,1.0,1.0,0.0,0.0,0.0,1.0,0.0,0.0,0.0,0.0,0.0,0.0,0.0,1.0,1.0,1.0,1.0,1.0,1.0,-1.0,1.0,1.0
3446,194.0,1.0,0.0,3.0,36.0,0.0,0.0,0.0,0.0,0.0,0.0,0.0,0.0,0.0,0.0,1.0,0.0,0.0,0.0,0.0,0.0,18.0,11.0,0.0,0.0,0.0,0.0,0.9130434783,1.0,1.0,1.0,1.0,0.0,0.0,0.0652173913,1.0,0.0,0.0,0.0,0.0,0.0,0.0,0.0,1.0,1.0,-1.0,1.0,-1.0,-1.0,1.0,1.0
3447,4359.0,2.0,0.0,1.0,35.0,0.0,0.0,0.0,0.0,0.0,0.0,0.0,0.0,0.0,0.0,1.0,1.0,0.0,0.0,0.0,0.0,10.0,18.0,0.0,0.0,0.0,0.0,1.0,0.9333333333,0.0,1.0,0.0,0.0,0.0,0.0,1.0,0.0,0.0,0.0,0.0,1.0,0.0,0.0,1.0,1.0,-1.0,1.0,1.0,-1.0,1.0,1.0
3448,5998.0,1.0,0.0,2.0,76.0,8.0,0.0,0.0,0.0,0.0,0.0,0.0,0.0,0.0,3.0,1.0,1.0,0.0,0.0,0.0,0.0,18.0,51.0,0.0,0.0,0.0,0.0,0.1016949153,0.5892857143,0.0,0.0,0.0,0.0,0.0,0.0,0.0,0.0,0.0,0.0,0.0,1.0,0.0,0.0,1.0,-1.0,-1.0,1.0,0.0,1.0,0.0,0.0
3449,6356.0,2.0,0.0,3.0,60.0,0.0,0.0,0.0,0.0,0.0,0.0,2.0,1.0,0.0,6.0,1.0,0.0,0.0,0.0,1.0,0.0,7.0,27.0,18.0,0.0,0.0,0.0,0.1369863014,0.1621621622,0.0,1.0,1.0,0.0,0.0,0.0,0.0,0.0,0.0,0.0,0.0,0.0,0.0,0.0,1.0,0.0,1.0,1.0,0.0,1.0,0.0,0.0
3450,5234.0,2.0,1.0,3.0,138.0,15.0,0.0,0.0,0.0,2.0,0.0,0.0,0.0,0.0,17.0,1.0,1.0,0.0,0.0,1.0,0.0,18.0,113.0,0.0,0.0,0.0,0.0,0.119047619,0.5909090909,0.0,0.0,0.0,0.0,0.0,0.0476190476,0.0,0.0,0.0,0.0,0.0,1.0,0.0,0.0,1.0,-1.0,1.0,1.0,0.0,1.0,0.0,0.0
3451,2609.0,3.0,0.0,2.0,40.0,0.0,0.0,0.0,0.0,0.0,0.0,0.0,0.0,0.0,0.0,1.0,0.0,0.0,0.0,1.0,0.0,17.0,16.0,0.0,0.0,0.0,0.0,0.9230769231,1.0,0.0,1.0,0.0,0.0,0.0,0.0,1.0,0.0,0.0,0.0,0.0,0.0,0.0,0.0,1.0,1.0,1.0,1.0,-1.0,-1.0,1.0,1.0
3452,7949.0,2.0,0.0,1.0,81.0,10.0,0.0,0.0,0.0,0.0,0.0,0.0,0.0,0.0,5.0,1.0,0.0,0.0,0.0,1.0,0.0,15.0,59.0,0.0,0.0,0.0,0.0,0.0510638298,0.262295082,0.0,0.0,0.0,1.0,0.0,0.0212765957,0.0,1.0,0.0,0.0,0.0,0.0,0.0,0.0,1.0,-1.0,1.0,0.0,0.0,1.0,0.0,0.0
3453,3853.0,2.0,0.0,2.0,33.0,0.0,0.0,0.0,0.0,0.0,0.0,0.0,0.0,0.0,2.0,1.0,1.0,0.0,0.0,0.0,0.0,18.0,8.0,0.0,0.0,0.0,0.0,0.0,0.0,0.0,1.0,0.0,0.0,0.0,1.0,0.0,0.0,0.0,0.0,0.0,0.0,0.0,1.0,1.0,1.0,1.0,1.0,1.0,-1.0,1.0,1.0
3454,5281.0,2.0,1.0,7.0,96.0,0.0,0.0,0.0,0.0,2.0,0.0,0.0,0.0,0.0,6.0,1.0,1.0,0.0,0.0,1.0,0.0,21.0,68.0,0.0,0.0,0.0,0.0,0.0290178571,0.5384615385,0.0,1.0,0.0,0.0,0.0,0.0446428571,0.0,0.0,0.0,0.0,0.0,1.0,0.0,0.0,1.0,-1.0,0.0,1.0,0.0,1.0,0.0,0.0
3455,4606.0,2.0,0.0,5.0,61.0,1.0,0.0,0.0,0.0,0.0,0.0,0.0,0.0,0.0,0.0,1.0,0.0,0.0,0.0,0.0,0.0,13.0,41.0,0.0,0.0,0.0,0.0,0.0,0.0,0.0,1.0,0.0,0.0,0.0,0.0,0.0,0.0,0.0,0.0,0.0,0.0,0.0,0.0,1.0,0.0,1.0,1.0,1.0,1.0,1.0,1.0
3456,7076.0,1.0,0.0,4.0,99.0,14.0,2.0,0.0,0.0,0.0,0.0,0.0,0.0,0.0,6.0,1.0,1.0,0.0,0.0,1.0,0.0,17.0,75.0,0.0,0.0,0.0,0.0,0.0371517028,0.21875,0.0,1.0,1.0,0.0,0.0,0.0464396285,0.0,0.0,0.0,0.0,0.0,1.0,0.0,1.0,1.0,-1.0,1.0,1.0,0.0,1.0,0.0,0.0
3457,9070.0,2.0,0.0,5.0,56.0,0.0,0.0,0.0,0.0,0.0,0.0,0.0,0.0,0.0,4.0,1.0,1.0,0.0,0.0,0.0,0.0,15.0,34.0,0.0,0.0,0.0,0.0,0.7868852459,0.1428571429,0.0,0.0,0.0,0.0,0.0,0.0,0.0,0.0,0.0,0.0,1.0,0.0,0.0,0.0,1.0,0.0,1.0,1.0,0.0,-1.0,0.0,0.0
3458,4550.0,3.0,1.0,2.0,67.0,0.0,0.0,0.0,0.0,0.0,0.0,0.0,0.0,0.0,0.0,1.0,0.0,0.0,0.0,1.0,0.0,23.0,37.0,0.0,0.0,1.0,0.0,1.0,1.0,1.0,1.0,0.0,0.0,0.0,0.0,1.0,0.0,0.0,0.0,0.0,0.0,0.0,0.0,1.0,0.0,-1.0,1.0,-1.0,-1.0,1.0,1.0
3459,5909.0,3.0,1.0,2.0,69.0,0.0,0.0,0.0,0.0,0.0,0.0,2.0,1.0,0.0,7.0,1.0,0.0,0.0,0.0,0.0,0.0,20.0,18.0,23.0,0.0,0.0,0.0,0.0076335878,0.0263157895,0.0,1.0,1.0,0.0,0.0,0.0,0.0,0.0,0.0,0.0,0.0,0.0,0.0,0.0,1.0,0.0,1.0,1.0,0.0,1.0,0.0,0.0
3460,6648.0,2.0,0.0,1.0,68.0,0.0,0.0,0.0,0.0,2.0,0.0,2.0,1.0,0.0,0.0,1.0,1.0,0.0,0.0,0.0,0.0,11.0,10.0,39.0,0.0,0.0,0.0,0.0080428954,0.2,0.0,1.0,0.0,0.0,0.0,0.0,0.0,0.0,0.0,0.0,0.0,0.0,0.0,0.0,1.0,0.0,1.0,1.0,1.0,1.0,0.0,0.0
3461,4739.0,3.0,0.0,2.0,80.0,1.0,0.0,0.0,0.0,0.0,4.0,0.0,0.0,0.0,8.0,1.0,1.0,0.0,0.0,0.0,0.0,18.0,55.0,0.0,0.0,0.0,0.0,0.0,0.0714285714,1.0,1.0,0.0,0.0,0.0,0.0,0.0,0.0,0.0,0.0,0.0,0.0,0.0,0.0,1.0,-1.0,1.0,1.0,1.0,1.0,1.0,1.0
3462,2681.0,2.0,0.0,3.0,53.0,0.0,0.0,0.0,0.0,0.0,0.0,0.0,0.0,0.0,0.0,1.0,1.0,0.0,0.0,1.0,0.0,21.0,25.0,0.0,0.0,0.0,0.0,0.0,0.0,0.0,1.0,0.0,0.0,0.0,0.0,0.0,0.0,0.0,0.0,0.0,0.0,0.0,0.0,1.0,1.0,1.0,1.0,1.0,1.0,1.0,1.0
3463,6309.0,1.0,0.0,2.0,113.0,10.0,0.0,0.0,0.0,0.0,0.0,1.0,0.0,0.0,11.0,1.0,1.0,0.0,0.0,1.0,0.0,12.0,66.0,27.0,0.0,0.0,0.0,0.4328358209,1.0,1.0,0.0,0.0,0.0,0.0,0.0,0.0,0.0,0.0,0.0,0.0,0.0,0.0,0.0,1.0,-1.0,-1.0,1.0,-1.0,0.0,0.0,0.0
3464,6940.0,2.0,1.0,4.0,62.0,0.0,0.0,0.0,0.0,0.0,0.0,0.0,0.0,0.0,3.0,1.0,1.0,0.0,0.0,1.0,0.0,25.0,30.0,0.0,0.0,0.0,0.0,0.3421052632,0.8888888889,1.0,0.0,0.0,0.0,0.0,0.0,0.0,0.0,0.0,0.0,1.0,0.0,0.0,0.0,1.0,0.0,1.0,1.0,-1.0,0.0,0.0,0.0
3465,1903.0,2.0,0.0,6.0,60.0,0.0,0.0,0.0,0.0,0.0,0.0,0.0,0.0,0.0,0.0,1.0,0.0,0.0,0.0,1.0,0.0,17.0,36.0,0.0,0.0,1.0,1.0,1.0,1.0,1.0,1.0,0.0,0.0,0.0,0.0,1.0,0.0,0.0,0.0,0.0,0.0,0.0,0.0,1.0,0.0,-1.0,1.0,-1.0,-1.0,1.0,1.0
3466,6453.0,2.0,1.0,3.0,69.0,0.0,0.0,0.0,0.0,0.0,0.0,2.0,1.0,0.0,1.0,1.0,1.0,0.0,0.0,1.0,0.0,19.0,22.0,20.0,0.0,0.0,0.0,0.1805555556,0.3684210526,0.0,1.0,0.0,0.0,0.0,0.0,0.0,0.0,0.0,0.0,0.0,0.0,0.0,1.0,1.0,0.0,1.0,1.0,0.0,1.0,0.0,0.0
3467,2027.0,2.0,0.0,6.0,84.0,3.0,0.0,0.0,0.0,0.0,0.0,0.0,0.0,0.0,0.0,1.0,1.0,0.0,0.0,0.0,0.0,18.0,59.0,0.0,0.0,0.0,0.0,0.0,0.0,0.0,1.0,1.0,0.0,0.0,0.0,1.0,0.0,0.0,0.0,0.0,0.0,0.0,0.0,1.0,-1.0,1.0,1.0,1.0,1.0,1.0,1.0
3468,7022.0,1.0,0.0,5.0,62.0,4.0,0.0,0.0,0.0,0.0,0.0,0.0,0.0,0.0,8.0,1.0,1.0,0.0,0.0,1.0,0.0,16.0,39.0,0.0,0.0,0.0,0.0,0.234375,1.0,1.0,1.0,1.0,1.0,0.0,0.015625,0.0,0.0,0.0,0.0,0.0,1.0,0.0,0.0,1.0,0.0,-1.0,0.0,0.0,1.0,0.0,0.0
3469,5843.0,2.0,1.0,5.0,73.0,4.0,0.0,0.0,0.0,0.0,0.0,0.0,0.0,0.0,8.0,1.0,1.0,0.0,0.0,1.0,0.0,22.0,44.0,0.0,0.0,0.0,0.0,0.8827838828,0.15,0.0,1.0,0.0,0.0,0.0,0.043956044,0.0,0.0,0.0,0.0,0.0,0.0,0.0,0.0,1.0,0.0,1.0,1.0,1.0,-1.0,0.0,0.0
3470,2902.0,2.0,1.0,2.0,39.0,1.0,0.0,0.0,0.0,0.0,0.0,0.0,0.0,0.0,0.0,0.0,0.0,0.0,0.0,0.0,0.0,15.0,16.0,0.0,0.0,0.0,0.0,0.0,0.0,0.0,0.0,0.0,0.0,0.0,0.0,0.0,0.0,0.0,0.0,0.0,0.0,0.0,0.0,1.0,1.0,1.0,1.0,1.0,1.0,1.0,1.0
3471,7455.0,1.0,0.0,5.0,93.0,10.0,0.0,0.0,0.0,0.0,0.0,0.0,0.0,0.0,10.0,1.0,1.0,0.0,0.0,1.0,0.0,14.0,72.0,0.0,0.0,0.0,0.0,0.3469387755,1.0,1.0,1.0,1.0,0.0,0.0,0.0612244898,0.0,0.0,0.0,0.0,0.0,1.0,0.0,0.0,1.0,-1.0,-1.0,1.0,-1.0,0.0,0.0,0.0
3472,8300.0,1.0,0.0,4.0,59.0,0.0,0.0,0.0,0.0,0.0,0.0,0.0,0.0,0.0,10.0,1.0,1.0,0.0,0.0,1.0,0.0,19.0,33.0,0.0,0.0,0.0,0.0,0.4,0.0588235294,0.0,1.0,1.0,0.0,0.0,0.1,0.0,0.0,0.0,0.0,0.0,0.0,0.0,0.0,1.0,0.0,1.0,1.0,1.0,0.0,0.0,0.0
3473,9063.0,1.0,0.0,3.0,52.0,0.0,0.0,0.0,0.0,0.0,0.0,0.0,0.0,0.0,0.0,1.0,0.0,0.0,0.0,1.0,0.0,18.0,27.0,0.0,0.0,0.0,0.0,0.0833333333,0.3513513514,0.0,1.0,1.0,0.0,1.0,0.2976190476,0.0,0.0,0.0,0.0,0.0,1.0,0.0,0.0,1.0,1.0,0.0,-1.0,0.0,0.0,0.0,0.0
3474,8613.0,1.0,0.0,5.0,39.0,0.0,0.0,0.0,0.0,0.0,0.0,0.0,0.0,0.0,7.0,1.0,1.0,0.0,0.0,1.0,0.0,16.0,16.0,0.0,0.0,0.0,0.0,0.4255319149,0.2708333333,0.0,1.0,1.0,1.0,0.0,0.0,0.0,0.0,0.0,0.0,1.0,0.0,0.0,0.0,1.0,1.0,0.0,0.0,1.0,0.0,0.0,0.0
3475,9253.0,2.0,1.0,2.0,42.0,0.0,0.0,0.0,0.0,0.0,0.0,0.0,0.0,0.0,4.0,1.0,1.0,0.0,0.0,0.0,0.0,25.0,10.0,0.0,0.0,0.0,0.0,0.1754385965,0.3913043478,0.0,1.0,1.0,0.0,0.0,0.0116959064,0.0,0.0,0.0,0.0,0.0,1.0,0.0,0.0,1.0,1.0,1.0,1.0,0.0,1.0,0.0,0.0
3476,7933.0,1.0,0.0,5.0,69.0,4.0,0.0,0.0,0.0,0.0,0.0,0.0,0.0,0.0,8.0,1.0,1.0,0.0,0.0,1.0,0.0,14.0,48.0,0.0,0.0,0.0,0.0,0.1363636364,0.4476190476,0.0,1.0,1.0,0.0,1.0,0.0113636364,0.0,0.0,0.0,0.0,1.0,1.0,0.0,1.0,1.0,0.0,0.0,-1.0,0.0,1.0,0.0,0.0
3477,1301.0,2.0,0.0,5.0,66.0,1.0,0.0,0.0,0.0,1.0,0.0,0.0,0.0,0.0,0.0,1.0,0.0,0.0,0.0,1.0,0.0,11.0,48.0,0.0,0.0,0.0,0.0,1.0,1.0,0.0,1.0,0.0,0.0,0.0,0.0,1.0,0.0,0.0,0.0,0.0,0.0,0.0,0.0,1.0,0.0,-1.0,1.0,-1.0,-1.0,1.0,1.0
3478,2995.0,2.0,1.0,2.0,41.0,0.0,0.0,0.0,0.0,0.0,0.0,0.0,0.0,0.0,0.0,1.0,0.0,0.0,0.0,0.0,0.0,29.0,5.0,0.0,0.0,0.0,0.0,0.7777777778,0.2222222222,0.0,1.0,0.0,0.0,0.0,0.2222222222,0.0,0.0,0.0,0.0,0.0,1.0,0.0,0.0,1.0,1.0,1.0,1.0,0.0,-1.0,1.0,1.0
3479,6910.0,1.0,0.0,6.0,98.0,6.0,0.0,0.0,0.0,1.0,0.0,1.0,0.0,0.0,8.0,1.0,1.0,0.0,0.0,1.0,0.0,15.0,54.0,21.0,0.0,0.0,0.0,0.4347826087,0.2881355932,0.0,1.0,0.0,0.0,0.0,0.0434782609,0.0,0.0,0.0,0.0,1.0,1.0,0.0,0.0,1.0,-1.0,0.0,1.0,0.0,0.0,0.0,0.0
3480,5572.0,2.0,1.0,5.0,106.0,11.0,0.0,0.0,0.0,0.0,0.0,0.0,0.0,0.0,8.0,1.0,1.0,0.0,0.0,1.0,0.0,20.0,79.0,0.0,0.0,0.0,0.0,0.0714285714,0.1428571429,0.0,0.0,0.0,0.0,0.0,0.0238095238,0.0,0.0,0.0,0.0,0.0,1.0,0.0,0.0,1.0,-1.0,-1.0,1.0,1.0,1.0,0.0,0.0
3481,7529.0,3.0,1.0,3.0,74.0,5.0,0.0,0.0,0.0,0.0,0.0,0.0,0.0,0.0,7.0,1.0,1.0,0.0,0.0,1.0,0.0,22.0,45.0,0.0,0.0,0.0,0.0,0.2727272727,0.9830508475,0.0,0.0,0.0,0.0,0.0,0.1188811189,0.0,0.0,0.0,0.0,0.0,1.0,0.0,0.0,1.0,0.0,-1.0,1.0,0.0,0.0,0.0,0.0
3482,6175.0,2.0,0.0,5.0,93.0,7.0,0.0,0.0,0.0,0.0,0.0,0.0,0.0,0.0,8.0,1.0,1.0,0.0,0.0,1.0,0.0,7.0,79.0,0.0,0.0,0.0,0.0,0.3734939759,0.3428571429,0.0,1.0,1.0,0.0,0.0,0.0120481928,0.0,0.0,0.0,0.0,0.0,0.0,0.0,0.0,1.0,-1.0,1.0,1.0,0.0,0.0,0.0,0.0
3483,4106.0,1.0,0.0,3.0,43.0,0.0,0.0,0.0,0.0,0.0,0.0,0.0,0.0,0.0,0.0,1.0,1.0,0.0,0.0,0.0,0.0,22.0,14.0,0.0,0.0,0.0,0.0,0.0,0.7857142857,0.0,1.0,0.0,0.0,0.0,1.0,1.0,0.0,0.0,0.0,0.0,1.0,0.0,0.0,1.0,1.0,-1.0,1.0,1.0,-1.0,1.0,1.0
3484,4525.0,3.0,1.0,3.0,112.0,0.0,0.0,0.0,0.0,0.0,0.0,0.0,0.0,0.0,24.0,1.0,1.0,0.0,0.0,0.0,0.0,12.0,93.0,0.0,0.0,0.0,0.0,0.0,0.0,0.0,1.0,0.0,0.0,0.0,0.0,0.0,0.0,0.0,0.0,0.0,0.0,0.0,0.0,1.0,-1.0,1.0,1.0,1.0,1.0,1.0,1.0
3485,8890.0,1.0,0.0,0.0,27.0,0.0,0.0,0.0,0.0,0.0,0.0,0.0,0.0,0.0,0.0,1.0,0.0,0.0,0.0,0.0,0.0,19.0,1.0,0.0,0.0,0.0,0.0,0.0697674419,0.2285714286,0.0,1.0,0.0,0.0,0.0,0.023255814,0.0,0.0,0.0,0.0,0.0,1.0,0.0,0.0,1.0,1.0,1.0,1.0,0.0,1.0,0.0,0.0
3486,5005.0,2.0,1.0,0.0,25.0,0.0,0.0,0.0,0.0,0.0,0.0,0.0,0.0,0.0,0.0,1.0,0.0,0.0,0.0,0.0,0.0,17.0,1.0,0.0,0.0,0.0,0.0,0.0607028754,1.0,1.0,1.0,0.0,1.0,0.0,0.0,0.0,0.0,0.0,0.0,0.0,0.0,0.0,0.0,1.0,1.0,-1.0,0.0,-1.0,1.0,0.0,0.0
3487,7512.0,3.0,1.0,3.0,82.0,0.0,0.0,0.0,0.0,0.0,0.0,2.0,1.0,0.0,0.0,1.0,0.0,0.0,0.0,1.0,0.0,12.0,29.0,33.0,0.0,0.0,0.0,0.0688405797,0.2307692308,0.0,1.0,0.0,0.0,0.0,0.0,0.0,0.0,0.0,0.0,1.0,0.0,0.0,0.0,1.0,-1.0,1.0,1.0,0.0,1.0,0.0,0.0
3488,8341.0,1.0,0.0,3.0,30.0,0.0,0.0,0.0,0.0,0.0,0.0,0.0,0.0,0.0,0.0,1.0,0.0,0.0,0.0,0.0,0.0,11.0,12.0,0.0,0.0,0.0,0.0,0.1145833333,0.1530612245,0.0,1.0,1.0,0.0,0.0,0.0104166667,0.0,0.0,0.0,0.0,0.0,0.0,0.0,0.0,1.0,1.0,1.0,1.0,0.0,1.0,0.0,0.0
3489,3994.0,1.0,0.0,4.0,60.0,2.0,0.0,0.0,0.0,0.0,0.0,0.0,0.0,0.0,0.0,1.0,0.0,0.0,0.0,0.0,0.0,21.0,32.0,0.0,0.0,0.0,1.0,0.0,0.421875,0.0,1.0,1.0,0.0,1.0,1.0,0.0,0.0,0.0,0.0,0.0,1.0,0.0,0.0,1.0,0.0,0.0,-1.0,0.0,-1.0,1.0,1.0
3490,6932.0,1.0,0.0,2.0,90.0,4.0,0.0,0.0,0.0,0.0,0.0,2.0,1.0,0.0,0.0,1.0,0.0,0.0,0.0,1.0,0.0,18.0,45.0,19.0,0.0,0.0,0.0,0.0327868852,1.0,1.0,1.0,1.0,0.0,0.0,0.0,0.0,0.0,0.0,0.0,0.0,1.0,0.0,0.0,1.0,-1.0,-1.0,1.0,-1.0,1.0,0.0,0.0
3491,8277.0,2.0,0.0,1.0,44.0,3.0,0.0,0.0,0.0,0.0,0.0,0.0,0.0,0.0,3.0,1.0,0.0,0.0,0.0,0.0,0.0,10.0,27.0,0.0,0.0,0.0,0.0,0.0,0.2105263158,0.0,1.0,0.0,1.0,0.0,0.0,0.0,0.0,0.0,0.0,0.0,0.0,0.0,0.0,1.0,1.0,1.0,0.0,0.0,1.0,0.0,0.0
3492,1792.0,7.0,0.0,9.0,134.0,1.0,0.0,0.0,0.0,2.0,0.0,0.0,0.0,0.0,15.0,1.0,0.0,0.0,0.0,1.0,0.0,6.0,49.0,71.0,0.0,1.0,1.0,1.0,1.0,1.0,1.0,0.0,0.0,0.0,0.0,1.0,0.0,0.0,0.0,0.0,0.0,0.0,0.0,1.0,-1.0,-1.0,1.0,-1.0,-1.0,1.0,1.0
3493,1031.0,2.0,0.0,2.0,55.0,0.0,0.0,0.0,0.0,0.0,0.0,1.0,0.0,0.0,2.0,1.0,0.0,0.0,0.0,0.0,0.0,21.0,15.0,11.0,0.0,1.0,0.0,1.0,1.0,0.0,1.0,0.0,0.0,0.0,0.0,1.0,0.0,0.0,0.0,0.0,0.0,0.0,0.0,1.0,0.0,-1.0,1.0,-1.0,-1.0,1.0,1.0
3494,1600.0,3.0,0.0,5.0,78.0,1.0,0.0,0.0,0.0,0.0,0.0,0.0,0.0,0.0,0.0,1.0,1.0,0.0,0.0,0.0,0.0,20.0,51.0,0.0,0.0,0.0,1.0,1.0,1.0,1.0,1.0,0.0,1.0,0.0,0.0,1.0,0.0,0.0,0.0,0.0,0.0,0.0,0.0,1.0,-1.0,-1.0,0.0,-1.0,-1.0,1.0,1.0
3495,3001.0,2.0,1.0,5.0,52.0,1.0,0.0,0.0,0.0,0.0,0.0,0.0,0.0,0.0,0.0,1.0,1.0,0.0,0.0,1.0,0.0,17.0,28.0,0.0,0.0,0.0,0.0,0.0,0.0,0.0,1.0,0.0,0.0,0.0,0.0,0.0,0.0,0.0,0.0,0.0,0.0,0.0,0.0,1.0,1.0,1.0,1.0,1.0,1.0,1.0,1.0
3496,3924.0,4.0,1.0,5.0,84.0,0.0,0.0,0.0,0.0,0.0,0.0,0.0,0.0,0.0,7.0,1.0,1.0,0.0,0.0,1.0,0.0,24.0,53.0,0.0,0.0,0.0,0.0,0.0,0.0,0.0,1.0,0.0,0.0,0.0,1.0,0.0,0.0,0.0,0.0,0.0,0.0,0.0,1.0,1.0,-1.0,1.0,1.0,1.0,-1.0,1.0,1.0
3497,4455.0,2.0,0.0,3.0,53.0,1.0,1.0,0.0,0.0,0.0,0.0,0.0,0.0,0.0,0.0,1.0,0.0,0.0,0.0,1.0,0.0,23.0,23.0,0.0,0.0,0.0,0.0,0.0,0.0,0.0,1.0,0.0,0.0,0.0,0.0,0.0,0.0,0.0,0.0,0.0,0.0,0.0,0.0,1.0,1.0,1.0,1.0,1.0,1.0,1.0,1.0
3498,3232.0,6.0,1.0,6.0,103.0,0.0,0.0,0.0,0.0,0.0,0.0,0.0,0.0,0.0,19.0,1.0,1.0,0.0,0.0,1.0,0.0,12.0,84.0,0.0,0.0,2.0,0.0,0.0,0.2631578947,0.0,1.0,1.0,0.0,0.0,0.9230769231,0.0,0.0,0.0,0.0,0.0,0.0,0.0,0.0,1.0,-1.0,1.0,1.0,0.0,-1.0,1.0,1.0
3499,7884.0,1.0,0.0,2.0,83.0,7.0,0.0,0.0,0.0,0.0,0.0,0.0,0.0,0.0,0.0,1.0,0.0,0.0,0.0,0.0,0.0,19.0,57.0,0.0,0.0,0.0,0.0,0.0909090909,0.3090909091,0.0,1.0,0.0,0.0,0.0,0.0247933884,0.0,0.0,0.0,0.0,0.0,1.0,0.0,0.0,1.0,-1.0,0.0,1.0,0.0,1.0,0.0,0.0
3500,9149.0,1.0,0.0,5.0,41.0,0.0,0.0,0.0,0.0,0.0,0.0,0.0,0.0,0.0,6.0,1.0,1.0,0.0,0.0,0.0,0.0,16.0,18.0,0.0,0.0,0.0,0.0,0.0740740741,0.5111111111,0.0,0.0,0.0,0.0,0.0,0.0,0.0,0.0,0.0,0.0,0.0,1.0,0.0,0.0,1.0,1.0,0.0,1.0,0.0,1.0,0.0,0.0
3501,3986.0,2.0,0.0,3.0,65.0,0.0,0.0,0.0,0.0,0.0,0.0,0.0,0.0,0.0,0.0,1.0,0.0,0.0,0.0,0.0,0.0,20.0,38.0,0.0,0.0,0.0,0.0,0.9183673469,0.875,0.0,1.0,0.0,0.0,0.0,0.0816326531,1.0,0.0,0.0,0.0,0.0,0.0,0.0,0.0,1.0,0.0,-1.0,1.0,-1.0,-1.0,1.0,1.0
3502,9854.0,2.0,1.0,3.0,49.0,3.0,0.0,0.0,0.0,0.0,0.0,0.0,0.0,0.0,0.0,1.0,0.0,0.0,0.0,1.0,0.0,13.0,29.0,0.0,0.0,0.0,0.0,0.2,0.2962962963,0.0,1.0,0.0,0.0,0.0,0.0125,0.0,0.0,0.0,0.0,0.0,0.0,0.0,0.0,1.0,1.0,0.0,1.0,1.0,1.0,0.0,0.0
3503,9047.0,1.0,0.0,3.0,34.0,0.0,0.0,0.0,0.0,0.0,0.0,0.0,0.0,0.0,0.0,1.0,0.0,0.0,0.0,1.0,0.0,15.0,12.0,0.0,0.0,0.0,0.0,0.1242937853,1.0,1.0,1.0,1.0,1.0,0.0,0.0847457627,0.0,0.0,0.0,0.0,0.0,1.0,0.0,0.0,1.0,1.0,-1.0,0.0,-1.0,1.0,0.0,0.0
3504,3684.0,6.0,4.0,4.0,62.0,0.0,0.0,0.0,0.0,0.0,0.0,0.0,0.0,0.0,0.0,1.0,1.0,0.0,1.0,1.0,0.0,28.0,27.0,0.0,0.0,2.0,0.0,0.7857142857,0.0588235294,0.0,1.0,0.0,0.0,0.0,0.0,0.0,0.0,0.0,0.0,0.0,0.0,0.0,0.0,-1.0,0.0,1.0,1.0,0.0,-1.0,1.0,1.0
3505,740.0,3.0,0.0,5.0,231.0,11.0,0.0,0.0,0.0,3.0,0.0,5.0,3.0,0.0,25.0,1.0,0.0,0.0,0.0,1.0,0.0,16.0,112.0,95.0,0.0,0.0,0.0,0.5,0.9375,0.0,1.0,0.0,0.0,0.0,0.0,1.0,0.0,0.0,0.0,0.0,1.0,0.0,0.0,1.0,-1.0,-1.0,1.0,-1.0,0.0,1.0,1.0
3506,8462.0,1.0,0.0,3.0,55.0,0.0,0.0,0.0,0.0,0.0,0.0,0.0,0.0,0.0,0.0,1.0,0.0,0.0,0.0,0.0,0.0,28.0,20.0,0.0,0.0,0.0,0.0,0.0984848485,0.2444444444,0.0,1.0,1.0,0.0,0.0,0.0606060606,0.0,0.0,0.0,0.0,0.0,0.0,0.0,0.0,1.0,0.0,1.0,1.0,0.0,1.0,0.0,0.0
3507,9537.0,3.0,1.0,2.0,54.0,2.0,0.0,0.0,0.0,0.0,0.0,0.0,0.0,0.0,0.0,1.0,1.0,0.0,0.0,1.0,0.0,15.0,32.0,0.0,0.0,0.0,0.0,0.1370558376,0.2698412698,0.0,1.0,0.0,0.0,0.0,0.0558375635,0.0,0.0,0.0,0.0,0.0,1.0,0.0,0.0,1.0,0.0,1.0,1.0,0.0,1.0,0.0,0.0
3508,8072.0,3.0,1.0,16.0,105.0,0.0,0.0,0.0,0.0,0.0,0.0,0.0,0.0,0.0,22.0,1.0,1.0,0.0,0.0,1.0,0.0,19.0,79.0,0.0,0.0,0.0,0.0,0.0882352941,0.0508474576,0.0,1.0,0.0,0.0,0.0,0.0661764706,0.0,0.0,0.0,0.0,0.0,1.0,0.0,0.0,1.0,-1.0,1.0,1.0,1.0,1.0,0.0,0.0
3509,2948.0,2.0,1.0,4.0,73.0,0.0,0.0,0.0,0.0,0.0,0.0,0.0,0.0,0.0,21.0,1.0,1.0,0.0,0.0,0.0,0.0,18.0,48.0,0.0,0.0,0.0,0.0,1.0,1.0,0.0,1.0,0.0,0.0,0.0,0.0,1.0,0.0,0.0,0.0,0.0,0.0,0.0,0.0,1.0,0.0,-1.0,1.0,-1.0,-1.0,1.0,1.0
3510,4370.0,2.0,0.0,5.0,59.0,0.0,0.0,0.0,0.0,0.0,0.0,0.0,0.0,0.0,0.0,1.0,0.0,0.0,0.0,0.0,0.0,15.0,37.0,0.0,0.0,0.0,0.0,0.9333333333,1.0,1.0,1.0,0.0,0.0,0.0,0.0666666667,1.0,0.0,0.0,0.0,0.0,1.0,0.0,0.0,1.0,0.0,-1.0,1.0,-1.0,-1.0,1.0,1.0
3511,3861.0,3.0,0.0,4.0,60.0,1.0,0.0,0.0,0.0,0.0,0.0,0.0,0.0,0.0,0.0,1.0,0.0,0.0,0.0,0.0,0.0,20.0,33.0,0.0,0.0,0.0,0.0,0.6,0.0,0.0,1.0,0.0,0.0,0.0,0.2,0.0,0.0,0.0,0.0,0.0,0.0,0.0,0.0,1.0,0.0,1.0,1.0,1.0,-1.0,1.0,1.0
3512,4087.0,2.0,1.0,2.0,38.0,0.0,0.0,0.0,0.0,0.0,0.0,0.0,0.0,0.0,1.0,1.0,1.0,0.0,0.0,0.0,0.0,24.0,7.0,0.0,0.0,0.0,0.0,1.0,1.0,0.0,1.0,0.0,0.0,0.0,0.0,1.0,0.0,0.0,0.0,0.0,1.0,0.0,0.0,1.0,1.0,-1.0,1.0,-1.0,-1.0,1.0,1.0
3513,2072.0,2.0,0.0,1.0,48.0,0.0,0.0,0.0,0.0,0.0,0.0,0.0,0.0,0.0,0.0,1.0,0.0,0.0,0.0,0.0,0.0,19.0,22.0,0.0,0.0,0.0,0.0,0.5,1.0,1.0,1.0,0.0,0.0,0.0,0.0,1.0,0.0,0.0,0.0,0.0,0.0,0.0,0.0,1.0,1.0,-1.0,1.0,-1.0,0.0,1.0,1.0
3514,2008.0,2.0,0.0,6.0,63.0,1.0,0.0,0.0,0.0,0.0,0.0,0.0,0.0,0.0,0.0,1.0,1.0,0.0,0.0,0.0,0.0,12.0,44.0,0.0,0.0,0.0,0.0,0.0,0.0,0.0,1.0,1.0,0.0,0.0,0.0,1.0,0.0,0.0,0.0,0.0,0.0,0.0,0.0,1.0,0.0,1.0,1.0,1.0,1.0,1.0,1.0
3515,7965.0,3.0,1.0,2.0,64.0,5.0,0.0,0.0,0.0,0.0,0.0,0.0,0.0,0.0,0.0,1.0,0.0,0.0,0.0,0.0,0.0,25.0,32.0,0.0,0.0,0.0,0.0,0.0864864865,0.1290322581,0.0,1.0,0.0,1.0,0.0,0.0216216216,0.0,0.0,0.0,0.0,0.0,1.0,0.0,0.0,1.0,0.0,1.0,0.0,0.0,1.0,0.0,0.0
3516,2682.0,3.0,0.0,6.0,157.0,4.0,0.0,0.0,0.0,0.0,0.0,1.0,0.0,0.0,51.0,1.0,1.0,0.0,0.0,1.0,0.0,17.0,95.0,37.0,0.0,0.0,0.0,0.0,0.0416666667,1.0,1.0,0.0,0.0,0.0,0.0,0.0,0.0,0.0,0.0,0.0,0.0,0.0,0.0,1.0,-1.0,1.0,1.0,0.0,1.0,1.0,1.0
3517,7984.0,3.0,1.0,1.0,83.0,0.0,0.0,0.0,0.0,3.0,0.0,3.0,2.0,0.0,4.0,1.0,0.0,0.0,0.0,0.0,0.0,13.0,10.0,52.0,0.0,0.0,0.0,0.2608695652,0.0,0.0,1.0,0.0,0.0,0.0,0.0,0.0,0.0,0.0,0.0,0.0,0.0,0.0,0.0,1.0,-1.0,1.0,1.0,1.0,1.0,0.0,0.0
3518,9564.0,3.0,1.0,2.0,56.0,0.0,0.0,0.0,0.0,0.0,0.0,1.0,0.0,0.0,5.0,1.0,1.0,0.0,0.0,0.0,0.0,19.0,22.0,7.0,0.0,0.0,0.0,0.2068965517,0.0158102767,0.0,0.0,0.0,0.0,0.0,0.0,0.0,0.0,0.0,0.0,1.0,0.0,0.0,0.0,1.0,0.0,1.0,1.0,0.0,1.0,0.0,0.0
3519,9204.0,3.0,1.0,2.0,46.0,1.0,0.0,0.0,0.0,0.0,0.0,1.0,0.0,0.0,5.0,1.0,0.0,0.0,0.0,0.0,0.0,11.0,17.0,10.0,0.0,0.0,0.0,0.1184210526,0.0681818182,0.0,1.0,1.0,0.0,0.0,0.0,0.0,0.0,0.0,0.0,0.0,1.0,0.0,0.0,1.0,1.0,1.0,1.0,1.0,1.0,0.0,0.0
3520,3309.0,3.0,1.0,3.0,60.0,1.0,1.0,0.0,0.0,0.0,0.0,0.0,0.0,0.0,0.0,1.0,0.0,0.0,0.0,1.0,0.0,25.0,28.0,0.0,0.0,0.0,0.0,0.0,0.0,0.0,1.0,1.0,0.0,0.0,0.0,0.0,0.0,0.0,0.0,0.0,0.0,1.0,0.0,1.0,0.0,1.0,1.0,1.0,1.0,1.0,1.0
3521,6794.0,1.0,0.0,4.0,93.0,8.0,0.0,0.0,0.0,0.0,0.0,0.0,0.0,0.0,6.0,1.0,1.0,0.0,0.0,1.0,0.0,12.0,74.0,0.0,0.0,0.0,0.0,0.0406504065,0.1320754717,0.0,1.0,0.0,0.0,0.0,0.0487804878,0.0,0.0,0.0,0.0,0.0,0.0,0.0,0.0,1.0,-1.0,1.0,1.0,0.0,1.0,0.0,0.0
3522,219.0,2.0,0.0,7.0,69.0,1.0,0.0,0.0,0.0,0.0,0.0,0.0,0.0,0.0,6.0,1.0,1.0,0.0,0.0,0.0,0.0,10.0,52.0,0.0,0.0,0.0,0.0,0.0,0.0,0.0,0.0,0.0,0.0,0.0,0.0,1.0,0.0,0.0,0.0,0.0,0.0,1.0,0.0,1.0,0.0,1.0,1.0,1.0,1.0,1.0,1.0
3523,8979.0,2.0,1.0,0.0,31.0,0.0,0.0,0.0,0.0,0.0,0.0,0.0,0.0,0.0,0.0,1.0,0.0,0.0,0.0,0.0,0.0,23.0,1.0,0.0,0.0,0.0,0.0,0.1428571429,0.0,0.0,0.0,0.0,0.0,0.0,0.0816326531,0.0,0.0,0.0,0.0,1.0,0.0,0.0,0.0,1.0,1.0,1.0,1.0,1.0,1.0,0.0,0.0
3524,3637.0,2.0,1.0,3.0,94.0,1.0,0.0,0.0,0.0,0.0,0.0,0.0,0.0,0.0,29.0,1.0,1.0,0.0,0.0,0.0,0.0,29.0,58.0,0.0,0.0,1.0,0.0,0.0,0.0,0.0,0.0,0.0,0.0,0.0,0.0,1.0,0.0,0.0,0.0,0.0,0.0,1.0,0.0,1.0,-1.0,1.0,1.0,1.0,1.0,1.0,1.0
3525,1255.0,2.0,0.0,4.0,58.0,1.0,0.0,0.0,0.0,0.0,1.0,0.0,0.0,0.0,2.0,1.0,1.0,0.0,0.0,0.0,0.0,17.0,34.0,0.0,0.0,0.0,0.0,0.0,1.0,0.0,1.0,0.0,1.0,0.0,0.0,1.0,0.0,0.0,0.0,0.0,0.0,0.0,0.0,1.0,0.0,-1.0,0.0,-1.0,1.0,1.0,1.0
3526,9838.0,3.0,1.0,3.0,57.0,1.0,0.0,0.0,0.0,0.0,0.0,0.0,0.0,0.0,7.0,1.0,1.0,0.0,0.0,0.0,0.0,14.0,36.0,0.0,0.0,0.0,0.0,0.1066666667,0.4210526316,0.0,0.0,0.0,0.0,0.0,0.0,0.0,0.0,0.0,0.0,0.0,0.0,0.0,0.0,1.0,0.0,1.0,1.0,0.0,1.0,0.0,0.0
3527,8799.0,1.0,0.0,2.0,30.0,1.0,0.0,0.0,0.0,0.0,0.0,0.0,0.0,0.0,0.0,1.0,0.0,0.0,0.0,1.0,0.0,8.0,15.0,0.0,0.0,0.0,0.0,0.0254237288,0.4210526316,0.0,1.0,0.0,0.0,0.0,0.0169491525,0.0,0.0,0.0,0.0,0.0,0.0,0.0,0.0,1.0,1.0,1.0,1.0,0.0,1.0,0.0,0.0
3528,6088.0,3.0,1.0,2.0,89.0,12.0,0.0,0.0,0.0,0.0,0.0,0.0,0.0,0.0,14.0,1.0,1.0,0.0,0.0,1.0,0.0,16.0,66.0,0.0,0.0,0.0,0.0,0.0347222222,0.0614035088,0.0,1.0,0.0,0.0,0.0,0.0277777778,0.0,0.0,0.0,0.0,1.0,0.0,0.0,0.0,1.0,-1.0,1.0,1.0,1.0,1.0,0.0,0.0
3529,6506.0,2.0,0.0,5.0,106.0,13.0,0.0,0.0,0.0,0.0,0.0,0.0,0.0,0.0,14.0,1.0,1.0,0.0,0.0,1.0,0.0,11.0,88.0,0.0,0.0,0.0,0.0,0.1818181818,0.9333333333,0.0,0.0,0.0,0.0,0.0,0.0340909091,0.0,0.0,0.0,0.0,1.0,1.0,0.0,0.0,1.0,-1.0,-1.0,1.0,-1.0,1.0,0.0,0.0
3530,1020.0,4.0,0.0,3.0,113.0,0.0,0.0,0.0,0.0,2.0,0.0,7.0,6.0,0.0,9.0,1.0,0.0,1.0,0.0,0.0,0.0,12.0,22.0,71.0,0.0,1.0,0.0,0.375,0.0,0.0,1.0,0.0,0.0,0.0,0.0,1.0,0.0,0.0,0.0,0.0,0.0,0.0,0.0,1.0,-1.0,1.0,1.0,0.0,0.0,1.0,1.0
3531,5773.0,3.0,1.0,3.0,70.0,5.0,0.0,0.0,0.0,0.0,0.0,0.0,0.0,0.0,8.0,1.0,1.0,0.0,0.0,0.0,0.0,20.0,43.0,0.0,0.0,0.0,0.0,0.0226244344,0.2028985507,0.0,1.0,0.0,0.0,0.0,0.0030165913,0.0,0.0,0.0,1.0,0.0,1.0,0.0,0.0,1.0,0.0,1.0,1.0,0.0,1.0,0.0,0.0
3532,5811.0,2.0,1.0,5.0,63.0,2.0,0.0,0.0,0.0,0.0,0.0,0.0,0.0,0.0,1.0,1.0,0.0,0.0,0.0,1.0,0.0,21.0,35.0,0.0,0.0,0.0,0.0,0.2233009709,0.1428571429,0.0,1.0,0.0,0.0,0.0,0.0,0.0,0.0,0.0,0.0,0.0,1.0,0.0,0.0,1.0,0.0,1.0,1.0,0.0,1.0,0.0,0.0
3533,9118.0,1.0,0.0,3.0,42.0,0.0,0.0,0.0,0.0,0.0,0.0,0.0,0.0,0.0,6.0,1.0,1.0,0.0,0.0,0.0,0.0,26.0,9.0,0.0,0.0,0.0,0.0,0.3613445378,0.9658119658,1.0,1.0,1.0,0.0,0.0,0.0056022409,0.0,0.0,0.0,0.0,0.0,1.0,0.0,0.0,1.0,1.0,-1.0,1.0,-1.0,0.0,0.0,0.0
3534,8308.0,2.0,1.0,3.0,50.0,0.0,0.0,0.0,0.0,0.0,0.0,0.0,0.0,0.0,7.0,1.0,1.0,0.0,0.0,0.0,0.0,24.0,19.0,0.0,0.0,0.0,0.0,0.0163934426,1.0,1.0,0.0,0.0,0.0,0.0,0.0054644809,0.0,0.0,0.0,0.0,0.0,0.0,0.0,0.0,1.0,1.0,-1.0,1.0,-1.0,1.0,0.0,0.0
3535,1636.0,3.0,1.0,7.0,93.0,1.0,0.0,0.0,0.0,0.0,0.0,0.0,0.0,0.0,18.0,1.0,1.0,0.0,0.0,1.0,0.0,22.0,64.0,0.0,0.0,0.0,0.0,0.0,0.125,0.0,1.0,1.0,0.0,0.0,0.9230769231,0.0,0.0,0.0,0.0,0.0,0.0,0.0,0.0,1.0,-1.0,1.0,1.0,1.0,-1.0,1.0,1.0
3536,7985.0,1.0,0.0,3.0,60.0,3.0,0.0,0.0,0.0,0.0,0.0,0.0,0.0,0.0,5.0,1.0,1.0,0.0,0.0,1.0,0.0,11.0,42.0,0.0,0.0,0.0,0.0,0.0854700855,1.0,1.0,0.0,0.0,0.0,0.0,0.141025641,0.0,0.0,0.0,0.0,1.0,1.0,0.0,0.0,1.0,0.0,-1.0,1.0,-1.0,1.0,0.0,0.0
3537,127.0,2.0,1.0,5.0,79.0,0.0,0.0,0.0,0.0,0.0,0.0,0.0,0.0,0.0,20.0,1.0,1.0,0.0,0.0,1.0,0.0,19.0,53.0,0.0,0.0,0.0,0.0,0.0,0.7777777778,1.0,1.0,1.0,0.0,0.0,0.7857142857,0.0,0.0,0.0,0.0,0.0,0.0,0.0,0.0,1.0,-1.0,-1.0,1.0,0.0,-1.0,1.0,1.0
3538,4740.0,2.0,0.0,4.0,64.0,1.0,0.0,0.0,0.0,0.0,0.0,0.0,0.0,0.0,6.0,1.0,1.0,0.0,0.0,1.0,0.0,21.0,36.0,0.0,0.0,0.0,0.0,0.0,0.0,0.0,1.0,1.0,0.0,0.0,1.0,0.0,0.0,0.0,0.0,0.0,0.0,0.0,0.0,1.0,0.0,1.0,1.0,1.0,-1.0,1.0,1.0
3539,783.0,1.0,0.0,4.0,43.0,1.0,1.0,0.0,0.0,0.0,0.0,0.0,0.0,0.0,0.0,1.0,1.0,0.0,0.0,0.0,0.0,20.0,16.0,0.0,0.0,0.0,0.0,1.0,1.0,0.0,1.0,0.0,0.0,0.0,0.0,1.0,0.0,0.0,0.0,0.0,1.0,0.0,0.0,1.0,1.0,-1.0,1.0,-1.0,-1.0,1.0,1.0
3540,361.0,3.0,0.0,2.0,44.0,0.0,0.0,0.0,0.0,0.0,0.0,0.0,0.0,0.0,0.0,1.0,0.0,0.0,0.0,0.0,0.0,15.0,22.0,0.0,0.0,0.0,1.0,1.0,1.0,0.0,1.0,0.0,0.0,0.0,0.0,1.0,0.0,0.0,0.0,0.0,0.0,0.0,0.0,1.0,1.0,-1.0,1.0,-1.0,-1.0,1.0,1.0
3541,967.0,2.0,1.0,2.0,46.0,1.0,0.0,0.0,0.0,0.0,0.0,0.0,0.0,0.0,0.0,1.0,0.0,0.0,0.0,0.0,0.0,26.0,13.0,0.0,0.0,0.0,0.0,0.0,0.1538461538,0.0,1.0,0.0,0.0,0.0,0.0,0.0,0.0,0.0,0.0,0.0,0.0,0.0,0.0,1.0,1.0,1.0,1.0,1.0,1.0,1.0,1.0
3542,2003.0,2.0,0.0,3.0,44.0,0.0,0.0,0.0,0.0,0.0,0.0,0.0,0.0,0.0,0.0,1.0,1.0,0.0,0.0,0.0,0.0,15.0,22.0,0.0,0.0,0.0,0.0,0.0,0.0,0.0,1.0,1.0,0.0,0.0,0.0,1.0,0.0,0.0,0.0,0.0,0.0,0.0,0.0,1.0,1.0,1.0,1.0,1.0,1.0,1.0,1.0
3543,1244.0,2.0,0.0,5.0,66.0,0.0,0.0,0.0,0.0,0.0,0.0,0.0,0.0,0.0,0.0,1.0,0.0,0.0,0.0,1.0,0.0,19.0,40.0,0.0,0.0,0.0,0.0,0.0,0.0,0.0,1.0,0.0,0.0,0.0,0.0,0.0,0.0,0.0,0.0,0.0,0.0,0.0,0.0,1.0,0.0,1.0,1.0,1.0,1.0,1.0,1.0
3544,8702.0,2.0,1.0,0.0,38.0,0.0,0.0,0.0,0.0,0.0,0.0,0.0,0.0,0.0,0.0,1.0,0.0,0.0,0.0,0.0,0.0,30.0,1.0,0.0,0.0,0.0,0.0,0.03125,0.9827586207,0.0,1.0,0.0,0.0,0.0,0.0234375,0.0,0.0,0.0,0.0,0.0,0.0,0.0,1.0,1.0,1.0,-1.0,1.0,0.0,1.0,0.0,0.0
3545,5539.0,2.0,1.0,4.0,70.0,0.0,0.0,0.0,0.0,0.0,0.0,2.0,1.0,0.0,8.0,1.0,0.0,0.0,0.0,1.0,0.0,27.0,17.0,18.0,0.0,0.0,0.0,0.1176470588,0.9230769231,1.0,1.0,0.0,0.0,0.0,0.0,0.0,0.0,0.0,0.0,0.0,0.0,0.0,0.0,1.0,0.0,-1.0,1.0,0.0,1.0,0.0,0.0
3546,4840.0,4.0,1.0,4.0,69.0,1.0,0.0,0.0,0.0,0.0,0.0,0.0,0.0,0.0,0.0,1.0,1.0,0.0,0.0,1.0,0.0,22.0,40.0,0.0,0.0,0.0,0.0,0.0,0.0,0.0,1.0,0.0,0.0,0.0,0.0,0.0,0.0,0.0,0.0,0.0,0.0,0.0,0.0,1.0,0.0,1.0,1.0,1.0,1.0,1.0,1.0
3547,818.0,4.0,0.0,1.0,57.0,0.0,0.0,0.0,0.0,0.0,0.0,2.0,1.0,0.0,5.0,1.0,1.0,0.0,0.0,0.0,0.0,11.0,11.0,27.0,0.0,1.0,0.0,0.0,0.0,0.0,1.0,0.0,0.0,0.0,0.0,0.0,0.0,0.0,0.0,0.0,0.0,0.0,0.0,1.0,0.0,1.0,1.0,1.0,1.0,1.0,1.0
3548,9034.0,2.0,0.0,2.0,37.0,0.0,0.0,0.0,0.0,0.0,0.0,0.0,0.0,0.0,0.0,1.0,0.0,0.0,0.0,0.0,0.0,14.0,16.0,0.0,0.0,0.0,0.0,0.0,0.0269230769,0.0,1.0,0.0,0.0,0.0,0.0,0.0,0.0,0.0,0.0,0.0,0.0,0.0,0.0,1.0,1.0,1.0,1.0,0.0,1.0,0.0,0.0
3549,8968.0,3.0,1.0,1.0,50.0,0.0,0.0,0.0,0.0,0.0,0.0,0.0,0.0,0.0,10.0,1.0,1.0,0.0,0.0,0.0,0.0,27.0,16.0,0.0,0.0,0.0,0.0,0.1568627451,0.8805970149,1.0,1.0,0.0,1.0,0.0,0.0326797386,0.0,0.0,0.0,0.0,0.0,1.0,0.0,0.0,1.0,1.0,-1.0,0.0,0.0,1.0,0.0,0.0
3550,4489.0,4.0,1.0,4.0,91.0,1.0,0.0,0.0,0.0,0.0,4.0,0.0,0.0,0.0,12.0,1.0,1.0,0.0,0.0,1.0,0.0,24.0,60.0,0.0,0.0,0.0,0.0,1.0,0.16,0.0,1.0,1.0,0.0,0.0,0.0,0.0,0.0,0.0,0.0,0.0,0.0,0.0,0.0,1.0,-1.0,1.0,1.0,1.0,-1.0,1.0,1.0
3551,7099.0,1.0,0.0,5.0,74.0,4.0,0.0,0.0,0.0,0.0,0.0,0.0,0.0,0.0,8.0,1.0,1.0,0.0,0.0,0.0,0.0,17.0,50.0,0.0,0.0,0.0,0.0,0.123655914,0.0984848485,0.0,1.0,1.0,0.0,1.0,0.0161290323,0.0,0.0,0.0,0.0,0.0,1.0,0.0,0.0,1.0,0.0,1.0,-1.0,1.0,1.0,0.0,0.0
3552,5000.0,2.0,1.0,4.0,48.0,0.0,0.0,0.0,0.0,0.0,0.0,0.0,0.0,0.0,0.0,1.0,1.0,0.0,0.0,0.0,0.0,19.0,22.0,0.0,0.0,0.0,0.0,0.0,0.0,0.0,1.0,0.0,0.0,0.0,0.0,0.0,0.0,0.0,0.0,0.0,0.0,0.0,0.0,1.0,1.0,1.0,1.0,1.0,1.0,1.0,1.0
3553,7344.0,3.0,1.0,7.0,104.0,0.0,0.0,0.0,1.0,2.0,0.0,2.0,1.0,0.0,28.0,1.0,1.0,0.0,0.0,1.0,0.0,13.0,42.0,41.0,0.0,0.0,0.0,0.1052631579,0.5813953488,0.0,1.0,1.0,0.0,1.0,0.0,0.0,0.0,0.0,0.0,0.0,1.0,0.0,0.0,1.0,-1.0,0.0,-1.0,0.0,1.0,0.0,0.0
3554,4038.0,3.0,1.0,3.0,51.0,0.0,0.0,0.0,0.0,0.0,0.0,0.0,0.0,0.0,0.0,1.0,0.0,0.0,0.0,0.0,0.0,18.0,26.0,0.0,0.0,0.0,0.0,0.0,0.0,0.0,1.0,1.0,0.0,0.0,0.0,0.0,0.0,0.0,0.0,0.0,0.0,1.0,0.0,1.0,1.0,1.0,1.0,1.0,1.0,1.0,1.0
3555,2507.0,2.0,0.0,2.0,46.0,0.0,0.0,0.0,0.0,1.0,0.0,0.0,0.0,0.0,0.0,1.0,0.0,0.0,0.0,1.0,0.0,14.0,25.0,0.0,0.0,1.0,1.0,1.0,1.0,0.0,1.0,0.0,0.0,0.0,0.0,1.0,0.0,0.0,0.0,0.0,0.0,0.0,0.0,1.0,1.0,-1.0,1.0,-1.0,-1.0,1.0,1.0
3556,9489.0,2.0,1.0,1.0,34.0,0.0,0.0,0.0,0.0,0.0,0.0,0.0,0.0,0.0,2.0,1.0,0.0,0.0,0.0,0.0,0.0,16.0,11.0,0.0,0.0,0.0,0.0,0.0204081633,0.3333333333,0.0,0.0,0.0,0.0,0.0,0.0204081633,0.0,0.0,0.0,0.0,0.0,1.0,0.0,0.0,1.0,1.0,0.0,1.0,0.0,1.0,0.0,0.0
3557,3817.0,4.0,1.0,4.0,99.0,4.0,4.0,0.0,0.0,0.0,0.0,0.0,0.0,0.0,0.0,1.0,0.0,0.0,1.0,0.0,0.0,64.0,28.0,0.0,0.0,2.0,0.0,0.0,0.0,0.0,1.0,0.0,0.0,0.0,0.0,0.0,0.0,0.0,0.0,0.0,0.0,0.0,0.0,1.0,-1.0,1.0,1.0,1.0,1.0,1.0,1.0
3558,7243.0,2.0,0.0,6.0,93.0,0.0,0.0,0.0,0.0,0.0,2.0,0.0,0.0,0.0,8.0,1.0,1.0,0.0,0.0,0.0,0.0,8.0,78.0,0.0,0.0,0.0,0.0,0.0,0.1212121212,0.0,1.0,1.0,0.0,0.0,0.0,0.0,0.0,0.0,0.0,0.0,0.0,0.0,0.0,1.0,-1.0,1.0,1.0,1.0,1.0,0.0,0.0
3559,5044.0,1.0,0.0,0.0,17.0,0.0,0.0,0.0,0.0,0.0,0.0,0.0,0.0,0.0,0.0,1.0,0.0,0.0,0.0,0.0,0.0,9.0,1.0,0.0,0.0,0.0,0.0,0.0,0.3333333333,0.0,1.0,0.0,0.0,0.0,0.0,0.0,0.0,0.0,0.0,0.0,0.0,0.0,0.0,1.0,1.0,1.0,1.0,0.0,1.0,0.0,0.0
3560,4976.0,2.0,1.0,3.0,68.0,0.0,0.0,0.0,0.0,0.0,0.0,0.0,0.0,0.0,24.0,1.0,1.0,0.0,0.0,0.0,0.0,10.0,51.0,0.0,0.0,0.0,0.0,0.0,0.3333333333,0.0,1.0,0.0,0.0,0.0,0.0,0.0,0.0,0.0,0.0,0.0,0.0,0.0,0.0,1.0,0.0,1.0,1.0,0.0,1.0,1.0,1.0
3561,6860.0,3.0,1.0,2.0,62.0,0.0,0.0,0.0,0.0,0.0,0.0,1.0,0.0,0.0,7.0,1.0,1.0,0.0,0.0,0.0,0.0,20.0,24.0,10.0,0.0,0.0,0.0,0.1346153846,0.7840909091,1.0,1.0,0.0,0.0,0.0,0.0,0.0,0.0,0.0,0.0,0.0,1.0,0.0,0.0,1.0,0.0,-1.0,1.0,-1.0,1.0,0.0,0.0
3562,115.0,2.0,0.0,2.0,37.0,0.0,0.0,0.0,0.0,0.0,0.0,0.0,0.0,0.0,0.0,1.0,0.0,0.0,0.0,0.0,0.0,15.0,15.0,0.0,0.0,0.0,0.0,0.0,0.0714285714,0.0,1.0,0.0,0.0,0.0,1.0,0.0,0.0,0.0,0.0,0.0,1.0,0.0,0.0,1.0,1.0,1.0,1.0,1.0,-1.0,1.0,1.0
3563,9682.0,2.0,1.0,2.0,41.0,0.0,0.0,0.0,0.0,0.0,0.0,0.0,0.0,0.0,5.0,1.0,1.0,0.0,0.0,0.0,0.0,19.0,15.0,0.0,0.0,0.0,0.0,0.0369318182,0.0582524272,0.0,1.0,0.0,0.0,0.0,0.0085227273,0.0,0.0,0.0,0.0,1.0,0.0,0.0,0.0,1.0,1.0,1.0,1.0,0.0,1.0,0.0,0.0
3564,5367.0,2.0,1.0,5.0,72.0,0.0,0.0,0.0,0.0,5.0,0.0,0.0,0.0,0.0,6.0,1.0,1.0,0.0,0.0,1.0,0.0,17.0,48.0,0.0,0.0,0.0,0.0,0.6333333333,0.9473684211,1.0,1.0,1.0,1.0,1.0,0.1,1.0,0.0,0.0,0.0,1.0,0.0,0.0,0.0,1.0,0.0,-1.0,0.0,0.0,-1.0,0.0,0.0
3565,9591.0,3.0,1.0,2.0,48.0,1.0,0.0,0.0,0.0,0.0,0.0,0.0,0.0,0.0,0.0,1.0,0.0,0.0,0.0,1.0,0.0,19.0,22.0,0.0,0.0,0.0,0.0,0.0,0.3305084746,0.0,1.0,0.0,0.0,0.0,0.0118110236,0.0,0.0,0.0,0.0,0.0,0.0,0.0,0.0,1.0,1.0,0.0,1.0,0.0,1.0,0.0,0.0
3566,5539.0,2.0,1.0,4.0,70.0,0.0,0.0,0.0,0.0,0.0,0.0,2.0,1.0,0.0,8.0,1.0,0.0,0.0,0.0,1.0,0.0,27.0,17.0,18.0,0.0,0.0,0.0,0.1176470588,0.9230769231,1.0,1.0,0.0,0.0,0.0,0.0,0.0,0.0,0.0,0.0,0.0,0.0,0.0,0.0,1.0,0.0,-1.0,1.0,0.0,1.0,0.0,0.0
3567,3117.0,2.0,1.0,3.0,82.0,0.0,0.0,0.0,0.0,0.0,0.0,0.0,0.0,0.0,0.0,1.0,1.0,0.0,0.0,0.0,0.0,22.0,53.0,0.0,0.0,0.0,0.0,0.0,0.0,0.0,1.0,0.0,0.0,0.0,1.0,0.0,0.0,0.0,0.0,0.0,0.0,0.0,0.0,1.0,-1.0,1.0,1.0,1.0,-1.0,1.0,1.0
3568,3879.0,1.0,0.0,2.0,36.0,0.0,0.0,0.0,0.0,0.0,0.0,0.0,0.0,0.0,0.0,1.0,1.0,0.0,0.0,0.0,0.0,20.0,9.0,0.0,0.0,0.0,0.0,1.0,1.0,0.0,1.0,0.0,0.0,0.0,0.0,1.0,0.0,0.0,0.0,0.0,1.0,0.0,0.0,1.0,1.0,-1.0,1.0,-1.0,-1.0,1.0,1.0
3569,6307.0,2.0,1.0,4.0,105.0,6.0,0.0,0.0,0.0,0.0,0.0,1.0,0.0,0.0,14.0,1.0,1.0,0.0,0.0,1.0,0.0,19.0,58.0,20.0,0.0,0.0,0.0,0.0462962963,0.95,1.0,1.0,0.0,0.0,0.0,0.0,0.0,0.0,0.0,0.0,1.0,0.0,0.0,0.0,1.0,-1.0,-1.0,1.0,-1.0,1.0,0.0,0.0
3570,8269.0,2.0,1.0,3.0,102.0,9.0,0.0,0.0,0.0,0.0,0.0,0.0,0.0,0.0,14.0,1.0,1.0,0.0,0.0,1.0,0.0,25.0,70.0,0.0,0.0,0.0,0.0,0.4366197183,0.8648648649,0.0,1.0,0.0,0.0,0.0,0.0352112676,0.0,0.0,0.0,0.0,0.0,0.0,0.0,0.0,1.0,-1.0,-1.0,1.0,0.0,0.0,0.0,0.0
3571,4049.0,5.0,0.0,3.0,58.0,0.0,0.0,0.0,0.0,0.0,0.0,0.0,0.0,0.0,0.0,1.0,0.0,0.0,0.0,1.0,0.0,16.0,35.0,0.0,0.0,1.0,1.0,0.9090909091,0.3333333333,1.0,1.0,0.0,0.0,0.0,0.0909090909,1.0,0.0,0.0,0.0,0.0,1.0,0.0,0.0,1.0,0.0,0.0,1.0,0.0,-1.0,1.0,1.0
3572,9755.0,3.0,1.0,4.0,51.0,0.0,0.0,0.0,0.0,0.0,0.0,0.0,0.0,0.0,4.0,1.0,1.0,0.0,0.0,1.0,0.0,21.0,23.0,0.0,0.0,0.0,0.0,0.0253164557,0.8461538462,0.0,0.0,0.0,0.0,0.0,0.0632911392,0.0,0.0,0.0,0.0,1.0,1.0,0.0,0.0,1.0,1.0,-1.0,1.0,-1.0,1.0,0.0,0.0
3573,2412.0,2.0,0.0,1.0,35.0,1.0,1.0,0.0,0.0,0.0,0.0,0.0,0.0,0.0,0.0,1.0,0.0,0.0,0.0,0.0,0.0,16.0,12.0,0.0,0.0,1.0,0.0,0.9230769231,1.0,0.0,1.0,0.0,0.0,0.0,0.0,1.0,0.0,0.0,0.0,0.0,0.0,0.0,0.0,1.0,1.0,1.0,1.0,-1.0,-1.0,1.0,1.0
3574,2190.0,2.0,0.0,2.0,38.0,0.0,0.0,0.0,0.0,0.0,0.0,0.0,0.0,0.0,0.0,1.0,1.0,0.0,0.0,0.0,0.0,15.0,16.0,0.0,0.0,0.0,0.0,0.9230769231,1.0,0.0,1.0,0.0,0.0,0.0,0.0,1.0,0.0,0.0,0.0,0.0,0.0,0.0,0.0,1.0,1.0,1.0,1.0,-1.0,-1.0,1.0,1.0
3575,1238.0,2.0,0.0,5.0,60.0,0.0,0.0,0.0,0.0,0.0,0.0,0.0,0.0,0.0,4.0,1.0,1.0,0.0,0.0,1.0,0.0,12.0,41.0,0.0,0.0,0.0,0.0,0.0,1.0,0.0,1.0,1.0,0.0,0.0,1.0,1.0,0.0,0.0,0.0,0.0,0.0,0.0,0.0,1.0,0.0,-1.0,1.0,-1.0,-1.0,1.0,1.0
3576,1915.0,5.0,1.0,2.0,52.0,0.0,0.0,0.0,0.0,0.0,0.0,0.0,0.0,0.0,0.0,1.0,0.0,0.0,0.0,1.0,0.0,21.0,24.0,0.0,0.0,0.0,0.0,0.0,1.0,0.0,1.0,0.0,0.0,0.0,0.0,1.0,0.0,0.0,0.0,0.0,0.0,0.0,0.0,1.0,1.0,-1.0,1.0,-1.0,1.0,1.0,1.0
3577,1129.0,3.0,1.0,4.0,58.0,1.0,1.0,0.0,0.0,0.0,0.0,0.0,0.0,0.0,0.0,1.0,0.0,0.0,0.0,1.0,0.0,19.0,32.0,0.0,0.0,0.0,0.0,0.375,0.0,0.0,1.0,0.0,0.0,0.0,0.1875,0.0,0.0,0.0,0.0,0.0,0.0,0.0,0.0,1.0,0.0,1.0,1.0,0.0,0.0,1.0,1.0
3578,8465.0,1.0,0.0,0.0,25.0,0.0,0.0,0.0,0.0,0.0,0.0,0.0,0.0,0.0,0.0,1.0,0.0,0.0,0.0,0.0,0.0,17.0,1.0,0.0,0.0,0.0,0.0,0.3571428571,0.0,0.0,0.0,0.0,0.0,0.0,0.2142857143,0.0,0.0,0.0,0.0,0.0,0.0,0.0,0.0,1.0,1.0,1.0,1.0,1.0,0.0,0.0,0.0
3579,7727.0,2.0,1.0,5.0,72.0,4.0,0.0,0.0,0.0,0.0,0.0,0.0,0.0,0.0,10.0,1.0,1.0,0.0,0.0,1.0,0.0,17.0,48.0,0.0,0.0,0.0,0.0,0.0144927536,0.2222222222,0.0,1.0,0.0,0.0,0.0,0.0144927536,0.0,0.0,0.0,0.0,1.0,1.0,0.0,0.0,1.0,0.0,1.0,1.0,1.0,1.0,0.0,0.0
3580,70.0,2.0,1.0,3.0,37.0,0.0,0.0,0.0,0.0,0.0,0.0,0.0,0.0,0.0,0.0,1.0,0.0,0.0,0.0,1.0,0.0,22.0,8.0,0.0,0.0,0.0,0.0,0.0,0.0,0.0,1.0,0.0,0.0,0.0,0.0,0.0,0.0,0.0,0.0,0.0,0.0,0.0,0.0,1.0,1.0,1.0,1.0,1.0,1.0,1.0,1.0
3581,431.0,2.0,0.0,2.0,47.0,0.0,0.0,0.0,0.0,0.0,0.0,0.0,0.0,0.0,0.0,1.0,1.0,0.0,0.0,0.0,0.0,24.0,16.0,0.0,0.0,1.0,0.0,0.0,0.0,0.0,1.0,1.0,0.0,0.0,0.0,0.0,0.0,0.0,0.0,0.0,0.0,1.0,0.0,1.0,1.0,1.0,1.0,1.0,1.0,1.0,1.0
3582,1836.0,1.0,0.0,3.0,63.0,0.0,0.0,0.0,0.0,0.0,0.0,0.0,0.0,0.0,17.0,1.0,1.0,0.0,0.0,0.0,0.0,18.0,38.0,0.0,0.0,0.0,0.0,0.0,0.0,0.0,1.0,0.0,0.0,0.0,0.0,0.0,0.0,0.0,0.0,0.0,0.0,0.0,0.0,1.0,0.0,1.0,1.0,1.0,1.0,1.0,1.0
3583,4002.0,1.0,0.0,2.0,47.0,0.0,0.0,0.0,0.0,0.0,0.0,0.0,0.0,0.0,5.0,1.0,1.0,0.0,0.0,0.0,0.0,10.0,30.0,0.0,0.0,0.0,0.0,0.0,0.6666666667,0.0,1.0,0.0,0.0,0.0,0.0,0.0,0.0,0.0,0.0,0.0,0.0,0.0,0.0,1.0,1.0,0.0,1.0,-1.0,1.0,1.0,1.0
3584,4722.0,3.0,1.0,5.0,58.0,1.0,0.0,0.0,0.0,0.0,0.0,0.0,0.0,0.0,0.0,1.0,1.0,0.0,0.0,0.0,0.0,14.0,37.0,0.0,0.0,0.0,0.0,1.0,0.8620689655,0.0,1.0,0.0,0.0,0.0,0.0,1.0,0.0,0.0,0.0,0.0,0.0,0.0,0.0,1.0,0.0,-1.0,1.0,-1.0,-1.0,1.0,1.0
3585,2428.0,4.0,1.0,2.0,54.0,0.0,0.0,0.0,0.0,0.0,0.0,0.0,0.0,0.0,0.0,1.0,0.0,0.0,0.0,0.0,0.0,21.0,26.0,0.0,0.0,1.0,0.0,0.8888888889,0.0,0.0,1.0,0.0,0.0,0.0,0.1111111111,0.0,0.0,0.0,0.0,0.0,0.0,0.0,1.0,1.0,0.0,1.0,1.0,1.0,-1.0,1.0,1.0
3586,9724.0,3.0,1.0,1.0,44.0,0.0,0.0,0.0,0.0,0.0,0.0,0.0,0.0,0.0,0.0,1.0,1.0,0.0,0.0,0.0,0.0,23.0,14.0,0.0,0.0,0.0,0.0,0.0689655172,0.3428571429,0.0,0.0,0.0,0.0,0.0,0.1034482759,0.0,0.0,0.0,0.0,0.0,0.0,0.0,0.0,1.0,1.0,1.0,1.0,-1.0,1.0,0.0,0.0
3587,9223.0,3.0,1.0,4.0,48.0,0.0,0.0,0.0,0.0,0.0,0.0,0.0,0.0,0.0,6.0,1.0,1.0,0.0,0.0,0.0,0.0,14.0,27.0,0.0,0.0,0.0,0.0,0.0381679389,0.0,0.0,1.0,0.0,0.0,0.0,0.0076335878,0.0,1.0,0.0,0.0,0.0,0.0,0.0,0.0,1.0,1.0,1.0,1.0,1.0,1.0,0.0,0.0
3588,9720.0,2.0,1.0,3.0,34.0,0.0,0.0,0.0,0.0,0.0,0.0,0.0,0.0,0.0,0.0,1.0,0.0,0.0,0.0,0.0,0.0,14.0,13.0,0.0,0.0,0.0,0.0,0.0680851064,0.1222222222,0.0,0.0,0.0,1.0,0.0,0.0042553191,0.0,0.0,0.0,0.0,0.0,1.0,0.0,0.0,1.0,1.0,1.0,0.0,0.0,1.0,0.0,0.0
3589,5157.0,1.0,0.0,5.0,66.0,3.0,0.0,0.0,0.0,0.0,0.0,0.0,0.0,0.0,15.0,1.0,1.0,0.0,0.0,1.0,0.0,11.0,48.0,0.0,0.0,0.0,0.0,0.064516129,0.275,0.0,1.0,0.0,0.0,0.0,0.0,0.0,0.0,0.0,0.0,0.0,1.0,0.0,0.0,1.0,0.0,1.0,1.0,0.0,1.0,0.0,0.0
3590,105.0,1.0,0.0,3.0,39.0,0.0,0.0,0.0,0.0,0.0,0.0,0.0,0.0,0.0,2.0,1.0,0.0,0.0,0.0,0.0,0.0,23.0,9.0,0.0,0.0,0.0,0.0,0.0,0.0,0.0,1.0,0.0,0.0,0.0,0.0,0.0,0.0,0.0,0.0,0.0,0.0,0.0,0.0,1.0,1.0,1.0,1.0,1.0,1.0,1.0,1.0
3591,4879.0,3.0,1.0,2.0,41.0,1.0,1.0,0.0,0.0,0.0,0.0,0.0,0.0,0.0,0.0,1.0,0.0,0.0,0.0,0.0,0.0,14.0,20.0,0.0,0.0,0.0,0.0,0.0,0.0,0.0,1.0,0.0,1.0,0.0,0.0,0.0,0.0,0.0,0.0,0.0,0.0,0.0,0.0,1.0,1.0,1.0,0.0,1.0,1.0,1.0,1.0
3592,7759.0,2.0,1.0,5.0,82.0,5.0,0.0,0.0,0.0,0.0,0.0,0.0,0.0,0.0,8.0,1.0,1.0,0.0,0.0,1.0,0.0,22.0,53.0,0.0,0.0,0.0,0.0,0.4358974359,0.8703703704,0.0,1.0,1.0,0.0,0.0,0.0256410256,0.0,0.0,0.0,0.0,0.0,1.0,0.0,1.0,1.0,-1.0,-1.0,1.0,-1.0,0.0,0.0,0.0
3593,5964.0,2.0,1.0,2.0,111.0,4.0,0.0,0.0,0.0,0.0,0.0,0.0,0.0,0.0,8.0,1.0,1.0,0.0,0.0,1.0,0.0,27.0,77.0,0.0,0.0,0.0,0.0,0.1075949367,0.2941176471,0.0,0.0,0.0,0.0,0.0,0.0,0.0,0.0,0.0,0.0,0.0,0.0,0.0,0.0,1.0,-1.0,0.0,1.0,0.0,1.0,0.0,0.0
3594,1888.0,2.0,0.0,2.0,35.0,0.0,0.0,0.0,0.0,0.0,0.0,0.0,0.0,0.0,0.0,1.0,1.0,0.0,0.0,1.0,0.0,12.0,16.0,0.0,0.0,0.0,1.0,0.9333333333,1.0,1.0,1.0,0.0,0.0,0.0,0.0666666667,1.0,0.0,0.0,0.0,0.0,1.0,0.0,0.0,1.0,1.0,-1.0,1.0,-1.0,-1.0,1.0,1.0
3595,4784.0,5.0,1.0,2.0,57.0,0.0,0.0,0.0,0.0,0.0,0.0,0.0,0.0,0.0,1.0,1.0,1.0,0.0,0.0,1.0,0.0,29.0,21.0,0.0,0.0,0.0,0.0,0.0,1.0,0.0,1.0,0.0,0.0,0.0,0.0,1.0,0.0,0.0,0.0,0.0,0.0,0.0,0.0,1.0,0.0,-1.0,1.0,-1.0,1.0,1.0,1.0
3596,4062.0,3.0,1.0,2.0,53.0,0.0,0.0,0.0,0.0,2.0,0.0,0.0,0.0,0.0,0.0,1.0,0.0,0.0,0.0,1.0,0.0,17.0,29.0,0.0,0.0,0.0,0.0,1.0,1.0,0.0,1.0,0.0,0.0,0.0,0.0,1.0,0.0,0.0,0.0,0.0,1.0,1.0,0.0,1.0,1.0,-1.0,1.0,1.0,-1.0,1.0,1.0
3597,6445.0,3.0,1.0,3.0,97.0,5.0,0.0,0.0,0.0,0.0,0.0,0.0,0.0,0.0,7.0,1.0,1.0,0.0,0.0,1.0,0.0,22.0,68.0,0.0,0.0,0.0,0.0,0.1184210526,0.55,0.0,1.0,0.0,0.0,0.0,0.1973684211,0.0,0.0,0.0,0.0,0.0,0.0,0.0,0.0,1.0,-1.0,-1.0,1.0,0.0,0.0,0.0,0.0
3598,7838.0,2.0,1.0,4.0,81.0,1.0,1.0,0.0,0.0,0.0,1.0,2.0,1.0,0.0,10.0,1.0,1.0,0.0,0.0,0.0,0.0,16.0,25.0,32.0,0.0,0.0,0.0,0.0508474576,0.2083333333,0.0,1.0,1.0,0.0,1.0,0.0,0.0,0.0,0.0,0.0,0.0,1.0,0.0,0.0,1.0,-1.0,0.0,-1.0,0.0,1.0,0.0,0.0
3599,7775.0,3.0,1.0,1.0,199.0,13.0,0.0,0.0,0.0,0.0,0.0,4.0,4.0,0.0,26.0,1.0,0.0,0.0,0.0,0.0,0.0,13.0,9.0,169.0,0.0,0.0,0.0,0.0,1.0,1.0,0.0,0.0,0.0,0.0,0.0,1.0,0.0,0.0,0.0,0.0,0.0,0.0,0.0,1.0,-1.0,1.0,1.0,-1.0,1.0,0.0,0.0
3600,5916.0,1.0,0.0,5.0,96.0,6.0,0.0,0.0,0.0,0.0,0.0,0.0,0.0,0.0,0.0,1.0,0.0,0.0,0.0,1.0,0.0,16.0,73.0,0.0,0.0,0.0,0.0,0.0279329609,0.6071428571,0.0,1.0,0.0,0.0,0.0,0.0279329609,0.0,0.0,0.0,0.0,0.0,1.0,0.0,0.0,1.0,-1.0,1.0,1.0,0.0,1.0,0.0,0.0
3601,5514.0,1.0,0.0,5.0,62.0,2.0,0.0,0.0,0.0,0.0,0.0,0.0,0.0,0.0,8.0,1.0,1.0,0.0,0.0,0.0,0.0,18.0,37.0,0.0,0.0,0.0,0.0,0.2118055556,0.7047619048,0.0,1.0,1.0,0.0,1.0,0.0034722222,0.0,0.0,0.0,0.0,0.0,1.0,0.0,1.0,1.0,0.0,-1.0,-1.0,0.0,1.0,0.0,0.0
3602,7828.0,1.0,0.0,5.0,102.0,8.0,0.0,0.0,0.0,1.0,0.0,2.0,1.0,0.0,14.0,1.0,1.0,0.0,0.0,1.0,0.0,15.0,53.0,26.0,0.0,0.0,0.0,0.171875,1.0,1.0,1.0,1.0,0.0,0.0,0.0,0.0,0.0,0.0,0.0,0.0,1.0,0.0,0.0,1.0,-1.0,-1.0,1.0,0.0,1.0,0.0,0.0
3603,5918.0,3.0,1.0,3.0,82.0,4.0,0.0,0.0,0.0,0.0,0.0,0.0,0.0,0.0,6.0,1.0,1.0,0.0,0.0,0.0,0.0,22.0,53.0,0.0,0.0,0.0,0.0,0.6035242291,0.974789916,0.0,1.0,0.0,0.0,0.0,0.0088105727,0.0,0.0,0.0,0.0,0.0,1.0,0.0,0.0,1.0,-1.0,-1.0,1.0,0.0,0.0,0.0,0.0
3604,1012.0,4.0,0.0,3.0,69.0,0.0,0.0,0.0,0.0,1.0,0.0,3.0,3.0,0.0,11.0,1.0,0.0,1.0,0.0,0.0,0.0,12.0,22.0,27.0,0.0,0.0,0.0,0.375,0.0,0.0,1.0,0.0,0.0,0.0,0.0,1.0,0.0,0.0,0.0,0.0,0.0,0.0,0.0,1.0,0.0,1.0,1.0,0.0,0.0,1.0,1.0
3605,3468.0,3.0,2.0,5.0,121.0,5.0,4.0,0.0,0.0,0.0,0.0,0.0,0.0,0.0,17.0,1.0,1.0,0.0,1.0,1.0,0.0,66.0,48.0,0.0,0.0,0.0,0.0,0.0555555556,0.0909090909,0.0,1.0,1.0,0.0,0.0,0.9444444444,0.0,0.0,1.0,0.0,0.0,1.0,0.0,0.0,0.0,-1.0,1.0,1.0,1.0,-1.0,1.0,1.0
3606,3313.0,2.0,1.0,3.0,35.0,0.0,0.0,0.0,0.0,0.0,0.0,0.0,0.0,0.0,0.0,1.0,0.0,0.0,0.0,0.0,0.0,16.0,12.0,0.0,0.0,0.0,0.0,0.0,0.7857142857,0.0,1.0,0.0,0.0,0.0,1.0,1.0,0.0,0.0,0.0,0.0,1.0,0.0,0.0,1.0,1.0,-1.0,1.0,1.0,-1.0,1.0,1.0
3607,3494.0,3.0,2.0,4.0,109.0,5.0,4.0,0.0,0.0,0.0,0.0,0.0,0.0,0.0,27.0,1.0,1.0,0.0,1.0,1.0,0.0,57.0,45.0,0.0,0.0,0.0,0.0,0.0555555556,0.0909090909,0.0,1.0,1.0,0.0,0.0,0.9444444444,0.0,0.0,1.0,0.0,0.0,1.0,0.0,0.0,0.0,-1.0,1.0,1.0,1.0,-1.0,1.0,1.0
3608,2460.0,2.0,1.0,2.0,51.0,1.0,1.0,0.0,0.0,0.0,0.0,0.0,0.0,0.0,0.0,0.0,1.0,0.0,0.0,0.0,0.0,35.0,8.0,0.0,0.0,0.0,0.0,0.0,0.0,0.0,0.0,1.0,0.0,0.0,1.0,0.0,0.0,0.0,0.0,0.0,0.0,0.0,0.0,1.0,1.0,1.0,1.0,1.0,-1.0,1.0,1.0
3609,8466.0,1.0,0.0,3.0,35.0,0.0,0.0,0.0,0.0,0.0,0.0,0.0,0.0,0.0,7.0,1.0,1.0,0.0,0.0,0.0,0.0,14.0,14.0,0.0,0.0,0.0,0.0,0.23,0.2894736842,0.0,1.0,0.0,0.0,0.0,0.11,0.0,0.0,0.0,0.0,1.0,1.0,0.0,0.0,1.0,1.0,1.0,1.0,0.0,0.0,0.0,0.0
3610,6573.0,2.0,0.0,3.0,67.0,0.0,0.0,0.0,0.0,0.0,0.0,0.0,0.0,0.0,0.0,1.0,0.0,0.0,0.0,0.0,0.0,36.0,24.0,0.0,0.0,0.0,0.0,0.0141843972,0.0740740741,0.0,0.0,0.0,0.0,0.0,0.0,0.0,0.0,0.0,0.0,0.0,0.0,0.0,0.0,1.0,0.0,1.0,1.0,-1.0,1.0,0.0,0.0
3611,7397.0,5.0,2.0,2.0,133.0,1.0,0.0,0.0,0.0,2.0,1.0,7.0,6.0,0.0,5.0,1.0,0.0,0.0,0.0,0.0,0.0,25.0,13.0,87.0,0.0,0.0,0.0,0.0909090909,0.125,0.0,1.0,0.0,0.0,0.0,0.0,0.0,0.0,0.0,0.0,0.0,0.0,0.0,0.0,0.0,-1.0,1.0,1.0,1.0,1.0,0.0,0.0
3612,8251.0,1.0,0.0,5.0,85.0,6.0,0.0,0.0,0.0,0.0,0.0,0.0,0.0,0.0,9.0,1.0,1.0,0.0,0.0,0.0,0.0,24.0,54.0,0.0,0.0,0.0,0.0,0.1073170732,1.0,1.0,1.0,1.0,1.0,0.0,0.0341463415,0.0,0.0,0.0,0.0,0.0,1.0,0.0,0.0,1.0,-1.0,-1.0,0.0,0.0,1.0,0.0,0.0
3613,1795.0,1.0,0.0,2.0,27.0,0.0,0.0,0.0,0.0,0.0,0.0,0.0,0.0,0.0,0.0,1.0,0.0,0.0,0.0,0.0,0.0,15.0,5.0,0.0,0.0,0.0,0.0,0.9230769231,1.0,0.0,1.0,0.0,0.0,0.0,0.0,1.0,0.0,0.0,0.0,0.0,0.0,0.0,0.0,1.0,1.0,1.0,1.0,-1.0,-1.0,1.0,1.0
3614,6224.0,1.0,0.0,5.0,83.0,6.0,0.0,0.0,0.0,0.0,0.0,0.0,0.0,0.0,0.0,1.0,0.0,0.0,0.0,1.0,0.0,10.0,66.0,0.0,0.0,0.0,0.0,0.0696202532,0.1111111111,0.0,1.0,1.0,0.0,0.0,0.0886075949,0.0,0.0,0.0,0.0,0.0,0.0,0.0,0.0,1.0,-1.0,1.0,1.0,1.0,1.0,0.0,0.0
3615,3885.0,4.0,1.0,3.0,86.0,0.0,0.0,0.0,0.0,0.0,0.0,1.0,0.0,0.0,12.0,1.0,0.0,0.0,0.0,1.0,0.0,22.0,23.0,33.0,0.0,0.0,0.0,0.0,0.6666666667,1.0,1.0,0.0,0.0,0.0,0.0,0.0,0.0,0.0,0.0,0.0,0.0,0.0,0.0,1.0,-1.0,-1.0,1.0,0.0,1.0,1.0,1.0
3616,4784.0,5.0,1.0,2.0,57.0,0.0,0.0,0.0,0.0,0.0,0.0,0.0,0.0,0.0,1.0,1.0,1.0,0.0,0.0,1.0,0.0,29.0,21.0,0.0,0.0,0.0,0.0,0.0,1.0,0.0,1.0,0.0,0.0,0.0,0.0,1.0,0.0,0.0,0.0,0.0,0.0,0.0,0.0,1.0,0.0,-1.0,1.0,-1.0,1.0,1.0,1.0
3617,5869.0,4.0,1.0,4.0,108.0,7.0,1.0,0.0,0.0,1.0,0.0,0.0,0.0,0.0,0.0,1.0,0.0,0.0,1.0,1.0,0.0,14.0,87.0,0.0,0.0,0.0,0.0,0.0,1.0,0.0,0.0,0.0,0.0,0.0,0.0,1.0,0.0,0.0,0.0,0.0,0.0,1.0,0.0,1.0,-1.0,1.0,1.0,-1.0,1.0,0.0,0.0
3618,9827.0,2.0,1.0,2.0,46.0,1.0,0.0,0.0,0.0,0.0,0.0,0.0,0.0,0.0,0.0,1.0,0.0,0.0,0.0,0.0,0.0,16.0,23.0,0.0,0.0,0.0,0.0,0.0555555556,0.575,0.0,1.0,0.0,0.0,0.0,0.0555555556,0.0,0.0,0.0,0.0,0.0,1.0,0.0,0.0,1.0,1.0,0.0,1.0,0.0,1.0,0.0,0.0
3619,2564.0,2.0,0.0,2.0,48.0,0.0,0.0,0.0,0.0,0.0,0.0,1.0,0.0,0.0,10.0,1.0,1.0,0.0,0.0,0.0,0.0,10.0,17.0,13.0,0.0,0.0,0.0,0.7435897436,1.0,1.0,1.0,0.0,0.0,0.0,0.0,1.0,0.0,0.0,0.0,0.0,0.0,0.0,1.0,1.0,1.0,-1.0,1.0,-1.0,-1.0,1.0,1.0
3620,4238.0,4.0,0.0,3.0,58.0,0.0,0.0,0.0,0.0,0.0,0.0,0.0,0.0,0.0,10.0,1.0,1.0,0.0,0.0,1.0,0.0,13.0,38.0,0.0,0.0,0.0,0.0,1.0,1.0,0.0,1.0,0.0,0.0,0.0,0.0,1.0,0.0,0.0,0.0,0.0,0.0,0.0,0.0,1.0,0.0,-1.0,1.0,-1.0,-1.0,1.0,1.0
3621,9652.0,3.0,1.0,3.0,50.0,0.0,0.0,0.0,0.0,0.0,0.0,0.0,0.0,0.0,4.0,1.0,1.0,0.0,0.0,1.0,0.0,17.0,26.0,0.0,0.0,0.0,0.0,0.0420168067,0.1754385965,0.0,1.0,1.0,0.0,1.0,0.0364145658,0.0,0.0,0.0,0.0,0.0,1.0,0.0,0.0,1.0,1.0,1.0,-1.0,0.0,1.0,0.0,0.0
3622,8839.0,1.0,0.0,3.0,48.0,3.0,0.0,0.0,0.0,0.0,0.0,0.0,0.0,0.0,4.0,1.0,1.0,0.0,0.0,1.0,0.0,13.0,28.0,0.0,0.0,0.0,0.0,0.1875,0.2592592593,0.0,0.0,0.0,0.0,0.0,0.0,0.0,0.0,0.0,0.0,0.0,0.0,0.0,0.0,1.0,1.0,1.0,1.0,0.0,1.0,0.0,0.0
3623,2631.0,2.0,0.0,4.0,48.0,0.0,0.0,0.0,0.0,0.0,0.0,0.0,0.0,0.0,0.0,1.0,0.0,0.0,0.0,0.0,0.0,15.0,26.0,0.0,0.0,0.0,0.0,0.0,1.0,0.0,1.0,1.0,0.0,0.0,1.0,1.0,0.0,0.0,0.0,0.0,0.0,0.0,0.0,1.0,1.0,-1.0,1.0,-1.0,-1.0,1.0,1.0
3624,895.0,3.0,1.0,1.0,41.0,0.0,0.0,0.0,0.0,0.0,0.0,0.0,0.0,0.0,0.0,1.0,0.0,0.0,0.0,0.0,0.0,24.0,10.0,0.0,0.0,0.0,0.0,0.9230769231,1.0,0.0,1.0,0.0,0.0,0.0,0.0,1.0,0.0,0.0,0.0,0.0,0.0,0.0,0.0,1.0,1.0,1.0,1.0,-1.0,-1.0,1.0,1.0
3625,3066.0,2.0,1.0,4.0,60.0,0.0,0.0,0.0,0.0,0.0,1.0,0.0,0.0,0.0,2.0,1.0,1.0,0.0,0.0,0.0,0.0,22.0,31.0,0.0,0.0,0.0,0.0,0.0,0.0,0.0,1.0,0.0,0.0,0.0,0.0,0.0,0.0,0.0,0.0,0.0,0.0,0.0,0.0,1.0,0.0,1.0,1.0,1.0,1.0,1.0,1.0
3626,5989.0,3.0,1.0,18.0,131.0,0.0,0.0,0.0,0.0,0.0,0.0,0.0,0.0,0.0,2.0,1.0,1.0,0.0,0.0,1.0,0.0,16.0,108.0,0.0,0.0,0.0,0.0,0.0084745763,0.0112359551,0.0,0.0,0.0,0.0,0.0,0.0,0.0,0.0,0.0,0.0,0.0,0.0,0.0,0.0,1.0,-1.0,1.0,1.0,1.0,1.0,0.0,0.0
3627,2208.0,3.0,0.0,1.0,37.0,0.0,0.0,0.0,0.0,0.0,0.0,0.0,0.0,0.0,0.0,1.0,0.0,0.0,0.0,0.0,0.0,21.0,9.0,0.0,0.0,0.0,0.0,0.9230769231,1.0,0.0,1.0,0.0,0.0,0.0,0.0,1.0,0.0,0.0,0.0,0.0,0.0,0.0,0.0,1.0,1.0,1.0,1.0,-1.0,-1.0,1.0,1.0
3628,3487.0,2.0,1.0,4.0,40.0,0.0,0.0,0.0,0.0,0.0,0.0,0.0,0.0,0.0,1.0,1.0,1.0,0.0,0.0,1.0,0.0,15.0,18.0,0.0,0.0,0.0,0.0,0.0,0.0,0.0,1.0,0.0,0.0,0.0,0.0,0.0,0.0,0.0,0.0,0.0,0.0,0.0,0.0,1.0,1.0,1.0,1.0,1.0,1.0,1.0,1.0
3629,6548.0,1.0,0.0,2.0,64.0,5.0,0.0,0.0,0.0,0.0,0.0,0.0,0.0,0.0,0.0,1.0,1.0,0.0,0.0,1.0,0.0,8.0,49.0,0.0,0.0,0.0,0.0,0.1569767442,0.8235294118,1.0,0.0,0.0,0.0,0.0,0.023255814,0.0,0.0,0.0,0.0,1.0,0.0,0.0,0.0,1.0,0.0,-1.0,1.0,0.0,1.0,0.0,0.0
3630,6924.0,1.0,0.0,4.0,152.0,15.0,0.0,0.0,0.0,0.0,0.0,0.0,0.0,0.0,3.0,1.0,0.0,0.0,0.0,1.0,0.0,24.0,121.0,0.0,0.0,0.0,0.0,0.2307692308,0.4626865672,0.0,1.0,0.0,1.0,0.0,0.0256410256,0.0,0.0,0.0,0.0,1.0,1.0,0.0,0.0,1.0,-1.0,0.0,0.0,0.0,1.0,0.0,0.0
3631,9142.0,1.0,0.0,3.0,47.0,3.0,0.0,0.0,0.0,0.0,0.0,0.0,0.0,0.0,3.0,1.0,1.0,0.0,0.0,0.0,0.0,8.0,32.0,0.0,0.0,0.0,0.0,0.096,0.2222222222,0.0,1.0,0.0,0.0,0.0,0.008,0.0,0.0,0.0,0.0,1.0,0.0,0.0,0.0,1.0,1.0,1.0,1.0,0.0,1.0,0.0,0.0
3632,1541.0,3.0,0.0,4.0,48.0,0.0,0.0,0.0,0.0,0.0,0.0,0.0,0.0,0.0,4.0,1.0,1.0,0.0,0.0,1.0,0.0,15.0,26.0,0.0,0.0,0.0,0.0,0.0,0.6428571429,1.0,1.0,0.0,0.0,0.0,1.0,0.0,0.0,0.0,0.0,0.0,0.0,0.0,0.0,1.0,1.0,-1.0,1.0,0.0,-1.0,1.0,1.0
3633,2137.0,3.0,1.0,2.0,37.0,1.0,1.0,0.0,0.0,0.0,0.0,0.0,0.0,0.0,2.0,1.0,1.0,0.0,0.0,1.0,0.0,13.0,17.0,0.0,0.0,0.0,0.0,1.0,0.2222222222,0.0,1.0,0.0,1.0,0.0,0.0,1.0,0.0,0.0,0.0,0.0,0.0,0.0,0.0,1.0,1.0,-1.0,0.0,1.0,-1.0,1.0,1.0
3634,6731.0,1.0,0.0,5.0,117.0,15.0,0.0,0.0,0.0,0.0,0.0,0.0,0.0,0.0,17.0,1.0,1.0,0.0,0.0,1.0,0.0,15.0,95.0,0.0,0.0,0.0,0.0,0.0666666667,0.1304347826,0.0,1.0,1.0,0.0,0.0,0.0533333333,0.0,0.0,0.0,0.0,1.0,1.0,0.0,0.0,1.0,-1.0,1.0,1.0,1.0,1.0,0.0,0.0
3635,8665.0,2.0,0.0,1.0,45.0,0.0,0.0,0.0,0.0,0.0,0.0,0.0,0.0,0.0,0.0,1.0,1.0,0.0,0.0,0.0,0.0,19.0,19.0,0.0,0.0,0.0,0.0,0.0,0.0,0.0,0.0,0.0,0.0,0.0,0.0434782609,0.0,0.0,0.0,0.0,1.0,0.0,0.0,0.0,1.0,1.0,1.0,1.0,1.0,1.0,0.0,0.0
3636,6405.0,2.0,1.0,2.0,62.0,0.0,0.0,0.0,0.0,0.0,0.0,3.0,2.0,0.0,2.0,1.0,0.0,0.0,0.0,1.0,0.0,15.0,6.0,33.0,0.0,0.0,0.0,0.0636942675,0.32,0.0,1.0,1.0,0.0,0.0,0.0,0.0,0.0,0.0,0.0,1.0,0.0,0.0,0.0,1.0,0.0,1.0,1.0,0.0,1.0,0.0,0.0
3637,9131.0,1.0,0.0,0.0,30.0,1.0,1.0,0.0,0.0,0.0,0.0,0.0,0.0,0.0,0.0,1.0,0.0,0.0,0.0,0.0,0.0,22.0,1.0,0.0,0.0,0.0,0.0,0.1166666667,0.2352941176,0.0,1.0,0.0,0.0,0.0,0.0166666667,0.0,0.0,0.0,0.0,1.0,1.0,0.0,0.0,1.0,1.0,1.0,1.0,0.0,1.0,0.0,0.0
3638,3068.0,4.0,1.0,5.0,58.0,0.0,0.0,0.0,0.0,1.0,0.0,0.0,0.0,0.0,3.0,1.0,0.0,0.0,0.0,1.0,0.0,17.0,34.0,0.0,0.0,0.0,0.0,1.0,1.0,1.0,1.0,0.0,0.0,0.0,0.0,1.0,0.0,0.0,0.0,0.0,1.0,0.0,0.0,1.0,0.0,-1.0,1.0,-1.0,-1.0,1.0,1.0
3639,6512.0,1.0,0.0,2.0,108.0,10.0,0.0,0.0,0.0,0.0,0.0,0.0,0.0,0.0,0.0,1.0,0.0,0.0,0.0,1.0,0.0,17.0,84.0,0.0,0.0,0.0,0.0,0.145,0.8,0.0,0.0,0.0,0.0,0.0,0.02,0.0,0.0,0.0,0.0,1.0,0.0,0.0,0.0,1.0,-1.0,-1.0,1.0,0.0,1.0,0.0,0.0
3640,1980.0,2.0,0.0,4.0,50.0,0.0,0.0,0.0,0.0,0.0,0.0,0.0,0.0,0.0,4.0,1.0,1.0,0.0,0.0,0.0,0.0,20.0,23.0,0.0,0.0,0.0,0.0,0.0,0.0,0.0,1.0,0.0,0.0,0.0,1.0,0.0,0.0,0.0,0.0,0.0,0.0,0.0,1.0,1.0,1.0,1.0,1.0,1.0,-1.0,1.0,1.0
3641,7858.0,2.0,1.0,2.0,97.0,7.0,0.0,0.0,0.0,0.0,0.0,0.0,0.0,0.0,0.0,1.0,0.0,0.0,0.0,1.0,0.0,22.0,68.0,0.0,0.0,0.0,0.0,0.1296296296,0.9444444444,1.0,0.0,0.0,0.0,0.0,0.0462962963,0.0,0.0,0.0,0.0,0.0,0.0,0.0,0.0,1.0,-1.0,-1.0,1.0,-1.0,1.0,0.0,0.0
3642,1030.0,4.0,0.0,3.0,56.0,0.0,0.0,0.0,0.0,1.0,0.0,2.0,2.0,0.0,9.0,1.0,0.0,1.0,0.0,0.0,0.0,12.0,22.0,14.0,0.0,0.0,0.0,0.375,0.0,0.0,1.0,0.0,0.0,0.0,0.0,1.0,0.0,0.0,0.0,0.0,0.0,0.0,0.0,1.0,0.0,1.0,1.0,0.0,0.0,1.0,1.0
3643,7112.0,3.0,1.0,3.0,61.0,0.0,0.0,0.0,0.0,0.0,0.0,0.0,0.0,0.0,0.0,1.0,0.0,0.0,0.0,0.0,0.0,21.0,33.0,0.0,0.0,0.0,0.0,0.2283464567,0.3888888889,0.0,1.0,0.0,0.0,0.0,0.0157480315,0.0,0.0,0.0,0.0,1.0,1.0,0.0,0.0,1.0,0.0,0.0,1.0,0.0,1.0,0.0,0.0
3644,1642.0,2.0,1.0,3.0,38.0,1.0,0.0,0.0,0.0,0.0,0.0,0.0,0.0,0.0,0.0,1.0,0.0,0.0,0.0,0.0,0.0,14.0,17.0,0.0,0.0,0.0,0.0,0.0,0.0,0.0,1.0,0.0,0.0,0.0,0.0,0.0,0.0,0.0,0.0,0.0,0.0,0.0,0.0,1.0,1.0,1.0,1.0,1.0,1.0,1.0,1.0
3645,2849.0,3.0,1.0,5.0,92.0,1.0,0.0,0.0,0.0,1.0,0.0,2.0,0.0,0.0,24.0,1.0,0.0,0.0,0.0,0.0,0.0,10.0,42.0,32.0,0.0,1.0,0.0,0.0,0.1666666667,0.0,1.0,1.0,0.0,1.0,0.0,0.0,0.0,0.0,0.0,0.0,0.0,0.0,1.0,1.0,-1.0,1.0,-1.0,0.0,1.0,1.0,1.0
3646,2877.0,2.0,1.0,2.0,58.0,1.0,1.0,0.0,0.0,0.0,0.0,0.0,0.0,0.0,0.0,0.0,1.0,0.0,0.0,0.0,0.0,42.0,8.0,0.0,0.0,0.0,0.0,0.0,0.0,0.0,0.0,1.0,0.0,0.0,1.0,0.0,0.0,0.0,0.0,0.0,0.0,0.0,0.0,1.0,0.0,1.0,1.0,1.0,-1.0,1.0,1.0
3647,7983.0,1.0,0.0,5.0,69.0,1.0,1.0,0.0,0.0,1.0,0.0,2.0,1.0,0.0,20.0,1.0,1.0,0.0,0.0,0.0,0.0,18.0,17.0,26.0,0.0,0.0,0.0,0.276119403,0.7931034483,1.0,1.0,1.0,0.0,0.0,0.0,0.0,0.0,0.0,0.0,0.0,1.0,0.0,0.0,1.0,0.0,0.0,1.0,0.0,1.0,0.0,0.0
3648,5937.0,1.0,0.0,5.0,114.0,5.0,0.0,0.0,0.0,2.0,0.0,3.0,2.0,0.0,14.0,1.0,1.0,0.0,0.0,0.0,0.0,21.0,41.0,44.0,0.0,0.0,0.0,0.4090909091,1.0,1.0,1.0,1.0,1.0,0.0,0.0,0.0,0.0,0.0,0.0,1.0,1.0,0.0,0.0,1.0,-1.0,-1.0,0.0,0.0,0.0,0.0,0.0
3649,8413.0,1.0,0.0,4.0,54.0,2.0,0.0,0.0,0.0,0.0,0.0,0.0,0.0,0.0,0.0,1.0,1.0,0.0,0.0,0.0,0.0,14.0,33.0,0.0,0.0,0.0,0.0,0.4325581395,0.3211009174,0.0,1.0,0.0,0.0,0.0,0.0046511628,0.0,0.0,0.0,0.0,0.0,1.0,0.0,0.0,1.0,0.0,0.0,1.0,0.0,0.0,0.0,0.0
3650,3235.0,2.0,1.0,2.0,82.0,7.0,7.0,0.0,0.0,0.0,0.0,0.0,0.0,0.0,0.0,1.0,0.0,0.0,1.0,0.0,0.0,71.0,4.0,0.0,0.0,2.0,0.0,0.0,0.0,0.0,1.0,0.0,0.0,0.0,0.0,0.0,0.0,0.0,0.0,0.0,0.0,0.0,0.0,1.0,-1.0,1.0,1.0,1.0,1.0,1.0,1.0
3651,3331.0,3.0,2.0,5.0,121.0,5.0,4.0,0.0,0.0,0.0,0.0,0.0,0.0,0.0,17.0,1.0,1.0,0.0,1.0,1.0,0.0,66.0,48.0,0.0,0.0,0.0,0.0,0.0555555556,0.0909090909,0.0,1.0,1.0,0.0,0.0,0.9444444444,0.0,0.0,1.0,0.0,0.0,1.0,0.0,0.0,0.0,-1.0,1.0,1.0,1.0,-1.0,1.0,1.0
3652,4745.0,4.0,0.0,3.0,81.0,0.0,0.0,0.0,0.0,0.0,0.0,1.0,0.0,0.0,0.0,1.0,0.0,0.0,0.0,0.0,0.0,15.0,56.0,2.0,0.0,1.0,0.0,0.0,0.2,0.0,1.0,1.0,0.0,0.0,0.0,0.0,0.0,0.0,0.0,0.0,0.0,0.0,0.0,1.0,-1.0,0.0,1.0,1.0,1.0,1.0,1.0
3653,9715.0,3.0,1.0,2.0,50.0,0.0,0.0,0.0,0.0,0.0,0.0,0.0,0.0,0.0,0.0,1.0,0.0,0.0,0.0,1.0,0.0,25.0,18.0,0.0,0.0,0.0,0.0,0.0930232558,0.5652173913,0.0,1.0,0.0,0.0,0.0,0.1162790698,0.0,0.0,0.0,0.0,0.0,1.0,0.0,0.0,1.0,1.0,0.0,1.0,-1.0,1.0,0.0,0.0
3654,4670.0,3.0,0.0,6.0,78.0,0.0,0.0,0.0,0.0,0.0,0.0,0.0,0.0,0.0,0.0,1.0,0.0,0.0,0.0,1.0,0.0,20.0,51.0,0.0,1.0,0.0,0.0,0.0,0.0,0.0,1.0,0.0,0.0,0.0,0.0,0.0,0.0,0.0,0.0,0.0,0.0,0.0,0.0,1.0,-1.0,1.0,1.0,1.0,1.0,1.0,1.0
3655,4537.0,6.0,1.0,4.0,72.0,0.0,0.0,0.0,0.0,0.0,0.0,0.0,0.0,0.0,0.0,1.0,1.0,0.0,0.0,1.0,0.0,27.0,38.0,0.0,0.0,1.0,1.0,1.0,1.0,0.0,1.0,0.0,0.0,0.0,0.0,1.0,0.0,0.0,0.0,0.0,0.0,0.0,0.0,1.0,0.0,-1.0,1.0,-1.0,-1.0,1.0,1.0
3656,7574.0,2.0,0.0,3.0,97.0,10.0,0.0,0.0,0.0,0.0,0.0,0.0,0.0,0.0,6.0,1.0,1.0,0.0,0.0,1.0,0.0,13.0,77.0,0.0,0.0,0.0,0.0,0.6764705882,0.3703703704,0.0,1.0,0.0,1.0,0.0,0.0294117647,0.0,0.0,0.0,0.0,0.0,1.0,0.0,0.0,1.0,-1.0,0.0,0.0,0.0,-1.0,0.0,0.0
3657,1568.0,2.0,1.0,3.0,35.0,0.0,0.0,0.0,0.0,0.0,0.0,0.0,0.0,0.0,0.0,1.0,1.0,0.0,0.0,0.0,0.0,17.0,11.0,0.0,0.0,0.0,0.0,0.0,0.0,0.0,1.0,0.0,0.0,0.0,0.0,0.0,0.0,0.0,0.0,0.0,0.0,0.0,0.0,1.0,1.0,1.0,1.0,1.0,1.0,1.0,1.0
3658,3106.0,2.0,1.0,3.0,59.0,0.0,0.0,0.0,0.0,0.0,2.0,0.0,0.0,0.0,6.0,1.0,1.0,0.0,0.0,0.0,0.0,22.0,30.0,0.0,0.0,0.0,0.0,0.0,0.0,0.0,1.0,0.0,0.0,0.0,1.0,0.0,0.0,0.0,0.0,0.0,0.0,0.0,0.0,1.0,0.0,1.0,1.0,1.0,-1.0,1.0,1.0
3659,4753.0,3.0,1.0,1.0,35.0,0.0,0.0,0.0,0.0,0.0,0.0,0.0,0.0,0.0,3.0,1.0,1.0,0.0,0.0,1.0,0.0,18.0,10.0,0.0,0.0,0.0,0.0,1.0,0.0,0.0,1.0,0.0,0.0,0.0,0.0,1.0,0.0,0.0,0.0,0.0,0.0,0.0,0.0,1.0,1.0,1.0,1.0,1.0,-1.0,1.0,1.0
3660,7207.0,3.0,1.0,2.0,100.0,0.0,0.0,0.0,0.0,0.0,1.0,3.0,2.0,0.0,9.0,1.0,0.0,0.0,0.0,1.0,0.0,35.0,19.0,38.0,0.0,0.0,0.0,0.0757575758,0.75,0.0,0.0,0.0,0.0,0.0,0.0,0.0,0.0,0.0,0.0,0.0,0.0,0.0,0.0,1.0,-1.0,0.0,1.0,-1.0,1.0,0.0,0.0
3661,1555.0,2.0,0.0,4.0,73.0,1.0,0.0,0.0,0.0,0.0,0.0,0.0,0.0,0.0,17.0,1.0,1.0,0.0,0.0,0.0,0.0,13.0,53.0,0.0,0.0,0.0,1.0,1.0,1.0,0.0,1.0,0.0,0.0,0.0,0.0,1.0,0.0,0.0,0.0,0.0,1.0,0.0,0.0,1.0,0.0,-1.0,1.0,-1.0,-1.0,1.0,1.0
3662,7451.0,2.0,0.0,4.0,67.0,0.0,0.0,0.0,0.0,0.0,0.0,0.0,0.0,0.0,0.0,1.0,0.0,0.0,0.0,1.0,0.0,13.0,38.0,8.0,0.0,0.0,0.0,0.0,0.0625,0.0,1.0,0.0,0.0,0.0,0.0,0.0,0.0,0.0,0.0,0.0,0.0,0.0,0.0,1.0,0.0,1.0,1.0,0.0,1.0,0.0,0.0
3663,5299.0,3.0,1.0,3.0,66.0,0.0,0.0,0.0,0.0,1.0,0.0,0.0,0.0,0.0,0.0,1.0,0.0,0.0,0.0,1.0,0.0,21.0,38.0,0.0,0.0,0.0,0.0,0.6666666667,0.6,0.0,0.0,0.0,0.0,0.0,0.0,0.0,0.0,0.0,0.0,0.0,1.0,0.0,0.0,1.0,0.0,0.0,1.0,0.0,0.0,0.0,0.0
3664,655.0,5.0,0.0,2.0,67.0,1.0,0.0,0.0,0.0,0.0,0.0,0.0,0.0,0.0,23.0,1.0,0.0,1.0,0.0,1.0,0.0,14.0,17.0,28.0,0.0,1.0,0.0,1.0,0.16,1.0,1.0,0.0,0.0,0.0,0.0,1.0,0.0,0.0,0.0,0.0,1.0,0.0,0.0,1.0,0.0,1.0,1.0,0.0,-1.0,1.0,1.0
3665,9313.0,5.0,2.0,2.0,53.0,0.0,0.0,0.0,0.0,1.0,0.0,1.0,0.0,0.0,4.0,1.0,0.0,0.0,0.0,0.0,0.0,17.0,15.0,13.0,0.0,0.0,0.0,0.037037037,0.0,0.0,0.0,0.0,0.0,0.0,0.0,0.0,0.0,0.0,0.0,0.0,0.0,0.0,0.0,1.0,1.0,1.0,1.0,1.0,1.0,0.0,0.0
3666,7009.0,3.0,1.0,1.0,60.0,1.0,0.0,0.0,0.0,0.0,0.0,1.0,1.0,0.0,11.0,1.0,1.0,0.0,0.0,0.0,0.0,15.0,15.0,22.0,0.0,0.0,0.0,0.0479041916,0.1111111111,0.0,1.0,0.0,0.0,0.0,0.0,0.0,0.0,0.0,0.0,0.0,0.0,0.0,0.0,1.0,0.0,1.0,1.0,0.0,1.0,0.0,0.0
3667,288.0,4.0,1.0,3.0,64.0,4.0,4.0,0.0,0.0,0.0,0.0,0.0,0.0,0.0,0.0,1.0,0.0,0.0,0.0,0.0,0.0,33.0,24.0,0.0,0.0,1.0,0.0,1.0,0.5,1.0,1.0,1.0,0.0,0.0,0.0,1.0,0.0,0.0,0.0,0.0,0.0,0.0,0.0,1.0,0.0,1.0,1.0,0.0,-1.0,1.0,1.0
3668,8028.0,1.0,0.0,3.0,85.0,7.0,0.0,0.0,0.0,0.0,0.0,0.0,0.0,0.0,8.0,1.0,1.0,0.0,0.0,1.0,0.0,10.0,68.0,0.0,0.0,0.0,0.0,0.1359223301,0.3703703704,0.0,1.0,0.0,0.0,0.0,0.067961165,0.0,0.0,0.0,0.0,0.0,0.0,0.0,0.0,1.0,-1.0,-1.0,1.0,0.0,1.0,0.0,0.0
3669,3959.0,4.0,1.0,3.0,70.0,0.0,0.0,0.0,0.0,0.0,0.0,0.0,0.0,0.0,0.0,1.0,0.0,0.0,0.0,0.0,0.0,29.0,34.0,0.0,0.0,0.0,0.0,0.0,0.0,0.0,1.0,0.0,0.0,0.0,0.0,0.0,0.0,0.0,0.0,0.0,0.0,0.0,0.0,1.0,0.0,1.0,1.0,1.0,1.0,1.0,1.0
3670,7192.0,1.0,0.0,5.0,93.0,2.0,0.0,0.0,0.0,2.0,0.0,3.0,2.0,0.0,14.0,1.0,1.0,0.0,0.0,1.0,0.0,15.0,26.0,44.0,0.0,0.0,0.0,0.1288343558,1.0,1.0,1.0,1.0,0.0,0.0,0.0,0.0,0.0,0.0,0.0,0.0,1.0,0.0,0.0,1.0,-1.0,-1.0,1.0,0.0,1.0,0.0,0.0
3671,9045.0,1.0,0.0,4.0,41.0,0.0,0.0,0.0,0.0,0.0,0.0,1.0,0.0,0.0,10.0,1.0,1.0,0.0,0.0,0.0,0.0,15.0,12.0,6.0,0.0,0.0,0.0,0.65625,0.3529411765,0.0,1.0,0.0,0.0,0.0,0.0,0.0,0.0,0.0,0.0,0.0,0.0,0.0,0.0,1.0,1.0,0.0,1.0,0.0,0.0,0.0,0.0
3672,9424.0,3.0,1.0,1.0,37.0,0.0,0.0,0.0,0.0,0.0,0.0,0.0,0.0,0.0,0.0,1.0,0.0,0.0,0.0,1.0,0.0,18.0,12.0,0.0,0.0,0.0,0.0,0.0869565217,0.4583333333,0.0,0.0,0.0,0.0,0.0,0.0869565217,0.0,0.0,0.0,0.0,0.0,1.0,0.0,0.0,1.0,1.0,1.0,1.0,0.0,1.0,0.0,0.0
3673,4630.0,2.0,0.0,2.0,47.0,0.0,0.0,0.0,0.0,0.0,0.0,0.0,0.0,0.0,2.0,1.0,1.0,0.0,0.0,0.0,0.0,22.0,18.0,0.0,0.0,0.0,0.0,0.0,0.0,0.0,1.0,0.0,0.0,0.0,0.0,0.0,0.0,0.0,0.0,0.0,0.0,0.0,0.0,1.0,1.0,1.0,1.0,1.0,1.0,1.0,1.0
3674,5473.0,1.0,0.0,2.0,89.0,12.0,0.0,0.0,0.0,0.0,0.0,0.0,0.0,0.0,5.0,1.0,1.0,0.0,0.0,1.0,0.0,11.0,71.0,0.0,0.0,0.0,0.0,0.4129032258,0.811965812,1.0,1.0,1.0,0.0,0.0,0.0774193548,0.0,0.0,0.0,0.0,1.0,1.0,0.0,0.0,1.0,-1.0,0.0,1.0,-1.0,0.0,0.0,0.0
3675,1498.0,4.0,1.0,3.0,49.0,0.0,0.0,0.0,0.0,0.0,0.0,0.0,0.0,0.0,0.0,1.0,0.0,0.0,0.0,1.0,0.0,20.0,22.0,0.0,0.0,0.0,0.0,1.0,0.3333333333,0.0,1.0,0.0,0.0,0.0,0.0,0.0,0.0,0.0,0.0,0.0,1.0,0.0,0.0,1.0,1.0,0.0,1.0,1.0,-1.0,1.0,1.0
3676,9634.0,2.0,1.0,2.0,43.0,1.0,0.0,0.0,0.0,0.0,0.0,1.0,0.0,0.0,1.0,1.0,0.0,0.0,0.0,1.0,0.0,14.0,15.0,6.0,0.0,0.0,0.0,0.0440251572,0.1625,0.0,1.0,0.0,0.0,0.0,0.0,0.0,0.0,0.0,0.0,1.0,1.0,0.0,0.0,1.0,1.0,1.0,1.0,0.0,1.0,0.0,0.0
3677,8531.0,1.0,0.0,3.0,43.0,2.0,1.0,0.0,0.0,0.0,0.0,0.0,0.0,0.0,0.0,1.0,0.0,0.0,0.0,1.0,0.0,20.0,16.0,0.0,0.0,0.0,0.0,0.0979591837,0.2588235294,0.0,1.0,0.0,0.0,0.0,0.0163265306,0.0,0.0,0.0,0.0,0.0,1.0,0.0,0.0,1.0,1.0,0.0,1.0,0.0,1.0,0.0,0.0
3678,6239.0,3.0,1.0,1.0,61.0,0.0,0.0,0.0,0.0,0.0,0.0,1.0,0.0,0.0,17.0,1.0,0.0,0.0,0.0,0.0,0.0,18.0,12.0,23.0,0.0,0.0,0.0,0.1188118812,0.3333333333,0.0,1.0,1.0,1.0,1.0,0.0,0.0,0.0,0.0,0.0,0.0,0.0,0.0,0.0,1.0,0.0,0.0,0.0,0.0,1.0,0.0,0.0
3679,8592.0,1.0,0.0,3.0,46.0,2.0,0.0,0.0,0.0,0.0,0.0,0.0,0.0,0.0,0.0,1.0,0.0,0.0,0.0,0.0,0.0,18.0,21.0,0.0,0.0,0.0,0.0,0.2857142857,0.4252873563,0.0,1.0,0.0,1.0,0.0,0.0,0.0,0.0,0.0,0.0,0.0,1.0,0.0,0.0,1.0,1.0,0.0,0.0,1.0,1.0,0.0,0.0
3680,3325.0,2.0,1.0,4.0,170.0,8.0,1.0,0.0,0.0,0.0,0.0,2.0,1.0,0.0,29.0,1.0,1.0,0.0,0.0,1.0,0.0,14.0,82.0,66.0,0.0,0.0,0.0,0.0,0.1,0.0,1.0,1.0,0.0,0.0,0.0,0.0,0.0,0.0,0.0,0.0,0.0,0.0,1.0,1.0,-1.0,1.0,1.0,0.0,1.0,1.0,1.0
3681,3447.0,2.0,1.0,3.0,42.0,0.0,0.0,0.0,0.0,0.0,0.0,0.0,0.0,0.0,0.0,1.0,0.0,0.0,0.0,0.0,0.0,21.0,14.0,0.0,0.0,0.0,0.0,0.0,0.0,0.0,1.0,0.0,0.0,0.0,0.0,0.0,0.0,0.0,0.0,0.0,0.0,0.0,0.0,1.0,1.0,1.0,1.0,1.0,1.0,1.0,1.0
3682,560.0,4.0,1.0,1.0,43.0,0.0,0.0,0.0,0.0,0.0,0.0,0.0,0.0,0.0,0.0,1.0,0.0,0.0,0.0,0.0,0.0,27.0,9.0,0.0,0.0,0.0,0.0,0.0,1.0,0.0,1.0,1.0,0.0,0.0,0.0,1.0,0.0,0.0,0.0,0.0,0.0,0.0,0.0,1.0,1.0,-1.0,1.0,-1.0,1.0,1.0,1.0
3683,5091.0,2.0,1.0,0.0,20.0,0.0,0.0,0.0,0.0,0.0,0.0,0.0,0.0,0.0,0.0,1.0,0.0,0.0,0.0,0.0,0.0,12.0,1.0,0.0,0.0,0.0,0.0,0.2516129032,1.0,1.0,1.0,1.0,0.0,0.0,0.0193548387,0.0,0.0,0.0,0.0,0.0,0.0,0.0,0.0,1.0,1.0,-1.0,1.0,0.0,1.0,0.0,0.0
3684,4545.0,3.0,1.0,5.0,71.0,1.0,0.0,0.0,0.0,0.0,0.0,0.0,0.0,0.0,1.0,1.0,1.0,0.0,0.0,0.0,0.0,23.0,41.0,0.0,0.0,0.0,0.0,0.8461538462,1.0,0.0,1.0,0.0,0.0,0.0,0.0,1.0,0.0,0.0,0.0,0.0,1.0,0.0,0.0,1.0,0.0,-1.0,1.0,-1.0,-1.0,1.0,1.0
3685,2329.0,3.0,0.0,6.0,75.0,1.0,0.0,0.0,0.0,0.0,0.0,0.0,0.0,0.0,0.0,1.0,0.0,0.0,0.0,1.0,0.0,17.0,51.0,0.0,0.0,1.0,1.0,0.9230769231,1.0,0.0,1.0,0.0,0.0,0.0,0.0,1.0,0.0,0.0,0.0,0.0,0.0,0.0,0.0,1.0,0.0,1.0,1.0,-1.0,-1.0,1.0,1.0
3686,5312.0,2.0,1.0,5.0,75.0,4.0,0.0,0.0,0.0,0.0,0.0,0.0,0.0,0.0,8.0,1.0,1.0,0.0,0.0,1.0,0.0,24.0,44.0,0.0,0.0,0.0,0.0,0.0632411067,0.325,0.0,1.0,0.0,1.0,0.0,0.0039525692,0.0,0.0,0.0,0.0,0.0,0.0,0.0,0.0,1.0,0.0,0.0,0.0,1.0,1.0,0.0,0.0
3687,1939.0,2.0,0.0,3.0,44.0,0.0,0.0,0.0,0.0,0.0,0.0,0.0,0.0,0.0,0.0,1.0,1.0,0.0,0.0,0.0,0.0,15.0,22.0,0.0,0.0,0.0,0.0,0.0,0.0,0.0,1.0,1.0,0.0,0.0,0.0,1.0,0.0,0.0,0.0,0.0,0.0,0.0,0.0,1.0,1.0,1.0,1.0,1.0,1.0,1.0,1.0
3688,1086.0,3.0,1.0,4.0,114.0,2.0,0.0,0.0,0.0,5.0,0.0,1.0,0.0,0.0,2.0,1.0,0.0,0.0,0.0,0.0,0.0,24.0,31.0,51.0,0.0,1.0,0.0,0.0,0.3333333333,0.0,1.0,1.0,0.0,0.0,0.0,0.0,0.0,0.0,0.0,0.0,0.0,0.0,0.0,1.0,-1.0,1.0,1.0,-1.0,1.0,1.0,1.0
3689,1606.0,2.0,1.0,6.0,74.0,0.0,0.0,0.0,0.0,0.0,0.0,0.0,0.0,0.0,0.0,1.0,0.0,0.0,0.0,0.0,0.0,22.0,45.0,0.0,0.0,0.0,0.0,0.1333333333,0.1333333333,1.0,1.0,1.0,0.0,0.0,0.8666666667,0.0,0.0,0.0,0.0,0.0,0.0,0.0,0.0,1.0,0.0,1.0,1.0,0.0,-1.0,1.0,1.0
3690,4958.0,7.0,6.0,3.0,62.0,0.0,0.0,0.0,0.0,0.0,0.0,0.0,0.0,0.0,6.0,1.0,1.0,0.0,1.0,0.0,0.0,46.0,9.0,0.0,0.0,2.0,0.0,0.0,0.0,0.0,1.0,0.0,0.0,0.0,1.0,0.0,0.0,0.0,0.0,0.0,0.0,0.0,0.0,-1.0,0.0,1.0,1.0,1.0,-1.0,1.0,1.0
3691,685.0,4.0,1.0,5.0,73.0,2.0,0.0,0.0,0.0,0.0,0.0,0.0,0.0,0.0,0.0,1.0,1.0,0.0,0.0,1.0,0.0,20.0,46.0,0.0,0.0,0.0,0.0,0.0,0.0,0.0,0.0,0.0,0.0,0.0,0.6666666667,0.0,0.0,0.0,0.0,0.0,0.0,0.0,0.0,1.0,0.0,1.0,1.0,1.0,0.0,1.0,1.0
3692,1108.0,2.0,0.0,4.0,41.0,0.0,0.0,0.0,0.0,0.0,0.0,0.0,0.0,0.0,2.0,1.0,0.0,0.0,0.0,1.0,0.0,15.0,19.0,0.0,0.0,0.0,1.0,1.0,1.0,1.0,1.0,0.0,0.0,0.0,0.0,1.0,0.0,0.0,0.0,0.0,0.0,0.0,0.0,1.0,1.0,-1.0,1.0,-1.0,-1.0,1.0,1.0
3693,7928.0,1.0,0.0,4.0,71.0,5.0,0.0,0.0,0.0,0.0,0.0,0.0,0.0,0.0,6.0,1.0,1.0,0.0,0.0,0.0,0.0,19.0,45.0,0.0,0.0,0.0,0.0,0.8260869565,1.0,0.0,0.0,0.0,0.0,0.0,0.0434782609,1.0,0.0,0.0,0.0,0.0,1.0,0.0,0.0,1.0,0.0,-1.0,1.0,-1.0,-1.0,0.0,0.0
3694,9551.0,3.0,1.0,2.0,50.0,1.0,0.0,0.0,0.0,0.0,0.0,0.0,0.0,0.0,2.0,1.0,0.0,0.0,0.0,0.0,0.0,14.0,29.0,0.0,0.0,0.0,0.0,0.1111111111,0.1323529412,0.0,0.0,0.0,0.0,0.0,0.0222222222,0.0,0.0,0.0,0.0,1.0,0.0,0.0,0.0,1.0,1.0,1.0,1.0,0.0,1.0,0.0,0.0
3695,3496.0,2.0,1.0,3.0,38.0,0.0,0.0,0.0,0.0,0.0,0.0,0.0,0.0,0.0,0.0,1.0,0.0,0.0,0.0,0.0,0.0,16.0,15.0,0.0,0.0,0.0,0.0,0.0,0.0,0.0,1.0,0.0,0.0,0.0,0.0,0.0,0.0,0.0,0.0,0.0,0.0,1.0,0.0,1.0,1.0,1.0,1.0,1.0,1.0,1.0,1.0
3696,9109.0,1.0,0.0,5.0,48.0,1.0,0.0,0.0,0.0,0.0,0.0,0.0,0.0,0.0,8.0,1.0,1.0,0.0,0.0,0.0,0.0,15.0,26.0,0.0,0.0,0.0,0.0,0.0676923077,0.3846153846,0.0,1.0,0.0,0.0,0.0,0.0030769231,0.0,0.0,0.0,0.0,0.0,0.0,0.0,0.0,1.0,1.0,0.0,1.0,1.0,1.0,0.0,0.0
3697,6774.0,2.0,1.0,5.0,73.0,5.0,0.0,0.0,0.0,0.0,0.0,0.0,0.0,0.0,8.0,1.0,1.0,0.0,0.0,1.0,0.0,17.0,49.0,0.0,0.0,0.0,0.0,0.3198924731,0.9830508475,0.0,1.0,1.0,0.0,0.0,0.0161290323,0.0,0.0,0.0,0.0,0.0,1.0,0.0,0.0,1.0,0.0,-1.0,1.0,-1.0,0.0,0.0,0.0
3698,4397.0,3.0,0.0,2.0,50.0,0.0,0.0,0.0,0.0,0.0,0.0,0.0,0.0,0.0,0.0,1.0,0.0,0.0,0.0,0.0,0.0,20.0,23.0,0.0,0.0,0.0,0.0,0.0,0.0,0.0,1.0,1.0,0.0,0.0,1.0,0.0,0.0,0.0,0.0,0.0,0.0,0.0,0.0,1.0,1.0,1.0,1.0,1.0,-1.0,1.0,1.0
3699,1524.0,4.0,0.0,3.0,44.0,0.0,0.0,0.0,1.0,0.0,0.0,0.0,0.0,0.0,9.0,1.0,0.0,1.0,0.0,0.0,0.0,12.0,25.0,0.0,0.0,0.0,0.0,0.0,0.7857142857,0.0,1.0,0.0,0.0,0.0,1.0,1.0,0.0,0.0,0.0,0.0,1.0,0.0,0.0,1.0,1.0,-1.0,1.0,1.0,-1.0,1.0,1.0
3700,4845.0,2.0,0.0,3.0,52.0,1.0,0.0,0.0,0.0,0.0,0.0,0.0,0.0,0.0,0.0,1.0,1.0,0.0,0.0,0.0,0.0,14.0,31.0,0.0,0.0,1.0,0.0,0.9111111111,0.875,0.0,1.0,0.0,0.0,0.0,0.0888888889,1.0,0.0,0.0,0.0,0.0,0.0,0.0,0.0,1.0,1.0,-1.0,1.0,-1.0,-1.0,1.0,1.0
3701,79.0,2.0,0.0,4.0,52.0,0.0,0.0,0.0,0.0,0.0,0.0,0.0,0.0,0.0,0.0,1.0,1.0,0.0,0.0,0.0,0.0,21.0,24.0,0.0,0.0,0.0,0.0,0.347826087,0.0,0.0,0.0,0.0,0.0,0.0,0.0,0.0,0.0,0.0,0.0,0.0,1.0,1.0,0.0,1.0,1.0,1.0,1.0,1.0,0.0,1.0,1.0
3702,6342.0,1.0,0.0,2.0,77.0,7.0,0.0,0.0,0.0,0.0,0.0,0.0,0.0,0.0,0.0,1.0,0.0,0.0,0.0,1.0,0.0,8.0,62.0,0.0,0.0,0.0,0.0,0.1578947368,0.7931034483,1.0,0.0,0.0,0.0,0.0,0.030075188,0.0,0.0,0.0,0.0,1.0,0.0,0.0,0.0,1.0,-1.0,-1.0,1.0,0.0,1.0,0.0,0.0
3703,381.0,1.0,0.0,3.0,60.0,0.0,0.0,0.0,0.0,1.0,0.0,0.0,0.0,0.0,23.0,1.0,1.0,0.0,0.0,0.0,0.0,7.0,46.0,0.0,0.0,0.0,0.0,0.0,0.0,0.0,1.0,0.0,0.0,0.0,1.0,0.0,0.0,0.0,0.0,0.0,0.0,0.0,1.0,1.0,0.0,1.0,1.0,1.0,-1.0,1.0,1.0
3704,2191.0,2.0,0.0,2.0,37.0,0.0,0.0,0.0,0.0,0.0,0.0,0.0,0.0,0.0,0.0,1.0,1.0,0.0,0.0,0.0,0.0,15.0,15.0,0.0,0.0,0.0,0.0,0.9230769231,1.0,0.0,1.0,0.0,0.0,0.0,0.0,1.0,0.0,0.0,0.0,0.0,0.0,0.0,0.0,1.0,1.0,1.0,1.0,-1.0,-1.0,1.0,1.0
3705,7173.0,1.0,0.0,3.0,81.0,7.0,0.0,0.0,0.0,0.0,0.0,0.0,0.0,0.0,10.0,1.0,1.0,0.0,0.0,1.0,0.0,13.0,61.0,0.0,0.0,0.0,0.0,0.2095238095,0.3818181818,0.0,1.0,0.0,0.0,0.0,0.0761904762,0.0,0.0,0.0,0.0,0.0,1.0,0.0,0.0,1.0,-1.0,-1.0,1.0,0.0,1.0,0.0,0.0
3706,2663.0,5.0,0.0,4.0,61.0,0.0,0.0,0.0,0.0,0.0,0.0,0.0,0.0,0.0,5.0,1.0,1.0,0.0,0.0,1.0,0.0,15.0,39.0,0.0,0.0,0.0,1.0,0.9230769231,1.0,0.0,1.0,0.0,0.0,0.0,0.0,1.0,0.0,0.0,0.0,0.0,0.0,0.0,0.0,1.0,0.0,1.0,1.0,-1.0,-1.0,1.0,1.0
3707,2822.0,3.0,1.0,3.0,45.0,0.0,0.0,0.0,0.0,0.0,0.0,0.0,0.0,0.0,0.0,1.0,0.0,0.0,0.0,1.0,0.0,14.0,24.0,0.0,0.0,0.0,0.0,1.0,0.1428571429,1.0,1.0,0.0,0.0,0.0,0.0,0.0,0.0,0.0,0.0,0.0,1.0,0.0,0.0,1.0,1.0,1.0,1.0,0.0,-1.0,1.0,1.0
3708,7216.0,3.0,1.0,2.0,64.0,0.0,0.0,0.0,0.0,0.0,0.0,1.0,0.0,0.0,7.0,1.0,0.0,0.0,0.0,0.0,0.0,17.0,21.0,18.0,0.0,0.0,0.0,0.1071428571,0.2631578947,0.0,1.0,0.0,0.0,0.0,0.0,0.0,0.0,0.0,0.0,1.0,0.0,0.0,0.0,1.0,0.0,1.0,1.0,0.0,1.0,0.0,0.0
3709,9425.0,2.0,1.0,3.0,45.0,0.0,0.0,0.0,0.0,0.0,0.0,1.0,0.0,0.0,5.0,1.0,0.0,0.0,0.0,1.0,0.0,11.0,16.0,10.0,0.0,0.0,0.0,0.0266666667,0.1764705882,0.0,1.0,0.0,0.0,0.0,0.0,0.0,0.0,0.0,0.0,1.0,0.0,0.0,0.0,1.0,1.0,1.0,1.0,0.0,1.0,0.0,0.0
3710,5023.0,2.0,1.0,0.0,23.0,0.0,0.0,0.0,0.0,0.0,0.0,0.0,0.0,0.0,0.0,0.0,1.0,0.0,0.0,0.0,0.0,14.0,1.0,0.0,0.0,0.0,0.0,0.0,0.2142857143,0.0,0.0,0.0,0.0,0.0,0.125,0.0,0.0,0.0,0.0,0.0,1.0,0.0,0.0,1.0,1.0,0.0,1.0,1.0,1.0,0.0,0.0
3711,6716.0,1.0,0.0,5.0,97.0,11.0,0.0,0.0,0.0,0.0,0.0,0.0,0.0,0.0,11.0,1.0,1.0,0.0,0.0,1.0,0.0,17.0,73.0,0.0,0.0,0.0,0.0,0.1944444444,1.0,1.0,1.0,1.0,1.0,0.0,0.0416666667,0.0,0.0,0.0,0.0,0.0,1.0,0.0,0.0,1.0,-1.0,-1.0,0.0,0.0,1.0,0.0,0.0
3712,6849.0,2.0,0.0,3.0,114.0,0.0,0.0,0.0,0.0,3.0,0.0,4.0,3.0,0.0,17.0,1.0,0.0,0.0,0.0,0.0,0.0,22.0,33.0,51.0,0.0,0.0,0.0,0.9655172414,1.0,0.0,0.0,0.0,0.0,0.0,0.0,1.0,0.0,0.0,0.0,0.0,0.0,0.0,0.0,1.0,-1.0,-1.0,1.0,-1.0,-1.0,0.0,0.0
3713,1640.0,4.0,1.0,3.0,47.0,0.0,0.0,0.0,0.0,0.0,0.0,0.0,0.0,0.0,0.0,1.0,0.0,0.0,0.0,1.0,0.0,18.0,22.0,0.0,0.0,0.0,0.0,0.0,0.0,0.0,1.0,0.0,0.0,0.0,0.0,0.0,0.0,0.0,0.0,0.0,0.0,0.0,0.0,1.0,1.0,1.0,1.0,1.0,1.0,1.0,1.0
3714,5273.0,1.0,0.0,5.0,106.0,8.0,0.0,0.0,0.0,0.0,0.0,0.0,0.0,0.0,3.0,1.0,1.0,0.0,0.0,1.0,0.0,15.0,84.0,0.0,0.0,0.0,0.0,0.2553191489,0.25,0.0,1.0,1.0,0.0,0.0,0.0,0.0,0.0,0.0,0.0,1.0,0.0,0.0,1.0,1.0,-1.0,1.0,1.0,0.0,1.0,0.0,0.0
3715,6904.0,4.0,1.0,7.0,75.0,1.0,0.0,0.0,0.0,0.0,0.0,0.0,0.0,0.0,2.0,1.0,0.0,0.0,0.0,1.0,0.0,14.0,54.0,0.0,0.0,0.0,0.0,0.2619047619,0.0,0.0,0.0,0.0,0.0,0.0,0.0238095238,0.0,0.0,0.0,0.0,0.0,0.0,0.0,0.0,1.0,0.0,1.0,1.0,1.0,1.0,0.0,0.0
3716,2007.0,2.0,0.0,3.0,45.0,0.0,0.0,0.0,0.0,0.0,0.0,0.0,0.0,0.0,0.0,1.0,1.0,0.0,0.0,0.0,0.0,16.0,22.0,0.0,0.0,0.0,0.0,0.0,0.0,0.0,1.0,1.0,0.0,0.0,0.0,1.0,0.0,0.0,0.0,0.0,0.0,0.0,0.0,1.0,1.0,1.0,1.0,1.0,1.0,1.0,1.0
3717,1196.0,5.0,0.0,3.0,94.0,0.0,0.0,0.0,0.0,0.0,0.0,0.0,0.0,0.0,22.0,1.0,1.0,0.0,0.0,1.0,0.0,16.0,71.0,0.0,0.0,0.0,1.0,1.0,0.0833333333,1.0,1.0,1.0,0.0,1.0,0.0,1.0,0.0,0.0,0.0,0.0,0.0,0.0,0.0,1.0,-1.0,1.0,-1.0,1.0,-1.0,1.0,1.0
3718,5225.0,2.0,0.0,1.0,63.0,0.0,0.0,0.0,0.0,0.0,0.0,2.0,1.0,0.0,4.0,1.0,0.0,0.0,0.0,0.0,0.0,17.0,16.0,22.0,0.0,0.0,0.0,0.0263157895,0.1666666667,0.0,1.0,0.0,0.0,0.0,0.0,0.0,0.0,0.0,0.0,0.0,0.0,0.0,0.0,1.0,0.0,1.0,1.0,0.0,1.0,0.0,0.0
3719,2368.0,3.0,0.0,5.0,98.0,1.0,0.0,0.0,0.0,0.0,0.0,0.0,0.0,0.0,0.0,1.0,1.0,0.0,0.0,0.0,0.0,22.0,69.0,0.0,0.0,0.0,0.0,1.0,0.1428571429,1.0,1.0,0.0,0.0,0.0,0.0,0.0,0.0,0.0,0.0,0.0,1.0,0.0,0.0,1.0,-1.0,1.0,1.0,0.0,-1.0,1.0,1.0
3720,5868.0,1.0,0.0,4.0,106.0,4.0,0.0,0.0,0.0,0.0,1.0,2.0,0.0,0.0,17.0,1.0,0.0,0.0,0.0,1.0,0.0,11.0,50.0,37.0,0.0,0.0,0.0,0.1224489796,0.1176470588,0.0,1.0,0.0,0.0,0.0,0.0,0.0,0.0,0.0,0.0,0.0,0.0,0.0,0.0,1.0,-1.0,1.0,1.0,0.0,1.0,0.0,0.0
3721,5239.0,2.0,1.0,2.0,121.0,13.0,0.0,0.0,0.0,0.0,0.0,0.0,0.0,0.0,6.0,1.0,1.0,0.0,0.0,1.0,0.0,18.0,96.0,0.0,0.0,0.0,0.0,0.0646551724,1.0,1.0,1.0,0.0,0.0,0.0,0.0,0.0,0.0,0.0,0.0,0.0,0.0,0.0,0.0,1.0,-1.0,1.0,1.0,0.0,1.0,0.0,0.0
3722,9916.0,2.0,1.0,2.0,40.0,0.0,0.0,0.0,0.0,0.0,0.0,0.0,0.0,0.0,4.0,1.0,1.0,0.0,0.0,0.0,0.0,23.0,10.0,0.0,0.0,0.0,0.0,0.4184782609,0.4848484848,0.0,1.0,0.0,1.0,0.0,0.0380434783,0.0,0.0,0.0,0.0,0.0,1.0,0.0,0.0,1.0,1.0,1.0,0.0,0.0,0.0,0.0,0.0
3723,5815.0,3.0,1.0,3.0,72.0,5.0,0.0,0.0,0.0,0.0,0.0,0.0,0.0,0.0,6.0,1.0,1.0,0.0,0.0,1.0,0.0,18.0,47.0,0.0,0.0,0.0,0.0,0.12,0.9803921569,0.0,0.0,0.0,1.0,0.0,0.012,0.0,0.0,0.0,0.0,0.0,0.0,0.0,0.0,1.0,0.0,-1.0,0.0,0.0,1.0,0.0,0.0
3724,1431.0,3.0,1.0,2.0,51.0,0.0,0.0,0.0,0.0,0.0,0.0,1.0,0.0,0.0,10.0,1.0,0.0,0.0,0.0,0.0,0.0,13.0,17.0,13.0,0.0,0.0,0.0,0.0,0.0,0.0,0.0,0.0,0.0,0.0,0.0,1.0,0.0,0.0,0.0,0.0,0.0,1.0,0.0,1.0,1.0,1.0,1.0,1.0,1.0,1.0,1.0
3725,7078.0,1.0,0.0,5.0,73.0,6.0,0.0,0.0,0.0,0.0,0.0,0.0,0.0,0.0,8.0,1.0,1.0,0.0,0.0,1.0,0.0,18.0,48.0,0.0,0.0,0.0,0.0,0.1232876712,0.3289473684,0.0,1.0,0.0,0.0,0.0,0.0547945205,0.0,0.0,0.0,0.0,0.0,1.0,0.0,0.0,1.0,0.0,1.0,1.0,0.0,1.0,0.0,0.0
3726,6835.0,1.0,0.0,5.0,73.0,4.0,0.0,0.0,0.0,0.0,0.0,0.0,0.0,0.0,8.0,1.0,1.0,0.0,0.0,1.0,0.0,19.0,47.0,0.0,0.0,0.0,0.0,0.1505376344,1.0,1.0,1.0,1.0,0.0,0.0,0.0430107527,0.0,0.0,0.0,0.0,0.0,1.0,0.0,0.0,1.0,0.0,-1.0,1.0,-1.0,1.0,0.0,0.0
3727,2440.0,3.0,1.0,14.0,76.0,0.0,0.0,0.0,0.0,0.0,0.0,0.0,0.0,0.0,0.0,1.0,0.0,0.0,0.0,1.0,0.0,13.0,56.0,0.0,0.0,0.0,0.0,0.0,0.0,0.0,1.0,0.0,0.0,0.0,1.0,0.0,0.0,0.0,0.0,0.0,0.0,0.0,1.0,1.0,-1.0,1.0,1.0,1.0,-1.0,1.0,1.0
3728,2016.0,3.0,0.0,3.0,47.0,0.0,0.0,0.0,0.0,0.0,0.0,0.0,0.0,0.0,0.0,1.0,0.0,0.0,0.0,1.0,0.0,24.0,16.0,0.0,0.0,0.0,0.0,0.0,0.0714285714,1.0,1.0,0.0,0.0,0.0,1.0,0.0,0.0,0.0,0.0,0.0,1.0,0.0,0.0,1.0,1.0,1.0,1.0,1.0,-1.0,1.0,1.0
3729,4836.0,3.0,0.0,5.0,54.0,2.0,1.0,0.0,0.0,0.0,0.0,0.0,0.0,0.0,0.0,1.0,0.0,0.0,0.0,1.0,0.0,15.0,32.0,0.0,0.0,0.0,0.0,0.0,0.0,0.0,1.0,1.0,0.0,0.0,1.0,0.0,0.0,0.0,0.0,0.0,0.0,0.0,0.0,1.0,0.0,1.0,1.0,1.0,-1.0,1.0,1.0
3730,8730.0,1.0,0.0,5.0,42.0,0.0,0.0,0.0,0.0,0.0,0.0,0.0,0.0,0.0,8.0,1.0,1.0,0.0,0.0,0.0,0.0,15.0,20.0,0.0,0.0,0.0,0.0,0.3333333333,0.380952381,0.0,1.0,1.0,0.0,1.0,0.0505050505,0.0,0.0,0.0,0.0,0.0,1.0,0.0,0.0,1.0,1.0,0.0,-1.0,0.0,0.0,0.0,0.0
3731,6027.0,1.0,0.0,2.0,104.0,0.0,0.0,0.0,0.0,3.0,2.0,2.0,1.0,0.0,15.0,1.0,0.0,0.0,0.0,0.0,0.0,18.0,9.0,69.0,0.0,0.0,0.0,0.0227272727,0.2926829268,0.0,1.0,0.0,0.0,0.0,0.0,0.0,0.0,0.0,0.0,0.0,0.0,0.0,0.0,1.0,-1.0,-1.0,1.0,0.0,1.0,0.0,0.0
3732,6460.0,3.0,1.0,2.0,127.0,2.0,1.0,0.0,0.0,0.0,1.0,4.0,3.0,0.0,3.0,1.0,0.0,0.0,0.0,0.0,0.0,24.0,15.0,80.0,0.0,0.0,0.0,0.0,0.5,0.0,1.0,0.0,1.0,0.0,0.0,0.0,0.0,0.0,0.0,0.0,1.0,0.0,0.0,1.0,-1.0,-1.0,0.0,0.0,1.0,0.0,0.0
3733,6144.0,3.0,1.0,2.0,61.0,3.0,0.0,0.0,0.0,1.0,0.0,0.0,0.0,0.0,3.0,1.0,1.0,0.0,0.0,1.0,0.0,12.0,42.0,0.0,0.0,0.0,0.0,0.0217391304,0.0177304965,0.0,0.0,0.0,0.0,0.0,0.0,0.0,0.0,0.0,0.0,0.0,0.0,0.0,0.0,1.0,0.0,1.0,1.0,1.0,1.0,0.0,0.0
3734,9685.0,3.0,1.0,1.0,43.0,0.0,0.0,0.0,0.0,0.0,0.0,0.0,0.0,0.0,1.0,1.0,0.0,0.0,0.0,0.0,0.0,21.0,15.0,0.0,0.0,0.0,0.0,0.0087336245,0.9955156951,0.0,1.0,0.0,1.0,0.0,0.1048034934,0.0,0.0,0.0,0.0,0.0,0.0,0.0,0.0,1.0,1.0,-1.0,0.0,-1.0,1.0,0.0,0.0
3735,5617.0,3.0,1.0,2.0,65.0,2.0,0.0,0.0,0.0,0.0,0.0,0.0,0.0,0.0,0.0,1.0,0.0,0.0,0.0,0.0,0.0,17.0,41.0,0.0,0.0,0.0,0.0,0.2946428571,0.9318181818,0.0,1.0,1.0,0.0,0.0,0.0178571429,0.0,0.0,0.0,0.0,0.0,0.0,0.0,0.0,1.0,0.0,-1.0,1.0,-1.0,0.0,0.0,0.0
3736,3363.0,4.0,1.0,4.0,65.0,0.0,0.0,0.0,0.0,0.0,0.0,0.0,0.0,0.0,2.0,1.0,1.0,0.0,0.0,0.0,0.0,28.0,30.0,0.0,0.0,0.0,0.0,0.0909090909,1.0,1.0,1.0,0.0,0.0,0.0,0.8181818182,1.0,0.0,0.0,0.0,0.0,0.0,0.0,0.0,1.0,0.0,-1.0,1.0,-1.0,-1.0,1.0,1.0
3737,700.0,1.0,0.0,4.0,79.0,1.0,0.0,0.0,0.0,0.0,0.0,0.0,0.0,0.0,31.0,1.0,1.0,0.0,0.0,0.0,0.0,13.0,59.0,0.0,0.0,0.0,0.0,0.0,0.0,0.0,1.0,0.0,0.0,0.0,0.0,0.0,0.0,0.0,0.0,0.0,0.0,0.0,0.0,1.0,-1.0,1.0,1.0,1.0,1.0,1.0,1.0
3738,7534.0,2.0,1.0,5.0,170.0,17.0,0.0,0.0,0.0,0.0,0.0,0.0,0.0,0.0,8.0,1.0,1.0,0.0,0.0,1.0,0.0,26.0,137.0,0.0,0.0,0.0,0.0,0.3956834532,0.9074074074,1.0,1.0,1.0,1.0,0.0,0.035971223,0.0,0.0,0.0,0.0,0.0,1.0,0.0,0.0,1.0,-1.0,-1.0,0.0,0.0,0.0,0.0,0.0
3739,7277.0,4.0,1.0,1.0,63.0,0.0,0.0,0.0,0.0,0.0,0.0,2.0,1.0,0.0,3.0,1.0,0.0,0.0,0.0,0.0,0.0,24.0,18.0,13.0,0.0,0.0,0.0,0.0340909091,0.0454545455,0.0,1.0,1.0,0.0,0.0,0.0,0.0,0.0,0.0,0.0,0.0,0.0,0.0,0.0,1.0,0.0,1.0,1.0,1.0,1.0,0.0,0.0
3740,8004.0,1.0,0.0,5.0,66.0,4.0,0.0,0.0,0.0,0.0,0.0,0.0,0.0,0.0,6.0,1.0,1.0,0.0,0.0,1.0,0.0,10.0,49.0,0.0,0.0,0.0,0.0,0.1346153846,0.3703703704,1.0,1.0,0.0,0.0,0.0,0.1442307692,0.0,0.0,0.0,0.0,1.0,0.0,0.0,0.0,1.0,0.0,1.0,1.0,0.0,1.0,0.0,0.0
3741,7223.0,1.0,0.0,6.0,61.0,3.0,0.0,0.0,0.0,0.0,0.0,0.0,0.0,0.0,9.0,1.0,1.0,0.0,0.0,1.0,0.0,14.0,40.0,0.0,0.0,0.0,0.0,0.5882352941,0.2857142857,0.0,0.0,0.0,0.0,0.0,0.0,0.0,0.0,0.0,0.0,0.0,0.0,0.0,0.0,1.0,0.0,1.0,1.0,0.0,0.0,0.0,0.0
3742,3269.0,3.0,2.0,4.0,109.0,5.0,4.0,0.0,0.0,0.0,0.0,0.0,0.0,0.0,25.0,1.0,1.0,0.0,1.0,1.0,0.0,57.0,45.0,0.0,0.0,0.0,0.0,0.0555555556,0.0909090909,0.0,1.0,1.0,0.0,0.0,0.9444444444,0.0,0.0,1.0,0.0,0.0,1.0,0.0,0.0,0.0,-1.0,1.0,1.0,1.0,-1.0,1.0,1.0
3743,2056.0,3.0,0.0,5.0,72.0,1.0,0.0,0.0,0.0,0.0,0.0,0.0,0.0,0.0,0.0,1.0,0.0,0.0,0.0,1.0,0.0,21.0,44.0,0.0,0.0,0.0,0.0,0.0,0.0,0.0,1.0,0.0,0.0,0.0,0.0,0.0,0.0,0.0,0.0,0.0,0.0,0.0,0.0,1.0,0.0,1.0,1.0,1.0,1.0,1.0,1.0
3744,2287.0,2.0,0.0,2.0,33.0,0.0,0.0,0.0,0.0,0.0,0.0,0.0,0.0,0.0,0.0,1.0,1.0,0.0,0.0,0.0,0.0,11.0,15.0,0.0,0.0,0.0,0.0,0.0,0.0,0.0,1.0,1.0,0.0,0.0,1.0,0.0,0.0,0.0,0.0,0.0,0.0,0.0,0.0,1.0,1.0,1.0,1.0,1.0,-1.0,1.0,1.0
3745,4221.0,2.0,0.0,2.0,59.0,0.0,0.0,0.0,0.0,0.0,0.0,0.0,0.0,0.0,0.0,1.0,0.0,0.0,0.0,1.0,0.0,35.0,17.0,0.0,0.0,0.0,0.0,0.0,0.0,0.0,1.0,0.0,0.0,0.0,0.0,0.0,0.0,0.0,0.0,0.0,0.0,0.0,0.0,1.0,0.0,1.0,1.0,1.0,1.0,1.0,1.0
3746,1848.0,3.0,1.0,3.0,58.0,0.0,0.0,0.0,0.0,0.0,0.0,0.0,0.0,0.0,0.0,1.0,0.0,0.0,0.0,0.0,0.0,28.0,23.0,0.0,0.0,0.0,0.0,0.0,0.0,0.0,1.0,0.0,0.0,0.0,0.0,0.0,0.0,0.0,0.0,0.0,0.0,0.0,0.0,1.0,0.0,1.0,1.0,1.0,1.0,1.0,1.0
3747,6928.0,3.0,1.0,2.0,163.0,0.0,0.0,0.0,0.0,6.0,1.0,5.0,4.0,0.0,5.0,1.0,1.0,0.0,0.0,0.0,0.0,10.0,23.0,122.0,0.0,0.0,1.0,0.2,0.0,0.0,1.0,0.0,0.0,0.0,0.0,0.0,0.0,0.0,0.0,0.0,0.0,0.0,0.0,1.0,-1.0,1.0,1.0,1.0,1.0,0.0,0.0
3748,806.0,15.0,1.0,2.0,240.0,0.0,0.0,0.0,0.0,0.0,0.0,6.0,12.0,1.0,77.0,1.0,1.0,0.0,0.0,0.0,0.0,17.0,16.0,174.0,0.0,1.0,0.0,0.0,0.0,0.0,1.0,0.0,0.0,0.0,0.0,0.0,0.0,0.0,0.0,0.0,0.0,0.0,0.0,1.0,-1.0,1.0,1.0,1.0,1.0,1.0,1.0
3749,3327.0,2.0,1.0,2.0,45.0,1.0,1.0,0.0,0.0,0.0,0.0,0.0,0.0,0.0,3.0,1.0,1.0,0.0,0.0,0.0,0.0,29.0,9.0,0.0,0.0,0.0,0.0,0.0,0.0,0.0,1.0,1.0,0.0,0.0,1.0,0.0,0.0,0.0,0.0,1.0,1.0,0.0,0.0,1.0,1.0,1.0,1.0,1.0,-1.0,1.0,1.0
3750,3507.0,2.0,1.0,3.0,57.0,0.0,0.0,0.0,0.0,2.0,0.0,0.0,0.0,0.0,0.0,1.0,0.0,0.0,0.0,0.0,0.0,18.0,32.0,0.0,0.0,0.0,0.0,0.0,0.0,0.0,1.0,0.0,0.0,0.0,0.0,0.0,0.0,0.0,0.0,0.0,0.0,0.0,0.0,1.0,0.0,1.0,1.0,1.0,1.0,1.0,1.0
3751,2950.0,3.0,1.0,5.0,88.0,1.0,0.0,0.0,0.0,0.0,0.0,0.0,0.0,0.0,0.0,1.0,0.0,0.0,0.0,0.0,0.0,30.0,51.0,0.0,0.0,0.0,0.0,0.75,0.0,0.0,1.0,0.0,0.0,0.0,0.0,0.0,0.0,0.0,0.0,0.0,0.0,0.0,0.0,1.0,-1.0,1.0,1.0,1.0,-1.0,1.0,1.0
3752,3683.0,1.0,0.0,4.0,59.0,0.0,0.0,0.0,0.0,0.0,0.0,0.0,0.0,0.0,9.0,1.0,1.0,0.0,0.0,1.0,0.0,18.0,34.0,0.0,0.0,0.0,0.0,0.0,0.0,0.0,1.0,0.0,0.0,0.0,1.0,0.0,0.0,0.0,0.0,0.0,0.0,0.0,0.0,1.0,0.0,1.0,1.0,1.0,-1.0,1.0,1.0
3753,4580.0,3.0,0.0,3.0,51.0,0.0,0.0,0.0,0.0,0.0,0.0,0.0,0.0,0.0,10.0,1.0,1.0,0.0,0.0,0.0,0.0,13.0,31.0,0.0,0.0,0.0,0.0,0.0,0.1428571429,1.0,1.0,0.0,1.0,0.0,0.0,0.0,0.0,0.0,0.0,0.0,1.0,0.0,0.0,1.0,1.0,1.0,0.0,1.0,1.0,1.0,1.0
3754,1650.0,4.0,1.0,4.0,70.0,1.0,0.0,0.0,0.0,0.0,0.0,0.0,0.0,0.0,0.0,1.0,0.0,0.0,0.0,0.0,0.0,18.0,45.0,0.0,0.0,0.0,0.0,0.0,0.9743589744,0.0,1.0,0.0,0.0,0.0,0.0,1.0,0.0,0.0,0.0,0.0,0.0,0.0,0.0,1.0,0.0,-1.0,1.0,-1.0,1.0,1.0,1.0
3755,3180.0,2.0,1.0,3.0,68.0,1.0,1.0,0.0,0.0,0.0,0.0,0.0,0.0,0.0,24.0,1.0,1.0,0.0,0.0,1.0,0.0,21.0,40.0,0.0,0.0,0.0,0.0,0.0555555556,0.0909090909,0.0,1.0,1.0,0.0,0.0,0.9444444444,0.0,0.0,1.0,0.0,0.0,1.0,0.0,0.0,1.0,0.0,1.0,1.0,1.0,-1.0,1.0,1.0
3756,761.0,2.0,0.0,2.0,28.0,0.0,0.0,0.0,0.0,0.0,0.0,0.0,0.0,0.0,0.0,1.0,0.0,0.0,0.0,0.0,0.0,15.0,6.0,0.0,0.0,0.0,0.0,1.0,1.0,0.0,1.0,0.0,0.0,0.0,0.0,1.0,0.0,0.0,0.0,0.0,0.0,0.0,0.0,1.0,1.0,-1.0,1.0,-1.0,-1.0,1.0,1.0
3757,6744.0,5.0,1.0,8.0,72.0,0.0,0.0,0.0,0.0,0.0,0.0,0.0,0.0,0.0,26.0,1.0,1.0,0.0,0.0,1.0,0.0,11.0,54.0,0.0,0.0,0.0,1.0,0.0,0.0153846154,0.0,1.0,1.0,0.0,1.0,0.0039370079,0.0,0.0,0.0,0.0,0.0,1.0,0.0,0.0,1.0,0.0,1.0,-1.0,1.0,1.0,0.0,0.0
3758,4121.0,2.0,0.0,4.0,76.0,0.0,0.0,0.0,0.0,1.0,0.0,0.0,0.0,0.0,0.0,1.0,0.0,0.0,0.0,0.0,0.0,21.0,48.0,0.0,0.0,1.0,0.0,0.0526315789,0.9047619048,1.0,1.0,0.0,0.0,0.0,0.8947368421,1.0,0.0,0.0,0.0,0.0,0.0,0.0,0.0,1.0,-1.0,-1.0,1.0,-1.0,-1.0,1.0,1.0
3759,8686.0,2.0,0.0,2.0,33.0,0.0,0.0,0.0,0.0,0.0,0.0,0.0,0.0,0.0,0.0,1.0,0.0,0.0,0.0,0.0,0.0,9.0,17.0,0.0,0.0,0.0,0.0,0.2442748092,0.125,0.0,1.0,0.0,0.0,0.0,0.0152671756,0.0,0.0,0.0,0.0,0.0,0.0,0.0,1.0,1.0,1.0,1.0,1.0,1.0,1.0,0.0,0.0
3760,9379.0,2.0,1.0,0.0,27.0,0.0,0.0,0.0,0.0,0.0,0.0,0.0,0.0,0.0,0.0,1.0,0.0,0.0,0.0,0.0,0.0,19.0,1.0,0.0,0.0,0.0,0.0,0.0666666667,0.3333333333,0.0,0.0,0.0,1.0,0.0,0.1333333333,0.0,0.0,0.0,0.0,1.0,0.0,0.0,1.0,1.0,1.0,0.0,0.0,1.0,1.0,0.0,0.0
3761,7066.0,2.0,1.0,6.0,64.0,0.0,0.0,0.0,0.0,0.0,0.0,1.0,0.0,0.0,5.0,1.0,1.0,0.0,0.0,1.0,0.0,12.0,38.0,6.0,0.0,0.0,0.0,0.0384615385,0.0909090909,0.0,1.0,1.0,0.0,0.0,0.0,0.0,0.0,0.0,0.0,0.0,0.0,0.0,0.0,1.0,0.0,1.0,1.0,1.0,1.0,0.0,0.0
3762,4227.0,2.0,0.0,5.0,93.0,1.0,0.0,0.0,0.0,0.0,0.0,0.0,0.0,0.0,50.0,1.0,1.0,0.0,0.0,0.0,0.0,18.0,68.0,0.0,0.0,0.0,0.0,1.0,1.0,0.0,1.0,0.0,0.0,0.0,0.0,1.0,0.0,0.0,0.0,0.0,1.0,0.0,0.0,1.0,-1.0,-1.0,1.0,-1.0,-1.0,1.0,1.0
3763,4817.0,2.0,0.0,3.0,46.0,1.0,1.0,0.0,0.0,0.0,0.0,0.0,0.0,0.0,0.0,1.0,0.0,0.0,0.0,1.0,0.0,12.0,27.0,0.0,0.0,1.0,1.0,1.0,1.0,0.0,1.0,0.0,0.0,0.0,0.0,1.0,0.0,0.0,0.0,0.0,0.0,0.0,0.0,1.0,1.0,-1.0,1.0,-1.0,-1.0,1.0,1.0
3764,4661.0,3.0,0.0,2.0,44.0,0.0,0.0,0.0,0.0,0.0,0.0,0.0,0.0,0.0,0.0,1.0,0.0,0.0,0.0,0.0,0.0,17.0,20.0,0.0,0.0,0.0,0.0,0.6666666667,1.0,0.0,1.0,0.0,0.0,0.0,0.3333333333,1.0,0.0,0.0,0.0,0.0,0.0,0.0,0.0,1.0,1.0,-1.0,1.0,-1.0,-1.0,1.0,1.0
3765,6792.0,2.0,0.0,3.0,94.0,2.0,0.0,0.0,0.0,0.0,0.0,1.0,0.0,0.0,19.0,1.0,1.0,0.0,0.0,0.0,0.0,18.0,43.0,25.0,0.0,0.0,0.0,0.3576923077,0.8292682927,0.0,1.0,0.0,0.0,0.0,0.0,0.0,0.0,0.0,0.0,1.0,1.0,0.0,0.0,1.0,-1.0,-1.0,1.0,0.0,0.0,0.0,0.0
3766,4240.0,7.0,1.0,2.0,86.0,0.0,0.0,0.0,0.0,0.0,0.0,0.0,0.0,0.0,0.0,1.0,0.0,0.0,0.0,1.0,0.0,37.0,42.0,0.0,0.0,0.0,0.0,0.0,0.0,0.0,1.0,0.0,0.0,0.0,0.0,0.0,0.0,0.0,0.0,0.0,0.0,0.0,0.0,1.0,-1.0,1.0,1.0,1.0,1.0,1.0,1.0
3767,3382.0,2.0,1.0,3.0,42.0,0.0,0.0,0.0,0.0,0.0,0.0,0.0,0.0,0.0,1.0,1.0,1.0,0.0,0.0,1.0,0.0,19.0,16.0,0.0,0.0,0.0,0.0,0.0,0.0,0.0,1.0,0.0,0.0,0.0,0.0,0.0,0.0,0.0,0.0,0.0,0.0,0.0,0.0,1.0,1.0,1.0,1.0,1.0,1.0,1.0,1.0
3768,246.0,4.0,0.0,2.0,46.0,1.0,0.0,0.0,0.0,0.0,0.0,0.0,0.0,0.0,0.0,1.0,0.0,0.0,0.0,1.0,0.0,9.0,30.0,0.0,0.0,1.0,1.0,0.4716981132,0.976744186,0.0,1.0,0.0,0.0,0.0,0.0377358491,1.0,0.0,0.0,0.0,0.0,0.0,0.0,0.0,1.0,1.0,-1.0,1.0,-1.0,0.0,1.0,1.0
3769,4252.0,2.0,1.0,0.0,40.0,1.0,1.0,0.0,0.0,0.0,0.0,0.0,0.0,0.0,0.0,0.0,1.0,0.0,0.0,0.0,0.0,31.0,1.0,0.0,0.0,0.0,0.0,0.5384615385,0.6363636364,0.0,0.0,0.0,0.0,0.0,0.3846153846,1.0,0.0,0.0,0.0,0.0,0.0,0.0,0.0,1.0,1.0,-1.0,1.0,0.0,-1.0,1.0,1.0
3770,7834.0,2.0,1.0,2.0,60.0,2.0,0.0,0.0,0.0,0.0,0.0,0.0,0.0,0.0,1.0,1.0,0.0,0.0,0.0,1.0,0.0,24.0,29.0,0.0,0.0,0.0,0.0,0.0683229814,0.1403508772,0.0,1.0,1.0,0.0,1.0,0.0062111801,0.0,0.0,0.0,0.0,0.0,1.0,0.0,0.0,1.0,0.0,1.0,-1.0,0.0,1.0,0.0,0.0
3771,6876.0,1.0,0.0,2.0,69.0,4.0,0.0,0.0,0.0,0.0,0.0,0.0,0.0,0.0,0.0,1.0,0.0,0.0,0.0,1.0,0.0,24.0,38.0,0.0,0.0,0.0,0.0,0.0833333333,0.4166666667,0.0,1.0,0.0,0.0,0.0,0.0,0.0,0.0,0.0,0.0,0.0,0.0,0.0,0.0,1.0,0.0,1.0,1.0,0.0,1.0,0.0,0.0
3772,9087.0,2.0,0.0,3.0,48.0,0.0,0.0,0.0,0.0,0.0,0.0,1.0,0.0,0.0,4.0,1.0,0.0,0.0,0.0,1.0,0.0,6.0,27.0,7.0,0.0,0.0,0.0,0.0701754386,0.0666666667,0.0,1.0,0.0,0.0,0.0,0.0,0.0,0.0,0.0,0.0,0.0,0.0,0.0,0.0,1.0,1.0,1.0,1.0,1.0,1.0,0.0,0.0
3773,6388.0,1.0,0.0,5.0,122.0,4.0,0.0,0.0,0.0,2.0,0.0,3.0,2.0,0.0,15.0,1.0,1.0,0.0,0.0,1.0,0.0,19.0,51.0,44.0,0.0,0.0,0.0,0.3285714286,0.9636363636,1.0,1.0,1.0,1.0,0.0,0.0,0.0,0.0,0.0,0.0,0.0,1.0,0.0,0.0,1.0,-1.0,-1.0,0.0,-1.0,0.0,0.0,0.0
3774,6960.0,2.0,0.0,1.0,62.0,0.0,0.0,0.0,0.0,2.0,0.0,2.0,1.0,0.0,1.0,1.0,0.0,0.0,0.0,0.0,0.0,14.0,10.0,30.0,0.0,0.0,0.0,0.0810810811,0.2857142857,0.0,1.0,0.0,0.0,0.0,0.0,0.0,0.0,0.0,0.0,1.0,0.0,0.0,0.0,1.0,0.0,1.0,1.0,0.0,1.0,0.0,0.0
3775,5199.0,3.0,1.0,3.0,60.0,0.0,0.0,0.0,0.0,0.0,0.0,0.0,0.0,0.0,16.0,1.0,1.0,0.0,0.0,0.0,0.0,12.0,41.0,0.0,0.0,0.0,0.0,0.0,0.0,0.0,1.0,1.0,0.0,0.0,0.0,0.0,0.0,0.0,0.0,0.0,0.0,0.0,0.0,1.0,0.0,1.0,1.0,1.0,1.0,0.0,0.0
3776,148.0,4.0,0.0,2.0,53.0,0.0,0.0,0.0,0.0,0.0,0.0,0.0,0.0,0.0,0.0,1.0,0.0,0.0,0.0,1.0,0.0,22.0,24.0,0.0,0.0,0.0,1.0,0.5,1.0,0.0,1.0,1.0,1.0,1.0,0.5,1.0,0.0,0.0,0.0,0.0,0.0,0.0,0.0,1.0,1.0,-1.0,-1.0,-1.0,-1.0,1.0,1.0
3777,633.0,2.0,0.0,3.0,48.0,0.0,0.0,0.0,0.0,0.0,0.0,0.0,0.0,0.0,0.0,1.0,0.0,0.0,0.0,0.0,0.0,15.0,26.0,0.0,0.0,0.0,0.0,0.0,0.7857142857,0.0,1.0,0.0,0.0,0.0,1.0,1.0,0.0,0.0,0.0,0.0,1.0,0.0,0.0,1.0,1.0,-1.0,1.0,1.0,-1.0,1.0,1.0
3778,2628.0,2.0,0.0,2.0,48.0,0.0,0.0,0.0,0.0,0.0,0.0,0.0,0.0,0.0,0.0,1.0,1.0,0.0,0.0,0.0,0.0,9.0,32.0,0.0,0.0,0.0,1.0,1.0,1.0,0.0,1.0,0.0,0.0,0.0,0.0,1.0,0.0,0.0,0.0,0.0,1.0,0.0,0.0,1.0,1.0,-1.0,1.0,-1.0,-1.0,1.0,1.0
3779,4188.0,2.0,0.0,3.0,51.0,0.0,0.0,0.0,0.0,1.0,0.0,0.0,0.0,0.0,1.0,1.0,0.0,0.0,0.0,0.0,0.0,13.0,31.0,0.0,0.0,0.0,0.0,0.0,0.6428571429,1.0,1.0,0.0,0.0,0.0,1.0,0.0,0.0,0.0,0.0,0.0,0.0,0.0,0.0,1.0,1.0,-1.0,1.0,0.0,-1.0,1.0,1.0
3780,3238.0,2.0,1.0,3.0,57.0,0.0,0.0,0.0,0.0,0.0,0.0,0.0,0.0,0.0,23.0,1.0,1.0,0.0,0.0,0.0,0.0,14.0,36.0,0.0,0.0,0.0,0.0,0.0,0.0,0.0,1.0,0.0,0.0,0.0,0.0,0.0,0.0,0.0,0.0,0.0,0.0,0.0,0.0,1.0,0.0,1.0,1.0,1.0,1.0,1.0,1.0
3781,8116.0,1.0,0.0,2.0,100.0,1.0,0.0,0.0,0.0,0.0,0.0,6.0,5.0,0.0,8.0,1.0,0.0,0.0,0.0,1.0,0.0,24.0,13.0,55.0,0.0,0.0,0.0,0.4358974359,0.3055555556,0.0,1.0,0.0,0.0,0.0,0.0,0.0,0.0,0.0,0.0,0.0,0.0,0.0,0.0,1.0,-1.0,0.0,1.0,0.0,0.0,0.0,0.0
3782,8887.0,2.0,0.0,2.0,39.0,1.0,0.0,0.0,0.0,0.0,0.0,0.0,0.0,0.0,0.0,1.0,0.0,0.0,0.0,1.0,0.0,9.0,23.0,0.0,0.0,0.0,0.0,0.021978022,0.1234567901,0.0,1.0,0.0,0.0,0.0,0.0,0.0,0.0,0.0,0.0,1.0,0.0,0.0,0.0,1.0,1.0,1.0,1.0,0.0,1.0,0.0,0.0
3783,3680.0,5.0,3.0,3.0,84.0,0.0,0.0,0.0,0.0,0.0,0.0,0.0,0.0,0.0,4.0,1.0,1.0,0.0,1.0,0.0,0.0,33.0,44.0,0.0,0.0,2.0,0.0,0.5555555556,0.0,0.0,1.0,1.0,0.0,0.0,0.1111111111,0.0,0.0,0.0,0.0,0.0,0.0,0.0,0.0,-1.0,-1.0,1.0,1.0,1.0,0.0,1.0,1.0
3784,6292.0,2.0,0.0,4.0,83.0,3.0,0.0,0.0,0.0,0.0,0.0,0.0,0.0,0.0,0.0,1.0,0.0,0.0,0.0,1.0,0.0,22.0,54.0,0.0,0.0,0.0,0.0,0.1111111111,0.0363636364,0.0,1.0,1.0,0.0,1.0,0.0238095238,0.0,0.0,0.0,0.0,0.0,0.0,0.0,0.0,1.0,-1.0,1.0,-1.0,1.0,1.0,0.0,0.0
3785,7913.0,2.0,1.0,5.0,76.0,4.0,0.0,0.0,0.0,0.0,0.0,0.0,0.0,0.0,6.0,1.0,1.0,0.0,0.0,1.0,0.0,18.0,51.0,0.0,0.0,0.0,0.0,0.0625,0.7111111111,0.0,1.0,1.0,0.0,1.0,0.0277777778,0.0,0.0,0.0,0.0,0.0,0.0,0.0,0.0,1.0,-1.0,-1.0,-1.0,0.0,1.0,0.0,0.0
3786,5344.0,2.0,1.0,3.0,94.0,11.0,0.0,0.0,0.0,0.0,0.0,0.0,0.0,0.0,1.0,1.0,1.0,0.0,0.0,1.0,0.0,19.0,68.0,0.0,0.0,0.0,0.0,0.4456521739,0.4871794872,0.0,1.0,1.0,0.0,1.0,0.0,0.0,0.0,0.0,0.0,0.0,1.0,0.0,0.0,1.0,-1.0,-1.0,-1.0,0.0,0.0,0.0,0.0
3787,4964.0,7.0,6.0,3.0,62.0,0.0,0.0,0.0,0.0,0.0,0.0,0.0,0.0,0.0,6.0,1.0,1.0,0.0,1.0,0.0,0.0,46.0,9.0,0.0,0.0,2.0,0.0,0.0,0.0,0.0,1.0,0.0,0.0,0.0,1.0,0.0,0.0,0.0,0.0,0.0,0.0,0.0,0.0,-1.0,0.0,1.0,1.0,1.0,-1.0,1.0,1.0
3788,9221.0,3.0,1.0,2.0,45.0,0.0,0.0,0.0,0.0,1.0,0.0,0.0,0.0,0.0,0.0,1.0,0.0,0.0,0.0,1.0,0.0,22.0,16.0,0.0,0.0,0.0,0.0,0.0,0.5,0.0,0.0,0.0,0.0,0.0,0.0,1.0,0.0,0.0,0.0,0.0,1.0,1.0,0.0,1.0,1.0,-1.0,1.0,1.0,1.0,0.0,0.0
3789,9696.0,3.0,1.0,2.0,46.0,0.0,0.0,0.0,0.0,0.0,0.0,0.0,0.0,0.0,0.0,1.0,0.0,0.0,0.0,0.0,0.0,20.0,19.0,0.0,0.0,0.0,0.0,0.2328767123,1.0,0.0,1.0,0.0,1.0,0.0,0.0,0.0,0.0,0.0,0.0,0.0,0.0,0.0,0.0,1.0,1.0,-1.0,0.0,1.0,1.0,0.0,0.0
3790,3043.0,5.0,1.0,3.0,62.0,0.0,0.0,0.0,0.0,0.0,0.0,0.0,0.0,0.0,0.0,1.0,0.0,0.0,0.0,0.0,0.0,29.0,26.0,0.0,0.0,1.0,0.0,0.8888888889,0.0,0.0,1.0,0.0,0.0,0.0,0.1111111111,0.0,0.0,0.0,0.0,0.0,0.0,0.0,0.0,1.0,0.0,1.0,1.0,1.0,-1.0,1.0,1.0
3791,4854.0,2.0,0.0,6.0,130.0,0.0,0.0,0.0,0.0,0.0,0.0,0.0,3.0,0.0,25.0,1.0,1.0,0.0,0.0,0.0,0.0,16.0,107.0,0.0,0.0,0.0,0.0,0.0,0.1153846154,0.0,1.0,1.0,0.0,1.0,0.9589041096,0.0,0.0,0.0,0.0,0.0,1.0,0.0,0.0,1.0,-1.0,1.0,-1.0,1.0,-1.0,1.0,1.0
3792,9726.0,3.0,1.0,3.0,44.0,0.0,0.0,0.0,0.0,0.0,0.0,0.0,0.0,0.0,6.0,1.0,1.0,0.0,0.0,1.0,0.0,17.0,20.0,0.0,0.0,0.0,0.0,0.0,0.0,0.0,0.0,0.0,0.0,0.0,0.05,0.0,0.0,0.0,0.0,0.0,0.0,0.0,0.0,1.0,1.0,1.0,1.0,1.0,1.0,0.0,0.0
3793,8778.0,1.0,0.0,2.0,32.0,0.0,0.0,0.0,0.0,0.0,0.0,0.0,0.0,0.0,0.0,1.0,0.0,0.0,0.0,0.0,0.0,14.0,11.0,0.0,0.0,0.0,0.0,0.0810810811,0.0350877193,0.0,0.0,0.0,0.0,0.0,0.0,0.0,0.0,0.0,0.0,0.0,0.0,0.0,0.0,1.0,1.0,1.0,1.0,1.0,1.0,0.0,0.0
3794,3974.0,2.0,1.0,5.0,53.0,1.0,0.0,0.0,0.0,0.0,0.0,0.0,0.0,0.0,0.0,1.0,1.0,0.0,0.0,0.0,0.0,14.0,32.0,0.0,0.0,0.0,0.0,0.0,0.0,0.0,1.0,0.0,0.0,0.0,0.0,0.0,0.0,0.0,0.0,0.0,0.0,0.0,0.0,1.0,1.0,1.0,1.0,1.0,1.0,1.0,1.0
3795,7889.0,1.0,0.0,5.0,104.0,11.0,0.0,0.0,0.0,0.0,0.0,0.0,0.0,0.0,14.0,1.0,1.0,0.0,0.0,1.0,0.0,18.0,79.0,0.0,0.0,0.0,0.0,0.2352941176,1.0,1.0,1.0,1.0,1.0,0.0,0.0147058824,0.0,0.0,0.0,0.0,0.0,1.0,0.0,0.0,1.0,-1.0,-1.0,0.0,0.0,1.0,0.0,0.0
3796,8257.0,2.0,0.0,2.0,63.0,0.0,0.0,0.0,0.0,0.0,0.0,2.0,1.0,0.0,4.0,1.0,0.0,0.0,0.0,0.0,0.0,10.0,22.0,23.0,0.0,0.0,0.0,0.3333333333,0.125,0.0,1.0,0.0,0.0,0.0,0.0,0.0,0.0,0.0,0.0,0.0,0.0,0.0,0.0,1.0,0.0,1.0,1.0,1.0,0.0,0.0,0.0
3797,8258.0,1.0,0.0,3.0,62.0,3.0,0.0,0.0,0.0,0.0,0.0,0.0,0.0,0.0,0.0,1.0,1.0,0.0,0.0,1.0,0.0,18.0,37.0,0.0,0.0,0.0,0.0,0.5227272727,0.1764705882,0.0,1.0,0.0,0.0,0.0,0.0227272727,0.0,0.0,0.0,0.0,0.0,0.0,0.0,0.0,1.0,0.0,1.0,1.0,0.0,0.0,0.0,0.0
3798,4166.0,3.0,1.0,3.0,181.0,2.0,0.0,0.0,0.0,0.0,0.0,1.0,0.0,0.0,33.0,1.0,0.0,0.0,0.0,1.0,0.0,20.0,29.0,124.0,0.0,0.0,1.0,0.0,0.5,1.0,1.0,0.0,0.0,0.0,0.0,1.0,0.0,1.0,0.0,0.0,0.0,0.0,0.0,1.0,-1.0,1.0,1.0,0.0,1.0,1.0,1.0
3799,5333.0,2.0,1.0,5.0,97.0,8.0,0.0,0.0,0.0,0.0,0.0,0.0,0.0,0.0,8.0,1.0,1.0,0.0,0.0,1.0,0.0,18.0,72.0,0.0,0.0,0.0,0.0,0.3114754098,0.9074074074,1.0,1.0,1.0,1.0,0.0,0.0204918033,0.0,0.0,0.0,0.0,0.0,1.0,0.0,0.0,1.0,-1.0,-1.0,0.0,0.0,0.0,0.0,0.0
3800,5520.0,1.0,0.0,2.0,80.0,9.0,1.0,0.0,0.0,0.0,0.0,0.0,0.0,0.0,0.0,1.0,1.0,0.0,0.0,1.0,0.0,18.0,55.0,0.0,0.0,0.0,0.0,0.1458333333,0.5178571429,0.0,1.0,0.0,0.0,0.0,0.0,0.0,0.0,0.0,0.0,0.0,1.0,0.0,0.0,1.0,-1.0,-1.0,1.0,0.0,1.0,0.0,0.0
3801,7640.0,4.0,1.0,2.0,123.0,2.0,0.0,0.0,0.0,0.0,0.0,1.0,0.0,0.0,14.0,1.0,1.0,0.0,0.0,1.0,0.0,31.0,26.0,58.0,0.0,0.0,0.0,0.1497975709,0.7142857143,1.0,1.0,0.0,0.0,0.0,0.0,0.0,0.0,0.0,0.0,0.0,0.0,0.0,0.0,1.0,-1.0,1.0,1.0,0.0,1.0,0.0,0.0
3802,2674.0,2.0,0.0,4.0,61.0,1.0,1.0,0.0,0.0,0.0,0.0,0.0,0.0,0.0,0.0,1.0,0.0,0.0,0.0,0.0,0.0,19.0,35.0,0.0,0.0,1.0,0.0,0.75,0.2222222222,1.0,1.0,0.0,0.0,0.0,0.125,0.0,0.0,0.0,0.0,0.0,0.0,0.0,0.0,1.0,0.0,1.0,1.0,0.0,-1.0,1.0,1.0
3803,7449.0,1.0,0.0,3.0,103.0,7.0,0.0,0.0,0.0,1.0,0.0,1.0,0.0,0.0,7.0,1.0,1.0,0.0,0.0,1.0,0.0,7.0,75.0,13.0,0.0,0.0,0.0,0.0685714286,0.3269230769,0.0,1.0,1.0,0.0,0.0,0.0,0.0,0.0,0.0,0.0,1.0,1.0,0.0,0.0,1.0,-1.0,1.0,1.0,0.0,1.0,0.0,0.0
3804,666.0,3.0,0.0,4.0,54.0,1.0,1.0,0.0,0.0,0.0,0.0,0.0,0.0,0.0,0.0,1.0,1.0,0.0,0.0,1.0,0.0,17.0,30.0,0.0,0.0,0.0,0.0,0.0,0.0,0.0,1.0,0.0,0.0,0.0,0.0,0.0,0.0,0.0,0.0,0.0,0.0,0.0,0.0,1.0,0.0,1.0,1.0,1.0,1.0,1.0,1.0
3805,6556.0,2.0,0.0,2.0,80.0,1.0,0.0,0.0,0.0,2.0,0.0,2.0,1.0,0.0,15.0,1.0,0.0,0.0,0.0,0.0,0.0,19.0,20.0,33.0,0.0,0.0,0.0,0.0952380952,0.3555555556,0.0,1.0,1.0,1.0,0.0,0.0,0.0,0.0,0.0,0.0,1.0,1.0,0.0,0.0,1.0,-1.0,1.0,0.0,-1.0,1.0,0.0,0.0
3806,3077.0,2.0,1.0,3.0,48.0,0.0,0.0,0.0,0.0,0.0,0.0,0.0,0.0,0.0,2.0,1.0,1.0,0.0,0.0,0.0,0.0,22.0,19.0,0.0,0.0,0.0,0.0,0.0,0.2,1.0,1.0,1.0,0.0,1.0,0.0,0.0,0.0,0.0,0.0,0.0,0.0,0.0,1.0,1.0,1.0,1.0,-1.0,0.0,1.0,1.0,1.0
3807,3262.0,3.0,2.0,5.0,110.0,5.0,4.0,0.0,0.0,0.0,0.0,0.0,0.0,0.0,22.0,1.0,1.0,0.0,1.0,1.0,0.0,57.0,46.0,0.0,1.0,0.0,0.0,0.0555555556,0.0,0.0,1.0,1.0,0.0,0.0,0.9444444444,0.0,0.0,0.0,0.0,0.0,1.0,0.0,0.0,0.0,-1.0,1.0,1.0,1.0,-1.0,1.0,1.0
3808,688.0,2.0,0.0,1.0,26.0,0.0,0.0,0.0,0.0,0.0,0.0,0.0,0.0,0.0,0.0,1.0,0.0,0.0,0.0,0.0,0.0,11.0,8.0,0.0,0.0,0.0,0.0,0.0,0.0,0.0,1.0,1.0,0.0,0.0,0.0,0.0,0.0,0.0,0.0,0.0,0.0,0.0,0.0,1.0,1.0,1.0,1.0,1.0,1.0,1.0,1.0
3809,1075.0,2.0,0.0,3.0,38.0,0.0,0.0,0.0,0.0,0.0,0.0,0.0,0.0,0.0,0.0,1.0,0.0,0.0,0.0,1.0,0.0,23.0,8.0,0.0,0.0,0.0,0.0,0.0,0.0,0.0,1.0,0.0,0.0,0.0,0.0,0.0,0.0,0.0,0.0,0.0,0.0,0.0,0.0,1.0,1.0,1.0,1.0,1.0,1.0,1.0,1.0
3810,3796.0,2.0,1.0,2.0,25.0,0.0,0.0,0.0,0.0,0.0,0.0,0.0,0.0,0.0,1.0,1.0,0.0,0.0,0.0,0.0,0.0,12.0,6.0,0.0,0.0,0.0,0.0,0.0294117647,0.4,1.0,1.0,0.0,0.0,0.0,0.0,0.0,0.0,0.0,0.0,0.0,0.0,0.0,0.0,1.0,1.0,-1.0,1.0,0.0,1.0,1.0,1.0
3811,8301.0,1.0,0.0,1.0,55.0,5.0,3.0,0.0,0.0,0.0,0.0,0.0,0.0,0.0,0.0,1.0,0.0,0.0,0.0,1.0,0.0,27.0,21.0,0.0,0.0,0.0,0.0,0.4242424242,0.5,0.0,1.0,0.0,1.0,0.0,0.0303030303,0.0,0.0,0.0,0.0,0.0,1.0,0.0,0.0,1.0,0.0,1.0,0.0,0.0,0.0,0.0,0.0
3812,2639.0,3.0,0.0,3.0,59.0,0.0,0.0,0.0,0.0,0.0,0.0,0.0,0.0,0.0,0.0,1.0,1.0,0.0,0.0,1.0,0.0,17.0,35.0,0.0,0.0,1.0,0.0,0.9090909091,0.2857142857,1.0,1.0,0.0,0.0,0.0,0.0909090909,0.0,0.0,0.0,0.0,0.0,1.0,0.0,0.0,1.0,0.0,1.0,1.0,0.0,-1.0,1.0,1.0
3813,1821.0,2.0,0.0,5.0,79.0,0.0,0.0,0.0,0.0,0.0,0.0,0.0,0.0,0.0,23.0,1.0,1.0,0.0,0.0,0.0,0.0,15.0,57.0,0.0,0.0,1.0,0.0,0.0,0.0,0.0,1.0,0.0,0.0,0.0,0.4545454545,0.0,0.0,0.0,0.0,0.0,0.0,0.0,0.0,1.0,-1.0,1.0,1.0,1.0,0.0,1.0,1.0
3814,89.0,2.0,0.0,2.0,40.0,0.0,0.0,0.0,0.0,0.0,0.0,0.0,0.0,0.0,0.0,1.0,0.0,0.0,0.0,0.0,0.0,18.0,15.0,0.0,0.0,0.0,0.0,0.8571428571,0.6,0.0,1.0,0.0,0.0,0.0,0.1428571429,1.0,0.0,0.0,0.0,0.0,0.0,0.0,0.0,1.0,1.0,-1.0,1.0,0.0,-1.0,1.0,1.0
3815,5927.0,2.0,0.0,3.0,69.0,1.0,0.0,0.0,0.0,0.0,0.0,0.0,0.0,0.0,6.0,1.0,1.0,0.0,0.0,0.0,0.0,15.0,47.0,0.0,0.0,0.0,0.0,0.0,0.0,0.0,0.0,0.0,0.0,0.0,0.0,0.0,0.0,0.0,0.0,0.0,0.0,1.0,0.0,1.0,0.0,1.0,1.0,1.0,1.0,0.0,0.0
3816,9383.0,3.0,1.0,1.0,32.0,0.0,0.0,0.0,0.0,0.0,0.0,0.0,0.0,0.0,0.0,1.0,0.0,0.0,0.0,0.0,0.0,12.0,13.0,0.0,0.0,0.0,0.0,0.1381578947,0.1860465116,0.0,1.0,0.0,1.0,0.0,0.0296052632,0.0,0.0,0.0,0.0,1.0,0.0,0.0,0.0,1.0,1.0,1.0,0.0,0.0,1.0,0.0,0.0
3817,2207.0,6.0,0.0,3.0,110.0,0.0,0.0,0.0,0.0,0.0,0.0,2.0,1.0,0.0,0.0,1.0,0.0,0.0,0.0,0.0,0.0,12.0,24.0,66.0,0.0,2.0,0.0,1.0,0.5,1.0,1.0,0.0,0.0,0.0,0.0,1.0,0.0,0.0,0.0,0.0,0.0,0.0,0.0,1.0,-1.0,1.0,1.0,0.0,-1.0,1.0,1.0
3818,4185.0,3.0,1.0,2.0,69.0,1.0,1.0,0.0,0.0,0.0,0.0,0.0,0.0,0.0,6.0,1.0,1.0,0.0,0.0,0.0,0.0,43.0,19.0,0.0,0.0,1.0,0.0,0.0,0.0,0.0,1.0,0.0,0.0,0.0,0.0,0.0,0.0,0.0,0.0,0.0,0.0,0.0,0.0,1.0,0.0,1.0,1.0,1.0,1.0,1.0,1.0
3819,2889.0,2.0,0.0,2.0,36.0,0.0,0.0,0.0,0.0,0.0,0.0,0.0,0.0,0.0,0.0,1.0,1.0,0.0,0.0,0.0,0.0,15.0,14.0,0.0,0.0,0.0,0.0,0.0,1.0,0.0,1.0,0.0,0.0,0.0,0.0,1.0,0.0,0.0,0.0,0.0,0.0,0.0,0.0,1.0,1.0,-1.0,1.0,-1.0,1.0,1.0,1.0
3820,9207.0,2.0,1.0,0.0,55.0,0.0,0.0,0.0,0.0,1.0,0.0,1.0,0.0,0.0,4.0,1.0,0.0,0.0,0.0,0.0,0.0,34.0,1.0,12.0,0.0,0.0,0.0,0.0,0.5,0.0,0.0,0.0,0.0,0.0,0.0,0.0,0.0,0.0,0.0,0.0,1.0,1.0,0.0,1.0,0.0,-1.0,1.0,1.0,1.0,0.0,0.0
3821,1312.0,2.0,0.0,5.0,66.0,0.0,0.0,0.0,0.0,0.0,0.0,0.0,0.0,0.0,0.0,1.0,0.0,0.0,0.0,1.0,0.0,19.0,40.0,0.0,0.0,0.0,0.0,0.0,0.0,0.0,1.0,0.0,0.0,0.0,0.0,0.0,0.0,0.0,0.0,0.0,0.0,0.0,0.0,1.0,0.0,1.0,1.0,1.0,1.0,1.0,1.0
3822,6811.0,2.0,0.0,2.0,66.0,0.0,0.0,0.0,0.0,0.0,0.0,3.0,2.0,0.0,3.0,1.0,0.0,0.0,0.0,0.0,0.0,10.0,21.0,27.0,0.0,0.0,0.0,0.0,0.1034482759,0.0,1.0,0.0,0.0,0.0,0.0,0.0,0.0,0.0,0.0,0.0,0.0,0.0,0.0,1.0,0.0,1.0,1.0,0.0,1.0,0.0,0.0
3823,848.0,4.0,0.0,3.0,69.0,0.0,0.0,0.0,0.0,4.0,0.0,3.0,3.0,0.0,9.0,1.0,0.0,1.0,0.0,0.0,0.0,12.0,22.0,27.0,0.0,0.0,0.0,0.375,0.0,0.0,1.0,0.0,0.0,0.0,0.0,1.0,0.0,0.0,0.0,0.0,0.0,0.0,0.0,1.0,0.0,1.0,1.0,0.0,0.0,1.0,1.0
3824,9946.0,2.0,1.0,5.0,42.0,0.0,0.0,0.0,0.0,0.0,0.0,0.0,0.0,0.0,12.0,1.0,1.0,0.0,0.0,0.0,0.0,13.0,22.0,0.0,0.0,0.0,0.0,0.0694444444,0.2857142857,0.0,1.0,0.0,0.0,0.0,0.0138888889,0.0,0.0,0.0,0.0,0.0,0.0,0.0,0.0,1.0,1.0,-1.0,1.0,1.0,1.0,0.0,0.0
3825,8319.0,2.0,0.0,1.0,35.0,0.0,0.0,0.0,0.0,0.0,0.0,1.0,0.0,0.0,2.0,1.0,0.0,0.0,0.0,0.0,0.0,9.0,10.0,8.0,0.0,0.0,0.0,0.1848739496,0.0588235294,0.0,1.0,1.0,0.0,0.0,0.0,0.0,0.0,0.0,0.0,0.0,0.0,0.0,0.0,1.0,1.0,1.0,1.0,1.0,1.0,0.0,0.0
3826,9528.0,2.0,1.0,1.0,45.0,0.0,0.0,0.0,0.0,0.0,0.0,1.0,0.0,0.0,5.0,1.0,0.0,0.0,0.0,0.0,0.0,15.0,9.0,13.0,0.0,0.0,0.0,0.2182628062,0.8333333333,0.0,0.0,0.0,0.0,0.0,0.0,0.0,0.0,0.0,0.0,0.0,0.0,0.0,0.0,1.0,1.0,-1.0,1.0,1.0,1.0,0.0,0.0
3827,9673.0,3.0,1.0,1.0,59.0,1.0,0.0,0.0,0.0,0.0,0.0,1.0,0.0,0.0,4.0,1.0,1.0,0.0,0.0,0.0,0.0,14.0,22.0,15.0,0.0,0.0,0.0,0.0303030303,0.125,0.0,1.0,0.0,1.0,0.0,0.0,0.0,0.0,0.0,0.0,0.0,1.0,0.0,0.0,1.0,0.0,1.0,0.0,0.0,1.0,0.0,0.0
3828,3279.0,2.0,0.0,4.0,61.0,2.0,1.0,0.0,0.0,0.0,0.0,0.0,0.0,0.0,0.0,1.0,0.0,0.0,0.0,0.0,0.0,19.0,35.0,0.0,0.0,1.0,0.0,1.0,0.9,1.0,1.0,0.0,0.0,0.0,0.0,1.0,0.0,0.0,0.0,0.0,0.0,0.0,0.0,1.0,0.0,-1.0,1.0,-1.0,-1.0,1.0,1.0
3829,5851.0,1.0,0.0,5.0,77.0,7.0,0.0,0.0,0.0,0.0,0.0,0.0,0.0,0.0,10.0,1.0,1.0,0.0,0.0,1.0,0.0,17.0,53.0,0.0,0.0,0.0,0.0,0.0297619048,0.9851851852,1.0,1.0,0.0,0.0,0.0,0.0416666667,0.0,0.0,0.0,0.0,0.0,0.0,0.0,0.0,1.0,-1.0,-1.0,1.0,0.0,1.0,0.0,0.0
3830,222.0,3.0,1.0,4.0,63.0,1.0,1.0,0.0,0.0,0.0,0.0,0.0,0.0,0.0,0.0,1.0,1.0,0.0,0.0,0.0,0.0,27.0,29.0,0.0,0.0,0.0,0.0,0.0,0.0,0.0,1.0,0.0,0.0,0.0,0.0,0.0,0.0,0.0,0.0,0.0,0.0,0.0,0.0,1.0,0.0,1.0,1.0,1.0,1.0,1.0,1.0
3831,5128.0,1.0,0.0,5.0,72.0,6.0,0.0,0.0,0.0,0.0,0.0,0.0,0.0,0.0,10.0,1.0,1.0,0.0,0.0,1.0,0.0,9.0,56.0,0.0,0.0,0.0,0.0,0.0635451505,0.9491525424,1.0,1.0,1.0,0.0,0.0,0.0234113712,0.0,0.0,0.0,0.0,0.0,1.0,0.0,0.0,1.0,0.0,-1.0,1.0,-1.0,1.0,0.0,0.0
3832,8740.0,1.0,0.0,2.0,32.0,0.0,0.0,0.0,0.0,0.0,0.0,0.0,0.0,0.0,8.0,1.0,1.0,0.0,0.0,0.0,0.0,14.0,11.0,0.0,0.0,0.0,0.0,0.91875,0.0412371134,0.0,1.0,1.0,0.0,1.0,0.0,0.0,0.0,1.0,0.0,1.0,0.0,0.0,0.0,1.0,1.0,1.0,-1.0,1.0,-1.0,0.0,0.0
3833,9483.0,3.0,1.0,2.0,58.0,4.0,0.0,0.0,0.0,0.0,0.0,0.0,0.0,0.0,4.0,1.0,1.0,0.0,0.0,1.0,0.0,13.0,38.0,0.0,0.0,0.0,0.0,0.0,0.3333333333,0.0,0.0,0.0,0.0,0.0,0.0,0.0,0.0,0.0,0.0,0.0,0.0,1.0,0.0,1.0,0.0,1.0,1.0,0.0,1.0,0.0,0.0
3834,8616.0,4.0,1.0,1.0,54.0,0.0,0.0,0.0,0.0,0.0,0.0,1.0,0.0,0.0,7.0,1.0,0.0,0.0,0.0,0.0,0.0,17.0,19.0,10.0,0.0,0.0,0.0,0.0263157895,1.0,0.0,0.0,0.0,0.0,0.0,0.0,1.0,0.0,0.0,0.0,0.0,0.0,0.0,0.0,1.0,0.0,-1.0,1.0,-1.0,1.0,0.0,0.0
3835,8370.0,2.0,1.0,3.0,56.0,2.0,0.0,0.0,0.0,0.0,0.0,0.0,0.0,0.0,0.0,1.0,1.0,0.0,0.0,0.0,0.0,22.0,27.0,0.0,0.0,0.0,0.0,0.0076775432,0.1538461538,0.0,1.0,0.0,1.0,0.0,0.0019193858,0.0,0.0,0.0,0.0,0.0,1.0,0.0,0.0,1.0,0.0,1.0,0.0,0.0,1.0,0.0,0.0
3836,1014.0,3.0,0.0,2.0,39.0,0.0,0.0,0.0,0.0,0.0,0.0,0.0,0.0,0.0,0.0,1.0,0.0,0.0,0.0,0.0,0.0,15.0,17.0,0.0,0.0,0.0,0.0,1.0,1.0,0.0,1.0,0.0,0.0,0.0,0.0,1.0,0.0,0.0,0.0,0.0,0.0,0.0,0.0,1.0,1.0,-1.0,1.0,-1.0,-1.0,1.0,1.0
3837,265.0,2.0,0.0,2.0,39.0,0.0,0.0,0.0,0.0,0.0,0.0,0.0,0.0,0.0,0.0,1.0,0.0,0.0,0.0,0.0,0.0,17.0,15.0,0.0,0.0,0.0,0.0,1.0,1.0,0.0,1.0,0.0,0.0,0.0,0.0,1.0,0.0,0.0,0.0,0.0,0.0,0.0,0.0,1.0,1.0,-1.0,1.0,-1.0,-1.0,1.0,1.0
3838,8423.0,2.0,0.0,2.0,57.0,0.0,0.0,0.0,0.0,2.0,0.0,1.0,0.0,0.0,2.0,1.0,0.0,0.0,0.0,1.0,0.0,15.0,29.0,5.0,0.0,0.0,0.0,0.0,0.0,0.0,0.0,0.0,0.0,0.0,0.0,0.0,0.0,0.0,0.0,0.0,0.0,0.0,0.0,1.0,0.0,1.0,1.0,1.0,1.0,0.0,0.0
3839,1269.0,2.0,0.0,4.0,73.0,1.0,0.0,0.0,0.0,0.0,0.0,0.0,0.0,0.0,23.0,1.0,1.0,0.0,0.0,0.0,0.0,13.0,53.0,0.0,0.0,0.0,1.0,1.0,1.0,0.0,1.0,0.0,0.0,0.0,0.0,1.0,0.0,0.0,0.0,0.0,1.0,0.0,0.0,1.0,0.0,-1.0,1.0,-1.0,-1.0,1.0,1.0
3840,6406.0,3.0,1.0,4.0,95.0,0.0,0.0,0.0,0.0,0.0,0.0,2.0,1.0,0.0,7.0,1.0,1.0,0.0,0.0,0.0,0.0,16.0,55.0,16.0,0.0,0.0,0.0,0.1428571429,0.0625,0.0,1.0,1.0,0.0,0.0,0.0,0.0,0.0,0.0,0.0,0.0,0.0,0.0,0.0,1.0,-1.0,1.0,1.0,1.0,1.0,0.0,0.0
3841,1538.0,2.0,1.0,6.0,69.0,1.0,0.0,0.0,0.0,0.0,0.0,0.0,0.0,0.0,0.0,1.0,0.0,0.0,0.0,0.0,0.0,16.0,46.0,0.0,0.0,0.0,0.0,0.0,0.0,0.0,1.0,0.0,0.0,0.0,0.0,0.0,0.0,0.0,0.0,0.0,0.0,0.0,0.0,1.0,0.0,1.0,1.0,1.0,1.0,1.0,1.0
3842,1042.0,3.0,1.0,2.0,53.0,0.0,0.0,0.0,0.0,0.0,0.0,0.0,0.0,0.0,0.0,1.0,0.0,0.0,0.0,0.0,0.0,20.0,26.0,0.0,0.0,0.0,0.0,0.0,0.0,0.0,1.0,1.0,0.0,0.0,0.0,0.0,0.0,0.0,0.0,0.0,0.0,1.0,0.0,1.0,1.0,1.0,1.0,1.0,1.0,1.0,1.0
3843,5755.0,2.0,0.0,1.0,81.0,4.0,0.0,0.0,0.0,0.0,0.0,0.0,0.0,0.0,5.0,1.0,1.0,0.0,0.0,0.0,0.0,13.0,61.0,0.0,0.0,0.0,0.0,0.0388059701,0.2314049587,0.0,1.0,1.0,0.0,0.0,0.0119402985,0.0,0.0,0.0,0.0,1.0,1.0,0.0,0.0,1.0,-1.0,1.0,1.0,0.0,1.0,0.0,0.0
3844,6276.0,3.0,2.0,8.0,82.0,0.0,0.0,0.0,0.0,0.0,0.0,0.0,0.0,0.0,11.0,1.0,1.0,0.0,0.0,1.0,0.0,24.0,51.0,0.0,0.0,0.0,0.0,0.0294117647,0.0275229358,0.0,0.0,0.0,0.0,0.0,0.0294117647,0.0,0.0,0.0,0.0,0.0,1.0,0.0,0.0,0.0,-1.0,1.0,1.0,1.0,1.0,0.0,0.0
3845,8998.0,3.0,0.0,2.0,59.0,0.0,0.0,0.0,0.0,0.0,0.0,0.0,0.0,0.0,7.0,1.0,1.0,0.0,0.0,0.0,0.0,13.0,17.0,21.0,0.0,0.0,0.0,0.0,0.1111111111,0.0,0.0,0.0,0.0,0.0,0.0,0.0,0.0,0.0,0.0,0.0,0.0,0.0,0.0,1.0,0.0,1.0,1.0,1.0,1.0,0.0,0.0
3846,4891.0,3.0,1.0,4.0,79.0,1.0,0.0,0.0,0.0,0.0,0.0,0.0,0.0,0.0,0.0,1.0,1.0,0.0,0.0,0.0,0.0,22.0,50.0,0.0,0.0,0.0,0.0,0.1333333333,0.1333333333,1.0,1.0,1.0,0.0,0.0,0.8666666667,0.0,0.0,0.0,0.0,0.0,0.0,0.0,0.0,1.0,-1.0,1.0,1.0,0.0,-1.0,1.0,1.0
3847,3071.0,2.0,1.0,3.0,37.0,0.0,0.0,0.0,0.0,0.0,0.0,0.0,0.0,0.0,0.0,1.0,0.0,0.0,0.0,1.0,0.0,22.0,8.0,0.0,0.0,0.0,0.0,0.0,0.2,1.0,1.0,1.0,0.0,1.0,0.0,0.0,0.0,0.0,0.0,0.0,0.0,0.0,1.0,1.0,1.0,1.0,-1.0,0.0,1.0,1.0,1.0
3848,3110.0,2.0,1.0,3.0,41.0,0.0,0.0,0.0,0.0,0.0,0.0,0.0,0.0,0.0,7.0,1.0,1.0,0.0,0.0,0.0,0.0,22.0,12.0,0.0,0.0,0.0,0.0,0.0,0.2,1.0,1.0,1.0,0.0,1.0,0.0,0.0,0.0,0.0,0.0,0.0,0.0,0.0,1.0,1.0,1.0,1.0,-1.0,0.0,1.0,1.0,1.0
3849,8534.0,1.0,0.0,2.0,43.0,0.0,0.0,0.0,0.0,0.0,0.0,1.0,0.0,0.0,4.0,1.0,0.0,0.0,0.0,0.0,0.0,20.0,9.0,6.0,0.0,0.0,0.0,0.0905797101,0.0652173913,0.0,1.0,0.0,1.0,0.0,0.0036231884,0.0,0.0,0.0,0.0,0.0,1.0,0.0,0.0,1.0,1.0,1.0,0.0,1.0,1.0,0.0,0.0
3850,403.0,4.0,1.0,2.0,42.0,0.0,0.0,0.0,0.0,0.0,0.0,0.0,0.0,0.0,1.0,1.0,1.0,0.0,0.0,0.0,0.0,25.0,10.0,0.0,0.0,0.0,0.0,0.0,0.1538461538,0.0,1.0,0.0,0.0,0.0,0.0,0.0,0.0,0.0,0.0,0.0,0.0,0.0,0.0,1.0,1.0,1.0,1.0,1.0,1.0,1.0,1.0
3851,2744.0,2.0,0.0,3.0,45.0,1.0,0.0,0.0,0.0,0.0,0.0,0.0,0.0,0.0,0.0,1.0,0.0,0.0,0.0,1.0,0.0,13.0,25.0,0.0,0.0,0.0,1.0,0.9230769231,1.0,0.0,1.0,0.0,0.0,0.0,0.0,1.0,0.0,0.0,0.0,0.0,0.0,0.0,0.0,1.0,1.0,1.0,1.0,-1.0,-1.0,1.0,1.0
3852,6962.0,2.0,0.0,2.0,63.0,1.0,0.0,0.0,0.0,0.0,0.0,0.0,0.0,0.0,16.0,1.0,1.0,0.0,0.0,0.0,0.0,20.0,36.0,0.0,0.0,0.0,0.0,0.2318307268,0.0740740741,1.0,1.0,0.0,1.0,0.0,0.0009199632,0.0,0.0,0.0,0.0,1.0,0.0,0.0,0.0,1.0,0.0,1.0,0.0,-1.0,1.0,0.0,0.0
3853,2304.0,8.0,6.0,4.0,88.0,4.0,4.0,0.0,0.0,0.0,0.0,0.0,0.0,0.0,6.0,1.0,1.0,0.0,1.0,1.0,0.0,61.0,20.0,0.0,0.0,0.0,1.0,0.0,1.0,1.0,0.0,0.0,1.0,0.0,0.6666666667,1.0,0.0,0.0,0.0,0.0,0.0,1.0,0.0,-1.0,-1.0,-1.0,0.0,-1.0,0.0,1.0,1.0
3854,1551.0,2.0,0.0,4.0,73.0,1.0,0.0,0.0,0.0,0.0,0.0,0.0,0.0,0.0,21.0,1.0,1.0,0.0,0.0,0.0,0.0,13.0,53.0,0.0,0.0,0.0,1.0,1.0,1.0,0.0,1.0,0.0,0.0,0.0,0.0,1.0,0.0,0.0,0.0,0.0,1.0,0.0,0.0,1.0,0.0,-1.0,1.0,-1.0,-1.0,1.0,1.0
3855,3840.0,4.0,1.0,9.0,213.0,2.0,0.0,0.0,1.0,0.0,0.0,1.0,0.0,0.0,63.0,1.0,1.0,0.0,0.0,1.0,0.0,18.0,110.0,77.0,0.0,1.0,0.0,0.0,0.0,0.0,1.0,0.0,0.0,0.0,0.0,0.0,0.0,0.0,0.0,0.0,0.0,0.0,0.0,1.0,-1.0,1.0,1.0,1.0,1.0,1.0,1.0
3856,9508.0,2.0,1.0,2.0,47.0,0.0,0.0,0.0,0.0,0.0,0.0,1.0,0.0,0.0,3.0,1.0,0.0,0.0,0.0,1.0,0.0,20.0,6.0,13.0,0.0,0.0,0.0,0.030995106,0.3372093023,0.0,1.0,1.0,0.0,1.0,0.0,0.0,0.0,0.0,0.0,0.0,0.0,0.0,0.0,1.0,1.0,1.0,-1.0,0.0,1.0,0.0,0.0
3857,9874.0,2.0,1.0,5.0,47.0,0.0,0.0,0.0,0.0,0.0,0.0,0.0,0.0,0.0,0.0,1.0,0.0,0.0,0.0,1.0,0.0,10.0,30.0,0.0,0.0,0.0,0.0,0.0053191489,0.1,0.0,1.0,0.0,0.0,0.0,0.0,0.0,0.0,0.0,0.0,0.0,0.0,0.0,0.0,1.0,1.0,1.0,1.0,1.0,1.0,0.0,0.0
3858,3070.0,2.0,1.0,3.0,37.0,0.0,0.0,0.0,0.0,0.0,0.0,0.0,0.0,0.0,0.0,1.0,0.0,0.0,0.0,0.0,0.0,16.0,14.0,0.0,0.0,0.0,0.0,0.0,0.0714285714,0.0,1.0,0.0,0.0,0.0,1.0,0.0,0.0,0.0,0.0,0.0,1.0,0.0,0.0,1.0,1.0,1.0,1.0,1.0,-1.0,1.0,1.0
3859,1170.0,2.0,0.0,5.0,67.0,1.0,0.0,0.0,0.0,0.0,0.0,0.0,0.0,0.0,0.0,1.0,1.0,0.0,0.0,0.0,0.0,12.0,48.0,0.0,0.0,0.0,0.0,0.8571428571,1.0,1.0,1.0,0.0,0.0,0.0,0.1428571429,1.0,0.0,0.0,0.0,0.0,1.0,0.0,0.0,1.0,0.0,-1.0,1.0,-1.0,-1.0,1.0,1.0
3860,7716.0,1.0,0.0,4.0,89.0,6.0,0.0,0.0,0.0,0.0,0.0,0.0,0.0,0.0,8.0,1.0,1.0,0.0,0.0,1.0,0.0,22.0,60.0,0.0,0.0,0.0,0.0,0.1287128713,0.2592592593,0.0,1.0,0.0,0.0,0.0,0.0198019802,0.0,0.0,0.0,0.0,1.0,0.0,0.0,0.0,1.0,-1.0,1.0,1.0,0.0,1.0,0.0,0.0
3861,9125.0,2.0,1.0,4.0,39.0,0.0,0.0,0.0,0.0,0.0,0.0,0.0,0.0,0.0,3.0,1.0,0.0,0.0,0.0,0.0,0.0,14.0,18.0,0.0,0.0,0.0,0.0,0.0,0.0740740741,0.0,1.0,0.0,0.0,0.0,0.0133333333,0.0,0.0,0.0,0.0,0.0,1.0,0.0,0.0,1.0,1.0,1.0,1.0,1.0,1.0,0.0,0.0
3862,2474.0,3.0,0.0,5.0,70.0,1.0,0.0,0.0,0.0,0.0,0.0,0.0,0.0,0.0,0.0,1.0,0.0,0.0,0.0,1.0,0.0,17.0,46.0,0.0,0.0,1.0,1.0,0.9230769231,1.0,0.0,1.0,0.0,0.0,0.0,0.0,1.0,0.0,0.0,0.0,0.0,0.0,0.0,0.0,1.0,0.0,1.0,1.0,-1.0,-1.0,1.0,1.0
3863,711.0,16.0,1.0,2.0,241.0,0.0,0.0,0.0,0.0,0.0,0.0,6.0,12.0,1.0,74.0,1.0,0.0,0.0,0.0,1.0,0.0,17.0,17.0,174.0,0.0,0.0,0.0,0.0,0.6666666667,1.0,1.0,0.0,0.0,0.0,0.0,0.0,0.0,0.0,0.0,0.0,0.0,0.0,0.0,1.0,-1.0,-1.0,1.0,0.0,1.0,1.0,1.0
3864,1987.0,2.0,0.0,3.0,47.0,0.0,0.0,0.0,0.0,0.0,0.0,0.0,0.0,0.0,0.0,1.0,1.0,0.0,0.0,0.0,0.0,18.0,22.0,0.0,0.0,0.0,0.0,0.0,0.0,0.0,1.0,1.0,0.0,0.0,0.0,1.0,0.0,0.0,0.0,0.0,0.0,0.0,0.0,1.0,1.0,1.0,1.0,1.0,1.0,1.0,1.0
3865,4675.0,2.0,0.0,3.0,61.0,1.0,0.0,0.0,0.0,0.0,0.0,0.0,0.0,0.0,0.0,1.0,1.0,0.0,0.0,0.0,0.0,24.0,30.0,0.0,0.0,0.0,0.0,0.0,0.0,0.0,1.0,0.0,0.0,0.0,0.0,0.0,0.0,0.0,0.0,0.0,0.0,0.0,0.0,1.0,0.0,1.0,1.0,1.0,1.0,1.0,1.0
3866,3347.0,2.0,1.0,4.0,46.0,1.0,0.0,0.0,0.0,0.0,0.0,0.0,0.0,0.0,0.0,1.0,0.0,0.0,0.0,0.0,0.0,18.0,21.0,0.0,0.0,0.0,0.0,0.0,0.0,0.0,1.0,0.0,0.0,0.0,0.0,0.0,0.0,0.0,0.0,0.0,0.0,0.0,0.0,1.0,1.0,1.0,1.0,1.0,1.0,1.0,1.0
3867,2467.0,3.0,1.0,3.0,51.0,0.0,0.0,0.0,0.0,0.0,0.0,0.0,0.0,0.0,0.0,1.0,0.0,0.0,0.0,0.0,0.0,15.0,29.0,0.0,0.0,0.0,0.0,0.9230769231,1.0,0.0,1.0,0.0,0.0,0.0,0.0,1.0,0.0,0.0,0.0,0.0,0.0,0.0,0.0,1.0,1.0,1.0,1.0,-1.0,-1.0,1.0,1.0
3868,6003.0,2.0,0.0,3.0,88.0,6.0,0.0,0.0,0.0,0.0,0.0,0.0,0.0,0.0,0.0,1.0,0.0,0.0,0.0,1.0,0.0,7.0,74.0,0.0,0.0,0.0,0.0,0.3827160494,0.3548387097,0.0,1.0,1.0,1.0,0.0,0.0864197531,0.0,0.0,0.0,0.0,0.0,0.0,0.0,0.0,1.0,-1.0,1.0,0.0,0.0,0.0,0.0,0.0
3869,8576.0,2.0,0.0,2.0,53.0,1.0,1.0,0.0,0.0,0.0,0.0,2.0,1.0,0.0,5.0,1.0,0.0,0.0,0.0,1.0,0.0,15.0,20.0,10.0,0.0,0.0,0.0,0.0350877193,0.1379310345,0.0,1.0,0.0,0.0,0.0,0.0,0.0,0.0,0.0,0.0,0.0,0.0,0.0,0.0,1.0,1.0,1.0,1.0,0.0,1.0,0.0,0.0
3870,7219.0,2.0,1.0,5.0,113.0,10.0,0.0,0.0,0.0,1.0,0.0,0.0,0.0,0.0,16.0,1.0,1.0,0.0,0.0,1.0,0.0,20.0,86.0,0.0,0.0,0.0,0.0,0.0789473684,0.2564102564,0.0,0.0,0.0,0.0,0.0,0.0131578947,0.0,0.0,0.0,0.0,0.0,1.0,0.0,0.0,1.0,-1.0,1.0,1.0,0.0,1.0,0.0,0.0
3871,8454.0,2.0,0.0,1.0,32.0,1.0,1.0,0.0,0.0,0.0,0.0,0.0,0.0,0.0,0.0,1.0,0.0,0.0,0.0,0.0,0.0,11.0,14.0,0.0,0.0,0.0,0.0,0.0,0.0186915888,0.0,0.0,0.0,1.0,0.0,0.04,0.0,0.0,0.0,0.0,1.0,0.0,0.0,0.0,1.0,1.0,1.0,0.0,0.0,1.0,0.0,0.0
3872,1126.0,3.0,1.0,4.0,150.0,2.0,0.0,0.0,0.0,7.0,0.0,2.0,2.0,0.0,4.0,1.0,0.0,0.0,0.0,0.0,0.0,24.0,31.0,87.0,0.0,1.0,0.0,0.0,0.3333333333,0.0,1.0,1.0,0.0,0.0,0.0,0.0,0.0,0.0,0.0,0.0,0.0,0.0,0.0,1.0,-1.0,1.0,1.0,-1.0,1.0,1.0,1.0
3873,6600.0,6.0,1.0,5.0,88.0,1.0,0.0,0.0,0.0,0.0,0.0,0.0,0.0,0.0,11.0,1.0,1.0,0.0,0.0,0.0,0.0,24.0,57.0,0.0,0.0,0.0,0.0,0.0434782609,0.5,0.0,0.0,0.0,0.0,0.0,0.0,0.0,0.0,0.0,0.0,1.0,1.0,0.0,0.0,1.0,-1.0,0.0,1.0,0.0,1.0,0.0,0.0
3874,1353.0,4.0,0.0,5.0,97.0,0.0,0.0,0.0,0.0,0.0,0.0,1.0,0.0,0.0,12.0,1.0,0.0,0.0,0.0,1.0,0.0,16.0,40.0,33.0,0.0,0.0,0.0,0.0,0.6153846154,1.0,1.0,0.0,0.0,0.0,0.0,0.0,0.0,0.0,0.0,0.0,0.0,0.0,0.0,1.0,-1.0,-1.0,1.0,0.0,1.0,1.0,1.0
3875,8367.0,2.0,1.0,3.0,48.0,1.0,0.0,0.0,0.0,0.0,0.0,0.0,0.0,0.0,0.0,1.0,0.0,0.0,0.0,0.0,0.0,22.0,19.0,0.0,0.0,0.0,0.0,0.0482758621,0.4285714286,0.0,1.0,0.0,0.0,0.0,0.0068965517,0.0,0.0,0.0,0.0,0.0,0.0,0.0,0.0,1.0,1.0,-1.0,1.0,0.0,1.0,0.0,0.0
3876,5062.0,2.0,1.0,0.0,21.0,0.0,0.0,0.0,0.0,0.0,0.0,0.0,0.0,0.0,0.0,1.0,0.0,0.0,0.0,0.0,0.0,13.0,1.0,0.0,0.0,0.0,0.0,0.0833333333,0.125,0.0,1.0,0.0,0.0,0.0,0.0,0.0,0.0,0.0,0.0,0.0,0.0,0.0,0.0,1.0,1.0,1.0,1.0,1.0,1.0,0.0,0.0
3877,6402.0,2.0,1.0,5.0,120.0,1.0,0.0,0.0,0.0,2.0,0.0,6.0,5.0,0.0,14.0,1.0,1.0,0.0,0.0,0.0,0.0,16.0,37.0,59.0,0.0,0.0,0.0,0.0,0.0,0.0,0.0,0.0,0.0,0.0,0.0,0.0,0.0,0.0,0.0,0.0,0.0,0.0,0.0,1.0,-1.0,1.0,1.0,1.0,1.0,0.0,0.0
3878,6238.0,21.0,0.0,1.0,184.0,0.0,0.0,0.0,0.0,0.0,0.0,7.0,6.0,0.0,88.0,1.0,0.0,0.0,0.0,0.0,0.0,18.0,12.0,146.0,0.0,0.0,0.0,0.0875912409,0.0337078652,0.0,1.0,0.0,1.0,0.0,0.0,0.0,0.0,0.0,0.0,0.0,0.0,0.0,0.0,1.0,-1.0,1.0,0.0,1.0,1.0,0.0,0.0
3879,6829.0,2.0,0.0,2.0,74.0,0.0,0.0,0.0,0.0,0.0,0.0,2.0,1.0,0.0,7.0,1.0,0.0,0.0,0.0,0.0,0.0,15.0,27.0,24.0,0.0,0.0,0.0,0.0392156863,0.1,0.0,1.0,0.0,0.0,0.0,0.0,0.0,0.0,0.0,0.0,0.0,0.0,0.0,0.0,1.0,0.0,1.0,1.0,0.0,1.0,0.0,0.0
3880,3017.0,3.0,1.0,4.0,63.0,0.0,0.0,0.0,0.0,0.0,0.0,0.0,0.0,0.0,0.0,1.0,0.0,0.0,0.0,0.0,0.0,20.0,36.0,0.0,0.0,1.0,0.0,0.9166666667,0.8571428571,0.0,1.0,0.0,0.0,0.0,0.0833333333,1.0,0.0,0.0,0.0,0.0,0.0,0.0,0.0,1.0,0.0,-1.0,1.0,-1.0,-1.0,1.0,1.0
3881,9937.0,2.0,1.0,2.0,56.0,5.0,0.0,0.0,0.0,0.0,0.0,0.0,0.0,0.0,0.0,1.0,0.0,0.0,0.0,1.0,0.0,15.0,34.0,0.0,0.0,0.0,0.0,0.0658761528,0.5588235294,0.0,1.0,0.0,0.0,0.0,0.1040843215,0.0,0.0,0.0,0.0,0.0,1.0,0.0,0.0,1.0,0.0,0.0,1.0,0.0,1.0,0.0,0.0
3882,9991.0,3.0,1.0,3.0,48.0,0.0,0.0,0.0,0.0,0.0,0.0,0.0,0.0,0.0,0.0,1.0,0.0,0.0,0.0,0.0,0.0,18.0,23.0,0.0,0.0,0.0,0.0,0.0,0.4,0.0,1.0,0.0,0.0,0.0,0.0,0.0,0.0,0.0,0.0,0.0,0.0,0.0,0.0,1.0,1.0,0.0,1.0,0.0,1.0,0.0,0.0
3883,8499.0,1.0,0.0,4.0,53.0,2.0,0.0,0.0,0.0,0.0,0.0,0.0,0.0,0.0,0.0,1.0,0.0,0.0,0.0,1.0,0.0,11.0,35.0,0.0,0.0,0.0,0.0,0.1402439024,0.6341463415,0.0,1.0,1.0,0.0,1.0,0.0182926829,0.0,0.0,0.0,0.0,0.0,1.0,0.0,0.0,1.0,1.0,0.0,-1.0,0.0,1.0,0.0,0.0
3884,9772.0,2.0,1.0,0.0,29.0,0.0,0.0,0.0,0.0,0.0,0.0,0.0,0.0,0.0,0.0,1.0,0.0,0.0,0.0,0.0,0.0,21.0,1.0,0.0,0.0,0.0,0.0,0.1470588235,0.0921052632,0.0,0.0,0.0,0.0,0.0,0.0,0.0,0.0,0.0,0.0,0.0,0.0,0.0,0.0,1.0,1.0,1.0,1.0,0.0,1.0,0.0,0.0
3885,5751.0,2.0,1.0,3.0,86.0,5.0,0.0,0.0,0.0,3.0,0.0,0.0,0.0,0.0,0.0,1.0,0.0,0.0,0.0,1.0,0.0,16.0,63.0,0.0,0.0,0.0,0.0,0.006993007,0.1111111111,0.0,0.0,0.0,0.0,0.0,0.0,0.0,0.0,0.0,0.0,0.0,0.0,0.0,0.0,1.0,-1.0,1.0,1.0,1.0,1.0,0.0,0.0
3886,101.0,12.0,11.0,6.0,149.0,2.0,2.0,0.0,0.0,0.0,0.0,0.0,0.0,0.0,18.0,1.0,1.0,0.0,1.0,0.0,0.0,84.0,58.0,0.0,0.0,1.0,1.0,1.0,1.0,1.0,1.0,0.0,1.0,0.0,0.0,1.0,0.0,0.0,0.0,0.0,0.0,0.0,0.0,-1.0,-1.0,-1.0,0.0,-1.0,-1.0,1.0,1.0
3887,646.0,3.0,1.0,5.0,63.0,1.0,0.0,0.0,0.0,0.0,0.0,0.0,0.0,0.0,0.0,1.0,0.0,0.0,0.0,1.0,0.0,20.0,36.0,0.0,0.0,0.0,0.0,0.0,0.0,0.0,1.0,0.0,0.0,0.0,0.0,0.0,0.0,0.0,0.0,0.0,0.0,0.0,0.0,1.0,0.0,1.0,1.0,1.0,1.0,1.0,1.0
3888,4317.0,3.0,1.0,3.0,44.0,0.0,0.0,0.0,0.0,0.0,0.0,0.0,0.0,0.0,0.0,1.0,0.0,0.0,0.0,1.0,0.0,14.0,23.0,0.0,0.0,0.0,0.0,0.0,0.6666666667,1.0,1.0,0.0,0.0,0.0,1.0,0.0,0.0,0.0,0.0,0.0,0.0,0.0,0.0,1.0,1.0,-1.0,1.0,0.0,-1.0,1.0,1.0
3889,1943.0,2.0,0.0,2.0,39.0,0.0,0.0,0.0,0.0,0.0,0.0,0.0,0.0,0.0,0.0,1.0,0.0,0.0,0.0,0.0,0.0,14.0,18.0,0.0,0.0,0.0,0.0,0.0,0.0,0.0,1.0,0.0,0.0,0.0,0.0,0.0,0.0,0.0,0.0,0.0,0.0,0.0,0.0,1.0,1.0,1.0,1.0,1.0,1.0,1.0,1.0
3890,4286.0,3.0,1.0,3.0,63.0,0.0,0.0,0.0,0.0,0.0,0.0,0.0,0.0,0.0,0.0,1.0,0.0,0.0,0.0,0.0,0.0,11.0,45.0,0.0,0.0,0.0,0.0,0.0,0.0714285714,1.0,1.0,0.0,0.0,0.0,1.0,0.0,0.0,0.0,0.0,0.0,1.0,0.0,0.0,1.0,0.0,1.0,1.0,1.0,-1.0,1.0,1.0
3891,8515.0,2.0,1.0,4.0,56.0,0.0,0.0,0.0,0.0,0.0,0.0,0.0,0.0,0.0,8.0,1.0,1.0,0.0,0.0,1.0,0.0,23.0,26.0,0.0,0.0,0.0,0.0,0.4444444444,1.0,0.0,0.0,0.0,0.0,0.0,0.0,0.0,0.0,0.0,0.0,0.0,0.0,0.0,0.0,1.0,0.0,-1.0,1.0,0.0,0.0,0.0,0.0
3892,3719.0,4.0,2.0,3.0,72.0,4.0,4.0,0.0,0.0,0.0,0.0,1.0,0.0,0.0,9.0,1.0,0.0,0.0,0.0,1.0,0.0,35.0,22.0,7.0,0.0,1.0,0.0,0.375,0.0,0.0,1.0,0.0,0.0,0.0,0.0,0.0,0.0,0.0,0.0,0.0,0.0,0.0,0.0,0.0,0.0,1.0,1.0,1.0,0.0,1.0,1.0
3893,6047.0,1.0,0.0,3.0,63.0,3.0,0.0,0.0,0.0,0.0,0.0,0.0,0.0,0.0,9.0,1.0,1.0,0.0,0.0,0.0,0.0,9.0,47.0,0.0,0.0,0.0,0.0,0.0114192496,0.9841269841,1.0,1.0,1.0,0.0,1.0,0.0473083197,0.0,0.0,0.0,0.0,1.0,1.0,0.0,0.0,1.0,0.0,-1.0,-1.0,-1.0,1.0,0.0,0.0
3894,1206.0,4.0,0.0,3.0,106.0,0.0,0.0,0.0,0.0,3.0,0.0,5.0,4.0,0.0,9.0,1.0,0.0,1.0,0.0,0.0,0.0,12.0,22.0,64.0,0.0,1.0,0.0,0.375,0.0,0.0,1.0,0.0,0.0,0.0,0.0,1.0,0.0,0.0,0.0,0.0,0.0,0.0,0.0,1.0,-1.0,1.0,1.0,0.0,0.0,1.0,1.0
3895,7829.0,3.0,1.0,6.0,105.0,3.0,0.0,0.0,0.0,2.0,0.0,0.0,0.0,0.0,2.0,1.0,0.0,0.0,0.0,1.0,0.0,22.0,76.0,0.0,0.0,0.0,0.0,0.0,0.0,0.0,0.0,0.0,0.0,0.0,0.0010405827,0.0,0.0,0.0,0.0,0.0,1.0,0.0,0.0,1.0,-1.0,1.0,1.0,1.0,1.0,0.0,0.0
3896,5554.0,1.0,0.0,5.0,110.0,6.0,0.0,0.0,0.0,2.0,0.0,0.0,0.0,0.0,7.0,1.0,1.0,0.0,0.0,1.0,0.0,16.0,87.0,0.0,0.0,0.0,0.0,0.0,0.9230769231,0.0,0.0,0.0,0.0,0.0,0.0,0.0,0.0,0.0,0.0,0.0,0.0,0.0,0.0,1.0,-1.0,1.0,1.0,-1.0,1.0,0.0,0.0
3897,8467.0,2.0,1.0,1.0,32.0,0.0,0.0,0.0,0.0,0.0,0.0,0.0,0.0,0.0,0.0,1.0,0.0,0.0,0.0,0.0,0.0,15.0,10.0,0.0,0.0,0.0,0.0,0.05,0.6060606061,0.0,1.0,0.0,0.0,0.0,0.2,0.0,0.0,0.0,0.0,0.0,0.0,0.0,0.0,1.0,1.0,0.0,1.0,-1.0,1.0,0.0,0.0
3898,6513.0,1.0,0.0,5.0,82.0,7.0,0.0,0.0,0.0,0.0,0.0,0.0,0.0,0.0,9.0,1.0,1.0,0.0,0.0,1.0,0.0,21.0,54.0,0.0,0.0,0.0,0.0,0.1578947368,1.0,1.0,1.0,1.0,0.0,0.0,0.0421052632,0.0,0.0,0.0,0.0,0.0,1.0,0.0,0.0,1.0,-1.0,-1.0,1.0,-1.0,1.0,0.0,0.0
3899,7137.0,1.0,0.0,5.0,73.0,6.0,0.0,0.0,0.0,0.0,0.0,0.0,0.0,0.0,8.0,1.0,1.0,0.0,0.0,1.0,0.0,8.0,58.0,0.0,0.0,0.0,0.0,0.1346153846,0.9811320755,1.0,1.0,1.0,0.0,0.0,0.0,0.0,0.0,0.0,0.0,0.0,1.0,0.0,0.0,1.0,0.0,-1.0,1.0,-1.0,1.0,0.0,0.0
3900,1331.0,4.0,0.0,3.0,164.0,0.0,0.0,0.0,0.0,0.0,0.0,3.0,2.0,0.0,35.0,1.0,1.0,0.0,0.0,0.0,0.0,10.0,52.0,94.0,0.0,2.0,0.0,1.0,0.0769230769,0.0,1.0,0.0,0.0,0.0,0.0,0.0,0.0,0.0,0.0,0.0,0.0,0.0,0.0,1.0,-1.0,1.0,1.0,0.0,-1.0,1.0,1.0
3901,6043.0,2.0,0.0,2.0,76.0,1.0,1.0,0.0,0.0,0.0,0.0,3.0,2.0,0.0,5.0,1.0,0.0,0.0,0.0,1.0,0.0,17.0,24.0,27.0,0.0,0.0,0.0,0.1388888889,0.2093023256,0.0,0.0,0.0,0.0,0.0,0.0,0.0,0.0,0.0,0.0,1.0,0.0,0.0,0.0,1.0,-1.0,1.0,1.0,0.0,1.0,0.0,0.0
3902,974.0,3.0,1.0,2.0,56.0,1.0,0.0,0.0,0.0,0.0,0.0,0.0,0.0,0.0,0.0,1.0,0.0,0.0,0.0,0.0,0.0,26.0,23.0,0.0,0.0,0.0,0.0,0.0,0.1538461538,0.0,1.0,0.0,0.0,0.0,0.0,0.0,0.0,0.0,0.0,0.0,0.0,0.0,0.0,1.0,0.0,1.0,1.0,1.0,1.0,1.0,1.0
3903,3972.0,2.0,0.0,7.0,62.0,0.0,0.0,0.0,0.0,0.0,0.0,0.0,0.0,0.0,0.0,1.0,0.0,0.0,0.0,1.0,0.0,15.0,40.0,0.0,0.0,0.0,0.0,0.0666666667,0.0769230769,0.0,1.0,1.0,0.0,0.0,0.8666666667,0.0,0.0,0.0,0.0,0.0,0.0,0.0,0.0,1.0,0.0,1.0,1.0,1.0,-1.0,1.0,1.0
3904,8493.0,3.0,1.0,2.0,36.0,0.0,0.0,0.0,0.0,0.0,0.0,0.0,0.0,0.0,7.0,1.0,1.0,0.0,0.0,0.0,0.0,11.0,18.0,0.0,0.0,0.0,0.0,0.0617977528,0.298245614,0.0,0.0,0.0,0.0,0.0,0.0,0.0,0.0,0.0,0.0,0.0,0.0,0.0,0.0,1.0,1.0,1.0,1.0,0.0,1.0,0.0,0.0
3905,9836.0,2.0,1.0,2.0,56.0,2.0,0.0,0.0,0.0,0.0,0.0,0.0,0.0,0.0,0.0,1.0,0.0,0.0,0.0,0.0,0.0,18.0,31.0,0.0,0.0,0.0,0.0,0.0762711864,0.28125,0.0,1.0,1.0,0.0,0.0,0.1271186441,0.0,0.0,0.0,0.0,0.0,1.0,0.0,0.0,1.0,0.0,1.0,1.0,0.0,1.0,0.0,0.0
3906,6126.0,3.0,1.0,2.0,99.0,8.0,0.0,0.0,0.0,0.0,0.0,0.0,0.0,0.0,7.0,1.0,1.0,0.0,0.0,1.0,0.0,25.0,67.0,0.0,0.0,0.0,0.0,0.0949367089,0.1111111111,0.0,0.0,0.0,0.0,0.0,0.0063291139,0.0,0.0,0.0,0.0,0.0,1.0,0.0,0.0,1.0,-1.0,1.0,1.0,0.0,1.0,0.0,0.0
3907,4195.0,5.0,0.0,9.0,97.0,0.0,0.0,0.0,0.0,0.0,0.0,0.0,0.0,0.0,14.0,1.0,0.0,0.0,0.0,1.0,0.0,20.0,70.0,0.0,0.0,1.0,1.0,0.8571428571,0.9841269841,1.0,1.0,0.0,0.0,0.0,0.0,1.0,0.0,0.0,0.0,0.0,1.0,0.0,0.0,1.0,-1.0,-1.0,1.0,-1.0,-1.0,1.0,1.0
3908,7071.0,3.0,1.0,2.0,92.0,0.0,0.0,0.0,0.0,0.0,0.0,5.0,4.0,0.0,5.0,1.0,0.0,0.0,0.0,1.0,0.0,17.0,19.0,48.0,0.0,0.0,0.0,0.0,0.6666666667,0.0,0.0,0.0,0.0,0.0,0.0,0.0,0.0,0.0,0.0,0.0,0.0,0.0,0.0,1.0,-1.0,1.0,1.0,-1.0,1.0,0.0,0.0
3909,4987.0,2.0,1.0,3.0,45.0,0.0,0.0,0.0,0.0,0.0,0.0,0.0,0.0,0.0,0.0,1.0,0.0,0.0,0.0,0.0,0.0,23.0,15.0,0.0,0.0,0.0,0.0,0.0,0.0,0.0,1.0,0.0,0.0,0.0,0.0,0.0,0.0,0.0,0.0,0.0,0.0,0.0,0.0,1.0,1.0,1.0,1.0,1.0,1.0,1.0,1.0
3910,4074.0,2.0,0.0,2.0,47.0,0.0,0.0,0.0,0.0,0.0,0.0,0.0,0.0,0.0,0.0,1.0,1.0,0.0,0.0,0.0,0.0,20.0,20.0,0.0,0.0,0.0,0.0,1.0,1.0,0.0,1.0,0.0,0.0,0.0,0.0,1.0,0.0,0.0,0.0,0.0,1.0,0.0,0.0,1.0,1.0,-1.0,1.0,-1.0,-1.0,1.0,1.0
3911,3904.0,3.0,1.0,3.0,53.0,0.0,0.0,0.0,0.0,0.0,0.0,0.0,0.0,0.0,0.0,1.0,0.0,0.0,0.0,0.0,0.0,20.0,26.0,0.0,0.0,0.0,0.0,0.0,1.0,0.0,1.0,1.0,0.0,0.0,1.0,1.0,0.0,0.0,0.0,0.0,0.0,0.0,0.0,1.0,1.0,-1.0,1.0,-1.0,-1.0,1.0,1.0
3912,6657.0,2.0,1.0,5.0,69.0,3.0,0.0,0.0,0.0,0.0,0.0,0.0,0.0,0.0,8.0,1.0,1.0,0.0,0.0,1.0,0.0,33.0,29.0,0.0,0.0,0.0,0.0,0.1666666667,0.4285714286,0.0,1.0,1.0,0.0,1.0,0.0714285714,0.0,0.0,0.0,0.0,0.0,1.0,0.0,1.0,1.0,0.0,-1.0,-1.0,0.0,1.0,0.0,0.0
3913,6274.0,2.0,0.0,1.0,98.0,8.0,0.0,0.0,0.0,0.0,0.0,0.0,0.0,0.0,5.0,1.0,1.0,0.0,0.0,0.0,0.0,17.0,74.0,0.0,0.0,0.0,0.0,0.5174825175,0.4864864865,0.0,1.0,0.0,0.0,0.0,0.041958042,0.0,0.0,0.0,0.0,1.0,1.0,0.0,0.0,1.0,-1.0,-1.0,1.0,0.0,0.0,0.0,0.0
3914,5813.0,2.0,1.0,5.0,140.0,10.0,0.0,0.0,0.0,2.0,0.0,3.0,2.0,0.0,16.0,1.0,1.0,0.0,0.0,1.0,0.0,23.0,65.0,44.0,0.0,0.0,0.0,0.0115473441,1.0,1.0,1.0,0.0,0.0,0.0,0.0,0.0,0.0,0.0,0.0,1.0,1.0,0.0,0.0,1.0,-1.0,-1.0,1.0,-1.0,1.0,0.0,0.0
3915,2738.0,2.0,0.0,6.0,51.0,1.0,0.0,0.0,0.0,0.0,0.0,0.0,0.0,0.0,0.0,1.0,0.0,0.0,0.0,1.0,0.0,6.0,38.0,0.0,0.0,0.0,0.0,1.0,1.0,0.0,1.0,0.0,0.0,0.0,0.0,1.0,0.0,0.0,0.0,0.0,0.0,0.0,0.0,1.0,1.0,-1.0,1.0,-1.0,-1.0,1.0,1.0
3916,707.0,2.0,0.0,3.0,53.0,0.0,0.0,0.0,0.0,0.0,0.0,0.0,0.0,0.0,0.0,1.0,0.0,0.0,0.0,0.0,0.0,10.0,36.0,0.0,0.0,0.0,0.0,1.0,0.0,0.0,1.0,1.0,0.0,0.0,0.0,0.0,0.0,0.0,0.0,0.0,1.0,0.0,0.0,1.0,1.0,1.0,1.0,1.0,-1.0,1.0,1.0
3917,7478.0,4.0,1.0,15.0,155.0,0.0,0.0,0.0,0.0,0.0,0.0,0.0,0.0,0.0,3.0,1.0,1.0,0.0,0.0,1.0,0.0,21.0,127.0,0.0,0.0,0.0,0.0,0.0,0.1428571429,0.0,1.0,0.0,0.0,0.0,0.0,0.0,0.0,0.0,0.0,1.0,0.0,0.0,0.0,1.0,-1.0,1.0,1.0,0.0,1.0,0.0,0.0
3918,706.0,2.0,1.0,4.0,46.0,1.0,0.0,0.0,0.0,0.0,0.0,0.0,0.0,0.0,0.0,1.0,1.0,0.0,0.0,0.0,0.0,17.0,22.0,0.0,0.0,0.0,0.0,0.0,0.0,0.0,1.0,0.0,0.0,0.0,0.0,0.0,0.0,0.0,0.0,0.0,0.0,0.0,0.0,1.0,1.0,1.0,1.0,1.0,1.0,1.0,1.0
3919,7831.0,1.0,0.0,3.0,100.0,12.0,0.0,0.0,0.0,0.0,0.0,0.0,0.0,0.0,1.0,1.0,0.0,0.0,0.0,1.0,0.0,14.0,79.0,0.0,0.0,0.0,0.0,0.1517241379,0.5,0.0,0.0,0.0,0.0,0.0,0.0275862069,0.0,0.0,0.0,1.0,0.0,1.0,0.0,0.0,1.0,-1.0,-1.0,1.0,0.0,1.0,0.0,0.0
3920,6090.0,3.0,1.0,1.0,99.0,0.0,0.0,0.0,0.0,0.0,0.0,5.0,0.0,0.0,5.0,1.0,0.0,0.0,0.0,0.0,0.0,18.0,10.0,63.0,0.0,0.0,0.0,0.0943396226,0.0,0.0,1.0,0.0,0.0,0.0,0.0,0.0,0.0,0.0,0.0,0.0,0.0,0.0,0.0,1.0,-1.0,1.0,1.0,1.0,1.0,0.0,0.0
3921,4401.0,3.0,1.0,1.0,37.0,0.0,0.0,0.0,0.0,0.0,0.0,0.0,0.0,0.0,3.0,1.0,1.0,0.0,0.0,0.0,0.0,19.0,11.0,0.0,0.0,0.0,0.0,1.0,1.0,0.0,1.0,0.0,1.0,0.0,0.0,1.0,0.0,0.0,0.0,0.0,1.0,0.0,0.0,1.0,1.0,-1.0,0.0,-1.0,-1.0,1.0,1.0
3922,6374.0,2.0,0.0,1.0,103.0,0.0,0.0,0.0,0.0,1.0,0.0,5.0,4.0,0.0,8.0,1.0,0.0,0.0,0.0,0.0,0.0,15.0,10.0,70.0,0.0,0.0,0.0,0.1747572816,0.2931034483,0.0,1.0,1.0,0.0,0.0,0.0,0.0,0.0,0.0,0.0,0.0,1.0,0.0,0.0,1.0,-1.0,1.0,1.0,0.0,1.0,0.0,0.0
3923,3634.0,2.0,1.0,3.0,51.0,1.0,0.0,0.0,0.0,0.0,0.0,0.0,0.0,0.0,0.0,1.0,1.0,0.0,0.0,1.0,0.0,27.0,17.0,0.0,0.0,0.0,0.0,0.0,0.0714285714,1.0,1.0,0.0,0.0,0.0,1.0,0.0,0.0,0.0,0.0,0.0,1.0,0.0,0.0,1.0,1.0,1.0,1.0,1.0,-1.0,1.0,1.0
3924,8291.0,1.0,0.0,3.0,39.0,1.0,0.0,0.0,0.0,0.0,0.0,0.0,0.0,0.0,0.0,1.0,1.0,0.0,0.0,0.0,0.0,15.0,17.0,0.0,0.0,0.0,0.0,0.3137254902,0.2054794521,0.0,1.0,0.0,0.0,0.0,0.0196078431,0.0,0.0,0.0,0.0,1.0,0.0,0.0,0.0,1.0,1.0,1.0,1.0,0.0,0.0,0.0,0.0
3925,6116.0,3.0,1.0,1.0,103.0,6.0,0.0,0.0,0.0,0.0,0.0,2.0,2.0,0.0,15.0,1.0,1.0,0.0,0.0,0.0,0.0,26.0,15.0,54.0,0.0,0.0,0.0,0.0344827586,0.1739130435,0.0,0.0,0.0,0.0,0.0,0.0,0.0,0.0,0.0,0.0,1.0,0.0,0.0,0.0,1.0,-1.0,1.0,1.0,0.0,1.0,0.0,0.0
3926,1009.0,2.0,0.0,5.0,78.0,0.0,0.0,0.0,0.0,0.0,0.0,0.0,0.0,0.0,23.0,1.0,1.0,0.0,0.0,1.0,0.0,14.0,57.0,0.0,0.0,0.0,0.0,0.0,0.0,0.0,1.0,0.0,0.0,0.0,0.0,0.0,0.0,0.0,0.0,0.0,0.0,0.0,0.0,1.0,-1.0,1.0,1.0,1.0,1.0,1.0,1.0
3927,4311.0,2.0,0.0,5.0,98.0,2.0,0.0,0.0,0.0,0.0,0.0,0.0,0.0,0.0,1.0,1.0,0.0,0.0,0.0,0.0,0.0,26.0,65.0,0.0,0.0,0.0,0.0,0.375,1.0,1.0,1.0,0.0,0.0,0.0,0.0,0.0,0.0,0.0,0.0,0.0,0.0,0.0,0.0,1.0,-1.0,-1.0,1.0,-1.0,0.0,1.0,1.0
3928,8622.0,1.0,0.0,3.0,55.0,3.0,0.0,0.0,0.0,0.0,0.0,0.0,0.0,0.0,0.0,1.0,1.0,0.0,0.0,0.0,0.0,13.0,35.0,0.0,0.0,0.0,0.0,0.6428571429,0.2857142857,0.0,1.0,0.0,0.0,0.0,0.0,0.0,0.0,0.0,0.0,0.0,1.0,0.0,0.0,1.0,0.0,1.0,1.0,0.0,0.0,0.0,0.0
3929,549.0,4.0,0.0,4.0,103.0,2.0,0.0,0.0,0.0,0.0,0.0,0.0,0.0,0.0,33.0,1.0,1.0,1.0,0.0,0.0,0.0,13.0,47.0,35.0,0.0,2.0,0.0,0.0,0.0357142857,1.0,1.0,0.0,0.0,0.0,0.0,1.0,0.0,0.0,0.0,0.0,1.0,0.0,0.0,1.0,-1.0,1.0,1.0,1.0,1.0,1.0,1.0
3930,5518.0,2.0,0.0,1.0,67.0,0.0,0.0,0.0,0.0,0.0,0.0,4.0,3.0,0.0,5.0,1.0,0.0,0.0,0.0,0.0,0.0,13.0,12.0,34.0,0.0,0.0,0.0,0.4750402576,0.9047619048,0.0,0.0,0.0,0.0,0.0,0.0,0.0,0.0,0.0,0.0,1.0,0.0,0.0,0.0,1.0,0.0,-1.0,1.0,0.0,0.0,0.0,0.0
3931,8190.0,3.0,1.0,4.0,78.0,5.0,0.0,0.0,0.0,0.0,0.0,0.0,0.0,0.0,4.0,1.0,1.0,0.0,0.0,1.0,0.0,13.0,58.0,0.0,0.0,0.0,0.0,0.0136986301,0.1904761905,0.0,1.0,1.0,0.0,0.0,0.0,0.0,0.0,0.0,0.0,1.0,0.0,1.0,0.0,1.0,-1.0,1.0,1.0,0.0,1.0,0.0,0.0
3932,2006.0,2.0,0.0,1.0,43.0,0.0,0.0,0.0,0.0,0.0,0.0,0.0,0.0,0.0,0.0,1.0,0.0,0.0,0.0,0.0,0.0,26.0,10.0,0.0,0.0,0.0,0.0,0.0,0.0,0.0,1.0,1.0,0.0,0.0,0.0,1.0,0.0,0.0,0.0,0.0,0.0,0.0,0.0,1.0,1.0,1.0,1.0,1.0,1.0,1.0,1.0
3933,2607.0,2.0,0.0,2.0,39.0,0.0,0.0,0.0,0.0,0.0,0.0,0.0,0.0,0.0,0.0,1.0,0.0,0.0,0.0,0.0,0.0,15.0,17.0,0.0,0.0,1.0,0.0,0.75,0.2222222222,1.0,1.0,0.0,0.0,0.0,0.125,0.0,0.0,0.0,0.0,0.0,0.0,0.0,0.0,1.0,1.0,1.0,1.0,0.0,-1.0,1.0,1.0
3934,4484.0,2.0,0.0,2.0,37.0,0.0,0.0,0.0,0.0,0.0,0.0,0.0,0.0,0.0,0.0,1.0,0.0,0.0,0.0,1.0,0.0,17.0,13.0,0.0,0.0,0.0,0.0,0.0,0.0,0.0,1.0,1.0,0.0,0.0,1.0,0.0,0.0,0.0,0.0,0.0,0.0,0.0,0.0,1.0,1.0,1.0,1.0,1.0,-1.0,1.0,1.0
3935,956.0,2.0,0.0,1.0,32.0,1.0,1.0,0.0,0.0,0.0,0.0,0.0,0.0,0.0,1.0,1.0,1.0,0.0,0.0,0.0,0.0,18.0,7.0,0.0,0.0,0.0,0.0,0.0,0.0,0.0,1.0,0.0,0.0,0.0,1.0,0.0,0.0,0.0,0.0,0.0,0.0,1.0,0.0,1.0,1.0,1.0,1.0,1.0,-1.0,1.0,1.0
3936,1792.0,7.0,0.0,9.0,134.0,1.0,0.0,0.0,0.0,2.0,0.0,0.0,0.0,0.0,15.0,1.0,0.0,0.0,0.0,1.0,0.0,6.0,49.0,71.0,0.0,1.0,1.0,1.0,1.0,1.0,1.0,0.0,0.0,0.0,0.0,1.0,0.0,0.0,0.0,0.0,0.0,0.0,0.0,1.0,-1.0,-1.0,1.0,-1.0,-1.0,1.0,1.0
3937,9172.0,2.0,1.0,3.0,34.0,0.0,0.0,0.0,0.0,0.0,0.0,0.0,0.0,0.0,6.0,1.0,1.0,0.0,0.0,1.0,0.0,16.0,11.0,0.0,0.0,0.0,0.0,0.8634812287,0.6846153846,0.0,1.0,1.0,0.0,0.0,0.0170648464,1.0,0.0,0.0,0.0,1.0,1.0,0.0,0.0,1.0,1.0,-1.0,1.0,0.0,-1.0,0.0,0.0
3938,9834.0,2.0,1.0,0.0,35.0,0.0,0.0,0.0,0.0,0.0,0.0,0.0,0.0,0.0,0.0,1.0,0.0,0.0,0.0,0.0,0.0,27.0,1.0,0.0,0.0,0.0,0.0,0.2352941176,0.0869565217,0.0,0.0,0.0,0.0,0.0,0.0882352941,0.0,0.0,0.0,0.0,1.0,1.0,0.0,0.0,1.0,1.0,1.0,1.0,1.0,0.0,0.0,0.0
3939,6505.0,1.0,0.0,2.0,160.0,1.0,0.0,0.0,0.0,0.0,0.0,5.0,4.0,0.0,30.0,1.0,0.0,0.0,0.0,1.0,0.0,13.0,19.0,120.0,0.0,0.0,0.0,0.0373134328,0.1052631579,0.0,1.0,1.0,0.0,1.0,0.0,0.0,0.0,0.0,0.0,0.0,0.0,0.0,0.0,1.0,-1.0,1.0,-1.0,1.0,1.0,0.0,0.0
3940,3435.0,3.0,1.0,3.0,66.0,2.0,1.0,0.0,1.0,0.0,0.0,0.0,0.0,0.0,0.0,1.0,0.0,0.0,0.0,0.0,0.0,30.0,29.0,0.0,0.0,1.0,0.0,0.0,0.0,0.0,1.0,0.0,0.0,0.0,0.0,0.0,0.0,0.0,0.0,0.0,0.0,0.0,0.0,1.0,0.0,1.0,1.0,1.0,1.0,1.0,1.0
3941,3587.0,2.0,1.0,3.0,40.0,0.0,0.0,0.0,0.0,0.0,0.0,0.0,0.0,0.0,0.0,1.0,0.0,0.0,0.0,1.0,0.0,21.0,12.0,0.0,0.0,0.0,0.0,0.0,0.7857142857,0.0,1.0,0.0,0.0,0.0,1.0,1.0,0.0,0.0,0.0,0.0,1.0,0.0,0.0,1.0,1.0,-1.0,1.0,1.0,-1.0,1.0,1.0
3942,4192.0,2.0,0.0,6.0,67.0,1.0,0.0,0.0,0.0,0.0,0.0,0.0,0.0,0.0,0.0,1.0,0.0,0.0,0.0,1.0,0.0,11.0,49.0,0.0,0.0,0.0,0.0,0.0,0.0714285714,1.0,1.0,0.0,0.0,0.0,1.0,0.0,0.0,0.0,0.0,0.0,1.0,0.0,0.0,1.0,0.0,1.0,1.0,1.0,-1.0,1.0,1.0
3943,6278.0,1.0,0.0,2.0,81.0,0.0,0.0,0.0,0.0,7.0,0.0,0.0,0.0,0.0,0.0,1.0,1.0,0.0,0.0,1.0,0.0,9.0,65.0,0.0,0.0,0.0,0.0,0.0550458716,0.0,0.0,1.0,1.0,0.0,1.0,0.0091743119,0.0,0.0,0.0,0.0,0.0,0.0,0.0,0.0,1.0,-1.0,1.0,-1.0,1.0,1.0,0.0,0.0
3944,3592.0,3.0,1.0,3.0,53.0,0.0,0.0,0.0,0.0,0.0,0.0,0.0,0.0,0.0,0.0,1.0,0.0,0.0,0.0,1.0,0.0,25.0,21.0,0.0,0.0,0.0,0.0,0.0,0.0714285714,1.0,1.0,0.0,0.0,0.0,1.0,0.0,0.0,0.0,0.0,0.0,1.0,0.0,0.0,1.0,1.0,1.0,1.0,1.0,-1.0,1.0,1.0
3945,1889.0,6.0,0.0,4.0,134.0,0.0,0.0,0.0,0.0,0.0,0.0,1.0,0.0,0.0,1.0,1.0,0.0,0.0,0.0,1.0,0.0,22.0,43.0,61.0,0.0,1.0,1.0,0.9230769231,1.0,0.0,0.0,0.0,1.0,0.0,0.0,1.0,0.0,0.0,0.0,0.0,0.0,0.0,0.0,1.0,-1.0,1.0,0.0,-1.0,-1.0,1.0,1.0
3946,5139.0,1.0,0.0,1.0,99.0,5.0,0.0,0.0,0.0,0.0,4.0,1.0,0.0,0.0,9.0,1.0,0.0,0.0,0.0,0.0,0.0,13.0,6.0,72.0,0.0,1.0,0.0,0.7384196185,0.125,0.0,1.0,1.0,0.0,0.0,0.0,1.0,0.0,0.0,0.0,0.0,0.0,0.0,0.0,1.0,-1.0,1.0,1.0,1.0,-1.0,0.0,0.0
3947,9921.0,2.0,1.0,3.0,51.0,2.0,0.0,0.0,0.0,0.0,0.0,0.0,0.0,0.0,0.0,1.0,1.0,0.0,0.0,0.0,0.0,16.0,28.0,0.0,0.0,0.0,0.0,0.01875,0.46875,0.0,1.0,1.0,0.0,0.0,0.03125,0.0,0.0,0.0,0.0,0.0,1.0,0.0,0.0,1.0,1.0,1.0,1.0,0.0,1.0,0.0,0.0
3948,4244.0,3.0,1.0,3.0,49.0,0.0,0.0,0.0,0.0,0.0,0.0,0.0,0.0,0.0,0.0,1.0,0.0,0.0,0.0,0.0,0.0,23.0,19.0,0.0,0.0,0.0,0.0,1.0,0.0,0.0,1.0,0.0,0.0,0.0,0.0,0.0,0.0,0.0,0.0,0.0,0.0,0.0,0.0,1.0,1.0,1.0,1.0,1.0,-1.0,1.0,1.0
3949,4980.0,4.0,1.0,6.0,78.0,0.0,0.0,0.0,0.0,0.0,2.0,0.0,0.0,0.0,7.0,1.0,1.0,0.0,0.0,1.0,0.0,14.0,57.0,0.0,0.0,0.0,1.0,1.0,1.0,1.0,1.0,0.0,0.0,0.0,0.0,1.0,0.0,0.0,0.0,0.0,0.0,0.0,0.0,1.0,-1.0,-1.0,1.0,-1.0,-1.0,1.0,1.0
3950,7317.0,2.0,1.0,3.0,89.0,3.0,0.0,0.0,0.0,0.0,0.0,0.0,0.0,0.0,0.0,1.0,1.0,0.0,0.0,1.0,0.0,16.0,66.0,0.0,0.0,0.0,0.0,0.0454545455,0.1111111111,0.0,1.0,0.0,0.0,0.0,0.0909090909,0.0,0.0,0.0,0.0,0.0,0.0,0.0,0.0,1.0,-1.0,1.0,1.0,0.0,1.0,0.0,0.0
3951,2766.0,3.0,1.0,1.0,39.0,0.0,0.0,0.0,0.0,0.0,0.0,0.0,0.0,0.0,0.0,1.0,0.0,0.0,0.0,0.0,0.0,23.0,9.0,0.0,0.0,0.0,0.0,0.75,1.0,1.0,1.0,0.0,1.0,0.0,0.25,1.0,0.0,0.0,0.0,0.0,0.0,0.0,0.0,1.0,1.0,-1.0,0.0,-1.0,-1.0,1.0,1.0
3952,5590.0,3.0,2.0,8.0,97.0,2.0,0.0,0.0,0.0,0.0,0.0,0.0,0.0,0.0,8.0,1.0,1.0,0.0,0.0,1.0,0.0,28.0,62.0,0.0,0.0,0.0,0.0,0.0625,0.0303030303,0.0,0.0,0.0,0.0,0.0,0.0,0.0,0.0,0.0,0.0,1.0,0.0,0.0,0.0,0.0,-1.0,1.0,1.0,1.0,1.0,0.0,0.0
3953,3270.0,2.0,1.0,3.0,72.0,0.0,0.0,0.0,0.0,0.0,0.0,0.0,0.0,0.0,18.0,1.0,1.0,0.0,0.0,0.0,0.0,27.0,38.0,0.0,0.0,0.0,0.0,0.0,0.7857142857,0.0,1.0,0.0,0.0,0.0,1.0,1.0,0.0,0.0,0.0,0.0,1.0,0.0,0.0,1.0,0.0,-1.0,1.0,1.0,-1.0,1.0,1.0
3954,7106.0,1.0,0.0,3.0,68.0,0.0,0.0,0.0,0.0,0.0,2.0,1.0,0.0,0.0,18.0,1.0,0.0,0.0,0.0,0.0,0.0,12.0,19.0,29.0,0.0,0.0,0.0,0.09375,0.9090909091,0.0,1.0,0.0,0.0,0.0,0.0,0.0,0.0,0.0,0.0,1.0,0.0,0.0,0.0,1.0,0.0,-1.0,1.0,0.0,1.0,0.0,0.0
3955,5642.0,3.0,1.0,3.0,86.0,9.0,0.0,0.0,0.0,0.0,0.0,0.0,0.0,0.0,7.0,1.0,1.0,0.0,0.0,0.0,0.0,21.0,58.0,0.0,0.0,0.0,0.0,0.0023474178,0.9777777778,1.0,1.0,1.0,0.0,1.0,0.0328638498,0.0,0.0,0.0,0.0,0.0,1.0,0.0,0.0,1.0,-1.0,-1.0,-1.0,-1.0,1.0,0.0,0.0
3956,1968.0,2.0,0.0,4.0,61.0,1.0,1.0,0.0,0.0,0.0,0.0,0.0,0.0,0.0,4.0,1.0,1.0,0.0,0.0,0.0,0.0,31.0,23.0,0.0,0.0,0.0,0.0,0.0,0.0,0.0,1.0,0.0,0.0,0.0,1.0,0.0,0.0,0.0,0.0,0.0,0.0,0.0,1.0,1.0,0.0,1.0,1.0,1.0,-1.0,1.0,1.0
3957,879.0,2.0,0.0,4.0,54.0,0.0,0.0,0.0,0.0,0.0,0.0,0.0,0.0,0.0,0.0,1.0,0.0,0.0,0.0,1.0,0.0,24.0,23.0,0.0,0.0,0.0,0.0,0.0,0.0,0.0,1.0,1.0,0.0,0.0,1.0,0.0,0.0,0.0,0.0,0.0,0.0,0.0,0.0,1.0,0.0,1.0,1.0,1.0,-1.0,1.0,1.0
3958,5958.0,2.0,0.0,1.0,100.0,0.0,0.0,0.0,0.0,2.0,0.0,4.0,3.0,0.0,8.0,1.0,0.0,0.0,0.0,0.0,0.0,18.0,10.0,64.0,0.0,0.0,0.0,0.0,0.0,0.0,0.0,0.0,0.0,0.0,0.0,0.0,0.0,0.0,0.0,0.0,0.0,0.0,0.0,1.0,-1.0,1.0,1.0,1.0,1.0,0.0,0.0
3959,3483.0,2.0,1.0,2.0,47.0,1.0,0.0,0.0,0.0,0.0,0.0,0.0,0.0,0.0,0.0,1.0,0.0,0.0,0.0,0.0,0.0,28.0,12.0,0.0,0.0,0.0,0.0,0.0,0.7857142857,0.0,1.0,0.0,0.0,0.0,1.0,1.0,0.0,0.0,0.0,0.0,1.0,0.0,0.0,1.0,1.0,-1.0,1.0,1.0,-1.0,1.0,1.0
3960,3568.0,3.0,1.0,12.0,155.0,1.0,0.0,0.0,0.0,1.0,0.0,0.0,0.0,0.0,47.0,1.0,1.0,0.0,0.0,1.0,0.0,17.0,131.0,0.0,0.0,1.0,0.0,0.0666666667,0.125,1.0,1.0,1.0,0.0,1.0,0.0,0.0,0.0,0.0,0.0,0.0,1.0,0.0,0.0,1.0,-1.0,1.0,-1.0,0.0,1.0,1.0,1.0
3961,3668.0,6.0,1.0,5.0,94.0,0.0,0.0,0.0,1.0,0.0,0.0,0.0,0.0,0.0,6.0,1.0,1.0,0.0,0.0,1.0,0.0,21.0,66.0,0.0,0.0,1.0,0.0,0.0,0.0,0.0,1.0,0.0,0.0,0.0,0.0,0.0,0.0,0.0,0.0,0.0,0.0,0.0,0.0,1.0,-1.0,1.0,1.0,1.0,1.0,1.0,1.0
3962,6748.0,2.0,0.0,3.0,73.0,0.0,0.0,0.0,0.0,0.0,0.0,3.0,2.0,0.0,6.0,1.0,0.0,0.0,0.0,1.0,0.0,22.0,28.0,15.0,0.0,0.0,0.0,0.0,0.5,0.0,0.0,0.0,0.0,0.0,0.0,0.0,0.0,0.0,0.0,0.0,1.0,1.0,0.0,1.0,0.0,-1.0,1.0,1.0,1.0,0.0,0.0
3963,1489.0,2.0,0.0,4.0,63.0,0.0,0.0,0.0,0.0,0.0,0.0,0.0,0.0,0.0,1.0,1.0,0.0,0.0,0.0,0.0,0.0,14.0,42.0,0.0,0.0,0.0,0.0,0.5,0.0,0.0,1.0,1.0,0.0,0.0,0.5,0.0,0.0,0.0,0.0,0.0,1.0,0.0,0.0,1.0,0.0,1.0,1.0,1.0,-1.0,1.0,1.0
3964,4659.0,3.0,0.0,2.0,45.0,0.0,0.0,0.0,0.0,0.0,0.0,0.0,0.0,0.0,0.0,1.0,0.0,0.0,0.0,0.0,0.0,17.0,21.0,0.0,0.0,0.0,1.0,0.6666666667,1.0,0.0,1.0,0.0,0.0,0.0,0.3333333333,1.0,0.0,0.0,0.0,0.0,0.0,0.0,0.0,1.0,1.0,-1.0,1.0,-1.0,-1.0,1.0,1.0
3965,254.0,2.0,0.0,3.0,146.0,1.0,1.0,0.0,0.0,1.0,0.0,0.0,0.0,0.0,25.0,1.0,1.0,0.0,0.0,0.0,0.0,20.0,54.0,64.0,0.0,0.0,0.0,0.0247524752,0.0266666667,1.0,1.0,1.0,0.0,0.0,0.0,0.0,0.0,0.0,0.0,0.0,1.0,0.0,0.0,1.0,-1.0,1.0,1.0,1.0,1.0,1.0,1.0
3966,2845.0,3.0,0.0,4.0,96.0,0.0,0.0,0.0,0.0,0.0,0.0,0.0,0.0,0.0,22.0,1.0,1.0,0.0,0.0,1.0,0.0,15.0,74.0,0.0,0.0,0.0,1.0,0.9230769231,1.0,0.0,1.0,0.0,0.0,0.0,0.0,1.0,0.0,0.0,0.0,0.0,0.0,0.0,0.0,1.0,-1.0,1.0,1.0,-1.0,-1.0,1.0,1.0
3967,3036.0,2.0,1.0,5.0,45.0,0.0,0.0,0.0,0.0,0.0,0.0,0.0,0.0,0.0,1.0,1.0,0.0,0.0,0.0,0.0,0.0,22.0,16.0,0.0,0.0,0.0,0.0,1.0,1.0,1.0,1.0,0.0,0.0,0.0,0.0,1.0,0.0,0.0,0.0,0.0,0.0,0.0,0.0,1.0,1.0,-1.0,1.0,-1.0,-1.0,1.0,1.0
3968,8026.0,1.0,0.0,2.0,113.0,0.0,0.0,0.0,0.0,1.0,6.0,3.0,2.0,0.0,32.0,1.0,1.0,0.0,0.0,0.0,0.0,20.0,8.0,77.0,0.0,0.0,0.0,0.4117647059,0.6666666667,0.0,1.0,1.0,0.0,1.0,0.0,0.0,0.0,0.0,0.0,0.0,0.0,0.0,0.0,1.0,-1.0,-1.0,-1.0,0.0,0.0,0.0,0.0
3969,8984.0,1.0,0.0,3.0,59.0,3.0,0.0,0.0,0.0,0.0,0.0,0.0,0.0,0.0,0.0,1.0,1.0,0.0,0.0,1.0,0.0,18.0,34.0,0.0,0.0,0.0,0.0,0.2142857143,0.2637362637,1.0,1.0,1.0,0.0,1.0,0.0,0.0,0.0,0.0,0.0,1.0,1.0,0.0,0.0,1.0,0.0,-1.0,-1.0,0.0,1.0,0.0,0.0
3970,3183.0,2.0,1.0,3.0,68.0,1.0,1.0,0.0,0.0,0.0,0.0,0.0,0.0,0.0,24.0,1.0,1.0,0.0,0.0,1.0,0.0,21.0,40.0,0.0,0.0,0.0,0.0,0.0555555556,0.0909090909,0.0,1.0,1.0,0.0,0.0,0.9444444444,0.0,0.0,1.0,0.0,0.0,1.0,0.0,0.0,1.0,0.0,1.0,1.0,1.0,-1.0,1.0,1.0
3971,5368.0,2.0,1.0,6.0,106.0,8.0,0.0,0.0,0.0,0.0,0.0,0.0,0.0,0.0,8.0,1.0,1.0,0.0,0.0,1.0,0.0,17.0,82.0,0.0,0.0,0.0,1.0,0.0208333333,0.0576923077,0.0,1.0,0.0,0.0,0.0,0.3958333333,0.0,0.0,0.0,0.0,0.0,0.0,0.0,0.0,1.0,-1.0,1.0,1.0,1.0,0.0,0.0,0.0
3972,5044.0,1.0,0.0,0.0,17.0,0.0,0.0,0.0,0.0,0.0,0.0,0.0,0.0,0.0,0.0,1.0,0.0,0.0,0.0,0.0,0.0,9.0,1.0,0.0,0.0,0.0,0.0,0.0,0.3333333333,0.0,1.0,0.0,0.0,0.0,0.0,0.0,0.0,0.0,0.0,0.0,0.0,0.0,0.0,1.0,1.0,1.0,1.0,0.0,1.0,0.0,0.0
3973,4127.0,3.0,1.0,3.0,61.0,0.0,0.0,0.0,0.0,0.0,0.0,0.0,0.0,0.0,0.0,1.0,0.0,0.0,0.0,1.0,0.0,24.0,30.0,0.0,0.0,0.0,0.0,0.0,0.0,0.0,1.0,1.0,0.0,0.0,0.0,0.0,0.0,0.0,0.0,0.0,0.0,1.0,0.0,1.0,0.0,1.0,1.0,1.0,1.0,1.0,1.0
3974,6155.0,1.0,0.0,5.0,143.0,20.0,0.0,0.0,0.0,0.0,0.0,0.0,0.0,0.0,10.0,1.0,1.0,0.0,0.0,1.0,0.0,17.0,119.0,0.0,0.0,0.0,0.0,0.393442623,0.9210526316,1.0,1.0,1.0,1.0,0.0,0.0409836066,0.0,0.0,0.0,0.0,0.0,1.0,0.0,0.0,1.0,-1.0,-1.0,0.0,-1.0,0.0,0.0,0.0
3975,8099.0,4.0,1.0,8.0,97.0,0.0,0.0,0.0,0.0,0.0,0.0,0.0,0.0,0.0,11.0,1.0,1.0,0.0,0.0,0.0,0.0,22.0,68.0,0.0,0.0,0.0,0.0,0.0145772595,0.0504587156,0.0,1.0,1.0,0.0,1.0,0.0145772595,0.0,0.0,0.0,0.0,0.0,1.0,0.0,0.0,1.0,-1.0,1.0,-1.0,0.0,1.0,0.0,0.0
3976,4886.0,3.0,0.0,3.0,62.0,1.0,0.0,0.0,0.0,0.0,0.0,0.0,0.0,0.0,3.0,1.0,1.0,0.0,0.0,1.0,0.0,20.0,35.0,0.0,0.0,1.0,0.0,0.0,0.0,0.0,1.0,0.0,0.0,0.0,0.9607843137,0.0,0.0,0.0,0.0,0.0,0.0,0.0,0.0,1.0,0.0,1.0,1.0,1.0,-1.0,1.0,1.0
3977,5734.0,3.0,1.0,5.0,80.0,0.0,0.0,0.0,0.0,2.0,0.0,0.0,0.0,0.0,12.0,1.0,1.0,0.0,0.0,1.0,0.0,29.0,44.0,0.0,0.0,0.0,0.0,0.5625,0.1,0.0,0.0,0.0,0.0,0.0,0.0,0.0,0.0,0.0,0.0,1.0,0.0,0.0,0.0,1.0,-1.0,1.0,1.0,-1.0,0.0,0.0,0.0
3978,8577.0,2.0,0.0,2.0,55.0,0.0,0.0,0.0,0.0,0.0,0.0,1.0,0.0,0.0,4.0,1.0,1.0,0.0,0.0,0.0,0.0,19.0,22.0,6.0,0.0,0.0,0.0,0.2888888889,0.0793650794,0.0,1.0,0.0,1.0,0.0,0.0,0.0,0.0,0.0,0.0,0.0,0.0,0.0,0.0,1.0,0.0,1.0,0.0,0.0,1.0,0.0,0.0
3979,1783.0,2.0,0.0,3.0,48.0,0.0,0.0,0.0,0.0,0.0,0.0,0.0,0.0,0.0,0.0,1.0,1.0,0.0,0.0,0.0,0.0,20.0,21.0,0.0,0.0,0.0,0.0,0.0,0.7857142857,0.0,1.0,0.0,0.0,0.0,1.0,1.0,0.0,0.0,0.0,0.0,1.0,0.0,0.0,1.0,1.0,-1.0,1.0,1.0,-1.0,1.0,1.0
3980,1812.0,1.0,0.0,3.0,64.0,0.0,0.0,0.0,0.0,0.0,0.0,0.0,0.0,0.0,22.0,1.0,1.0,0.0,0.0,0.0,0.0,19.0,38.0,0.0,0.0,0.0,0.0,0.0,0.0,0.0,1.0,0.0,0.0,0.0,0.0,0.0,0.0,0.0,0.0,0.0,0.0,0.0,0.0,1.0,0.0,1.0,1.0,1.0,1.0,1.0,1.0
3981,6888.0,1.0,0.0,3.0,72.0,6.0,0.0,0.0,0.0,0.0,0.0,0.0,0.0,0.0,0.0,1.0,0.0,0.0,0.0,1.0,0.0,14.0,51.0,0.0,0.0,0.0,0.0,0.8260869565,0.119047619,0.0,1.0,1.0,1.0,1.0,0.0,1.0,0.0,0.0,0.0,0.0,1.0,0.0,0.0,1.0,0.0,1.0,0.0,0.0,-1.0,0.0,0.0
3982,4251.0,5.0,1.0,5.0,77.0,0.0,0.0,0.0,0.0,0.0,0.0,0.0,0.0,0.0,0.0,1.0,1.0,0.0,0.0,1.0,0.0,26.0,44.0,0.0,0.0,0.0,1.0,0.25,1.0,0.0,1.0,0.0,0.0,0.0,0.75,1.0,0.0,0.0,0.0,0.0,0.0,0.0,0.0,1.0,-1.0,-1.0,1.0,-1.0,-1.0,1.0,1.0
3983,3952.0,3.0,1.0,2.0,53.0,1.0,1.0,0.0,0.0,1.0,0.0,0.0,0.0,0.0,0.0,1.0,0.0,0.0,0.0,1.0,0.0,26.0,20.0,0.0,0.0,1.0,0.0,0.8571428571,1.0,1.0,1.0,0.0,1.0,0.0,0.0714285714,1.0,0.0,0.0,0.0,0.0,0.0,0.0,0.0,1.0,1.0,-1.0,0.0,-1.0,-1.0,1.0,1.0
3984,5258.0,1.0,0.0,0.0,67.0,0.0,0.0,0.0,0.0,2.0,0.0,3.0,2.0,0.0,8.0,1.0,0.0,0.0,0.0,0.0,0.0,14.0,1.0,44.0,0.0,0.0,0.0,0.6486486486,0.9230769231,1.0,0.0,0.0,0.0,0.0,0.0,0.0,0.0,0.0,0.0,0.0,0.0,0.0,0.0,1.0,0.0,-1.0,1.0,-1.0,0.0,0.0,0.0
3985,7865.0,1.0,0.0,3.0,65.0,5.0,0.0,0.0,0.0,0.0,0.0,0.0,0.0,0.0,5.0,1.0,1.0,0.0,0.0,1.0,0.0,8.0,50.0,0.0,0.0,0.0,0.0,0.0161290323,0.4,0.0,0.0,0.0,1.0,0.0,0.0483870968,0.0,0.0,0.0,0.0,1.0,0.0,0.0,0.0,1.0,0.0,1.0,0.0,0.0,1.0,0.0,0.0
3986,2970.0,2.0,1.0,3.0,68.0,0.0,0.0,0.0,0.0,0.0,0.0,0.0,0.0,0.0,16.0,1.0,1.0,0.0,0.0,0.0,0.0,20.0,41.0,0.0,0.0,0.0,0.0,0.0,0.1428571429,1.0,1.0,0.0,0.0,0.0,1.0,0.0,0.0,0.0,0.0,0.0,0.0,0.0,0.0,1.0,0.0,1.0,1.0,0.0,-1.0,1.0,1.0
3987,3365.0,4.0,1.0,4.0,66.0,0.0,0.0,0.0,0.0,0.0,0.0,0.0,0.0,0.0,2.0,1.0,1.0,0.0,0.0,0.0,0.0,28.0,31.0,0.0,0.0,0.0,0.0,0.0909090909,1.0,1.0,1.0,0.0,0.0,0.0,0.8181818182,1.0,0.0,0.0,0.0,0.0,0.0,0.0,0.0,1.0,0.0,-1.0,1.0,-1.0,-1.0,1.0,1.0
3988,3928.0,4.0,1.0,2.0,39.0,0.0,0.0,0.0,0.0,0.0,0.0,0.0,0.0,0.0,0.0,1.0,1.0,0.0,0.0,0.0,0.0,17.0,15.0,0.0,0.0,1.0,0.0,0.0,0.0,0.0,1.0,1.0,0.0,0.0,0.0,0.0,0.0,0.0,0.0,0.0,0.0,0.0,0.0,1.0,1.0,1.0,1.0,1.0,1.0,1.0,1.0
3989,9797.0,2.0,1.0,2.0,48.0,0.0,0.0,0.0,0.0,0.0,0.0,0.0,0.0,0.0,13.0,1.0,1.0,0.0,0.0,0.0,0.0,15.0,26.0,0.0,0.0,0.0,0.0,0.1304347826,0.1666666667,0.0,1.0,0.0,0.0,0.0,0.0217391304,0.0,0.0,0.0,0.0,0.0,1.0,0.0,0.0,1.0,1.0,1.0,1.0,0.0,1.0,0.0,0.0
3990,3863.0,3.0,0.0,7.0,101.0,0.0,0.0,0.0,0.0,2.0,0.0,2.0,1.0,0.0,0.0,1.0,0.0,0.0,0.0,1.0,0.0,18.0,33.0,42.0,0.0,0.0,0.0,0.6721311475,0.9574468085,0.0,1.0,1.0,0.0,1.0,0.0,1.0,0.0,0.0,0.0,0.0,1.0,0.0,0.0,1.0,-1.0,-1.0,-1.0,-1.0,-1.0,1.0,1.0
3991,5781.0,1.0,0.0,6.0,82.0,6.0,0.0,0.0,0.0,0.0,0.0,0.0,0.0,0.0,12.0,1.0,1.0,0.0,0.0,0.0,0.0,24.0,51.0,0.0,0.0,0.0,0.0,0.0769230769,0.1956521739,0.0,1.0,1.0,0.0,0.0,0.0059171598,0.0,0.0,0.0,0.0,0.0,1.0,0.0,0.0,1.0,-1.0,1.0,1.0,0.0,1.0,0.0,0.0
3992,3315.0,3.0,1.0,2.0,52.0,0.0,0.0,0.0,0.0,0.0,0.0,0.0,0.0,0.0,0.0,1.0,1.0,0.0,0.0,0.0,0.0,24.0,21.0,0.0,0.0,0.0,0.0,0.6875,0.4545454545,1.0,1.0,0.0,1.0,0.0,0.25,0.0,0.0,0.0,0.0,0.0,0.0,0.0,0.0,1.0,1.0,0.0,0.0,0.0,-1.0,1.0,1.0
3993,7767.0,2.0,0.0,1.0,79.0,0.0,0.0,0.0,0.0,1.0,0.0,4.0,3.0,0.0,6.0,1.0,0.0,0.0,0.0,0.0,0.0,15.0,10.0,46.0,0.0,0.0,0.0,0.0862068966,0.2222222222,0.0,1.0,0.0,1.0,0.0,0.0,0.0,0.0,0.0,0.0,0.0,0.0,0.0,1.0,1.0,-1.0,0.0,0.0,1.0,1.0,0.0,0.0
3994,5272.0,2.0,1.0,5.0,121.0,10.0,0.0,0.0,0.0,0.0,0.0,0.0,0.0,0.0,9.0,1.0,1.0,0.0,0.0,1.0,0.0,30.0,84.0,0.0,0.0,0.0,0.0,0.6231884058,0.3703703704,0.0,1.0,0.0,1.0,0.0,0.0,0.0,1.0,0.0,0.0,1.0,1.0,0.0,0.0,1.0,-1.0,0.0,0.0,0.0,0.0,0.0,0.0
3995,2477.0,3.0,0.0,3.0,38.0,0.0,0.0,0.0,0.0,0.0,0.0,0.0,0.0,0.0,0.0,1.0,0.0,0.0,0.0,1.0,0.0,17.0,14.0,0.0,0.0,0.0,0.0,0.0,0.0,0.0,1.0,0.0,0.0,0.0,0.0,0.0,0.0,0.0,0.0,0.0,0.0,1.0,0.0,1.0,1.0,1.0,1.0,1.0,1.0,1.0,1.0
3996,1715.0,3.0,1.0,1.0,53.0,0.0,0.0,0.0,0.0,0.0,0.0,0.0,0.0,0.0,0.0,1.0,1.0,0.0,0.0,0.0,0.0,36.0,10.0,0.0,0.0,0.0,0.0,0.0,0.2142857143,0.0,1.0,0.0,0.0,0.0,1.0,0.0,0.0,0.0,0.0,0.0,1.0,0.0,0.0,1.0,1.0,0.0,1.0,1.0,-1.0,1.0,1.0
3997,9714.0,2.0,1.0,0.0,28.0,0.0,0.0,0.0,0.0,0.0,0.0,0.0,0.0,0.0,0.0,1.0,1.0,0.0,0.0,0.0,0.0,20.0,1.0,0.0,0.0,0.0,0.0,0.164556962,0.5697674419,0.0,1.0,1.0,1.0,1.0,0.0126582278,0.0,0.0,0.0,0.0,0.0,0.0,0.0,0.0,1.0,1.0,1.0,-1.0,0.0,1.0,0.0,0.0
3998,643.0,1.0,0.0,5.0,47.0,0.0,0.0,0.0,0.0,0.0,0.0,0.0,0.0,0.0,0.0,1.0,0.0,0.0,0.0,0.0,0.0,10.0,30.0,0.0,0.0,0.0,0.0,0.0072992701,0.325,0.0,1.0,0.0,0.0,0.0,0.9343065693,0.0,0.0,0.0,0.0,0.0,1.0,0.0,0.0,1.0,1.0,1.0,1.0,0.0,-1.0,1.0,1.0
3999,2454.0,3.0,1.0,5.0,60.0,0.0,0.0,0.0,0.0,0.0,0.0,0.0,0.0,0.0,0.0,1.0,1.0,0.0,0.0,0.0,0.0,13.0,40.0,0.0,0.0,0.0,0.0,0.0,0.6428571429,1.0,1.0,0.0,0.0,0.0,1.0,0.0,0.0,0.0,0.0,0.0,0.0,0.0,0.0,1.0,0.0,-1.0,1.0,0.0,-1.0,1.0,1.0
